dataset,family,seed,regime,point_index,rho,accuracy,exact_clean_anchor,adversarial_lower_envelope
imagenet,learned,42,noise,0,0.0,1.0,True,False
imagenet,learned,42,noise,1,0.003913242973656732,1.0003270348837208,False,False
imagenet,learned,42,noise,2,0.007823503282487501,1.0003633720930232,False,False
imagenet,learned,42,noise,3,0.01575407971791498,1.0003633720930232,False,False
imagenet,learned,42,noise,4,0.03216064920554666,1.0000726744186046,False,False
imagenet,learned,42,noise,5,0.06561787487110614,0.9988735465116279,False,False
imagenet,learned,42,noise,6,0.08178584634992458,0.9977107558139535,False,False
imagenet,learned,42,noise,7,0.0975210169948719,0.9963299418604651,False,False
imagenet,learned,42,noise,8,0.12811379442870874,0.9946947674418605,False,False
imagenet,learned,42,adversarial,0,0.0,1.0,True,True
imagenet,learned,42,adversarial,1,0.009458034380346897,0.9989098837209301,False,True
imagenet,learned,42,adversarial,2,0.020802489319226205,0.9989098837209301,False,True
imagenet,learned,42,adversarial,3,0.04902656173936399,0.998546511627907,False,True
imagenet,learned,42,adversarial,4,0.10002190138584283,0.9880087209302325,False,True
imagenet,learned,42,adversarial,5,0.12604614375043002,0.9752906976744186,False,True
imagenet,learned,42,adversarial,6,0.1512684182149666,0.9676598837209303,False,True
imagenet,learned,42,adversarial,7,0.17438579900517864,0.9629360465116279,False,True
imagenet,learned,42,adversarial,8,0.20053695436742636,0.9127906976744184,False,True
imagenet,learned,42,adversarial,9,0.22506034283069076,0.7034883720930232,False,True
imagenet,learned,42,adversarial,10,0.25148879393004375,0.3986191860465116,False,True
imagenet,learned,42,adversarial_raw,0,0.0,1.0,True,False
imagenet,learned,42,adversarial_raw,1,0.009458034380346897,0.9989098837209301,False,False
imagenet,learned,42,adversarial_raw,2,0.020802489319226205,0.9996366279069766,False,False
imagenet,learned,42,adversarial_raw,3,0.04902656173936399,0.998546511627907,False,False
imagenet,learned,42,adversarial_raw,4,0.10002190138584283,0.9880087209302325,False,False
imagenet,learned,42,adversarial_raw,5,0.12604614375043002,0.9752906976744186,False,False
imagenet,learned,42,adversarial_raw,6,0.1512684182149666,0.9676598837209303,False,False
imagenet,learned,42,adversarial_raw,7,0.17438579900517864,0.9629360465116279,False,False
imagenet,learned,42,adversarial_raw,8,0.20053695436742636,0.9127906976744184,False,False
imagenet,learned,42,adversarial_raw,9,0.22506034283069076,0.7034883720930232,False,False
imagenet,learned,42,adversarial_raw,10,0.25148879393004375,0.3986191860465116,False,False
imagenet,learned,123,noise,0,0.0,1.0,True,False
imagenet,learned,123,noise,1,0.003633186742204919,0.999963807455664,False,False
imagenet,learned,123,noise,2,0.0072562535697033555,0.9998914223669925,False,False
imagenet,learned,123,noise,3,0.014597524801062222,0.9993847267462904,False,False
imagenet,learned,123,noise,4,0.02989766920069862,0.9984799131378936,False,False
imagenet,learned,123,noise,5,0.06256597137520811,0.9955845095910243,False,False
imagenet,learned,123,noise,6,0.07904849621797212,0.9943901556279406,False,False
imagenet,learned,123,noise,7,0.09520455121874245,0.9932681867535289,False,False
imagenet,learned,123,noise,8,0.12630495976217512,0.9895041621425987,False,False
imagenet,learned,123,adversarial,0,0.0,1.0,True,True
imagenet,learned,123,adversarial,1,0.007448498846294486,0.9996380745566414,False,True
imagenet,learned,123,adversarial,2,0.01603901248859653,0.9992761491132828,False,True
imagenet,learned,123,adversarial,3,0.02942556345657348,0.995656894679696,False,True
imagenet,learned,123,adversarial,4,0.04833413888637212,0.9945711183496201,False,True
imagenet,learned,123,adversarial,5,0.07592459969608399,0.9887803112558814,False,True
imagenet,learned,123,adversarial,6,0.09580649530942457,0.9851610568222946,False,True
imagenet,learned,123,adversarial,7,0.11327960264820501,0.9482446615997105,False,True
imagenet,learned,123,adversarial,8,0.13326648855470857,0.8946796959826276,False,True
imagenet,learned,123,adversarial,9,0.15297248043074443,0.7756062251176259,False,True
imagenet,learned,123,adversarial,10,0.17393032798566513,0.50814332247557,False,True
imagenet,learned,123,adversarial_raw,0,0.0,1.0,True,False
imagenet,learned,123,adversarial_raw,1,0.007448498846294486,0.9996380745566414,False,False
imagenet,learned,123,adversarial_raw,2,0.01603901248859653,0.9992761491132828,False,False
imagenet,learned,123,adversarial_raw,3,0.02942556345657348,0.995656894679696,False,False
imagenet,learned,123,adversarial_raw,4,0.04833413888637212,0.9945711183496201,False,False
imagenet,learned,123,adversarial_raw,5,0.07592459969608399,0.9887803112558814,False,False
imagenet,learned,123,adversarial_raw,6,0.09580649530942457,0.9851610568222946,False,False
imagenet,learned,123,adversarial_raw,7,0.11327960264820501,0.9482446615997105,False,False
imagenet,learned,123,adversarial_raw,8,0.13326648855470857,0.8946796959826276,False,False
imagenet,learned,123,adversarial_raw,9,0.15297248043074443,0.7756062251176259,False,False
imagenet,learned,123,adversarial_raw,10,0.17393032798566513,0.50814332247557,False,False
imagenet,learned,456,noise,0,0.0,1.0,True,False
imagenet,learned,456,noise,1,0.0033004859736081352,1.0001836884643645,False,False
imagenet,learned,456,noise,2,0.006594471094933964,1.0001469507714915,False,False
imagenet,learned,456,noise,3,0.013261271651945761,1.0,False,False
imagenet,learned,456,noise,4,0.027015006308371902,0.9998530492285085,False,False
imagenet,learned,456,noise,5,0.05596505592861567,0.9980896399706098,False,False
imagenet,learned,456,noise,6,0.07072971817407356,0.996767083027186,False,False
imagenet,learned,456,noise,7,0.08556079537566037,0.9966568699485674,False,False
imagenet,learned,456,noise,8,0.11555340846587006,0.9948934606906688,False,False
imagenet,learned,456,adversarial,0,0.0,1.0,True,True
imagenet,learned,456,adversarial,1,0.004106843010664594,0.9988978692138134,False,True
imagenet,learned,456,adversarial,2,0.008517517574208598,0.9963262307127113,False,True
imagenet,learned,456,adversarial,3,0.013355914509740451,0.9959588537839825,False,True
imagenet,learned,456,adversarial,4,0.019197394971012208,0.9930198383541514,False,True
imagenet,learned,456,adversarial,5,0.039192013136129016,0.9893460690668627,False,True
imagenet,learned,456,adversarial,6,0.07195597462763634,0.9867744305657606,False,True
imagenet,learned,456,adversarial,7,0.0805099891000621,0.9823659074210139,False,True
imagenet,learned,456,adversarial,8,0.1541308802355012,0.9643644379132992,False,True
imagenet,learned,456,adversarial,9,0.18363223324483946,0.9180749448934609,False,True
imagenet,learned,456,adversarial,10,0.2072542416193139,0.7468772961058046,False,True
imagenet,learned,456,adversarial_raw,0,0.0,1.0,True,False
imagenet,learned,456,adversarial_raw,1,0.004106843010664594,0.9988978692138134,False,False
imagenet,learned,456,adversarial_raw,2,0.008517517574208598,0.9963262307127113,False,False
imagenet,learned,456,adversarial_raw,3,0.013355914509740451,0.9959588537839825,False,False
imagenet,learned,456,adversarial_raw,4,0.019197394971012208,0.9930198383541514,False,False
imagenet,learned,456,adversarial_raw,5,0.039192013136129016,0.9893460690668627,False,False
imagenet,learned,456,adversarial_raw,6,0.07195597462763634,0.9867744305657606,False,False
imagenet,learned,456,adversarial_raw,7,0.0805099891000621,0.9823659074210139,False,False
imagenet,learned,456,adversarial_raw,8,0.1541308802355012,0.9643644379132992,False,False
imagenet,learned,456,adversarial_raw,9,0.18363223324483946,0.9180749448934609,False,False
imagenet,learned,456,adversarial_raw,10,0.2072542416193139,0.7468772961058046,False,False
imagenet,learned,789,noise,0,0.0,1.0,True,False
imagenet,learned,789,noise,1,0.0037821974266857386,1.0001836210062431,False,False
imagenet,learned,789,noise,2,0.007583788137614686,1.0003305178112376,False,False
imagenet,learned,789,noise,3,0.015428210590010363,0.999889827396254,False,False
imagenet,learned,789,noise,4,0.03243446135834656,0.998824825560044,False,False
imagenet,learned,789,noise,5,0.06976651186159546,0.9988615497612926,False,False
imagenet,learned,789,noise,6,0.08839791104649805,0.9981637899375688,False,False
imagenet,learned,789,noise,7,0.10618332966660579,0.9979434447300772,False,False
imagenet,learned,789,noise,8,0.13833401854664648,0.9956298200514139,False,False
imagenet,learned,789,adversarial,0,0.0,1.0,True,True
imagenet,learned,789,adversarial,1,0.014179047462371136,0.998531031950055,False,True
imagenet,learned,789,adversarial,2,0.033618984202980734,0.9966948218876239,False,True
imagenet,learned,789,adversarial,3,0.061390970707639395,0.9897172236503856,False,True
imagenet,learned,789,adversarial,4,0.0918774317002631,0.9827396254131472,False,True
imagenet,learned,789,adversarial,5,0.11864891629311786,0.9702533969886155,False,True
imagenet,learned,789,adversarial,6,0.13971791648336368,0.948586118251928,False,True
imagenet,learned,789,adversarial,7,0.16810069620493584,0.8501652589056188,False,True
imagenet,learned,789,adversarial,8,0.20203655854498379,0.5978699963275799,False,True
imagenet,learned,789,adversarial,9,0.22631038749708526,0.37201615864854937,False,True
imagenet,learned,789,adversarial,10,0.24343751236767738,0.24605214836577305,False,True
imagenet,learned,789,adversarial_raw,0,0.0,1.0,True,False
imagenet,learned,789,adversarial_raw,1,0.014179047462371136,0.998531031950055,False,False
imagenet,learned,789,adversarial_raw,2,0.033618984202980734,0.9966948218876239,False,False
imagenet,learned,789,adversarial_raw,3,0.061390970707639395,0.9897172236503856,False,False
imagenet,learned,789,adversarial_raw,4,0.0918774317002631,0.9827396254131472,False,False
imagenet,learned,789,adversarial_raw,5,0.11864891629311786,0.9702533969886155,False,False
imagenet,learned,789,adversarial_raw,6,0.13971791648336368,0.948586118251928,False,False
imagenet,learned,789,adversarial_raw,7,0.16810069620493584,0.8501652589056188,False,False
imagenet,learned,789,adversarial_raw,8,0.20203655854498379,0.5978699963275799,False,False
imagenet,learned,789,adversarial_raw,9,0.22631038749708526,0.37201615864854937,False,False
imagenet,learned,789,adversarial_raw,10,0.24343751236767738,0.24605214836577305,False,False
imagenet,learned,1011,noise,0,0.0,1.0,True,False
imagenet,learned,1011,noise,1,0.0036804076642527805,0.9992360858493999,False,False
imagenet,learned,1011,noise,2,0.007376924740355763,0.9988359403419425,False,False
imagenet,learned,1011,noise,3,0.014996252400783977,0.9989086940705711,False,False
imagenet,learned,1011,noise,4,0.03142831316200784,0.9984721716987996,False,False
imagenet,learned,1011,noise,5,0.06691173604137209,0.9955983994179702,False,False
imagenet,learned,1011,noise,6,0.08433129899767551,0.9936340487449982,False,False
imagenet,learned,1011,noise,7,0.10089463669107361,0.9923608584939979,False,False
imagenet,learned,1011,noise,8,0.13155153246648657,0.9878137504547109,False,False
imagenet,learned,1011,adversarial,0,0.0,1.0,True,True
imagenet,learned,1011,adversarial,1,0.008902082035266459,0.9981811567842852,False,True
imagenet,learned,1011,adversarial,2,0.019874841014774988,0.9981811567842852,False,True
imagenet,learned,1011,adversarial,3,0.03569738815792629,0.9938159330665698,False,True
imagenet,learned,1011,adversarial,4,0.06171987610140985,0.99017824663514,False,True
imagenet,learned,1011,adversarial,5,0.11625110263324683,0.9770825754819936,False,True
imagenet,learned,1011,adversarial,6,0.13473936023924896,0.9578028373954165,False,True
imagenet,learned,1011,adversarial,7,0.14498283717886198,0.6929792651873409,False,True
imagenet,learned,1011,adversarial,8,0.1527151290841689,0.6929792651873409,False,True
imagenet,learned,1011,adversarial,9,0.1544406191226164,0.6929792651873409,False,True
imagenet,learned,1011,adversarial,10,0.16570626423074564,0.6929792651873409,False,True
imagenet,learned,1011,adversarial_raw,0,0.0,1.0,True,False
imagenet,learned,1011,adversarial_raw,1,0.008902082035266459,0.9981811567842852,False,False
imagenet,learned,1011,adversarial_raw,2,0.019874841014774988,0.9985449254274283,False,False
imagenet,learned,1011,adversarial_raw,3,0.03569738815792629,0.9938159330665698,False,False
imagenet,learned,1011,adversarial_raw,4,0.06171987610140985,0.99017824663514,False,False
imagenet,learned,1011,adversarial_raw,5,0.11625110263324683,0.9770825754819936,False,False
imagenet,learned,1011,adversarial_raw,6,0.13473936023924896,0.9578028373954165,False,False
imagenet,learned,1011,adversarial_raw,7,0.14498283717886198,0.6929792651873409,False,False
imagenet,learned,1011,adversarial_raw,8,0.1527151290841689,0.9410694798108403,False,False
imagenet,learned,1011,adversarial_raw,9,0.1544406191226164,0.870134594397963,False,False
imagenet,learned,1011,adversarial_raw,10,0.16570626423074564,0.9243361222262642,False,False
imagenet,learned,1213,noise,0,0.0,1.0,True,False
imagenet,learned,1213,noise,1,0.003626731510785445,1.0001453488372092,False,False
imagenet,learned,1213,noise,2,0.007263398442931127,1.0,False,False
imagenet,learned,1213,noise,3,0.01469766111181468,0.9997819767441859,False,False
imagenet,learned,1213,noise,4,0.030409643821791725,0.9993459302325581,False,False
imagenet,learned,1213,noise,5,0.06419896921334008,0.9948401162790697,False,False
imagenet,learned,1213,noise,6,0.08113736556966374,0.9925508720930232,False,False
imagenet,learned,1213,noise,7,0.09762284194085158,0.990734011627907,False,False
imagenet,learned,1213,noise,8,0.12891440606242285,0.9870276162790697,False,False
imagenet,learned,1213,adversarial,0,0.0,1.0,True,True
imagenet,learned,1213,adversarial,1,0.012255108376152181,0.9996366279069766,False,True
imagenet,learned,1213,adversarial,2,0.026594509581225452,0.9970930232558138,False,True
imagenet,learned,1213,adversarial,3,0.04441646702521267,0.9960029069767442,False,True
imagenet,learned,1213,adversarial,4,0.11371086958276297,0.9840116279069766,False,True
imagenet,learned,1213,adversarial,5,0.12153358217423096,0.8975290697674418,False,True
imagenet,learned,1213,adversarial,6,0.13562637825404078,0.7063953488372092,False,True
imagenet,learned,1213,adversarial,7,0.14000343831709025,0.7063953488372092,False,True
imagenet,learned,1213,adversarial,8,0.15420556028289492,0.37754360465116277,False,True
imagenet,learned,1213,adversarial,9,0.16308414603987287,0.37754360465116277,False,True
imagenet,learned,1213,adversarial,10,0.18344720973461706,0.37754360465116277,False,True
imagenet,learned,1213,adversarial_raw,0,0.0,1.0,True,False
imagenet,learned,1213,adversarial_raw,1,0.012255108376152181,0.9996366279069766,False,False
imagenet,learned,1213,adversarial_raw,2,0.026594509581225452,0.9970930232558138,False,False
imagenet,learned,1213,adversarial_raw,3,0.04441646702521267,0.9960029069767442,False,False
imagenet,learned,1213,adversarial_raw,4,0.11371086958276297,0.9840116279069766,False,False
imagenet,learned,1213,adversarial_raw,5,0.12153358217423096,0.8975290697674418,False,False
imagenet,learned,1213,adversarial_raw,6,0.13562637825404078,0.7063953488372092,False,False
imagenet,learned,1213,adversarial_raw,7,0.14000343831709025,0.9640261627906975,False,False
imagenet,learned,1213,adversarial_raw,8,0.15420556028289492,0.37754360465116277,False,False
imagenet,learned,1213,adversarial_raw,9,0.16308414603987287,0.9451308139534882,False,False
imagenet,learned,1213,adversarial_raw,10,0.18344720973461706,0.929142441860465,False,False
imagenet,sinusoidal,42,noise,0,0.0,1.0,True,False
imagenet,sinusoidal,42,noise,1,0.008087899594080527,0.9993295695130557,False,False
imagenet,sinusoidal,42,noise,2,0.020336234505195217,0.9986591390261115,False,False
imagenet,sinusoidal,42,noise,3,0.0414763892130177,0.9989767113620325,False,False
imagenet,sinusoidal,42,noise,4,0.08694601293286845,0.999894142554693,False,False
imagenet,sinusoidal,42,noise,5,0.18115542909399895,0.9929781227946364,False,False
imagenet,sinusoidal,42,adversarial,0,0.0,1.0,True,True
imagenet,sinusoidal,42,adversarial,1,0.006677460320696461,0.9904728299223712,False,True
imagenet,sinusoidal,42,adversarial,2,0.02232142756403102,0.9650670430486943,False,True
imagenet,sinusoidal,42,adversarial,3,0.04029595845772871,0.936485532815808,False,True
imagenet,sinusoidal,42,adversarial,4,0.06193270764730229,0.8362738179251941,False,True
imagenet,sinusoidal,42,adversarial,5,0.07824530995448441,0.5885673959068454,False,True
imagenet,sinusoidal,42,adversarial,6,0.08740585671286598,0.33521524347212417,False,True
imagenet,sinusoidal,42,adversarial,7,0.09376408601574558,0.176076217360621,False,True
imagenet,sinusoidal,42,adversarial,8,0.09867487214415757,0.02258292166549047,False,True
imagenet,sinusoidal,42,adversarial_raw,0,0.0,1.0,True,False
imagenet,sinusoidal,42,adversarial_raw,1,0.006677460320696461,0.9904728299223712,False,False
imagenet,sinusoidal,42,adversarial_raw,2,0.02232142756403102,0.9650670430486943,False,False
imagenet,sinusoidal,42,adversarial_raw,3,0.04029595845772871,0.936485532815808,False,False
imagenet,sinusoidal,42,adversarial_raw,4,0.06193270764730229,0.8362738179251941,False,False
imagenet,sinusoidal,42,adversarial_raw,5,0.07824530995448441,0.5885673959068454,False,False
imagenet,sinusoidal,42,adversarial_raw,6,0.08740585671286598,0.33521524347212417,False,False
imagenet,sinusoidal,42,adversarial_raw,7,0.09376408601574558,0.176076217360621,False,False
imagenet,sinusoidal,42,adversarial_raw,8,0.09867487214415757,0.02258292166549047,False,False
imagenet,sinusoidal,123,noise,0,0.0,1.0,True,False
imagenet,sinusoidal,123,noise,1,0.007993780451881085,0.9994326241134752,False,False
imagenet,sinusoidal,123,noise,2,0.020098932352603367,0.998404255319149,False,False
imagenet,sinusoidal,123,noise,3,0.0409728341579909,0.998758865248227,False,False
imagenet,sinusoidal,123,noise,4,0.08590636893715196,0.99822695035461,False,False
imagenet,sinusoidal,123,noise,5,0.18051163740030665,0.991808510638298,False,False
imagenet,sinusoidal,123,adversarial,0,0.0,1.0,True,True
imagenet,sinusoidal,123,adversarial,1,0.0070253496644224695,0.9882978723404257,False,True
imagenet,sinusoidal,123,adversarial,2,0.02213642838910859,0.9624113475177306,False,True
imagenet,sinusoidal,123,adversarial,3,0.04783007502869729,0.924468085106383,False,True
imagenet,sinusoidal,123,adversarial,4,0.0755758041346782,0.7549645390070923,False,True
imagenet,sinusoidal,123,adversarial,5,0.088097816001208,0.498581560283688,False,True
imagenet,sinusoidal,123,adversarial,6,0.09365443265874125,0.3067375886524823,False,True
imagenet,sinusoidal,123,adversarial,7,0.09484895419774633,0.019858156028368795,False,True
imagenet,sinusoidal,123,adversarial,8,0.09746627733932789,0.019858156028368795,False,True
imagenet,sinusoidal,123,adversarial_raw,0,0.0,1.0,True,False
imagenet,sinusoidal,123,adversarial_raw,1,0.0070253496644224695,0.9882978723404257,False,False
imagenet,sinusoidal,123,adversarial_raw,2,0.02213642838910859,0.9624113475177306,False,False
imagenet,sinusoidal,123,adversarial_raw,3,0.04783007502869729,0.924468085106383,False,False
imagenet,sinusoidal,123,adversarial_raw,4,0.0755758041346782,0.7549645390070923,False,False
imagenet,sinusoidal,123,adversarial_raw,5,0.088097816001208,0.498581560283688,False,False
imagenet,sinusoidal,123,adversarial_raw,6,0.09365443265874125,0.3067375886524823,False,False
imagenet,sinusoidal,123,adversarial_raw,7,0.09484895419774633,0.019858156028368795,False,False
imagenet,sinusoidal,123,adversarial_raw,8,0.09746627733932789,0.18368794326241136,False,False
imagenet,sinusoidal,456,noise,0,0.0,1.0,True,False
imagenet,sinusoidal,456,noise,1,0.008251360738838257,1.000071098471383,False,False
imagenet,sinusoidal,456,noise,2,0.020726955225029858,0.9993956629932457,False,False
imagenet,sinusoidal,456,noise,3,0.04217409329938733,0.99825808745112,False,False
imagenet,sinusoidal,456,noise,4,0.08796075391512195,0.9962673302523996,False,False
imagenet,sinusoidal,456,noise,5,0.18342490041843998,0.988162104514753,False,False
imagenet,sinusoidal,456,adversarial,0,0.0,1.0,True,True
imagenet,sinusoidal,456,adversarial,1,0.006791262570392758,0.9879132598649129,False,True
imagenet,sinusoidal,456,adversarial,2,0.017250486504273257,0.967294703163882,False,True
imagenet,sinusoidal,456,adversarial,3,0.026714415137341643,0.9512975471027373,False,True
imagenet,sinusoidal,456,adversarial,4,0.05495571021801737,0.9125488801990757,False,True
imagenet,sinusoidal,456,adversarial,5,0.08216528832318418,0.7511553501599716,False,True
imagenet,sinusoidal,456,adversarial,6,0.09265649757762363,0.4998222538215429,False,True
imagenet,sinusoidal,456,adversarial,7,0.09771691619260302,0.01848560255954497,False,True
imagenet,sinusoidal,456,adversarial,8,0.09835189798621874,0.01848560255954497,False,True
imagenet,sinusoidal,456,adversarial_raw,0,0.0,1.0,True,False
imagenet,sinusoidal,456,adversarial_raw,1,0.006791262570392758,0.9879132598649129,False,False
imagenet,sinusoidal,456,adversarial_raw,2,0.017250486504273257,0.967294703163882,False,False
imagenet,sinusoidal,456,adversarial_raw,3,0.026714415137341643,0.9512975471027373,False,False
imagenet,sinusoidal,456,adversarial_raw,4,0.05495571021801737,0.9125488801990757,False,False
imagenet,sinusoidal,456,adversarial_raw,5,0.08216528832318418,0.7511553501599716,False,False
imagenet,sinusoidal,456,adversarial_raw,6,0.09265649757762363,0.4998222538215429,False,False
imagenet,sinusoidal,456,adversarial_raw,7,0.09771691619260302,0.01848560255954497,False,False
imagenet,sinusoidal,456,adversarial_raw,8,0.09835189798621874,0.28226093138997516,False,False
imagenet,sinusoidal,789,noise,0,0.0,1.0,True,False
imagenet,sinusoidal,789,noise,1,0.008233551433606436,0.9991166077738516,False,False
imagenet,sinusoidal,789,noise,2,0.020727932488189393,0.9981625441696111,False,False
imagenet,sinusoidal,789,noise,3,0.042412363932143544,0.9962190812720848,False,False
imagenet,sinusoidal,789,noise,4,0.08909906408722312,0.9934628975265017,False,False
imagenet,sinusoidal,789,noise,5,0.18468987134887838,0.9836395759717315,False,False
imagenet,sinusoidal,789,adversarial,0,0.0,1.0,True,True
imagenet,sinusoidal,789,adversarial,1,0.007077614218340129,0.9848056537102473,False,True
imagenet,sinusoidal,789,adversarial,2,0.018402315142462652,0.9632508833922261,False,True
imagenet,sinusoidal,789,adversarial,3,0.033793129323895166,0.9353356890459364,False,True
imagenet,sinusoidal,789,adversarial,4,0.0664768161439356,0.8600706713780918,False,True
imagenet,sinusoidal,789,adversarial,5,0.08231993226360206,0.6837455830388692,False,True
imagenet,sinusoidal,789,adversarial,6,0.08964630581603189,0.47102473498233216,False,True
imagenet,sinusoidal,789,adversarial,7,0.09197322250124108,0.30459363957597174,False,True
imagenet,sinusoidal,789,adversarial,8,0.10188481685349114,0.028621908127208478,False,True
imagenet,sinusoidal,789,adversarial_raw,0,0.0,1.0,True,False
imagenet,sinusoidal,789,adversarial_raw,1,0.007077614218340129,0.9848056537102473,False,False
imagenet,sinusoidal,789,adversarial_raw,2,0.018402315142462652,0.9632508833922261,False,False
imagenet,sinusoidal,789,adversarial_raw,3,0.033793129323895166,0.9353356890459364,False,False
imagenet,sinusoidal,789,adversarial_raw,4,0.0664768161439356,0.8600706713780918,False,False
imagenet,sinusoidal,789,adversarial_raw,5,0.08231993226360206,0.6837455830388692,False,False
imagenet,sinusoidal,789,adversarial_raw,6,0.08964630581603189,0.47102473498233216,False,False
imagenet,sinusoidal,789,adversarial_raw,7,0.09197322250124108,0.30459363957597174,False,False
imagenet,sinusoidal,789,adversarial_raw,8,0.10188481685349114,0.028621908127208478,False,False
imagenet,sinusoidal,1011,noise,0,0.0,1.0,True,False
imagenet,sinusoidal,1011,noise,1,0.008692496740717323,0.9990171990171991,False,False
imagenet,sinusoidal,1011,noise,2,0.021741212473403153,0.9986310986310987,False,False
imagenet,sinusoidal,1011,noise,3,0.043985560978728244,0.9984906984906985,False,False
imagenet,sinusoidal,1011,noise,4,0.09079362323834637,0.994980694980695,False,False
imagenet,sinusoidal,1011,noise,5,0.18656388633628007,0.9833625833625834,False,False
imagenet,sinusoidal,1011,adversarial,0,0.0,1.0,True,True
imagenet,sinusoidal,1011,adversarial,1,0.00620397376379672,0.987012987012987,False,True
imagenet,sinusoidal,1011,adversarial,2,0.018066761528137475,0.9687609687609687,False,True
imagenet,sinusoidal,1011,adversarial,3,0.032383096373176413,0.9431379431379432,False,True
imagenet,sinusoidal,1011,adversarial,4,0.06262430121714936,0.8557388557388558,False,True
imagenet,sinusoidal,1011,adversarial,5,0.07948579220604257,0.6525096525096525,False,True
imagenet,sinusoidal,1011,adversarial,6,0.08845850008529103,0.4011934011934012,False,True
imagenet,sinusoidal,1011,adversarial,7,0.09361133010580415,0.22744822744822743,False,True
imagenet,sinusoidal,1011,adversarial,8,0.09574811439212834,0.024921024921024923,False,True
imagenet,sinusoidal,1011,adversarial_raw,0,0.0,1.0,True,False
imagenet,sinusoidal,1011,adversarial_raw,1,0.00620397376379672,0.987012987012987,False,False
imagenet,sinusoidal,1011,adversarial_raw,2,0.018066761528137475,0.9687609687609687,False,False
imagenet,sinusoidal,1011,adversarial_raw,3,0.032383096373176413,0.9431379431379432,False,False
imagenet,sinusoidal,1011,adversarial_raw,4,0.06262430121714936,0.8557388557388558,False,False
imagenet,sinusoidal,1011,adversarial_raw,5,0.07948579220604257,0.6525096525096525,False,False
imagenet,sinusoidal,1011,adversarial_raw,6,0.08845850008529103,0.4011934011934012,False,False
imagenet,sinusoidal,1011,adversarial_raw,7,0.09361133010580415,0.22744822744822743,False,False
imagenet,sinusoidal,1011,adversarial_raw,8,0.09574811439212834,0.024921024921024923,False,False
imagenet,sinusoidal,1213,noise,0,0.0,1.0,True,False
imagenet,sinusoidal,1213,noise,1,0.008029730471817643,0.9993917710196781,False,False
imagenet,sinusoidal,1213,noise,2,0.020208058528141965,0.9991771019677997,False,False
imagenet,sinusoidal,1213,noise,3,0.04129394169555151,0.9996064400715564,False,False
imagenet,sinusoidal,1213,noise,4,0.08666862113084421,0.9996422182468695,False,False
imagenet,sinusoidal,1213,noise,5,0.1805925295301252,0.9933452593917711,False,False
imagenet,sinusoidal,1213,adversarial,0,0.0,1.0,True,True
imagenet,sinusoidal,1213,adversarial,1,0.006602441033180775,0.9906976744186047,False,True
imagenet,sinusoidal,1213,adversarial,2,0.019692442686974156,0.9649373881932022,False,True
imagenet,sinusoidal,1213,adversarial,3,0.03438124045585196,0.9427549194991056,False,True
imagenet,sinusoidal,1213,adversarial,4,0.060042437007271826,0.863685152057245,False,True
imagenet,sinusoidal,1213,adversarial,5,0.07842586947735847,0.6669051878354204,False,True
imagenet,sinusoidal,1213,adversarial,6,0.08772296254888175,0.4300536672629696,False,True
imagenet,sinusoidal,1213,adversarial,7,0.09278054047809267,0.25044722719141327,False,True
imagenet,sinusoidal,1213,adversarial,8,0.09826531099701107,0.024329159212880147,False,True
imagenet,sinusoidal,1213,adversarial_raw,0,0.0,1.0,True,False
imagenet,sinusoidal,1213,adversarial_raw,1,0.006602441033180775,0.9906976744186047,False,False
imagenet,sinusoidal,1213,adversarial_raw,2,0.019692442686974156,0.9649373881932022,False,False
imagenet,sinusoidal,1213,adversarial_raw,3,0.03438124045585196,0.9427549194991056,False,False
imagenet,sinusoidal,1213,adversarial_raw,4,0.060042437007271826,0.863685152057245,False,False
imagenet,sinusoidal,1213,adversarial_raw,5,0.07842586947735847,0.6669051878354204,False,False
imagenet,sinusoidal,1213,adversarial_raw,6,0.08772296254888175,0.4300536672629696,False,False
imagenet,sinusoidal,1213,adversarial_raw,7,0.09278054047809267,0.25044722719141327,False,False
imagenet,sinusoidal,1213,adversarial_raw,8,0.09826531099701107,0.024329159212880147,False,False
imagenet,rope,42,noise,0,0.0,1.0,True,False
imagenet,rope,42,noise,1,0.02430948201898513,0.9987679671457906,False,False
imagenet,rope,42,noise,2,0.04864545349210842,0.9981177275838468,False,False
imagenet,rope,42,noise,3,0.09749916728933629,0.9972621492128679,False,False
imagenet,rope,42,noise,4,0.19656934798531803,0.9927104722792608,False,False
imagenet,rope,42,noise,5,0.4001870282555096,0.9690622861054073,False,False
imagenet,rope,42,adversarial,0,0.0,1.0,True,True
imagenet,rope,42,adversarial,1,0.01934129838893027,0.9955509924709103,False,True
imagenet,rope,42,adversarial,2,0.03268049685232364,0.9876796714579055,False,True
imagenet,rope,42,adversarial,3,0.049010925511211445,0.972621492128679,False,True
imagenet,rope,42,adversarial,4,0.07953193456001827,0.904517453798768,False,True
imagenet,rope,42,adversarial,5,0.1101489733910826,0.7522245037645449,False,True
imagenet,rope,42,adversarial,6,0.13736459069198237,0.472621492128679,False,True
imagenet,rope,42,adversarial,7,0.14381839803997426,0.31793292265571527,False,True
imagenet,rope,42,adversarial,8,0.15221343326195913,0.18514715947980837,False,True
imagenet,rope,42,adversarial,9,0.1650690188919318,0.08829568788501027,False,True
imagenet,rope,42,adversarial,10,0.17690151138693405,0.060232717316906235,False,True
imagenet,rope,42,adversarial_raw,0,0.0,1.0,True,False
imagenet,rope,42,adversarial_raw,1,0.01934129838893027,0.9955509924709103,False,False
imagenet,rope,42,adversarial_raw,2,0.03268049685232364,0.9876796714579055,False,False
imagenet,rope,42,adversarial_raw,3,0.049010925511211445,0.972621492128679,False,False
imagenet,rope,42,adversarial_raw,4,0.07953193456001827,0.904517453798768,False,False
imagenet,rope,42,adversarial_raw,5,0.1101489733910826,0.7522245037645449,False,False
imagenet,rope,42,adversarial_raw,6,0.13736459069198237,0.472621492128679,False,False
imagenet,rope,42,adversarial_raw,7,0.14381839803997426,0.31793292265571527,False,False
imagenet,rope,42,adversarial_raw,8,0.15221343326195913,0.18514715947980837,False,False
imagenet,rope,42,adversarial_raw,9,0.1650690188919318,0.08829568788501027,False,False
imagenet,rope,42,adversarial_raw,10,0.17690151138693405,0.060232717316906235,False,False
imagenet,rope,123,noise,0,0.0,1.0,True,False
imagenet,rope,123,noise,1,0.02422782477047704,0.999346405228758,False,False
imagenet,rope,123,noise,2,0.04848125194807981,0.9988304093567251,False,False
imagenet,rope,123,noise,3,0.09716775077543247,0.9981768145854832,False,False
imagenet,rope,123,noise,4,0.19562081281906288,0.9951152390780873,False,False
imagenet,rope,123,noise,5,0.396541476866904,0.9709666322669419,False,False
imagenet,rope,123,adversarial,0,0.0,1.0,True,True
imagenet,rope,123,adversarial,1,0.02350169297779859,0.9955280357757137,False,True
imagenet,rope,123,adversarial,2,0.031172332047151228,0.9917440660474716,False,True
imagenet,rope,123,adversarial,3,0.04979620274910563,0.9656002751977985,False,True
imagenet,rope,123,adversarial,4,0.07673827737893485,0.8844169246646026,False,True
imagenet,rope,123,adversarial,5,0.09594790132997633,0.7162022703818369,False,True
imagenet,rope,123,adversarial,6,0.11112375611600724,0.42380460956312344,False,True
imagenet,rope,123,adversarial,7,0.11653567145491965,0.28207774337805297,False,True
imagenet,rope,123,adversarial,8,0.12275551907961023,0.1874785001719986,False,True
imagenet,rope,123,adversarial,9,0.1340420183739759,0.09700722394220845,False,True
imagenet,rope,123,adversarial,10,0.1441585463562157,0.06776745786033711,False,True
imagenet,rope,123,adversarial_raw,0,0.0,1.0,True,False
imagenet,rope,123,adversarial_raw,1,0.02350169297779859,0.9955280357757137,False,False
imagenet,rope,123,adversarial_raw,2,0.031172332047151228,0.9917440660474716,False,False
imagenet,rope,123,adversarial_raw,3,0.04979620274910563,0.9656002751977985,False,False
imagenet,rope,123,adversarial_raw,4,0.07673827737893485,0.8844169246646026,False,False
imagenet,rope,123,adversarial_raw,5,0.09594790132997633,0.7162022703818369,False,False
imagenet,rope,123,adversarial_raw,6,0.11112375611600724,0.42380460956312344,False,False
imagenet,rope,123,adversarial_raw,7,0.11653567145491965,0.28207774337805297,False,False
imagenet,rope,123,adversarial_raw,8,0.12275551907961023,0.1874785001719986,False,False
imagenet,rope,123,adversarial_raw,9,0.1340420183739759,0.09700722394220845,False,False
imagenet,rope,123,adversarial_raw,10,0.1441585463562157,0.06776745786033711,False,False
imagenet,rope,456,noise,0,0.0,1.0,True,False
imagenet,rope,456,noise,1,0.02446019499433335,0.9996569468267582,False,False
imagenet,rope,456,noise,2,0.04891004640692895,0.9993825042881648,False,False
imagenet,rope,456,noise,3,0.0979216843346733,0.9984562607204117,False,False
imagenet,rope,456,noise,4,0.1973076689040697,0.9936192109777016,False,False
imagenet,rope,456,noise,5,0.40085872274090306,0.9648027444253859,False,False
imagenet,rope,456,adversarial,0,0.0,1.0,True,True
imagenet,rope,456,adversarial,1,0.022933192906942776,1.0,False,True
imagenet,rope,456,adversarial,2,0.03308427223375716,0.9934819897084048,False,True
imagenet,rope,456,adversarial,3,0.05224675931451624,0.9612349914236707,False,True
imagenet,rope,456,adversarial,4,0.07957536425451862,0.8888507718696398,False,True
imagenet,rope,456,adversarial,5,0.09882895053946845,0.7197255574614065,False,True
imagenet,rope,456,adversarial,6,0.11326943081690141,0.39656946826758155,False,True
imagenet,rope,456,adversarial,7,0.11917144259835294,0.2490566037735849,False,True
imagenet,rope,456,adversarial,8,0.12577415092758368,0.17358490566037735,False,True
imagenet,rope,456,adversarial,9,0.13527921641875268,0.08473413379073756,False,True
imagenet,rope,456,adversarial,10,0.14678083606675324,0.06243567753001716,False,True
imagenet,rope,456,adversarial_raw,0,0.0,1.0,True,False
imagenet,rope,456,adversarial_raw,1,0.022933192906942776,1.0017152658662092,False,False
imagenet,rope,456,adversarial_raw,2,0.03308427223375716,0.9934819897084048,False,False
imagenet,rope,456,adversarial_raw,3,0.05224675931451624,0.9612349914236707,False,False
imagenet,rope,456,adversarial_raw,4,0.07957536425451862,0.8888507718696398,False,False
imagenet,rope,456,adversarial_raw,5,0.09882895053946845,0.7197255574614065,False,False
imagenet,rope,456,adversarial_raw,6,0.11326943081690141,0.39656946826758155,False,False
imagenet,rope,456,adversarial_raw,7,0.11917144259835294,0.2490566037735849,False,False
imagenet,rope,456,adversarial_raw,8,0.12577415092758368,0.17358490566037735,False,False
imagenet,rope,456,adversarial_raw,9,0.13527921641875268,0.08473413379073756,False,False
imagenet,rope,456,adversarial_raw,10,0.14678083606675324,0.06243567753001716,False,False
imagenet,rope,789,noise,0,0.0,1.0,True,False
imagenet,rope,789,noise,1,0.024724375886650076,0.9999659284497444,False,False
imagenet,rope,789,noise,2,0.04952217834707281,0.9996252129471891,False,False
imagenet,rope,789,noise,3,0.09906883692158881,0.9981260647359453,False,False
imagenet,rope,789,noise,4,0.19936502533063966,0.994037478705281,False,False
imagenet,rope,789,noise,5,0.4047039698917005,0.9691311754684838,False,False
imagenet,rope,789,adversarial,0,0.0,1.0,True,True
imagenet,rope,789,adversarial,1,0.019635474449633344,0.9969335604770017,False,True
imagenet,rope,789,adversarial,2,0.028172269668562018,0.9908006814310051,False,True
imagenet,rope,789,adversarial,3,0.04538761075047529,0.9625212947189098,False,True
imagenet,rope,789,adversarial,4,0.07349061913575283,0.8695059625212948,False,True
imagenet,rope,789,adversarial,5,0.09359498731839097,0.6606473594548552,False,True
imagenet,rope,789,adversarial,6,0.11204876624036988,0.3441226575809199,False,True
imagenet,rope,789,adversarial,7,0.11779149267953186,0.21396933560477,False,True
imagenet,rope,789,adversarial,8,0.12567510327046366,0.1434412265758092,False,True
imagenet,rope,789,adversarial,9,0.1375720964226727,0.08756388415672912,False,True
imagenet,rope,789,adversarial,10,0.14962034156462223,0.05792163543441227,False,True
imagenet,rope,789,adversarial_raw,0,0.0,1.0,True,False
imagenet,rope,789,adversarial_raw,1,0.019635474449633344,0.9969335604770017,False,False
imagenet,rope,789,adversarial_raw,2,0.028172269668562018,0.9908006814310051,False,False
imagenet,rope,789,adversarial_raw,3,0.04538761075047529,0.9625212947189098,False,False
imagenet,rope,789,adversarial_raw,4,0.07349061913575283,0.8695059625212948,False,False
imagenet,rope,789,adversarial_raw,5,0.09359498731839097,0.6606473594548552,False,False
imagenet,rope,789,adversarial_raw,6,0.11204876624036988,0.3441226575809199,False,False
imagenet,rope,789,adversarial_raw,7,0.11779149267953186,0.21396933560477,False,False
imagenet,rope,789,adversarial_raw,8,0.12567510327046366,0.1434412265758092,False,False
imagenet,rope,789,adversarial_raw,9,0.1375720964226727,0.08756388415672912,False,False
imagenet,rope,789,adversarial_raw,10,0.14962034156462223,0.05792163543441227,False,False
imagenet,rope,1011,noise,0,0.0,1.0,True,False
imagenet,rope,1011,noise,1,0.02405117148244678,0.9991769547325102,False,False
imagenet,rope,1011,noise,2,0.04813611945101389,0.9984910836762688,False,False
imagenet,rope,1011,noise,3,0.09646432806854477,0.9968106995884772,False,False
imagenet,rope,1011,noise,4,0.19433602932577396,0.991460905349794,False,False
imagenet,rope,1011,noise,5,0.39524297426945065,0.9653978052126199,False,False
imagenet,rope,1011,adversarial,0,0.0,1.0,True,True
imagenet,rope,1011,adversarial,1,0.020338535064103682,0.9996570644718792,False,True
imagenet,rope,1011,adversarial,2,0.033065122960332066,0.9907407407407407,False,True
imagenet,rope,1011,adversarial,3,0.05288581165123381,0.9790809327846365,False,True
imagenet,rope,1011,adversarial,4,0.08778417726363623,0.8919753086419752,False,True
imagenet,rope,1011,adversarial,5,0.11875385620320429,0.7270233196159122,False,True
imagenet,rope,1011,adversarial,6,0.13690896039818734,0.38340192043895743,False,True
imagenet,rope,1011,adversarial,7,0.14367974360114208,0.25891632373113854,False,True
imagenet,rope,1011,adversarial,8,0.14976125862061831,0.15054869684499314,False,True
imagenet,rope,1011,adversarial,9,0.16072112698458513,0.07510288065843622,False,True
imagenet,rope,1011,adversarial,10,0.17046010676121465,0.05452674897119341,False,True
imagenet,rope,1011,adversarial_raw,0,0.0,1.0,True,False
imagenet,rope,1011,adversarial_raw,1,0.020338535064103682,0.9996570644718792,False,False
imagenet,rope,1011,adversarial_raw,2,0.033065122960332066,0.9907407407407407,False,False
imagenet,rope,1011,adversarial_raw,3,0.05288581165123381,0.9790809327846365,False,False
imagenet,rope,1011,adversarial_raw,4,0.08778417726363623,0.8919753086419752,False,False
imagenet,rope,1011,adversarial_raw,5,0.11875385620320429,0.7270233196159122,False,False
imagenet,rope,1011,adversarial_raw,6,0.13690896039818734,0.38340192043895743,False,False
imagenet,rope,1011,adversarial_raw,7,0.14367974360114208,0.25891632373113854,False,False
imagenet,rope,1011,adversarial_raw,8,0.14976125862061831,0.15054869684499314,False,False
imagenet,rope,1011,adversarial_raw,9,0.16072112698458513,0.07510288065843622,False,False
imagenet,rope,1011,adversarial_raw,10,0.17046010676121465,0.05452674897119341,False,False
imagenet,rope,1213,noise,0,0.0,1.0,True,False
imagenet,rope,1213,noise,1,0.025281603598222867,0.9995891817870592,False,False
imagenet,rope,1213,noise,2,0.05047708360492083,0.9998972954467649,False,False
imagenet,rope,1213,noise,3,0.10089194478570777,0.9980486134885312,False,False
imagenet,rope,1213,noise,4,0.20267675264210155,0.9914755220814788,False,False
imagenet,rope,1213,noise,5,0.40959589556059023,0.9635056487504279,False,False
imagenet,rope,1213,adversarial,0,0.0,1.0,True,True
imagenet,rope,1213,adversarial,1,0.02159239584565684,0.9979459089352961,False,True
imagenet,rope,1213,adversarial,2,0.03544043600360341,0.9904142416980485,False,True
imagenet,rope,1213,adversarial,3,0.04969084902961034,0.9657651489216021,False,True
imagenet,rope,1213,adversarial,4,0.07532781577739123,0.9014036288942142,False,True
imagenet,rope,1213,adversarial,5,0.10096029532752554,0.7363916466963368,False,True
imagenet,rope,1213,adversarial,6,0.11961863183809139,0.43135912358781237,False,True
imagenet,rope,1213,adversarial,7,0.1288077834205875,0.2916809311879493,False,True
imagenet,rope,1213,adversarial,8,0.1355048635700807,0.1807600136939404,False,True
imagenet,rope,1213,adversarial,9,0.14734749411013023,0.08558712769599451,False,True
imagenet,rope,1213,adversarial,10,0.15863692245894911,0.0657309140705238,False,True
imagenet,rope,1213,adversarial_raw,0,0.0,1.0,True,False
imagenet,rope,1213,adversarial_raw,1,0.02159239584565684,0.9979459089352961,False,False
imagenet,rope,1213,adversarial_raw,2,0.03544043600360341,0.9904142416980485,False,False
imagenet,rope,1213,adversarial_raw,3,0.04969084902961034,0.9657651489216021,False,False
imagenet,rope,1213,adversarial_raw,4,0.07532781577739123,0.9014036288942142,False,False
imagenet,rope,1213,adversarial_raw,5,0.10096029532752554,0.7363916466963368,False,False
imagenet,rope,1213,adversarial_raw,6,0.11961863183809139,0.43135912358781237,False,False
imagenet,rope,1213,adversarial_raw,7,0.1288077834205875,0.2916809311879493,False,False
imagenet,rope,1213,adversarial_raw,8,0.1355048635700807,0.1807600136939404,False,False
imagenet,rope,1213,adversarial_raw,9,0.14734749411013023,0.08558712769599451,False,False
imagenet,rope,1213,adversarial_raw,10,0.15863692245894911,0.0657309140705238,False,False
imagenet,alibi,42,noise,0,0.0,1.0,True,False
imagenet,alibi,42,noise,1,0.004436223210833194,0.9988971896122377,False,False
imagenet,alibi,42,noise,2,0.01109723004702791,0.9976165065812879,False,False
imagenet,alibi,42,noise,3,0.02220055197906614,0.9923514763429384,False,False
imagenet,alibi,42,noise,4,0.044365341999894746,0.9749555318392031,False,False
imagenet,alibi,42,noise,5,0.11039385163782076,0.8800782639630025,False,False
imagenet,alibi,42,noise,6,0.21787596764873052,0.6501245108502313,False,False
imagenet,alibi,42,adversarial,0,0.0,1.0,True,True
imagenet,alibi,42,adversarial,1,0.011871486707873894,0.9871931696905017,False,True
imagenet,alibi,42,adversarial,2,0.02344294124747467,0.9580220562077554,False,True
imagenet,alibi,42,adversarial,3,0.051448866920336234,0.8384916399857703,False,True
imagenet,alibi,42,adversarial,4,0.06400935764894843,0.7317680540732836,False,True
imagenet,alibi,42,adversarial,5,0.07605946428856944,0.6207755247242974,False,True
imagenet,alibi,42,adversarial,6,0.09885957205718719,0.424048381358947,False,True
imagenet,alibi,42,adversarial,7,0.12049825139216758,0.2746353610814657,False,True
imagenet,alibi,42,adversarial_raw,0,0.0,1.0,True,False
imagenet,alibi,42,adversarial_raw,1,0.011871486707873894,0.9871931696905017,False,False
imagenet,alibi,42,adversarial_raw,2,0.02344294124747467,0.9580220562077554,False,False
imagenet,alibi,42,adversarial_raw,3,0.051448866920336234,0.8384916399857703,False,False
imagenet,alibi,42,adversarial_raw,4,0.06400935764894843,0.7317680540732836,False,False
imagenet,alibi,42,adversarial_raw,5,0.07605946428856944,0.6207755247242974,False,False
imagenet,alibi,42,adversarial_raw,6,0.09885957205718719,0.424048381358947,False,False
imagenet,alibi,42,adversarial_raw,7,0.12049825139216758,0.2746353610814657,False,False
imagenet,alibi,123,noise,0,0.0,1.0,True,False
imagenet,alibi,123,noise,1,0.004470796797172893,0.9982238010657195,False,False
imagenet,alibi,123,noise,2,0.011175717736446782,0.9956305506216697,False,False
imagenet,alibi,123,noise,3,0.0223439554741341,0.9911545293072825,False,False
imagenet,alibi,123,noise,4,0.04464058285269914,0.9729662522202487,False,False
imagenet,alibi,123,noise,5,0.1108229196544545,0.8157371225577265,False,False
imagenet,alibi,123,noise,6,0.21865059502338352,0.5144227353463589,False,False
imagenet,alibi,123,adversarial,0,0.0,1.0,True,True
imagenet,alibi,123,adversarial,1,0.012231312285763256,0.985790408525755,False,True
imagenet,alibi,123,adversarial,2,0.023993779301492824,0.9673179396092363,False,True
imagenet,alibi,123,adversarial,3,0.05304609461657292,0.8238010657193606,False,True
imagenet,alibi,123,adversarial,4,0.06605359146152201,0.7214920071047958,False,True
imagenet,alibi,123,adversarial,5,0.0783221177971553,0.6095914742451155,False,True
imagenet,alibi,123,adversarial,6,0.10063814838317084,0.3996447602131439,False,True
imagenet,alibi,123,adversarial,7,0.12307873248140365,0.2536412078152753,False,True
imagenet,alibi,123,adversarial_raw,0,0.0,1.0,True,False
imagenet,alibi,123,adversarial_raw,1,0.012231312285763256,0.985790408525755,False,False
imagenet,alibi,123,adversarial_raw,2,0.023993779301492824,0.9673179396092363,False,False
imagenet,alibi,123,adversarial_raw,3,0.05304609461657292,0.8238010657193606,False,False
imagenet,alibi,123,adversarial_raw,4,0.06605359146152201,0.7214920071047958,False,False
imagenet,alibi,123,adversarial_raw,5,0.0783221177971553,0.6095914742451155,False,False
imagenet,alibi,123,adversarial_raw,6,0.10063814838317084,0.3996447602131439,False,False
imagenet,alibi,123,adversarial_raw,7,0.12307873248140365,0.2536412078152753,False,False
imagenet,alibi,456,noise,0,0.0,1.0,True,False
imagenet,alibi,456,noise,1,0.004423620811831284,0.9984604368063014,False,False
imagenet,alibi,456,noise,2,0.011061409762988623,0.9970998925886143,False,False
imagenet,alibi,456,noise,3,0.02213128565893651,0.9923379878267096,False,False
imagenet,alibi,456,noise,4,0.04428439495027976,0.9751163623344073,False,False
imagenet,alibi,456,noise,5,0.11035938612698529,0.8528822055137845,False,False
imagenet,alibi,456,noise,6,0.21864292439652497,0.5504833512352308,False,False
imagenet,alibi,456,adversarial,0,0.0,1.0,True,True
imagenet,alibi,456,adversarial,1,0.01200795241186736,0.9867525957751521,False,True
imagenet,alibi,456,adversarial,2,0.023573575583011153,0.9595417114214106,False,True
imagenet,alibi,456,adversarial,3,0.04587846261621027,0.8775510204081631,False,True
imagenet,alibi,456,adversarial,4,0.06476894331013897,0.7440028643036162,False,True
imagenet,alibi,456,adversarial,5,0.07697429763287883,0.623344074471894,False,True
imagenet,alibi,456,adversarial,6,0.10014030796530721,0.4153240243465807,False,True
imagenet,alibi,456,adversarial,7,0.12231729742645932,0.25277479412817755,False,True
imagenet,alibi,456,adversarial_raw,0,0.0,1.0,True,False
imagenet,alibi,456,adversarial_raw,1,0.01200795241186736,0.9867525957751521,False,False
imagenet,alibi,456,adversarial_raw,2,0.023573575583011153,0.9595417114214106,False,False
imagenet,alibi,456,adversarial_raw,3,0.04587846261621027,0.8775510204081631,False,False
imagenet,alibi,456,adversarial_raw,4,0.06476894331013897,0.7440028643036162,False,False
imagenet,alibi,456,adversarial_raw,5,0.07697429763287883,0.623344074471894,False,False
imagenet,alibi,456,adversarial_raw,6,0.10014030796530721,0.4153240243465807,False,False
imagenet,alibi,456,adversarial_raw,7,0.12231729742645932,0.25277479412817755,False,False
imagenet,alibi,789,noise,0,0.0,1.0,True,False
imagenet,alibi,789,noise,1,0.004419317479494699,0.9994277539341916,False,False
imagenet,alibi,789,noise,2,0.011040960957217077,0.9975321888412017,False,False
imagenet,alibi,789,noise,3,0.022065657579354088,0.9934191702432045,False,False
imagenet,alibi,789,noise,4,0.04409315897461034,0.9802217453505007,False,False
imagenet,alibi,789,noise,5,0.1097191812636376,0.9082260371959944,False,False
imagenet,alibi,789,noise,6,0.21778006964418428,0.7204935622317596,False,False
imagenet,alibi,789,adversarial,0,0.0,1.0,True,True
imagenet,alibi,789,adversarial,1,0.012133049466770981,0.990343347639485,False,True
imagenet,alibi,789,adversarial,2,0.023881334558597492,0.9717453505007152,False,True
imagenet,alibi,789,adversarial,3,0.05119169520840806,0.8454935622317595,False,True
imagenet,alibi,789,adversarial,4,0.06379862792038689,0.7535765379113019,False,True
imagenet,alibi,789,adversarial,5,0.0759387719632624,0.650214592274678,False,True
imagenet,alibi,789,adversarial,6,0.09910934382500373,0.42739628040057226,False,True
imagenet,alibi,789,adversarial,7,0.12119486644812684,0.28290414878397707,False,True
imagenet,alibi,789,adversarial_raw,0,0.0,1.0,True,False
imagenet,alibi,789,adversarial_raw,1,0.012133049466770981,0.990343347639485,False,False
imagenet,alibi,789,adversarial_raw,2,0.023881334558597492,0.9717453505007152,False,False
imagenet,alibi,789,adversarial_raw,3,0.05119169520840806,0.8454935622317595,False,False
imagenet,alibi,789,adversarial_raw,4,0.06379862792038689,0.7535765379113019,False,False
imagenet,alibi,789,adversarial_raw,5,0.0759387719632624,0.650214592274678,False,False
imagenet,alibi,789,adversarial_raw,6,0.09910934382500373,0.42739628040057226,False,False
imagenet,alibi,789,adversarial_raw,7,0.12119486644812684,0.28290414878397707,False,False
imagenet,alibi,1011,noise,0,0.0,1.0,True,False
imagenet,alibi,1011,noise,1,0.004553030931767581,0.9978068623983022,False,False
imagenet,alibi,1011,noise,2,0.011381967052268103,0.9958259639193493,False,False
imagenet,alibi,1011,noise,3,0.022732278087580635,0.9902016271666078,False,False
imagenet,alibi,1011,noise,4,0.045282394166065894,0.9661832331093032,False,False
imagenet,alibi,1011,noise,5,0.11150673609496671,0.8296073576229219,False,False
imagenet,alibi,1011,noise,6,0.21830429967774778,0.5684824902723735,False,False
imagenet,alibi,1011,adversarial,0,0.0,1.0,True,True
imagenet,alibi,1011,adversarial,1,0.012215570735179104,0.9886805801202688,False,True
imagenet,alibi,1011,adversarial,2,0.024133473641477533,0.9635656172621153,False,True
imagenet,alibi,1011,adversarial,3,0.05231423162046233,0.8107534488857447,False,True
imagenet,alibi,1011,adversarial,4,0.06493926537656577,0.7110010611956138,False,True
imagenet,alibi,1011,adversarial,5,0.07780444525749311,0.5843650512911214,False,True
imagenet,alibi,1011,adversarial,6,0.09987204814125204,0.4248319773611603,False,True
imagenet,alibi,1011,adversarial,7,0.12332677005482341,0.2260346657233817,False,True
imagenet,alibi,1011,adversarial_raw,0,0.0,1.0,True,False
imagenet,alibi,1011,adversarial_raw,1,0.012215570735179104,0.9886805801202688,False,False
imagenet,alibi,1011,adversarial_raw,2,0.024133473641477533,0.9635656172621153,False,False
imagenet,alibi,1011,adversarial_raw,3,0.05231423162046233,0.8107534488857447,False,False
imagenet,alibi,1011,adversarial_raw,4,0.06493926537656577,0.7110010611956138,False,False
imagenet,alibi,1011,adversarial_raw,5,0.07780444525749311,0.5843650512911214,False,False
imagenet,alibi,1011,adversarial_raw,6,0.09987204814125204,0.4248319773611603,False,False
imagenet,alibi,1011,adversarial_raw,7,0.12332677005482341,0.2260346657233817,False,False
imagenet,alibi,1213,noise,0,0.0,1.0,True,False
imagenet,alibi,1213,noise,1,0.004748507391176353,0.9986719310839914,False,False
imagenet,alibi,1213,noise,2,0.011882627019925837,0.9965541995692749,False,False
imagenet,alibi,1213,noise,3,0.023786445445697652,0.9897702799712851,False,False
imagenet,alibi,1213,noise,4,0.047593048199970185,0.9660804020100503,False,False
imagenet,alibi,1213,noise,5,0.11653573519985232,0.8066044508255563,False,False
imagenet,alibi,1213,noise,6,0.22380593787640285,0.5469849246231157,False,False
imagenet,alibi,1213,adversarial,0,0.0,1.0,True,True
imagenet,alibi,1213,adversarial,1,0.013206398726246165,0.9881550610193827,False,True
imagenet,alibi,1213,adversarial,2,0.026308400729496584,0.969849246231156,False,True
imagenet,alibi,1213,adversarial,3,0.05887526336210574,0.8557071069633885,False,True
imagenet,alibi,1213,adversarial,4,0.073507846767792,0.7674084709260589,False,True
imagenet,alibi,1213,adversarial,5,0.08295176309731546,0.648600143575018,False,True
imagenet,alibi,1213,adversarial,6,0.10674881304385847,0.4260588657573583,False,True
imagenet,alibi,1213,adversarial,7,0.12918397487392716,0.2627422828427854,False,True
imagenet,alibi,1213,adversarial_raw,0,0.0,1.0,True,False
imagenet,alibi,1213,adversarial_raw,1,0.013206398726246165,0.9881550610193827,False,False
imagenet,alibi,1213,adversarial_raw,2,0.026308400729496584,0.969849246231156,False,False
imagenet,alibi,1213,adversarial_raw,3,0.05887526336210574,0.8557071069633885,False,False
imagenet,alibi,1213,adversarial_raw,4,0.073507846767792,0.7674084709260589,False,False
imagenet,alibi,1213,adversarial_raw,5,0.08295176309731546,0.648600143575018,False,False
imagenet,alibi,1213,adversarial_raw,6,0.10674881304385847,0.4260588657573583,False,False
imagenet,alibi,1213,adversarial_raw,7,0.12918397487392716,0.2627422828427854,False,False
cifar,learned,42,noise,0,0.0,1.0,True,False
cifar,learned,42,noise,1,0.017973789024490403,0.9991752577319588,False,False
cifar,learned,42,noise,2,0.036220727637048436,0.999106529209622,False,False
cifar,learned,42,noise,3,0.07457499139181298,0.9984364261168384,False,False
cifar,learned,42,noise,4,0.11586277808208294,0.9966494845360824,False,False
cifar,learned,42,noise,5,0.1587534017886676,0.9949828178694158,False,False
cifar,learned,42,noise,6,0.24211017275740915,0.9890721649484536,False,False
cifar,learned,42,noise,7,0.31764563539198964,0.9806357388316151,False,False
cifar,learned,42,noise,8,0.38492863887196604,0.9694845360824742,False,False
cifar,learned,42,adversarial,0,0.0,1.0,True,True
cifar,learned,42,adversarial,1,0.011591611661201612,0.9993127147766323,False,True
cifar,learned,42,adversarial,2,0.022868853736929387,0.9969072164948454,False,True
cifar,learned,42,adversarial,3,0.0349742779991818,0.9962199312714777,False,True
cifar,learned,42,adversarial,4,0.045699392483009665,0.9941580756013746,False,True
cifar,learned,42,adversarial,5,0.055847443283515055,0.99106529209622,False,True
cifar,learned,42,adversarial,6,0.10429318806565811,0.9756013745704466,False,True
cifar,learned,42,adversarial,7,0.12024012537657906,0.9391752577319589,False,True
cifar,learned,42,adversarial,8,0.13352108123311027,0.6513745704467354,False,True
cifar,learned,42,adversarial,9,0.18296442820792155,0.20395189003436426,False,True
cifar,learned,42,adversarial,10,0.26336001648695756,0.03230240549828179,False,True
cifar,learned,42,adversarial,11,0.3196375642215253,0.018900343642611686,False,True
cifar,learned,42,adversarial_raw,0,0.0,1.0,True,False
cifar,learned,42,adversarial_raw,1,0.011591611661201612,0.9993127147766323,False,False
cifar,learned,42,adversarial_raw,2,0.022868853736929387,0.9969072164948454,False,False
cifar,learned,42,adversarial_raw,3,0.0349742779991818,0.9962199312714777,False,False
cifar,learned,42,adversarial_raw,4,0.045699392483009665,0.9941580756013746,False,False
cifar,learned,42,adversarial_raw,5,0.055847443283515055,0.99106529209622,False,False
cifar,learned,42,adversarial_raw,6,0.10429318806565811,0.9756013745704466,False,False
cifar,learned,42,adversarial_raw,7,0.12024012537657906,0.9391752577319589,False,False
cifar,learned,42,adversarial_raw,8,0.13352108123311027,0.6513745704467354,False,False
cifar,learned,42,adversarial_raw,9,0.18296442820792155,0.20395189003436426,False,False
cifar,learned,42,adversarial_raw,10,0.26336001648695756,0.03230240549828179,False,False
cifar,learned,42,adversarial_raw,11,0.3196375642215253,0.018900343642611686,False,False
cifar,learned,123,noise,0,0.0,1.0,True,False
cifar,learned,123,noise,1,0.015436698662788281,1.0001734605377277,False,False
cifar,learned,123,noise,2,0.031143780445150517,1.0005030355594102,False,False
cifar,learned,123,noise,3,0.06432871897704426,0.9990112749349522,False,False
cifar,learned,123,noise,4,0.1004007015948446,0.9980919340849956,False,False
cifar,learned,123,noise,5,0.1384753594953218,0.9958542931483088,False,False
cifar,learned,123,noise,6,0.2137715041888777,0.989748482220295,False,False
cifar,learned,123,noise,7,0.28223113966884816,0.9818733738074588,False,False
cifar,learned,123,noise,8,0.34382864759492227,0.9703902862098872,False,False
cifar,learned,123,adversarial,0,0.0,1.0,True,True
cifar,learned,123,adversarial,1,0.011921910790929462,0.998438855160451,False,True
cifar,learned,123,adversarial,2,0.024018790363086878,0.998438855160451,False,True
cifar,learned,123,adversarial,3,0.03604573819425176,0.995836947094536,False,True
cifar,learned,123,adversarial,4,0.047833309435272704,0.9941023417172593,False,True
cifar,learned,123,adversarial,5,0.05920317448894001,0.9913269731136167,False,True
cifar,learned,123,adversarial,6,0.11135373664306668,0.9750216825672159,False,True
cifar,learned,123,adversarial,7,0.12696001958692563,0.8952298352124891,False,True
cifar,learned,123,adversarial,8,0.18285254339880833,0.5571552471812662,False,True
cifar,learned,123,adversarial,9,0.23091398941611974,0.1642671292281006,False,True
cifar,learned,123,adversarial,10,0.2540213747248073,0.07215958369470944,False,True
cifar,learned,123,adversarial,11,0.2838939365615377,0.039549002601908065,False,True
cifar,learned,123,adversarial_raw,0,0.0,1.0,True,False
cifar,learned,123,adversarial_raw,1,0.011921910790929462,0.998438855160451,False,False
cifar,learned,123,adversarial_raw,2,0.024018790363086878,0.9986123156981787,False,False
cifar,learned,123,adversarial_raw,3,0.03604573819425176,0.995836947094536,False,False
cifar,learned,123,adversarial_raw,4,0.047833309435272704,0.9941023417172593,False,False
cifar,learned,123,adversarial_raw,5,0.05920317448894001,0.9913269731136167,False,False
cifar,learned,123,adversarial_raw,6,0.11135373664306668,0.9750216825672159,False,False
cifar,learned,123,adversarial_raw,7,0.12696001958692563,0.8952298352124891,False,False
cifar,learned,123,adversarial_raw,8,0.18285254339880833,0.5571552471812662,False,False
cifar,learned,123,adversarial_raw,9,0.23091398941611974,0.1642671292281006,False,False
cifar,learned,123,adversarial_raw,10,0.2540213747248073,0.07215958369470944,False,False
cifar,learned,123,adversarial_raw,11,0.2838939365615377,0.039549002601908065,False,False
cifar,learned,456,noise,0,0.0,1.0,True,False
cifar,learned,456,noise,1,0.014628024282253242,1.0004880599616524,False,False
cifar,learned,456,noise,2,0.02946111335287941,1.0001743071291616,False,False
cifar,learned,456,noise,3,0.06053215449640502,0.9999477078612514,False,False
cifar,learned,456,noise,4,0.09399038884879103,1.0005229213874849,False,False
cifar,learned,456,noise,5,0.12934182829932891,0.9995816628900123,False,False
cifar,learned,456,noise,6,0.20107706742423326,0.9975248387659056,False,False
cifar,learned,456,noise,7,0.26887655737392047,0.9907442914415199,False,False
cifar,learned,456,noise,8,0.33074285481058646,0.9791354366393584,False,False
cifar,learned,456,adversarial,0,0.0,1.0,True,True
cifar,learned,456,adversarial,1,0.00974555794147635,0.9993027714833537,False,True
cifar,learned,456,adversarial,2,0.019700113636777445,0.997908314450061,False,True
cifar,learned,456,adversarial,3,0.02989837195391547,0.9965138574167683,False,True
cifar,learned,456,adversarial,4,0.04053033367144188,0.9959909360292836,False,True
cifar,learned,456,adversarial,5,0.052174632742125616,0.9940735576085062,False,True
cifar,learned,456,adversarial,6,0.1066373794963385,0.9825692870838416,False,True
cifar,learned,456,adversarial,7,0.15356111742836304,0.95485445354715,False,True
cifar,learned,456,adversarial,8,0.16328407264004044,0.40840160362558825,False,True
cifar,learned,456,adversarial,9,0.21167957348790373,0.11138225553425135,False,True
cifar,learned,456,adversarial,10,0.2822920284071012,0.053163674394282726,False,True
cifar,learned,456,adversarial,11,0.3109851047646963,0.028237754924176395,False,True
cifar,learned,456,adversarial_raw,0,0.0,1.0,True,False
cifar,learned,456,adversarial_raw,1,0.00974555794147635,0.9993027714833537,False,False
cifar,learned,456,adversarial_raw,2,0.019700113636777445,0.997908314450061,False,False
cifar,learned,456,adversarial_raw,3,0.02989837195391547,0.9965138574167683,False,False
cifar,learned,456,adversarial_raw,4,0.04053033367144188,0.9959909360292836,False,False
cifar,learned,456,adversarial_raw,5,0.052174632742125616,0.9940735576085062,False,False
cifar,learned,456,adversarial_raw,6,0.1066373794963385,0.9825692870838416,False,False
cifar,learned,456,adversarial_raw,7,0.15356111742836304,0.95485445354715,False,False
cifar,learned,456,adversarial_raw,8,0.16328407264004044,0.40840160362558825,False,False
cifar,learned,456,adversarial_raw,9,0.21167957348790373,0.11138225553425135,False,False
cifar,learned,456,adversarial_raw,10,0.2822920284071012,0.053163674394282726,False,False
cifar,learned,456,adversarial_raw,11,0.3109851047646963,0.028237754924176395,False,False
cifar,learned,789,noise,0,0.0,1.0,True,False
cifar,learned,789,noise,1,0.01693387412219411,0.9995455339975529,False,False
cifar,learned,789,noise,2,0.034077554188212185,0.9992134242265338,False,False
cifar,learned,789,noise,3,0.06966645205706418,0.999160985841636,False,False
cifar,learned,789,noise,4,0.1072886303481592,0.9983219716832721,False,False
cifar,learned,789,noise,5,0.14591227345415742,0.9969760531375634,False,False
cifar,learned,789,noise,6,0.22103246728970252,0.9911903513371787,False,False
cifar,learned,789,noise,7,0.29041727733015377,0.9830798811396608,False,False
cifar,learned,789,noise,8,0.35415062531549274,0.9708442579968537,False,False
cifar,learned,789,adversarial,0,0.0,1.0,True,True
cifar,learned,789,adversarial,1,0.011466544311240393,0.9991260269183709,False,True
cifar,learned,789,adversarial,2,0.02308905284431119,0.9977276699877644,False,True
cifar,learned,789,adversarial,3,0.03473815158172579,0.9959797238245062,False,True
cifar,learned,789,adversarial,4,0.046277752094800964,0.9930082153469671,False,True
cifar,learned,789,adversarial,5,0.057304024430366904,0.9889879391714733,False,True
cifar,learned,789,adversarial,6,0.07243028515097047,0.9374235273553574,False,True
cifar,learned,789,adversarial,7,0.11530338982323278,0.7297675231602867,False,True
cifar,learned,789,adversarial,8,0.1693748852148077,0.34836567033735355,False,True
cifar,learned,789,adversarial,9,0.22878136850527683,0.11693759832197166,False,True
cifar,learned,789,adversarial,10,0.232224570822453,0.07795839888131445,False,True
cifar,learned,789,adversarial,11,0.26670782489450057,0.033735360950882705,False,True
cifar,learned,789,adversarial_raw,0,0.0,1.0,True,False
cifar,learned,789,adversarial_raw,1,0.011466544311240393,0.9991260269183709,False,False
cifar,learned,789,adversarial_raw,2,0.02308905284431119,0.9977276699877644,False,False
cifar,learned,789,adversarial_raw,3,0.03473815158172579,0.9959797238245062,False,False
cifar,learned,789,adversarial_raw,4,0.046277752094800964,0.9930082153469671,False,False
cifar,learned,789,adversarial_raw,5,0.057304024430366904,0.9889879391714733,False,False
cifar,learned,789,adversarial_raw,6,0.07243028515097047,0.9374235273553574,False,False
cifar,learned,789,adversarial_raw,7,0.11530338982323278,0.7297675231602867,False,False
cifar,learned,789,adversarial_raw,8,0.1693748852148077,0.34836567033735355,False,False
cifar,learned,789,adversarial_raw,9,0.22878136850527683,0.11693759832197166,False,False
cifar,learned,789,adversarial_raw,10,0.232224570822453,0.07795839888131445,False,False
cifar,learned,789,adversarial_raw,11,0.26670782489450057,0.033735360950882705,False,False
cifar,learned,1011,noise,0,0.0,1.0,True,False
cifar,learned,1011,noise,1,0.0187098392542508,1.0003676470588236,False,False
cifar,learned,1011,noise,2,0.037578754221388046,1.0014005602240896,False,False
cifar,learned,1011,noise,3,0.0768174358569362,1.0020833333333334,False,False
cifar,learned,1011,noise,4,0.11794557457640313,1.003046218487395,False,False
cifar,learned,1011,noise,5,0.1592338495564953,1.002766106442577,False,False
cifar,learned,1011,noise,6,0.23768060670764787,1.0005252100840336,False,False
cifar,learned,1011,noise,7,0.30838533397323864,0.9916666666666665,False,False
cifar,learned,1011,noise,8,0.372300580512422,0.9783963585434172,False,False
cifar,learned,1011,adversarial,0,0.0,1.0,True,True
cifar,learned,1011,adversarial,1,0.014706025062705793,0.9998249299719888,False,True
cifar,learned,1011,adversarial,2,0.029748429606731318,0.998249299719888,False,True
cifar,learned,1011,adversarial,3,0.04511316471528229,0.9980742296918768,False,True
cifar,learned,1011,adversarial,4,0.06031802766467227,0.9961484593837535,False,True
cifar,learned,1011,adversarial,5,0.07442540852578097,0.9957983193277311,False,True
cifar,learned,1011,adversarial,6,0.12912997802296336,0.6715686274509803,False,True
cifar,learned,1011,adversarial,7,0.13173123673241702,0.6715686274509803,False,True
cifar,learned,1011,adversarial,8,0.18751522352866282,0.26715686274509803,False,True
cifar,learned,1011,adversarial,9,0.22209463246849911,0.1101190476190476,False,True
cifar,learned,1011,adversarial,10,0.24231046748890803,0.06442577030812324,False,True
cifar,learned,1011,adversarial,11,0.30438644276469023,0.035889355742296916,False,True
cifar,learned,1011,adversarial_raw,0,0.0,1.0,True,False
cifar,learned,1011,adversarial_raw,1,0.014706025062705793,0.9998249299719888,False,False
cifar,learned,1011,adversarial_raw,2,0.029748429606731318,0.998249299719888,False,False
cifar,learned,1011,adversarial_raw,3,0.04511316471528229,0.9980742296918768,False,False
cifar,learned,1011,adversarial_raw,4,0.06031802766467227,0.9961484593837535,False,False
cifar,learned,1011,adversarial_raw,5,0.07442540852578097,0.9957983193277311,False,False
cifar,learned,1011,adversarial_raw,6,0.12912997802296336,0.6715686274509803,False,False
cifar,learned,1011,adversarial_raw,7,0.13173123673241702,0.9810924369747898,False,False
cifar,learned,1011,adversarial_raw,8,0.18751522352866282,0.26715686274509803,False,False
cifar,learned,1011,adversarial_raw,9,0.22209463246849911,0.1101190476190476,False,False
cifar,learned,1011,adversarial_raw,10,0.24231046748890803,0.06442577030812324,False,False
cifar,learned,1011,adversarial_raw,11,0.30438644276469023,0.035889355742296916,False,False
cifar,learned,1213,noise,0,0.0,1.0,True,False
cifar,learned,1213,noise,1,0.01547214990371579,0.9999125415427672,False,False
cifar,learned,1213,noise,2,0.03113486629925728,0.9997551163197482,False,False
cifar,learned,1213,noise,3,0.06367968698475837,0.9990379569704391,False,False
cifar,learned,1213,noise,4,0.09828123125387028,0.9980934056323246,False,False
cifar,learned,1213,noise,5,0.13453129137801814,0.996519153402134,False,False
cifar,learned,1213,noise,6,0.2079256568052918,0.9877733076788523,False,False
cifar,learned,1213,noise,7,0.27777043600746365,0.9754416652090256,False,False
cifar,learned,1213,noise,8,0.3422756072476298,0.961185936680077,False,False
cifar,learned,1213,adversarial,0,0.0,1.0,True,True
cifar,learned,1213,adversarial,1,0.010457976180852431,0.9994752492566031,False,True
cifar,learned,1213,adversarial,2,0.020843435158100245,0.9984257477698093,False,True
cifar,learned,1213,adversarial,3,0.03124274923142819,0.9984257477698093,False,True
cifar,learned,1213,adversarial,4,0.04160708324455762,0.9970264124540843,False,True
cifar,learned,1213,adversarial,5,0.051897406352108974,0.9970264124540843,False,True
cifar,learned,1213,adversarial,6,0.07527973466347541,0.8892775931432568,False,True
cifar,learned,1213,adversarial,7,0.10018906429226532,0.8892775931432568,False,True
cifar,learned,1213,adversarial,8,0.15950870589656516,0.6148329543466853,False,True
cifar,learned,1213,adversarial,9,0.20549541348755943,0.17141857617631626,False,True
cifar,learned,1213,adversarial,10,0.27652080432351916,0.04582823158999475,False,True
cifar,learned,1213,adversarial,11,0.35188153501944736,0.01591743921637222,False,True
cifar,learned,1213,adversarial_raw,0,0.0,1.0,True,False
cifar,learned,1213,adversarial_raw,1,0.010457976180852431,0.9994752492566031,False,False
cifar,learned,1213,adversarial_raw,2,0.020843435158100245,0.9984257477698093,False,False
cifar,learned,1213,adversarial_raw,3,0.03124274923142819,0.998600664684275,False,False
cifar,learned,1213,adversarial_raw,4,0.04160708324455762,0.9970264124540843,False,False
cifar,learned,1213,adversarial_raw,5,0.051897406352108974,0.9970264124540843,False,False
cifar,learned,1213,adversarial_raw,6,0.07527973466347541,0.8892775931432568,False,False
cifar,learned,1213,adversarial_raw,7,0.10018906429226532,0.9849571453559558,False,False
cifar,learned,1213,adversarial_raw,8,0.15950870589656516,0.6148329543466853,False,False
cifar,learned,1213,adversarial_raw,9,0.20549541348755943,0.17141857617631626,False,False
cifar,learned,1213,adversarial_raw,10,0.27652080432351916,0.04582823158999475,False,False
cifar,learned,1213,adversarial_raw,11,0.35188153501944736,0.01591743921637222,False,False
cifar,sinusoidal,42,noise,0,0.0,1.0,True,False
cifar,sinusoidal,42,noise,1,0.015134634034059452,0.9990156442256986,False,False
cifar,sinusoidal,42,noise,2,0.03822553924478796,0.998505888556864,False,False
cifar,sinusoidal,42,noise,3,0.07865725781846102,0.9973633327474072,False,False
cifar,sinusoidal,42,noise,4,0.12112045125584465,0.995253998945333,False,False
cifar,sinusoidal,42,noise,5,0.16302412324985788,0.9886799085955351,False,False
cifar,sinusoidal,42,noise,6,0.23802375668009462,0.971365793636843,False,False
cifar,sinusoidal,42,noise,7,0.3022421911891374,0.9455967656881701,False,False
cifar,sinusoidal,42,noise,8,0.35970863477985804,0.9152575145016698,False,False
cifar,sinusoidal,42,adversarial,0,0.0,1.0,True,True
cifar,sinusoidal,42,adversarial,1,0.01726741905877376,0.9926173316927402,False,True
cifar,sinusoidal,42,adversarial,2,0.03321825973149693,0.977500439444542,False,True
cifar,sinusoidal,42,adversarial,3,0.0828017221813045,0.9207242046053787,False,True
cifar,sinusoidal,42,adversarial,4,0.1597619784936225,0.6834241518720336,False,True
cifar,sinusoidal,42,adversarial,5,0.21137402986860998,0.4208120935137985,False,True
cifar,sinusoidal,42,adversarial,6,0.26839894582858986,0.18052381789418173,False,True
cifar,sinusoidal,42,adversarial,7,0.2792557548679519,0.06908068201792933,False,True
cifar,sinusoidal,42,adversarial_raw,0,0.0,1.0,True,False
cifar,sinusoidal,42,adversarial_raw,1,0.01726741905877376,0.9926173316927402,False,False
cifar,sinusoidal,42,adversarial_raw,2,0.03321825973149693,0.977500439444542,False,False
cifar,sinusoidal,42,adversarial_raw,3,0.0828017221813045,0.9207242046053787,False,False
cifar,sinusoidal,42,adversarial_raw,4,0.1597619784936225,0.6834241518720336,False,False
cifar,sinusoidal,42,adversarial_raw,5,0.21137402986860998,0.4208120935137985,False,False
cifar,sinusoidal,42,adversarial_raw,6,0.26839894582858986,0.18052381789418173,False,False
cifar,sinusoidal,42,adversarial_raw,7,0.2792557548679519,0.06908068201792933,False,False
cifar,sinusoidal,123,noise,0,0.0,1.0,True,False
cifar,sinusoidal,123,noise,1,0.015283384606154068,0.9994645725504194,False,False
cifar,sinusoidal,123,noise,2,0.038441110268947205,0.9991790112439765,False,False
cifar,sinusoidal,123,noise,3,0.0783677557804503,0.9970373014456542,False,False
cifar,sinusoidal,123,noise,4,0.11994996136758118,0.9945743351775835,False,False
cifar,sinusoidal,123,noise,5,0.16158050306757193,0.9905586293057291,False,False
cifar,sinusoidal,123,noise,6,0.23768562785266809,0.9751918615027664,False,False
cifar,sinusoidal,123,noise,7,0.30261159462625764,0.9535070497947528,False,False
cifar,sinusoidal,123,noise,8,0.35994279190952827,0.9257897554881314,False,False
cifar,sinusoidal,123,adversarial,0,0.0,1.0,True,True
cifar,sinusoidal,123,adversarial,1,0.019544872834566462,0.993574870605033,False,True
cifar,sinusoidal,123,adversarial,2,0.03928585010854068,0.9855434588613243,False,True
cifar,sinusoidal,123,adversarial,3,0.046198114008040636,0.9400321256469749,False,True
cifar,sinusoidal,123,adversarial,4,0.09012813510952253,0.8773871140460467,False,True
cifar,sinusoidal,123,adversarial,5,0.16159001654674068,0.7462073888988043,False,True
cifar,sinusoidal,123,adversarial,6,0.21722914478183028,0.42245225771907907,False,True
cifar,sinusoidal,123,adversarial,7,0.27253475400233906,0.13778333035873638,False,True
cifar,sinusoidal,123,adversarial_raw,0,0.0,1.0,True,False
cifar,sinusoidal,123,adversarial_raw,1,0.019544872834566462,0.993574870605033,False,False
cifar,sinusoidal,123,adversarial_raw,2,0.03928585010854068,0.9855434588613243,False,False
cifar,sinusoidal,123,adversarial_raw,3,0.046198114008040636,0.9400321256469749,False,False
cifar,sinusoidal,123,adversarial_raw,4,0.09012813510952253,0.8773871140460467,False,False
cifar,sinusoidal,123,adversarial_raw,5,0.16159001654674068,0.7462073888988043,False,False
cifar,sinusoidal,123,adversarial_raw,6,0.21722914478183028,0.42245225771907907,False,False
cifar,sinusoidal,123,adversarial_raw,7,0.27253475400233906,0.13778333035873638,False,False
cifar,sinusoidal,456,noise,0,0.0,1.0,True,False
cifar,sinusoidal,456,noise,1,0.014934925631056185,1.0006195786864933,False,False
cifar,sinusoidal,456,noise,2,0.03764270881230062,1.0017171180739954,False,False
cifar,sinusoidal,456,noise,3,0.07714080929711782,0.9995043370508053,False,False
cifar,sinusoidal,456,noise,4,0.11842809720574195,0.9963356346255974,False,False
cifar,sinusoidal,456,noise,5,0.15925379406438478,0.9907417241989733,False,False
cifar,sinusoidal,456,noise,6,0.23275719292933977,0.9705434590192956,False,False
cifar,sinusoidal,456,noise,7,0.29561123187270977,0.9420428394406091,False,False
cifar,sinusoidal,456,noise,8,0.35167528368788087,0.9115241635687733,False,False
cifar,sinusoidal,456,adversarial,0,0.0,1.0,True,True
cifar,sinusoidal,456,adversarial,1,0.01854113795579203,0.9952203929899097,False,True
cifar,sinusoidal,456,adversarial,2,0.03552537367363212,0.9892016286068331,False,True
cifar,sinusoidal,456,adversarial,3,0.05670514222727936,0.9493715701894142,False,True
cifar,sinusoidal,456,adversarial,4,0.13406026460046674,0.7833244822092406,False,True
cifar,sinusoidal,456,adversarial,5,0.18248086085217974,0.5335457603115596,False,True
cifar,sinusoidal,456,adversarial,6,0.21917689826131997,0.2894317578332449,False,True
cifar,sinusoidal,456,adversarial,7,0.2641141946751578,0.07452646486103735,False,True
cifar,sinusoidal,456,adversarial_raw,0,0.0,1.0,True,False
cifar,sinusoidal,456,adversarial_raw,1,0.01854113795579203,0.9952203929899097,False,False
cifar,sinusoidal,456,adversarial_raw,2,0.03552537367363212,0.9892016286068331,False,False
cifar,sinusoidal,456,adversarial_raw,3,0.05670514222727936,0.9493715701894142,False,False
cifar,sinusoidal,456,adversarial_raw,4,0.13406026460046674,0.7833244822092406,False,False
cifar,sinusoidal,456,adversarial_raw,5,0.18248086085217974,0.5335457603115596,False,False
cifar,sinusoidal,456,adversarial_raw,6,0.21917689826131997,0.2894317578332449,False,False
cifar,sinusoidal,456,adversarial_raw,7,0.2641141946751578,0.07452646486103735,False,False
cifar,sinusoidal,789,noise,0,0.0,1.0,True,False
cifar,sinusoidal,789,noise,1,0.015003239836978034,0.9998603351955306,False,False
cifar,sinusoidal,789,noise,2,0.03785740096501522,0.9990223463687151,False,False
cifar,sinusoidal,789,noise,3,0.0775837879592188,0.998463687150838,False,False
cifar,sinusoidal,789,noise,4,0.11876594397543101,0.9959671787709498,False,False
cifar,sinusoidal,789,noise,5,0.15918153290328502,0.9921438547486033,False,False
cifar,sinusoidal,789,noise,6,0.23196543070519673,0.9741794692737429,False,False
cifar,sinusoidal,789,noise,7,0.2945078020461534,0.9498777932960895,False,False
cifar,sinusoidal,789,noise,8,0.35055855109376016,0.9176501396648045,False,False
cifar,sinusoidal,789,adversarial,0,0.0,1.0,True,True
cifar,sinusoidal,789,adversarial,1,0.018000819443114074,0.9956354748603352,False,True
cifar,sinusoidal,789,adversarial,2,0.03427900490785086,0.9851606145251395,False,True
cifar,sinusoidal,789,adversarial,3,0.0627032836278353,0.9450069832402234,False,True
cifar,sinusoidal,789,adversarial,4,0.12043178675785403,0.8051675977653631,False,True
cifar,sinusoidal,789,adversarial,5,0.19102749570104258,0.603177374301676,False,True
cifar,sinusoidal,789,adversarial,6,0.2602207505849142,0.3161662011173184,False,True
cifar,sinusoidal,789,adversarial,7,0.27855996664606547,0.10405027932960893,False,True
cifar,sinusoidal,789,adversarial_raw,0,0.0,1.0,True,False
cifar,sinusoidal,789,adversarial_raw,1,0.018000819443114074,0.9956354748603352,False,False
cifar,sinusoidal,789,adversarial_raw,2,0.03427900490785086,0.9851606145251395,False,False
cifar,sinusoidal,789,adversarial_raw,3,0.0627032836278353,0.9450069832402234,False,False
cifar,sinusoidal,789,adversarial_raw,4,0.12043178675785403,0.8051675977653631,False,False
cifar,sinusoidal,789,adversarial_raw,5,0.19102749570104258,0.603177374301676,False,False
cifar,sinusoidal,789,adversarial_raw,6,0.2602207505849142,0.3161662011173184,False,False
cifar,sinusoidal,789,adversarial_raw,7,0.27855996664606547,0.10405027932960893,False,False
cifar,sinusoidal,1011,noise,0,0.0,1.0,True,False
cifar,sinusoidal,1011,noise,1,0.014356638878214579,0.99906952247191,False,False
cifar,sinusoidal,1011,noise,2,0.0361109813618848,0.9979985955056179,False,False
cifar,sinusoidal,1011,noise,3,0.07359918345604136,0.9965765449438202,False,False
cifar,sinusoidal,1011,noise,4,0.11230568354981685,0.9942064606741571,False,False
cifar,sinusoidal,1011,noise,5,0.15026202405876743,0.9906074438202246,False,False
cifar,sinusoidal,1011,noise,6,0.21829893848296025,0.9748068820224718,False,False
cifar,sinusoidal,1011,noise,7,0.2773456140522143,0.9496313202247191,False,False
cifar,sinusoidal,1011,noise,8,0.33159425455787916,0.916695926966292,False,False
cifar,sinusoidal,1011,adversarial,0,0.0,1.0,True,True
cifar,sinusoidal,1011,adversarial,1,0.015711453219890828,0.9935042134831459,False,True
cifar,sinusoidal,1011,adversarial,2,0.03047440258024448,0.9812148876404493,False,True
cifar,sinusoidal,1011,adversarial,3,0.07406715374442488,0.9350421348314606,False,True
cifar,sinusoidal,1011,adversarial,4,0.1310922016358139,0.7220856741573033,False,True
cifar,sinusoidal,1011,adversarial,5,0.1659836942641311,0.48384831460674155,False,True
cifar,sinusoidal,1011,adversarial,6,0.1946131811749182,0.25983146067415724,False,True
cifar,sinusoidal,1011,adversarial,7,0.23643111649684653,0.08391853932584269,False,True
cifar,sinusoidal,1011,adversarial_raw,0,0.0,1.0,True,False
cifar,sinusoidal,1011,adversarial_raw,1,0.015711453219890828,0.9935042134831459,False,False
cifar,sinusoidal,1011,adversarial_raw,2,0.03047440258024448,0.9812148876404493,False,False
cifar,sinusoidal,1011,adversarial_raw,3,0.07406715374442488,0.9350421348314606,False,False
cifar,sinusoidal,1011,adversarial_raw,4,0.1310922016358139,0.7220856741573033,False,False
cifar,sinusoidal,1011,adversarial_raw,5,0.1659836942641311,0.48384831460674155,False,False
cifar,sinusoidal,1011,adversarial_raw,6,0.1946131811749182,0.25983146067415724,False,False
cifar,sinusoidal,1011,adversarial_raw,7,0.23643111649684653,0.08391853932584269,False,False
cifar,sinusoidal,1213,noise,0,0.0,1.0,True,False
cifar,sinusoidal,1213,noise,1,0.015194406048730768,1.000070249385318,False,False
cifar,sinusoidal,1213,noise,2,0.038284945817723695,0.999964875307341,False,False
cifar,sinusoidal,1213,noise,3,0.07832521884153996,0.9988584474885844,False,False
cifar,sinusoidal,1213,noise,4,0.12004122780338429,0.9961187214611871,False,False
cifar,sinusoidal,1213,noise,5,0.16123405944026298,0.9893572181243412,False,False
cifar,sinusoidal,1213,noise,6,0.23508163904091872,0.9697049525816649,False,False
cifar,sinusoidal,1213,noise,7,0.29844218206372236,0.9443097997892517,False,False
cifar,sinusoidal,1213,noise,8,0.35561754745299234,0.9131366350544432,False,False
cifar,sinusoidal,1213,adversarial,0,0.0,1.0,True,True
cifar,sinusoidal,1213,adversarial,1,0.019232128785032915,0.9957850368809271,False,True
cifar,sinusoidal,1213,adversarial,2,0.036706910202079515,0.9857744994731295,False,True
cifar,sinusoidal,1213,adversarial,3,0.05703407392571588,0.9522304179838424,False,True
cifar,sinusoidal,1213,adversarial,4,0.11707865130409398,0.8199859501229363,False,True
cifar,sinusoidal,1213,adversarial,5,0.16864744316938038,0.6331225851773796,False,True
cifar,sinusoidal,1213,adversarial,6,0.2098128659845502,0.4067439409905163,False,True
cifar,sinusoidal,1213,adversarial,7,0.25841830605193844,0.15402177730944855,False,True
cifar,sinusoidal,1213,adversarial_raw,0,0.0,1.0,True,False
cifar,sinusoidal,1213,adversarial_raw,1,0.019232128785032915,0.9957850368809271,False,False
cifar,sinusoidal,1213,adversarial_raw,2,0.036706910202079515,0.9857744994731295,False,False
cifar,sinusoidal,1213,adversarial_raw,3,0.05703407392571588,0.9522304179838424,False,False
cifar,sinusoidal,1213,adversarial_raw,4,0.11707865130409398,0.8199859501229363,False,False
cifar,sinusoidal,1213,adversarial_raw,5,0.16864744316938038,0.6331225851773796,False,False
cifar,sinusoidal,1213,adversarial_raw,6,0.2098128659845502,0.4067439409905163,False,False
cifar,sinusoidal,1213,adversarial_raw,7,0.25841830605193844,0.15402177730944855,False,False
cifar,rope,42,noise,0,0.0,1.0,True,False
cifar,rope,42,noise,1,0.025128479433318397,0.9998704663212434,False,False
cifar,rope,42,noise,2,0.050273720760301566,0.9993199481865285,False,False
cifar,rope,42,noise,3,0.10069666143926473,0.9970693005181348,False,False
cifar,rope,42,noise,4,0.2023251246078201,0.9904792746113991,False,False
cifar,rope,42,noise,5,0.3048504570157955,0.9758743523316064,False,False
cifar,rope,42,noise,6,0.40728617648292387,0.9489475388601036,False,False
cifar,rope,42,noise,7,0.507927848050885,0.9064119170984457,False,False
cifar,rope,42,adversarial,0,0.0,1.0,True,True
cifar,rope,42,adversarial,1,0.011238242602887763,0.9995142487046632,False,True
cifar,rope,42,adversarial,2,0.0235521095322422,0.9990284974093264,False,True
cifar,rope,42,adversarial,3,0.03696623224869792,0.9941709844559585,False,True
cifar,rope,42,adversarial,4,0.05037473258275163,0.9891515544041452,False,True
cifar,rope,42,adversarial,5,0.06257040732067666,0.9838082901554405,False,True
cifar,rope,42,adversarial,6,0.10786861007107128,0.9230893782383421,False,True
cifar,rope,42,adversarial,7,0.13194709398725618,0.7616580310880829,False,True
cifar,rope,42,adversarial,8,0.15731773576966543,0.5764248704663213,False,True
cifar,rope,42,adversarial,9,0.18517628066680494,0.1760038860103627,False,True
cifar,rope,42,adversarial,10,0.21654397041786047,0.057642487046632135,False,True
cifar,rope,42,adversarial,11,0.2503632613498819,0.046470207253886016,False,True
cifar,rope,42,adversarial,12,0.4360857434927175,0.03222150259067358,False,True
cifar,rope,42,adversarial_raw,0,0.0,1.0,True,False
cifar,rope,42,adversarial_raw,1,0.011238242602887763,0.9995142487046632,False,False
cifar,rope,42,adversarial_raw,2,0.0235521095322422,0.9990284974093264,False,False
cifar,rope,42,adversarial_raw,3,0.03696623224869792,0.9941709844559585,False,False
cifar,rope,42,adversarial_raw,4,0.05037473258275163,0.9891515544041452,False,False
cifar,rope,42,adversarial_raw,5,0.06257040732067666,0.9838082901554405,False,False
cifar,rope,42,adversarial_raw,6,0.10786861007107128,0.9230893782383421,False,False
cifar,rope,42,adversarial_raw,7,0.13194709398725618,0.7616580310880829,False,False
cifar,rope,42,adversarial_raw,8,0.15731773576966543,0.5764248704663213,False,False
cifar,rope,42,adversarial_raw,9,0.18517628066680494,0.1760038860103627,False,False
cifar,rope,42,adversarial_raw,10,0.21654397041786047,0.057642487046632135,False,False
cifar,rope,42,adversarial_raw,11,0.2503632613498819,0.046470207253886016,False,False
cifar,rope,42,adversarial_raw,12,0.4360857434927175,0.03222150259067358,False,False
cifar,rope,123,noise,0,0.0,1.0,True,False
cifar,rope,123,noise,1,0.023750044545420144,0.999547803617571,False,False
cifar,rope,123,noise,2,0.04751994718511769,0.9993701550387597,False,False
cifar,rope,123,noise,3,0.09524139598320014,0.9967377260981912,False,False
cifar,rope,123,noise,4,0.19190722263737794,0.9883397932816538,False,False
cifar,rope,123,noise,5,0.2902555819262285,0.9741763565891475,False,False
cifar,rope,123,noise,6,0.38936745546032936,0.9484334625322998,False,False
cifar,rope,123,noise,7,0.48778007244841665,0.9118863049095609,False,False
cifar,rope,123,adversarial,0,0.0,1.0,True,True
cifar,rope,123,adversarial,1,0.01296573630088253,1.0,False,True
cifar,rope,123,adversarial,2,0.037000519243707064,1.0,False,True
cifar,rope,123,adversarial,3,0.0612054864517373,0.9953165374677003,False,True
cifar,rope,123,adversarial,4,0.07931140673953056,0.9804586563307495,False,True
cifar,rope,123,adversarial,5,0.09556018084907279,0.9718992248062017,False,True
cifar,rope,123,adversarial,6,0.15232184183163142,0.8921188630490957,False,True
cifar,rope,123,adversarial,7,0.16704942799238615,0.7459625322997416,False,True
cifar,rope,123,adversarial,8,0.18260640246061477,0.5289082687338502,False,True
cifar,rope,123,adversarial,9,0.19910115227949476,0.16779715762273903,False,True
cifar,rope,123,adversarial,10,0.2347047908724523,0.06556847545219639,False,True
cifar,rope,123,adversarial,11,0.25140367588876134,0.04877260981912145,False,True
cifar,rope,123,adversarial,12,0.40250593445361504,0.038598191214470286,False,True
cifar,rope,123,adversarial_raw,0,0.0,1.0,True,False
cifar,rope,123,adversarial_raw,1,0.01296573630088253,1.002422480620155,False,False
cifar,rope,123,adversarial_raw,2,0.037000519243707064,1.000484496124031,False,False
cifar,rope,123,adversarial_raw,3,0.0612054864517373,0.9953165374677003,False,False
cifar,rope,123,adversarial_raw,4,0.07931140673953056,0.9804586563307495,False,False
cifar,rope,123,adversarial_raw,5,0.09556018084907279,0.9718992248062017,False,False
cifar,rope,123,adversarial_raw,6,0.15232184183163142,0.8921188630490957,False,False
cifar,rope,123,adversarial_raw,7,0.16704942799238615,0.7459625322997416,False,False
cifar,rope,123,adversarial_raw,8,0.18260640246061477,0.5289082687338502,False,False
cifar,rope,123,adversarial_raw,9,0.19910115227949476,0.16779715762273903,False,False
cifar,rope,123,adversarial_raw,10,0.2347047908724523,0.06556847545219639,False,False
cifar,rope,123,adversarial_raw,11,0.25140367588876134,0.04877260981912145,False,False
cifar,rope,123,adversarial_raw,12,0.40250593445361504,0.038598191214470286,False,False
cifar,rope,456,noise,0,0.0,1.0,True,False
cifar,rope,456,noise,1,0.025034083834118037,0.9995643756050339,False,False
cifar,rope,456,noise,2,0.050077755521220214,0.9991126169732171,False,False
cifar,rope,456,noise,3,0.10029961053315797,0.9978541464988705,False,False
cifar,rope,456,noise,4,0.20164106566568957,0.992836398838335,False,False
cifar,rope,456,noise,5,0.3040112325591617,0.9767344304614392,False,False
cifar,rope,456,noise,6,0.4061487554149398,0.9515327525008068,False,False
cifar,rope,456,noise,7,0.5062321353886347,0.91216521458535,False,False
cifar,rope,456,adversarial,0,0.0,1.0,True,True
cifar,rope,456,adversarial,1,0.030065505540062824,1.0,False,True
cifar,rope,456,adversarial,2,0.07359895473458425,0.995159728944821,False,True
cifar,rope,456,adversarial,3,0.11180543600993521,0.9866085834140046,False,True
cifar,rope,456,adversarial,4,0.14534301379468484,0.9728944820909973,False,True
cifar,rope,456,adversarial,5,0.175786929672627,0.9490158115521136,False,True
cifar,rope,456,adversarial,6,0.27878175857342774,0.7967086156824783,False,True
cifar,rope,456,adversarial,7,0.2806694934806668,0.061955469506292354,False,True
cifar,rope,456,adversarial,8,0.2888423958676688,0.061955469506292354,False,True
cifar,rope,456,adversarial,9,0.3012911766591433,0.05050016134236851,False,True
cifar,rope,456,adversarial,10,0.31284570301106707,0.05050016134236851,False,True
cifar,rope,456,adversarial,11,0.3173271593053541,0.05050016134236851,False,True
cifar,rope,456,adversarial,12,0.4249712734156588,0.037270087124878996,False,True
cifar,rope,456,adversarial_raw,0,0.0,1.0,True,False
cifar,rope,456,adversarial_raw,1,0.030065505540062824,1.000484027105518,False,False
cifar,rope,456,adversarial_raw,2,0.07359895473458425,0.995159728944821,False,False
cifar,rope,456,adversarial_raw,3,0.11180543600993521,0.9866085834140046,False,False
cifar,rope,456,adversarial_raw,4,0.14534301379468484,0.9728944820909973,False,False
cifar,rope,456,adversarial_raw,5,0.175786929672627,0.9490158115521136,False,False
cifar,rope,456,adversarial_raw,6,0.27878175857342774,0.7967086156824783,False,False
cifar,rope,456,adversarial_raw,7,0.2806694934806668,0.061955469506292354,False,False
cifar,rope,456,adversarial_raw,8,0.2888423958676688,0.17376573088092936,False,False
cifar,rope,456,adversarial_raw,9,0.3012911766591433,0.05050016134236851,False,False
cifar,rope,456,adversarial_raw,10,0.31284570301106707,0.48644724104549864,False,False
cifar,rope,456,adversarial_raw,11,0.3173271593053541,0.6642465311390772,False,False
cifar,rope,456,adversarial_raw,12,0.4249712734156588,0.037270087124878996,False,False
cifar,rope,789,noise,0,0.0,1.0,True,False
cifar,rope,789,noise,1,0.024212723071349068,0.9991069978892677,False,False
cifar,rope,789,noise,2,0.048447868703775744,0.9983276505926287,False,False
cifar,rope,789,noise,3,0.0971001127110585,0.9967364831953238,False,False
cifar,rope,789,noise,4,0.1955697565501568,0.9897223575255725,False,False
cifar,rope,789,noise,5,0.2955159488239602,0.9757752881961359,False,False
cifar,rope,789,noise,6,0.39570543660241875,0.952411105698977,False,False
cifar,rope,789,noise,7,0.4944991501589667,0.914434161389836,False,False
cifar,rope,789,adversarial,0,0.0,1.0,True,True
cifar,rope,789,adversarial,1,0.013415031209451873,0.9970774476376035,False,True
cifar,rope,789,adversarial,2,0.028925115210506724,0.995291443416139,False,True
cifar,rope,789,adversarial,3,0.0448350780981179,0.9874979704497484,False,True
cifar,rope,789,adversarial,4,0.06066030639440754,0.9788926773826921,False,True
cifar,rope,789,adversarial,5,0.074373126053635,0.9667153758727067,False,True
cifar,rope,789,adversarial,6,0.1258144968640255,0.8702711479136225,False,True
cifar,rope,789,adversarial,7,0.14606071282935057,0.722032797532067,False,True
cifar,rope,789,adversarial,8,0.16386875955129912,0.5028413703523299,False,True
cifar,rope,789,adversarial,9,0.18626667590299179,0.17259295340152622,False,True
cifar,rope,789,adversarial,10,0.21907682958601948,0.05845104724792986,False,True
cifar,rope,789,adversarial,11,0.2276018792847329,0.04643610975807762,False,True
cifar,rope,789,adversarial,12,0.3639902700664418,0.0332846241272934,False,True
cifar,rope,789,adversarial_raw,0,0.0,1.0,True,False
cifar,rope,789,adversarial_raw,1,0.013415031209451873,0.9970774476376035,False,False
cifar,rope,789,adversarial_raw,2,0.028925115210506724,0.995291443416139,False,False
cifar,rope,789,adversarial_raw,3,0.0448350780981179,0.9874979704497484,False,False
cifar,rope,789,adversarial_raw,4,0.06066030639440754,0.9788926773826921,False,False
cifar,rope,789,adversarial_raw,5,0.074373126053635,0.9667153758727067,False,False
cifar,rope,789,adversarial_raw,6,0.1258144968640255,0.8702711479136225,False,False
cifar,rope,789,adversarial_raw,7,0.14606071282935057,0.722032797532067,False,False
cifar,rope,789,adversarial_raw,8,0.16386875955129912,0.5028413703523299,False,False
cifar,rope,789,adversarial_raw,9,0.18626667590299179,0.17259295340152622,False,False
cifar,rope,789,adversarial_raw,10,0.21907682958601948,0.05845104724792986,False,False
cifar,rope,789,adversarial_raw,11,0.2276018792847329,0.04643610975807762,False,False
cifar,rope,789,adversarial_raw,12,0.3639902700664418,0.0332846241272934,False,False
cifar,rope,1011,noise,0,0.0,1.0,True,False
cifar,rope,1011,noise,1,0.02521930408597841,0.9989167340339531,False,False
cifar,rope,1011,noise,2,0.05045503578455339,0.9978981406628942,False,False
cifar,rope,1011,noise,3,0.10103771042264711,0.9956184316895715,False,False
cifar,rope,1011,noise,4,0.20282766603615232,0.9885691188358934,False,False
cifar,rope,1011,noise,5,0.3053469124196281,0.9716410670978174,False,False
cifar,rope,1011,noise,6,0.40765236680011574,0.948682295877122,False,False
cifar,rope,1011,noise,7,0.5081395504928944,0.9085206143896525,False,False
cifar,rope,1011,adversarial,0,0.0,1.0,True,True
cifar,rope,1011,adversarial,1,0.020936076849390833,0.9972514147130154,False,True
cifar,rope,1011,adversarial,2,0.06572580972652556,0.9920776071139855,False,True
cifar,rope,1011,adversarial,3,0.10568473880158558,0.980598221503638,False,True
cifar,rope,1011,adversarial,4,0.1406648002986973,0.9699272433306387,False,True
cifar,rope,1011,adversarial,5,0.17321578514065006,0.9497170573969281,False,True
cifar,rope,1011,adversarial,6,0.2696076810599597,0.05044462409054164,False,True
cifar,rope,1011,adversarial,7,0.2761726787999677,0.05044462409054164,False,True
cifar,rope,1011,adversarial,8,0.28573290554776154,0.05044462409054164,False,True
cifar,rope,1011,adversarial,9,0.2934332514094795,0.03686337914308812,False,True
cifar,rope,1011,adversarial,10,0.2982465803283215,0.03686337914308812,False,True
cifar,rope,1011,adversarial,11,0.30054783525826195,0.03686337914308812,False,True
cifar,rope,1011,adversarial,12,0.42521201937714925,0.029587712206952305,False,True
cifar,rope,1011,adversarial_raw,0,0.0,1.0,True,False
cifar,rope,1011,adversarial_raw,1,0.020936076849390833,0.9972514147130154,False,False
cifar,rope,1011,adversarial_raw,2,0.06572580972652556,0.9920776071139855,False,False
cifar,rope,1011,adversarial_raw,3,0.10568473880158558,0.980598221503638,False,False
cifar,rope,1011,adversarial_raw,4,0.1406648002986973,0.9699272433306387,False,False
cifar,rope,1011,adversarial_raw,5,0.17321578514065006,0.9497170573969281,False,False
cifar,rope,1011,adversarial_raw,6,0.2696076810599597,0.05044462409054164,False,False
cifar,rope,1011,adversarial_raw,7,0.2761726787999677,0.8195634599838318,False,False
cifar,rope,1011,adversarial_raw,8,0.28573290554776154,0.1535974130962005,False,False
cifar,rope,1011,adversarial_raw,9,0.2934332514094795,0.03686337914308812,False,False
cifar,rope,1011,adversarial_raw,10,0.2982465803283215,0.4813257881972515,False,False
cifar,rope,1011,adversarial_raw,11,0.30054783525826195,0.6672594987873889,False,False
cifar,rope,1011,adversarial_raw,12,0.42521201937714925,0.029587712206952305,False,False
cifar,rope,1213,noise,0,0.0,1.0,True,False
cifar,rope,1213,noise,1,0.023628061164256385,1.0000647458724505,False,False
cifar,rope,1213,noise,2,0.047286618403440187,0.9992716089349305,False,False
cifar,rope,1213,noise,3,0.09481659959920444,0.9974263515700874,False,False
cifar,rope,1213,noise,4,0.1912326686534197,0.989737779216575,False,False
cifar,rope,1213,noise,5,0.2893439513344325,0.9742797021689868,False,False
cifar,rope,1213,noise,6,0.3880123763988993,0.9497733894464229,False,False
cifar,rope,1213,noise,7,0.48575019014590365,0.9124312075105212,False,False
cifar,rope,1213,adversarial,0,0.0,1.0,True,True
cifar,rope,1213,adversarial,1,0.015703957326367025,0.9983813531887342,False,True
cifar,rope,1213,adversarial,2,0.033361166654235615,0.994658465522823,False,True
cifar,rope,1213,adversarial,3,0.050852458118806364,0.9883457429588864,False,True
cifar,rope,1213,adversarial,4,0.06724621334548822,0.9791194561346716,False,True
cifar,rope,1213,adversarial,5,0.08242129587295055,0.9694075752670769,False,True
cifar,rope,1213,adversarial,6,0.13785706553785015,0.882648106183231,False,True
cifar,rope,1213,adversarial,7,0.1542357159243316,0.7635157008740694,False,True
cifar,rope,1213,adversarial,8,0.16539972454028232,0.529944966008417,False,True
cifar,rope,1213,adversarial,9,0.18388446177934706,0.14211719002913567,False,True
cifar,rope,1213,adversarial,10,0.20788577854997584,0.06037552606021367,False,True
cifar,rope,1213,adversarial,11,0.2301316940412147,0.04532211071544189,False,True
cifar,rope,1213,adversarial,12,0.3805750851278891,0.033667853674328264,False,True
cifar,rope,1213,adversarial_raw,0,0.0,1.0,True,False
cifar,rope,1213,adversarial_raw,1,0.015703957326367025,0.9983813531887342,False,False
cifar,rope,1213,adversarial_raw,2,0.033361166654235615,0.994658465522823,False,False
cifar,rope,1213,adversarial_raw,3,0.050852458118806364,0.9883457429588864,False,False
cifar,rope,1213,adversarial_raw,4,0.06724621334548822,0.9791194561346716,False,False
cifar,rope,1213,adversarial_raw,5,0.08242129587295055,0.9694075752670769,False,False
cifar,rope,1213,adversarial_raw,6,0.13785706553785015,0.882648106183231,False,False
cifar,rope,1213,adversarial_raw,7,0.1542357159243316,0.7635157008740694,False,False
cifar,rope,1213,adversarial_raw,8,0.16539972454028232,0.529944966008417,False,False
cifar,rope,1213,adversarial_raw,9,0.18388446177934706,0.14211719002913567,False,False
cifar,rope,1213,adversarial_raw,10,0.20788577854997584,0.06037552606021367,False,False
cifar,rope,1213,adversarial_raw,11,0.2301316940412147,0.04532211071544189,False,False
cifar,rope,1213,adversarial_raw,12,0.3805750851278891,0.033667853674328264,False,False
cifar,alibi,42,noise,0,0.0,1.0,True,False
cifar,alibi,42,noise,1,0.021638554274202783,0.998342736248237,False,False
cifar,alibi,42,noise,2,0.04328813491024407,0.9962976022566996,False,False
cifar,alibi,42,noise,3,0.10838053310201592,0.9829689703808182,False,False
cifar,alibi,42,noise,4,0.21751973068584723,0.922849083215797,False,False
cifar,alibi,42,noise,5,0.3260059529454698,0.8162023977433005,False,False
cifar,alibi,42,noise,6,0.43302134016903404,0.7003702397743301,False,False
cifar,alibi,42,noise,7,0.6447670757879458,0.4980077574047955,False,False
cifar,alibi,42,noise,8,0.8555010062936219,0.36119534555712274,False,False
cifar,alibi,42,adversarial,0,0.0,1.0,True,True
cifar,alibi,42,adversarial,1,0.022540106733561244,0.9992947813822285,False,True
cifar,alibi,42,adversarial,2,0.04477077454152424,0.9925952045133992,False,True
cifar,alibi,42,adversarial,3,0.1098064660173798,0.9042665726375178,False,True
cifar,alibi,42,adversarial,4,0.16271857203918486,0.7842031029619183,False,True
cifar,alibi,42,adversarial,5,0.2150602371350877,0.6528561354019746,False,True
cifar,alibi,42,adversarial,6,0.25834256607058,0.5576516220028209,False,True
cifar,alibi,42,adversarial,7,0.3199955602192948,0.4377644569816644,False,True
cifar,alibi,42,adversarial,8,0.4423212707090444,0.17066290550070523,False,True
cifar,alibi,42,adversarial,9,0.6401676709543338,0.054654442877291966,False,True
cifar,alibi,42,adversarial_raw,0,0.0,1.0,True,False
cifar,alibi,42,adversarial_raw,1,0.022540106733561244,0.9992947813822285,False,False
cifar,alibi,42,adversarial_raw,2,0.04477077454152424,0.9925952045133992,False,False
cifar,alibi,42,adversarial_raw,3,0.1098064660173798,0.9042665726375178,False,False
cifar,alibi,42,adversarial_raw,4,0.16271857203918486,0.7842031029619183,False,False
cifar,alibi,42,adversarial_raw,5,0.2150602371350877,0.6528561354019746,False,False
cifar,alibi,42,adversarial_raw,6,0.25834256607058,0.5576516220028209,False,False
cifar,alibi,42,adversarial_raw,7,0.3199955602192948,0.4377644569816644,False,False
cifar,alibi,42,adversarial_raw,8,0.4423212707090444,0.17066290550070523,False,False
cifar,alibi,42,adversarial_raw,9,0.6401676709543338,0.054654442877291966,False,False
cifar,alibi,123,noise,0,0.0,1.0,True,False
cifar,alibi,123,noise,1,0.022371564864689088,0.9981903601879243,False,False
cifar,alibi,123,noise,2,0.044678442320942084,0.9955107012354272,False,False
cifar,alibi,123,noise,3,0.11109583987675264,0.9716721767878893,False,False
cifar,alibi,123,noise,4,0.2206024905919947,0.8923960327127196,False,False
cifar,alibi,123,noise,5,0.32860781904716807,0.7666434661562553,False,False
cifar,alibi,123,noise,6,0.43507380558272785,0.635026970593353,False,False
cifar,alibi,123,noise,7,0.6466005046743812,0.4339829476248477,False,False
cifar,alibi,123,noise,8,0.8571751895089161,0.303010266225857,False,False
cifar,alibi,123,adversarial,0,0.0,1.0,True,True
cifar,alibi,123,adversarial,1,0.02301154111838274,0.9949538889855577,False,True
cifar,alibi,123,adversarial,2,0.048082074664245945,0.9824256133634939,False,True
cifar,alibi,123,adversarial,3,0.11695910837392862,0.8722811901861841,False,True
cifar,alibi,123,adversarial,4,0.16439223490462027,0.7440403688881154,False,True
cifar,alibi,123,adversarial,5,0.22193410469892688,0.6119714633721942,False,True
cifar,alibi,123,adversarial,6,0.28634414059338764,0.45223594919088217,False,True
cifar,alibi,123,adversarial,7,0.34918629033649384,0.3152949364886027,False,True
cifar,alibi,123,adversarial,8,0.42339447519312495,0.3152949364886027,False,True
cifar,alibi,123,adversarial,9,0.6452898734933252,0.21489472768400902,False,True
cifar,alibi,123,adversarial_raw,0,0.0,1.0,True,False
cifar,alibi,123,adversarial_raw,1,0.02301154111838274,0.9949538889855577,False,False
cifar,alibi,123,adversarial_raw,2,0.048082074664245945,0.9824256133634939,False,False
cifar,alibi,123,adversarial_raw,3,0.11695910837392862,0.8722811901861841,False,False
cifar,alibi,123,adversarial_raw,4,0.16439223490462027,0.7440403688881154,False,False
cifar,alibi,123,adversarial_raw,5,0.22193410469892688,0.6119714633721942,False,False
cifar,alibi,123,adversarial_raw,6,0.28634414059338764,0.45223594919088217,False,False
cifar,alibi,123,adversarial_raw,7,0.34918629033649384,0.3152949364886027,False,False
cifar,alibi,123,adversarial_raw,8,0.42339447519312495,0.3248651470332347,False,False
cifar,alibi,123,adversarial_raw,9,0.6452898734933252,0.21489472768400902,False,False
cifar,alibi,456,noise,0,0.0,1.0,True,False
cifar,alibi,456,noise,1,0.02221798854726815,0.99841493483621,False,False
cifar,alibi,456,noise,2,0.04451861198214638,0.9950510743219445,False,False
cifar,alibi,456,noise,3,0.1117104735424215,0.9703945051074323,False,False
cifar,alibi,456,noise,4,0.22134849668576564,0.882617118703769,False,False
cifar,alibi,456,noise,5,0.3282567808173097,0.7528178936245158,False,False
cifar,alibi,456,noise,6,0.4337420456595346,0.6230186685452626,False,False
cifar,alibi,456,noise,7,0.6435500029317451,0.42912997534343084,False,False
cifar,alibi,456,noise,8,0.8537839352223475,0.32249031349066576,False,False
cifar,alibi,456,adversarial,0,0.0,1.0,True,True
cifar,alibi,456,adversarial,1,0.022861002615249326,0.9934836209933076,False,True
cifar,alibi,456,adversarial,2,0.04590425966150065,0.9829165199013739,False,True
cifar,alibi,456,adversarial,3,0.12017881592324328,0.8409651285663967,False,True
cifar,alibi,456,adversarial,4,0.1744600766736123,0.6880943994364214,False,True
cifar,alibi,456,adversarial,5,0.22816714880106934,0.5438534695315252,False,True
cifar,alibi,456,adversarial,6,0.2635174499706263,0.48626276858048617,False,True
cifar,alibi,456,adversarial,7,0.32340146816862214,0.3890454385346953,False,True
cifar,alibi,456,adversarial,8,0.4393763296807477,0.24321944346600918,False,True
cifar,alibi,456,adversarial,9,0.6518733077430575,0.10373370905248329,False,True
cifar,alibi,456,adversarial_raw,0,0.0,1.0,True,False
cifar,alibi,456,adversarial_raw,1,0.022861002615249326,0.9934836209933076,False,False
cifar,alibi,456,adversarial_raw,2,0.04590425966150065,0.9829165199013739,False,False
cifar,alibi,456,adversarial_raw,3,0.12017881592324328,0.8409651285663967,False,False
cifar,alibi,456,adversarial_raw,4,0.1744600766736123,0.6880943994364214,False,False
cifar,alibi,456,adversarial_raw,5,0.22816714880106934,0.5438534695315252,False,False
cifar,alibi,456,adversarial_raw,6,0.2635174499706263,0.48626276858048617,False,False
cifar,alibi,456,adversarial_raw,7,0.32340146816862214,0.3890454385346953,False,False
cifar,alibi,456,adversarial_raw,8,0.4393763296807477,0.24321944346600918,False,False
cifar,alibi,456,adversarial_raw,9,0.6518733077430575,0.10373370905248329,False,False
cifar,alibi,789,noise,0,0.0,1.0,True,False
cifar,alibi,789,noise,1,0.02173090255020945,0.9980255110955791,False,False
cifar,alibi,789,noise,2,0.04340212125904575,0.9949676742966975,False,False
cifar,alibi,789,noise,3,0.10807402361034553,0.9789620828236938,False,False
cifar,alibi,789,noise,4,0.21515776027429617,0.9268215970644766,False,False
cifar,alibi,789,noise,5,0.3221290460192229,0.8338633583784727,False,False
cifar,alibi,789,noise,6,0.428738913822763,0.7231696662589551,False,False
cifar,alibi,789,noise,7,0.6400550261252906,0.5288834527345798,False,False
cifar,alibi,789,noise,8,0.8503919028418284,0.3935698060457802,False,False
cifar,alibi,789,adversarial,0,0.0,1.0,True,True
cifar,alibi,789,adversarial,1,0.022883572469244943,0.993010658745413,False,True
cifar,alibi,789,adversarial,2,0.04538206289678403,0.980429844487157,False,True
cifar,alibi,789,adversarial,3,0.11064141750491985,0.8946356805871046,False,True
cifar,alibi,789,adversarial,4,0.1796190102407663,0.7312598287611393,False,True
cifar,alibi,789,adversarial,5,0.23485680762757838,0.5923466713262275,False,True
cifar,alibi,789,adversarial,6,0.2783220646112885,0.4761488729687227,False,True
cifar,alibi,789,adversarial,7,0.3242468237618799,0.43962956491350685,False,True
cifar,alibi,789,adversarial,8,0.4467373521342865,0.2255809889917875,False,True
cifar,alibi,789,adversarial,9,0.639529499189269,0.08596889743141709,False,True
cifar,alibi,789,adversarial_raw,0,0.0,1.0,True,False
cifar,alibi,789,adversarial_raw,1,0.022883572469244943,0.993010658745413,False,False
cifar,alibi,789,adversarial_raw,2,0.04538206289678403,0.980429844487157,False,False
cifar,alibi,789,adversarial_raw,3,0.11064141750491985,0.8946356805871046,False,False
cifar,alibi,789,adversarial_raw,4,0.1796190102407663,0.7312598287611393,False,False
cifar,alibi,789,adversarial_raw,5,0.23485680762757838,0.5923466713262275,False,False
cifar,alibi,789,adversarial_raw,6,0.2783220646112885,0.4761488729687227,False,False
cifar,alibi,789,adversarial_raw,7,0.3242468237618799,0.43962956491350685,False,False
cifar,alibi,789,adversarial_raw,8,0.4467373521342865,0.2255809889917875,False,False
cifar,alibi,789,adversarial_raw,9,0.639529499189269,0.08596889743141709,False,False
cifar,alibi,1011,noise,0,0.0,1.0,True,False
cifar,alibi,1011,noise,1,0.021845565220020492,0.998570681540875,False,False
cifar,alibi,1011,noise,2,0.043680399784369356,0.9957120446226251,False,False
cifar,alibi,1011,noise,3,0.10916989982853331,0.9775318110510719,False,False
cifar,alibi,1011,noise,4,0.21830884216600133,0.9196095520306781,False,False
cifar,alibi,1011,noise,5,0.32643404240842355,0.8255359944221718,False,False
cifar,alibi,1011,noise,6,0.4329384531623372,0.7153913195049677,False,False
cifar,alibi,1011,noise,7,0.6432743520147685,0.5151821509499739,False,False
cifar,alibi,1011,noise,8,0.8530963842831746,0.3830747777584103,False,False
cifar,alibi,1011,adversarial,0,0.0,1.0,True,True
cifar,alibi,1011,adversarial,1,0.02248637547702749,0.9945964789959909,False,True
cifar,alibi,1011,adversarial,2,0.04488989147704865,0.9806519086630642,False,True
cifar,alibi,1011,adversarial,3,0.11045109732053886,0.8910580442740108,False,True
cifar,alibi,1011,adversarial,4,0.16346955181778985,0.7679972110859333,False,True
cifar,alibi,1011,adversarial,5,0.2157870038735783,0.6292487362733135,False,True
cifar,alibi,1011,adversarial,6,0.2612351750187537,0.5377374934634825,False,True
cifar,alibi,1011,adversarial,7,0.32768727005144166,0.4007320899424786,False,True
cifar,alibi,1011,adversarial,8,0.44439277716551384,0.183371099877985,False,True
cifar,alibi,1011,adversarial,9,0.6523238111736106,0.09639184242635522,False,True
cifar,alibi,1011,adversarial_raw,0,0.0,1.0,True,False
cifar,alibi,1011,adversarial_raw,1,0.02248637547702749,0.9945964789959909,False,False
cifar,alibi,1011,adversarial_raw,2,0.04488989147704865,0.9806519086630642,False,False
cifar,alibi,1011,adversarial_raw,3,0.11045109732053886,0.8910580442740108,False,False
cifar,alibi,1011,adversarial_raw,4,0.16346955181778985,0.7679972110859333,False,False
cifar,alibi,1011,adversarial_raw,5,0.2157870038735783,0.6292487362733135,False,False
cifar,alibi,1011,adversarial_raw,6,0.2612351750187537,0.5377374934634825,False,False
cifar,alibi,1011,adversarial_raw,7,0.32768727005144166,0.4007320899424786,False,False
cifar,alibi,1011,adversarial_raw,8,0.44439277716551384,0.183371099877985,False,False
cifar,alibi,1011,adversarial_raw,9,0.6523238111736106,0.09639184242635522,False,False
cifar,alibi,1213,noise,0,0.0,1.0,True,False
cifar,alibi,1213,noise,1,0.021568409970633768,0.9993538246594481,False,False
cifar,alibi,1213,noise,2,0.04316382635482437,0.9962102689486553,False,False
cifar,alibi,1213,noise,3,0.10812957544057429,0.9808767027593432,False,False
cifar,alibi,1213,noise,4,0.21652069166749577,0.9135347537548025,False,False
cifar,alibi,1213,noise,5,0.32391923161891045,0.8147223192455465,False,False
cifar,alibi,1213,noise,6,0.43026021302508666,0.6998777506112469,False,False
cifar,alibi,1213,noise,7,0.6419019197253918,0.48222144603562694,False,False
cifar,alibi,1213,noise,8,0.8522208410526586,0.3470485504715333,False,False
cifar,alibi,1213,adversarial,0,0.0,1.0,True,True
cifar,alibi,1213,adversarial,1,0.02204800471872518,0.9958085923856095,False,True
cifar,alibi,1213,adversarial,2,0.044067792194176454,0.9905693328676212,False,True
cifar,alibi,1213,adversarial,3,0.10871392649831502,0.9053440447083478,False,True
cifar,alibi,1213,adversarial,4,0.16129338870296775,0.7832692979392245,False,True
cifar,alibi,1213,adversarial,5,0.21344669683532086,0.6570031435557107,False,True
cifar,alibi,1213,adversarial,6,0.2554000379947465,0.5555361508906741,False,True
cifar,alibi,1213,adversarial,7,0.31909136571673363,0.43154034229828847,False,True
cifar,alibi,1213,adversarial,8,0.4403501337943987,0.2556758644778204,False,True
cifar,alibi,1213,adversarial,9,0.6370521726969348,0.03772266852951449,False,True
cifar,alibi,1213,adversarial_raw,0,0.0,1.0,True,False
cifar,alibi,1213,adversarial_raw,1,0.02204800471872518,0.9958085923856095,False,False
cifar,alibi,1213,adversarial_raw,2,0.044067792194176454,0.9905693328676212,False,False
cifar,alibi,1213,adversarial_raw,3,0.10871392649831502,0.9053440447083478,False,False
cifar,alibi,1213,adversarial_raw,4,0.16129338870296775,0.7832692979392245,False,False
cifar,alibi,1213,adversarial_raw,5,0.21344669683532086,0.6570031435557107,False,False
cifar,alibi,1213,adversarial_raw,6,0.2554000379947465,0.5555361508906741,False,False
cifar,alibi,1213,adversarial_raw,7,0.31909136571673363,0.43154034229828847,False,False
cifar,alibi,1213,adversarial_raw,8,0.4403501337943987,0.2556758644778204,False,False
cifar,alibi,1213,adversarial_raw,9,0.6370521726969348,0.03772266852951449,False,False
