dataset,family,regime,rho,mean_accuracy,sd_accuracy,low_accuracy,high_accuracy
imagenet,learned,noise,0.0,1.0,0.0,1.0,1.0
imagenet,learned,noise,0.0002375,1.0000004088214265,2.5404373172210644e-05,0.9999750044482543,1.0000258131945987
imagenet,learned,noise,0.000475,1.000000817642853,5.080874634442533e-05,0.9999500088965085,1.0000516263891974
imagenet,learned,noise,0.0007125,1.0000012264642795,7.621311951663598e-05,0.9999250133447628,1.0000774395837961
imagenet,learned,noise,0.00095,1.0000016352857062,0.00010161749268883503,0.9999000177930173,1.000103252778395
imagenet,learned,noise,0.0011875,1.0000020441071327,0.00012702186586104568,0.9998750222412717,1.0001290659729938
imagenet,learned,noise,0.001425,1.0000024529285592,0.00015242623903326036,0.9998500266895259,1.0001548791675925
imagenet,learned,noise,0.0016625,1.0000028617499856,0.00017783061220547102,0.9998250311377802,1.0001806923621912
imagenet,learned,noise,0.0019,1.0000032705714121,0.00020323498537770405,0.9998000355860345,1.00020650555679
imagenet,learned,noise,0.0021375,1.0000036793928386,0.0002286393585498553,0.9997750400342887,1.0002323187513884
imagenet,learned,noise,0.002375,1.0000040882142653,0.0002540437317220635,0.9997500444825432,1.0002581319459873
imagenet,learned,noise,0.0026125,1.0000044970356916,0.00027944810489426256,0.9997250489307974,1.0002839451405858
imagenet,learned,noise,0.00285,1.000004905857118,0.0003048524780664732,0.9997000533790517,1.0003097583351845
imagenet,learned,noise,0.0030875,1.0000053146785446,0.00033025685123869034,0.9996750578273059,1.0003355715297833
imagenet,learned,noise,0.003325,1.0000054505447136,0.00035549666142105607,0.9996499538832925,1.0003609472061346
imagenet,learned,noise,0.0035625,1.0000032148852764,0.0003793635904414423,0.999623851294835,1.0003825784757179
imagenet,learned,noise,0.0038,1.0000003393012231,0.00039768856850237304,0.9996026507327207,1.0003980278697255
imagenet,learned,noise,0.0040375,0.9999965393705931,0.00040952730397796934,0.9995870120666152,1.000406066674571
imagenet,learned,noise,0.004275,0.9999913375195901,0.0004200866686772571,0.9995712508509129,1.0004114241882673
imagenet,learned,noise,0.0045125,0.9999861356685869,0.0004307156137774042,0.9995554200548095,1.0004168512823643
imagenet,learned,noise,0.00475,0.9999809338175837,0.0004414091129069596,0.9995395247046768,1.0004223429304906
imagenet,learned,noise,0.0049875,0.9999757319665806,0.0004521625860432804,0.9995235693805373,1.000427894552624
imagenet,learned,noise,0.005225,0.9999705301155778,0.00046297185414647253,0.9995075582614313,1.0004335019697244
imagenet,learned,noise,0.0054625,0.9999653282645745,0.0004738330987812057,0.9994914951657933,1.0004391613633556
imagenet,learned,noise,0.0057,0.9999601264135715,0.0004847428261705699,0.9994753835874008,1.000444869239742
imagenet,learned,noise,0.0059375,0.9999549245625684,0.0004956978351793129,0.9994592267273891,1.0004506223977476
imagenet,learned,noise,0.006175,0.9999497227115651,0.000506695188780594,0.9994430275227846,1.0004564179003457
imagenet,learned,noise,0.0064125,0.999944520860562,0.0005177321886069637,0.999426788671955,1.000462253049169
imagenet,learned,noise,0.00665,0.9999392182319036,0.0005287590658767437,0.9994104591660268,1.0004679772977803
imagenet,learned,noise,0.0068875,0.9999335853496539,0.0005396692054386546,0.9993939161442152,1.0004732545550925
imagenet,learned,noise,0.007125,0.9999279524674044,0.0005506173212719421,0.9993773351461325,1.0004785697886764
imagenet,learned,noise,0.0073625,0.9999216269295358,0.0005616946596151464,0.9993599322699206,1.0004833215891509
imagenet,learned,noise,0.0076,0.9999185974635058,0.0005626136189248966,0.9993559838445809,1.0004812110824306
imagenet,learned,noise,0.0078375,0.9999123324409336,0.0005599019345169675,0.9993524305064166,1.0004722343754506
imagenet,learned,noise,0.008075,0.9999057212570274,0.0005569416298753343,0.9993487796271521,1.0004626628869027
imagenet,learned,noise,0.0083125,0.9998991100731206,0.0005540613676791846,0.9993450487054414,1.0004531714407998
imagenet,learned,noise,0.00855,0.9998924988892144,0.0005512624025587917,0.9993412364866556,1.0004437612917731
imagenet,learned,noise,0.0087875,0.9998858877053078,0.0005485459789746868,0.9993373417263332,1.0004344336842825
imagenet,learned,noise,0.009025,0.9998792765214016,0.0005459133290895482,0.999333363192312,1.0004251898504912
imagenet,learned,noise,0.0092625,0.9998726653374952,0.000543365670575495,0.9993292996669197,1.0004160310080707
imagenet,learned,noise,0.0095,0.9998660541535886,0.0005409042043618308,0.9993251499492268,1.0004069583579505
imagenet,learned,noise,0.0097375,0.9998594429696824,0.000538530112330496,0.9993209128573519,1.000397973082013
imagenet,learned,noise,0.009975,0.9998528317857757,0.0005362445549662889,0.9993165872308094,1.000389076340742
imagenet,learned,noise,0.0102125,0.9998462206018695,0.0005340486689706568,0.9993121719328988,1.0003802692708401
imagenet,learned,noise,0.01045,0.999839609417963,0.0005319435648465639,0.9993076658531165,1.0003715529828097
imagenet,learned,noise,0.0106875,0.9998329982340565,0.000529930324465396,0.9993030679095911,1.0003629285585218
imagenet,learned,noise,0.010925,0.9998263870501503,0.000528009998625353,0.9992983770515249,1.0003543970487756
imagenet,learned,noise,0.0111625,0.9998197758662438,0.0005261836046121612,0.9992935922616316,1.000345959470856
imagenet,learned,noise,0.0114,0.9998131646823373,0.0005244521237739193,0.9992887125585633,1.000337616806111
imagenet,learned,noise,0.0116375,0.9998065534984311,0.0005228164991211438,0.99928373699931,1.0003293699975522
imagenet,learned,noise,0.011875,0.9997999423145245,0.0005212776329649883,0.9992786646815596,1.0003212199474896
imagenet,learned,noise,0.0121125,0.9997933311306181,0.0005198363846056839,0.9992734947460123,1.0003131675152237
imagenet,learned,noise,0.01235,0.9997867199467118,0.0005184935680837542,0.999268226378628,1.0003052135147954
imagenet,learned,noise,0.0125875,0.9997801087628053,0.0005172499500072688,0.9992628588127981,1.0002973587128126
imagenet,learned,noise,0.012825,0.9997734975788989,0.0005161062474673246,0.9992573913314315,1.0002896038263662
imagenet,learned,noise,0.0130625,0.9997668863949923,0.0005150631260545898,0.9992518232689378,1.0002819495210469
imagenet,learned,noise,0.0133,0.9997603485222109,0.0005141621019248693,0.999246186420286,1.0002745106241357
imagenet,learned,noise,0.0135375,0.9997541869157587,0.0005135762265882223,0.9992406106891705,1.0002677631423469
imagenet,learned,noise,0.013775,0.9997480253093066,0.0005130984568300094,0.9992349268524766,1.0002611237661367
imagenet,learned,noise,0.0140125,0.9997418637028547,0.0005127290948542259,0.9992291346080004,1.000254592797709
imagenet,learned,noise,0.01425,0.9997357020964025,0.0005124683750659159,0.9992232337213366,1.0002481704714685
imagenet,learned,noise,0.0144875,0.9997295404899504,0.0005123164633303121,0.9992172240266202,1.0002418569532807
imagenet,learned,noise,0.014725,0.9997235960204954,0.0005121037646232775,0.9992114922558721,1.0002356997851187
imagenet,learned,noise,0.0149625,0.9997178879161625,0.0005118468498272933,0.9992060410663351,1.0002297347659896
imagenet,learned,noise,0.0152,0.999710953459764,0.00051399047703955,0.9991969629827244,1.0002249439368036
imagenet,learned,noise,0.0154375,0.9997038058695823,0.0005165645684298044,0.9991872413011524,1.0002203704380122
imagenet,learned,noise,0.015675,0.9996964131310921,0.0005190863635616124,0.9991773267675306,1.0002154994946537
imagenet,learned,noise,0.0159125,0.99968855256773,0.0005209401298577554,0.9991676124378723,1.0002094926975877
imagenet,learned,noise,0.01615,0.99968045847708,0.0005224802075056835,0.9991579782695743,1.0002029386845857
imagenet,learned,noise,0.0163875,0.9996723643864297,0.0005240664390563841,0.9991482979473734,1.000196430825486
imagenet,learned,noise,0.016625,0.9996642702957795,0.000525698406718471,0.9991385718890611,1.000189968702498
imagenet,learned,noise,0.0168625,0.9996561762051294,0.0005273756858999364,0.9991288005192295,1.0001835518910294
imagenet,learned,noise,0.0171,0.999648082114479,0.0005290978456784236,0.9991189842688005,1.0001771799601573
imagenet,learned,noise,0.0173375,0.9996399880238288,0.0005308644492671258,0.9991091235745617,1.000170852473096
imagenet,learned,noise,0.017575,0.9996318939331786,0.0005326750544758537,0.9990992188787028,1.0001645689876546
imagenet,learned,noise,0.0178125,0.9996237998425284,0.0005345292141661065,0.9990892706283623,1.0001583290566944
imagenet,learned,noise,0.01805,0.9996157057518782,0.0005364264766995239,0.9990792792751787,1.0001521322285778
imagenet,learned,noise,0.0182875,0.999607611661228,0.0005383663863787745,0.9990692452748493,1.0001459780476067
imagenet,learned,noise,0.018525,0.9995995175705779,0.0005403484838803211,0.9990591690866976,1.0001398660544583
imagenet,learned,noise,0.0187625,0.9995914234799277,0.0005423723066787718,0.9990490511732489,1.0001337957866065
imagenet,learned,noise,0.019,0.9995833293892775,0.0005444373894612867,0.9990388919998162,1.0001277667787387
imagenet,learned,noise,0.0192375,0.9995752352986274,0.000546543264532426,0.999028692034095,1.0001217785631598
imagenet,learned,noise,0.019475,0.9995671412079772,0.0005486894622089234,0.9990184517457683,1.000115830670186
imagenet,learned,noise,0.0197125,0.9995590471173269,0.00055087551120331,0.9990081716061235,1.0001099226285302
imagenet,learned,noise,0.01995,0.9995509530266765,0.0005531009389966179,0.9989978520876799,1.0001040539656731
imagenet,learned,noise,0.0201875,0.9995428589360263,0.000555365272199632,0.9989874936638267,1.000098224208226
imagenet,learned,noise,0.020425,0.9995347648453762,0.0005576680369026336,0.9989770968084736,1.000092432882279
imagenet,learned,noise,0.0206625,0.999526670754726,0.0005600087590130731,0.9989666619957129,1.000086679513739
imagenet,learned,noise,0.0209,0.9995185766640758,0.0005623869645811801,0.9989561896994946,1.000080963628657
imagenet,learned,noise,0.0211375,0.9995104825734256,0.0005648021801138806,0.9989456803933117,1.0000752847535395
imagenet,learned,noise,0.021375,0.9995023884827754,0.0005672539328757383,0.9989351345498997,1.0000696424156512
imagenet,learned,noise,0.0216125,0.9994942943921252,0.0005697417511782044,0.998924552640947,1.0000640361433035
imagenet,learned,noise,0.02185,0.999486200301475,0.0005722651646563757,0.9989139351368186,1.0000584654661313
imagenet,learned,noise,0.0220875,0.9994781062108248,0.0005748237045337021,0.9989032825062911,1.0000529299153584
imagenet,learned,noise,0.022325,0.9994700121201746,0.0005774169038740726,0.9988925952163006,1.0000474290240486
imagenet,learned,noise,0.0225625,0.9994619180295244,0.0005800442978223301,0.9988818737317021,1.0000419623273469
imagenet,learned,noise,0.0228,0.999453823938874,0.0005827054238325885,0.9988711185150415,1.0000365293627067
imagenet,learned,noise,0.0230375,0.9994457298482239,0.0005853998218847622,0.9988603300263391,1.0000311296701085
imagenet,learned,noise,0.023275,0.9994376357575737,0.0005881270346893632,0.9988495087228844,1.000025762792263
imagenet,learned,noise,0.0235125,0.9994295416669235,0.0005908866078810931,0.9988386550590425,1.0000204282748046
imagenet,learned,noise,0.02375,0.9994214475762734,0.00059367809020131,0.9988277694860721,1.0000151256664747
imagenet,learned,noise,0.0239875,0.9994133534856231,0.000596501033668814,0.9988168524519543,1.000009854519292
imagenet,learned,noise,0.024225,0.9994052593949728,0.0005993549937405979,0.9988059044012322,1.0000046143887134
imagenet,learned,noise,0.0244625,0.9993971653043227,0.0006022395294620607,0.9987949257748606,0.9999994048337847
imagenet,learned,noise,0.0247,0.9993890712136726,0.000605154203606509,0.9987839170100661,0.9999942254172791
imagenet,learned,noise,0.0249375,0.9993809771230223,0.0006080985828050847,0.9987728785402172,0.9999890757058274
imagenet,learned,noise,0.025175,0.9993728830323722,0.0006110722376671353,0.998761810794705,0.9999839552700392
imagenet,learned,noise,0.0254125,0.999364788941722,0.0006140747428909206,0.9987507141988311,0.9999788636846129
imagenet,learned,noise,0.02565,0.9993566948510718,0.000617105677365389,0.9987395891737064,0.9999738005284372
imagenet,learned,noise,0.0258875,0.9993486007604216,0.0006201646242632573,0.9987284361361584,0.9999687653846849
imagenet,learned,noise,0.026125,0.9993405066697713,0.000623251171125805,0.9987172554986454,0.9999637578408971
imagenet,learned,noise,0.0263625,0.9993324125791211,0.0006263649099389339,0.9987060476691821,0.99995877748906
imagenet,learned,noise,0.0266,0.9993243184884709,0.0006295054372020021,0.998694813051269,0.9999538239256729
imagenet,learned,noise,0.0268375,0.9993162243978208,0.0006326723539890538,0.9986835520438317,0.9999488967518098
imagenet,learned,noise,0.027075,0.9993076280829231,0.0006353503843664596,0.9986722776985566,0.9999429784672895
imagenet,learned,noise,0.0273125,0.999297545812257,0.0006365366846864653,0.9986610091275706,0.9999340824969435
imagenet,learned,noise,0.02755,0.9992874635415911,0.0006377580377818591,0.9986497055038093,0.999925221579373
imagenet,learned,noise,0.0277875,0.9992773812709252,0.0006390142426626889,0.9986383670282626,0.9999163955135879
imagenet,learned,noise,0.028025,0.9992672990002592,0.000640305094203338,0.9986269939060559,0.9999076040944626
imagenet,learned,noise,0.0282625,0.9992572167295933,0.0006416303832942298,0.9986155863462991,0.9998988471128876
imagenet,learned,noise,0.0285,0.9992471344589274,0.0006429898969941713,0.9986041445619332,0.9998901243559216
imagenet,learned,noise,0.0287375,0.9992370521882615,0.00064438341868294,0.9985926687695786,0.9998814356069444
imagenet,learned,noise,0.028975,0.9992269699175956,0.000645810728214526,0.9985811591893811,0.9998727806458102
imagenet,learned,noise,0.0292125,0.9992168876469297,0.000647271602070663,0.998569616044859,0.9998641592490004
imagenet,learned,noise,0.02945,0.9992068053762638,0.0006487658135135951,0.9985580395627502,0.9998555711897774
imagenet,learned,noise,0.0296875,0.9991967231055977,0.0006502931327388599,0.9985464299728588,0.9998470162383366
imagenet,learned,noise,0.029925,0.9991865064913954,0.0006520285696881468,0.9985344779217072,0.9998385350610836
imagenet,learned,noise,0.0301625,0.9991752567982339,0.0006551545385070964,0.9985201022597269,0.999830411336741
imagenet,learned,noise,0.0304,0.9991640071050726,0.0006583310473345066,0.9985056760577381,0.9998223381524071
imagenet,learned,noise,0.0306375,0.9991487472290865,0.0006602698854484946,0.998488477343638,0.9998090171145351
imagenet,learned,noise,0.030875,0.9991333176254731,0.0006622996050256785,0.9984710180204474,0.9997956172304988
imagenet,learned,noise,0.0311125,0.9991178880218596,0.0006644753502022462,0.9984534126716574,0.9997823633720618
imagenet,learned,noise,0.03135,0.9991024584182462,0.0006667956915410539,0.9984356627267051,0.9997692541097872
imagenet,learned,noise,0.0315875,0.9990855848874433,0.0006708693480733269,0.9984147155393699,0.9997564542355166
imagenet,learned,noise,0.031825,0.9990680010058016,0.0006758302270077581,0.9983921707787938,0.9997438312328094
imagenet,learned,noise,0.0320625,0.9990504171241601,0.0006808751500823468,0.9983695419740778,0.9997312922742424
imagenet,learned,noise,0.0323,0.999032412350735,0.000685238846330219,0.9983471735044048,0.9997176511970652
imagenet,learned,noise,0.0325375,0.9990152034743643,0.0006887686805777381,0.9983264347937866,0.9997039721549421
imagenet,learned,noise,0.032775,0.998999420064496,0.0006919537788106316,0.9983074662856855,0.9996913738433066
imagenet,learned,noise,0.0330125,0.9989836366546277,0.0006952978137850726,0.9982883388408427,0.9996789344684128
imagenet,learned,noise,0.03325,0.9989678532447593,0.0006987985037740305,0.9982690547409853,0.9996666517485334
imagenet,learned,noise,0.0334875,0.9989520698348912,0.000702453506701983,0.9982496163281892,0.9996545233415931
imagenet,learned,noise,0.033725,0.9989362864250227,0.0007062604267956271,0.9982300259982271,0.9996425468518184
imagenet,learned,noise,0.0339625,0.9989205030151544,0.0007102168211298408,0.9982102861940246,0.9996307198362843
imagenet,learned,noise,0.0342,0.9989047196052862,0.0007143202060368336,0.9981903993992494,0.9996190398113229
imagenet,learned,noise,0.0344375,0.9988889361954177,0.0007185680633508512,0.9981703681320669,0.9996075042587685
imagenet,learned,noise,0.034675,0.9988731527855493,0.0007229578464624804,0.9981501949390869,0.9995961106320118
imagenet,learned,noise,0.0349125,0.9988573693756813,0.000727486986161329,0.9981298823895199,0.9995848563618426
imagenet,learned,noise,0.03515,0.998841585965813,0.0007321528962484439,0.9981094330695646,0.9995737388620614
imagenet,learned,noise,0.0353875,0.9988258025559446,0.0007369529789033461,0.9980888495770412,0.9995627555348479
imagenet,learned,noise,0.035625,0.9988100191460761,0.0007418846297926371,0.9980681345162835,0.9995519037758688
imagenet,learned,noise,0.0358625,0.998794235736208,0.0007469452429121974,0.9980472904932958,0.9995411809791201
imagenet,learned,noise,0.0361,0.9987784523263397,0.0007521322151552396,0.9980263201111844,0.9995305845414949
imagenet,learned,noise,0.0363375,0.9987626689164714,0.0007574429506029032,0.9980052259658685,0.9995201118670742
imagenet,learned,noise,0.036575,0.9987468855066028,0.0007628748645356306,0.9979840106420672,0.9995097603711385
imagenet,learned,noise,0.0368125,0.9987311020967345,0.0007684253871659155,0.9979626767095686,0.9994995274839005
imagenet,learned,noise,0.03705,0.9987153186868664,0.0007740919670946113,0.9979412267197717,0.999489410653961
imagenet,learned,noise,0.0372875,0.9986995352769981,0.0007798720744957935,0.9979196632025022,0.9994794073514939
imagenet,learned,noise,0.037525,0.9986837518671298,0.0007857632040346703,0.9978979886630951,0.9994695150711644
imagenet,learned,noise,0.0377625,0.9986679684572614,0.0007917628775269747,0.9978762055797343,0.9994597313347884
imagenet,learned,noise,0.038,0.9986521850473932,0.0007978686463468685,0.9978543164010463,0.9994500536937401
imagenet,learned,noise,0.0382375,0.9986364016375249,0.0008040780935925657,0.9978323235439323,0.9994404797311175
imagenet,learned,noise,0.038475,0.9986206182276566,0.0008103888360202024,0.9978102293916363,0.9994310070636768
imagenet,learned,noise,0.0387125,0.9986048348177882,0.0008167985257548832,0.9977880362920333,0.9994216333435431
imagenet,learned,noise,0.03895,0.9985890514079198,0.0008233048517913166,0.9977657465561285,0.999412356259711
imagenet,learned,noise,0.0391875,0.9985732679980516,0.0008299055412933502,0.9977433624567582,0.9994031735393449
imagenet,learned,noise,0.039425,0.9985574845881833,0.0008365983607049877,0.9977208862274782,0.9993940829488883
imagenet,learned,noise,0.0396625,0.9985417011783149,0.0008433811166831466,0.9976983200616317,0.999385082294998
imagenet,learned,noise,0.0399,0.9985259177684465,0.0008502516568638155,0.9976756661115826,0.9993761694253103
imagenet,learned,noise,0.0401375,0.9985101343585782,0.0008572078704725917,0.9976529264881056,0.9993673422290508
imagenet,learned,noise,0.040375,0.99849435094871,0.0008642476887902254,0.9976301032599197,0.9993585986375002
imagenet,learned,noise,0.0406125,0.9984785675388416,0.0008713690854837946,0.9976071984533578,0.9993499366243254
imagenet,learned,noise,0.04085,0.9984627841289733,0.000878570076814044,0.9975842140521592,0.9993413542057873
imagenet,learned,noise,0.0410875,0.998447000719105,0.0008858487217283515,0.9975611519973766,0.9993328494408333
imagenet,learned,noise,0.041325,0.9984312173092368,0.0008932031218490882,0.9975380141873877,0.9993244204310858
imagenet,learned,noise,0.0415625,0.9984154338993685,0.000900631421366613,0.9975148024780018,0.9993160653207351
imagenet,learned,noise,0.0418,0.9983996504895001,0.0009081318068447852,0.9974915186826553,0.9993077822963449
imagenet,learned,noise,0.0420375,0.9983838670796317,0.0009157025069486851,0.997468164572683,0.9992995695865804
imagenet,learned,noise,0.042275,0.9983680836697634,0.0009233417921006116,0.9974447418776627,0.999291425461864
imagenet,learned,noise,0.0425125,0.9983523002598952,0.00093104797407307,0.9974212522858221,0.9992833482339682
imagenet,learned,noise,0.04275,0.9983365168500266,0.000938819405524946,0.9973976974445016,0.9992753362555515
imagenet,learned,noise,0.0429875,0.9983207334401584,0.0009466544794872474,0.9973740789606711,0.9992673879196456
imagenet,learned,noise,0.043225,0.9983049500302901,0.0009545516288053555,0.9973503984014848,0.9992595016590954
imagenet,learned,noise,0.0434625,0.9982891666204218,0.0009625093255419399,0.9973266572948798,0.9992516759459638
imagenet,learned,noise,0.0437,0.9982733832105536,0.0009705260803471243,0.9973028571302065,0.9992439092909007
imagenet,learned,noise,0.0439375,0.9982575998006852,0.0009786004418000619,0.9972789993588851,0.9992362002424853
imagenet,learned,noise,0.044175,0.9982418163908169,0.0009867309957263706,0.9972550853950906,0.9992285473865432
imagenet,learned,noise,0.0444125,0.9982260329809486,0.000994916364495787,0.9972311166164528,0.9992209493454444
imagenet,learned,noise,0.04465,0.9982102495710802,0.0010031552063038864,0.9972070943647763,0.9992134047773841
imagenet,learned,noise,0.0448875,0.9981944661612118,0.0010114462144405173,0.9971830199467713,0.9992059123756523
imagenet,learned,noise,0.045125,0.9981786827513436,0.0010197881165498104,0.9971588946347938,0.9991984708678934
imagenet,learned,noise,0.0453625,0.9981628993414753,0.0010281796738823457,0.9971347196675929,0.9991910790153576
imagenet,learned,noise,0.0456,0.9981471159316069,0.0010366196805443732,0.9971104962510625,0.9991837356121512
imagenet,learned,noise,0.0458375,0.9981313325217386,0.0010451069627448295,0.9970862255589937,0.9991764394844834
imagenet,learned,noise,0.046075,0.9981155491118702,0.0010536403780426857,0.9970619087338275,0.9991691894899128
imagenet,learned,noise,0.0463125,0.998099765702002,0.001062218814597478,0.9970375468874045,0.9991619845165994
imagenet,learned,noise,0.04655,0.9980839822921337,0.0010708411904228302,0.9970131411017109,0.9991548234825565
imagenet,learned,noise,0.0467875,0.9980681988822653,0.0010795064526468083,0.9969886924296185,0.999147705334912
imagenet,learned,noise,0.047025,0.998052415472397,0.0010882135767782896,0.9969642018956187,0.9991406290491752
imagenet,learned,noise,0.0472625,0.9980366320625288,0.0010969615659819677,0.9969396704965469,0.9991335936285107
imagenet,learned,noise,0.0475,0.9980208486526605,0.001105749450362629,0.9969150992022978,0.9991265981030232
imagenet,learned,noise,0.0477375,0.9980050652427922,0.0011145762862592092,0.996890488956533,0.9991196415290514
imagenet,learned,noise,0.047975,0.9979892818329237,0.0011234411555502298,0.9968658406773735,0.9991127229884739
imagenet,learned,noise,0.0482125,0.9979734984230554,0.0011323431649704668,0.9968411552580849,0.9991058415880258
imagenet,learned,noise,0.04845,0.9979577150131872,0.0011412814454397546,0.9968164335677474,0.999098996458627
imagenet,learned,noise,0.0486875,0.9979419316033189,0.00115025515140486,0.996791676451914,0.9990921867547238
imagenet,learned,noise,0.048925,0.9979261481934504,0.0011592634601937056,0.9967668847332567,0.9990854116536441
imagenet,learned,noise,0.0491625,0.9979103647835822,0.0011683055713834678,0.9967420592121987,0.9990786703549657
imagenet,learned,noise,0.0494,0.9978945813737138,0.001177380706182055,0.9967172006675318,0.9990719620798958
imagenet,learned,noise,0.0496375,0.9978787979638456,0.0011864881068229143,0.9966923098570227,0.9990652860706685
imagenet,learned,noise,0.049875,0.9978630145539773,0.0011956270359745928,0.9966673875180027,0.999058641589952
imagenet,learned,noise,0.0501125,0.9978472311441089,0.0012047967761630797,0.9966424343679459,0.9990520279202719
imagenet,learned,noise,0.05035,0.9978314477342406,0.0012139966292091264,0.9966174511050314,0.9990454443634498
imagenet,learned,noise,0.0505875,0.9978156643243724,0.0012232259156786946,0.9965924384086937,0.9990388902400511
imagenet,learned,noise,0.050825,0.9977998809145041,0.0012324839743474163,0.9965673969401567,0.9990323648888515
imagenet,learned,noise,0.0510625,0.9977840975046356,0.0012417701616793074,0.9965423273429563,0.9990258676663148
imagenet,learned,noise,0.0513,0.9977683140947673,0.001251083851318323,0.996517230243449,0.9990193979460856
imagenet,learned,noise,0.0515375,0.997752530684899,0.0012604244335938427,0.9964921062513051,0.9990129551184929
imagenet,learned,noise,0.051775,0.9977367472750308,0.0012697913150395705,0.9964669559599912,0.9990065385900704
imagenet,learned,noise,0.0520125,0.9977209638651624,0.001279183917924979,0.9964417799472374,0.9990001477830874
imagenet,learned,noise,0.05225,0.997705180455294,0.0012886016798004144,0.9964165787754936,0.9989937821350944
imagenet,learned,noise,0.0524875,0.9976893970454257,0.0012980440530543222,0.9963913529923714,0.99898744109848
imagenet,learned,noise,0.052725,0.9976736136355574,0.0013075105044829723,0.9963661031310744,0.9989811241400404
imagenet,learned,noise,0.0529625,0.997657830225689,0.0013170005148729622,0.9963408297108161,0.9989748307405619
imagenet,learned,noise,0.0532,0.9976420468158206,0.0013265135785948104,0.9963155332372258,0.9989685603944154
imagenet,learned,noise,0.0534375,0.9976262634059525,0.001336049203209116,0.9962902142027434,0.9989623126091616
imagenet,learned,noise,0.053675,0.9976104799960842,0.0013456069090836712,0.9962648730870005,0.9989560869051679
imagenet,learned,noise,0.0539125,0.997594696586216,0.0013551862290217124,0.9962395103571943,0.9989498828152378
imagenet,learned,noise,0.05415,0.9975789131763476,0.0013647867079017056,0.9962141264684459,0.9989436998842494
imagenet,learned,noise,0.0543875,0.9975631297664792,0.0013744079023269241,0.9961887218641523,0.9989375376688061
imagenet,learned,noise,0.054625,0.9975473463566109,0.0013840493802862474,0.9961632969763247,0.9989313957368972
imagenet,learned,noise,0.0548625,0.9975315629467426,0.001393710720824606,0.996137852225918,0.9989252736675672
imagenet,learned,noise,0.0551,0.9975157795368741,0.0014033915137232982,0.9961123880231508,0.9989191710505974
imagenet,learned,noise,0.0553375,0.997499996127006,0.001413091359190323,0.9960869047678157,0.9989130874861963
imagenet,learned,noise,0.055575,0.9974842127171376,0.001422809867559501,0.9960614028495781,0.9989070225846971
imagenet,learned,noise,0.0558125,0.9974684293072693,0.001432546658999123,0.9960358826482701,0.9989009759662685
imagenet,learned,noise,0.05605,0.9974522400954743,0.0014420883694899588,0.9960101517259843,0.9988943284649643
imagenet,learned,noise,0.0562875,0.9974353220807299,0.001451272318120317,0.9959840497626096,0.9988865943988503
imagenet,learned,noise,0.056525,0.9974184040659858,0.0014604839523501567,0.9959579201136356,0.998878888018336
imagenet,learned,noise,0.0567625,0.9974014860512416,0.0014697227516127813,0.9959317632996287,0.9988712088028544
imagenet,learned,noise,0.057,0.9973845680364973,0.0014789882068326151,0.9959055798296648,0.9988635562433299
imagenet,learned,noise,0.0572375,0.997367650021753,0.0014882798201607456,0.9958793702015922,0.9988559298419137
imagenet,learned,noise,0.057475,0.9973507320070087,0.0014975971047151769,0.9958531349022935,0.9988483291117239
imagenet,learned,noise,0.0577125,0.9973338139922645,0.0015069395843267095,0.9958268744079378,0.9988407535765912
imagenet,learned,noise,0.05795,0.9973168959775203,0.0015163067932895732,0.9958005891842306,0.9988332027708099
imagenet,learned,noise,0.0581875,0.9972999779627759,0.0015256982761173016,0.9957742796866587,0.9988256762388932
imagenet,learned,noise,0.058425,0.9972830599480317,0.001535113587303739,0.9957479463607279,0.9988181735353354
imagenet,learned,noise,0.0586625,0.9972661419332876,0.00154455229108879,0.9957215896421988,0.9988106942243763
imagenet,learned,noise,0.0589,0.9972492239185432,0.0015540139612296268,0.9956952099573135,0.9988032378797729
imagenet,learned,noise,0.0591375,0.9972323059037991,0.0015634981807765094,0.9956688077230226,0.9987958040845756
imagenet,learned,noise,0.059375,0.9972153878890545,0.0015730045418536527,0.9956423833472009,0.9987883924309081
imagenet,learned,noise,0.0596125,0.9971984698743105,0.0015825326454449238,0.9956159372288655,0.9987810025197554
imagenet,learned,noise,0.05985,0.9971815518595663,0.0015920821011843403,0.9955894697583819,0.9987736339607506
imagenet,learned,noise,0.0600875,0.997164633844822,0.0016016525271512385,0.9955629813176707,0.9987662863719733
imagenet,learned,noise,0.060325,0.9971477158300776,0.0016112435496703778,0.9955364722804072,0.9987589593797479
imagenet,learned,noise,0.0605625,0.9971307978153333,0.0016208548031161364,0.9955099430122172,0.9987516526184494
imagenet,learned,noise,0.0608,0.9971138798005891,0.0016304859297218176,0.9954833938708673,0.9987443657303109
imagenet,learned,noise,0.0610375,0.9970969617858448,0.0016401365793929949,0.9954568252064518,0.9987370983652378
imagenet,learned,noise,0.061275,0.9970800437711006,0.0016498064095253051,0.9954302373615753,0.9987298501806259
imagenet,learned,noise,0.0615125,0.9970631257563564,0.0016594950848269271,0.9954036306715295,0.9987226208411832
imagenet,learned,noise,0.06175,0.997046207741612,0.001669202277144528,0.9953770054644675,0.9987154100187565
imagenet,learned,noise,0.0619875,0.9970292897268679,0.0016789276652942058,0.9953503620615737,0.9987082173921621
imagenet,learned,noise,0.062225,0.9970123717121236,0.001688670934895759,0.9953237007772279,0.9987010426470194
imagenet,learned,noise,0.0624625,0.9969954536973793,0.001698431778211648,0.9952970219191677,0.9986938854755909
imagenet,learned,noise,0.0627,0.9969788968569867,0.0017078533778211637,0.9952710434791655,0.9986867502348079
imagenet,learned,noise,0.0629375,0.9969626188466344,0.0017170204056114488,0.9952455984410229,0.9986796392522459
imagenet,learned,noise,0.063175,0.9969463408362821,0.0017262087842582654,0.9952201320520239,0.9986725496205403
imagenet,learned,noise,0.0634125,0.9969300628259296,0.0017354181746275993,0.9951946446513019,0.9986654810005572
imagenet,learned,noise,0.06365,0.9969137848155772,0.0017446482439788125,0.9951691365715984,0.998658433059556
imagenet,learned,noise,0.0638875,0.9968975068052249,0.001753898665836258,0.9951436081393886,0.9986514054710612
imagenet,learned,noise,0.064125,0.9968812287948726,0.0017631691198632257,0.9951180596750094,0.9986443979147358
imagenet,learned,noise,0.0643625,0.9968649016992129,0.0017725273084990686,0.9950923743907139,0.998637429007712
imagenet,learned,noise,0.0646,0.9968485524009966,0.0017819360584583842,0.9950666163425382,0.9986304884594549
imagenet,learned,noise,0.0648375,0.9968322031027804,0.0017913643632661031,0.9950408387395143,0.9986235674660465
imagenet,learned,noise,0.065075,0.9968158538045641,0.0018008119157790234,0.995015041888785,0.9986166657203431
imagenet,learned,noise,0.0653125,0.9967995045063479,0.0018102784146451108,0.9949892260917028,0.998609782920993
imagenet,learned,noise,0.06555,0.9967831552081315,0.0018197635641848228,0.9949633916439468,0.9986029187723163
imagenet,learned,noise,0.0657875,0.9967657859323221,0.0018278626769177222,0.9949379232554044,0.9985936486092398
imagenet,learned,noise,0.066025,0.9967480085162324,0.0018354267525114317,0.9949125817637209,0.9985834352687438
imagenet,learned,noise,0.0662625,0.9967302311001428,0.001843018887950532,0.9948872122121922,0.9985732499880934
imagenet,learned,noise,0.0665,0.9967124536840529,0.0018506387378935583,0.9948618149461593,0.9985630924219465
imagenet,learned,noise,0.0667375,0.9966946762679633,0.0018582859614128132,0.9948363903065505,0.9985529622293761
imagenet,learned,noise,0.066975,0.9966765637871647,0.0018661938872502315,0.9948103698999146,0.9985427576744149
imagenet,learned,noise,0.0672125,0.9966575285005592,0.0018747719277410362,0.9947827565728182,0.9985323004283002
imagenet,learned,noise,0.06745,0.9966384932139537,0.0018833761131510688,0.9947551171008027,0.9985218693271047
imagenet,learned,noise,0.0676875,0.9966194579273481,0.0018920060867863443,0.9947274518405618,0.9985114640141344
imagenet,learned,noise,0.067925,0.9966004226407427,0.0019006614973717264,0.9946997611433709,0.9985010841381144
imagenet,learned,noise,0.0681625,0.9965813873541371,0.0019093419989757113,0.9946720453551614,0.9984907293531129
imagenet,learned,noise,0.0684,0.9965623520675315,0.0019180472509352058,0.9946443048165963,0.9984803993184668
imagenet,learned,noise,0.0686375,0.9965433167809259,0.0019267769177810775,0.9946165398631448,0.998470093698707
imagenet,learned,noise,0.068875,0.9965242814943204,0.0019355306691639133,0.9945887508251564,0.9984598121634843
imagenet,learned,noise,0.0691125,0.9965052462077147,0.0019443081797803229,0.9945609380279344,0.998449554387495
imagenet,learned,noise,0.06935,0.9964862109211093,0.0019531091292995851,0.9945331017918098,0.9984393200504089
imagenet,learned,noise,0.0695875,0.9964671756345038,0.0019619332022912032,0.9945052424322126,0.998429108836795
imagenet,learned,noise,0.069825,0.9964477656878455,0.0019702296431912012,0.9944775360446544,0.9984179953310367
imagenet,learned,noise,0.0700625,0.9964272090369959,0.0019768569938321185,0.9944503520431638,0.998404066030828
imagenet,learned,noise,0.0703,0.996406652386146,0.0019834956541156024,0.9944231567320304,0.9983901480402616
imagenet,learned,noise,0.0705375,0.9963860957352962,0.0019901455108627193,0.9943959502244335,0.998376241246159
imagenet,learned,noise,0.070775,0.9963661590274285,0.0019969551124160746,0.9943692039150125,0.9983631141398446
imagenet,learned,noise,0.0710125,0.9963488539340238,0.0020044206471522795,0.9943444332868716,0.9983532745811761
imagenet,learned,noise,0.07125,0.9963315488406194,0.0020119202073060295,0.9943196286333134,0.9983434690479254
imagenet,learned,noise,0.0714875,0.9963142437472151,0.0020194534138010083,0.9942947903334141,0.9983336971610162
imagenet,learned,noise,0.071725,0.9962969386538104,0.0020270198915079895,0.9942699187623024,0.9983239585453184
imagenet,learned,noise,0.0719625,0.9962796335604059,0.002034619269233361,0.9942450142911726,0.9983142528296393
imagenet,learned,noise,0.0722,0.9962623284670017,0.002042251179706466,0.9942200772872952,0.9983045796467082
imagenet,learned,noise,0.0724375,0.996245023373597,0.0020499152595655446,0.9941951081140314,0.9982949386331625
imagenet,learned,noise,0.072675,0.9962277182801927,0.0020576111493420817,0.9941701071308506,0.9982853294295349
imagenet,learned,noise,0.0729125,0.9962104131867884,0.0020653384934446887,0.9941450746933437,0.9982757516802331
imagenet,learned,noise,0.07315,0.9961931080933836,0.0020730969401410414,0.9941200111532426,0.9982662050335246
imagenet,learned,noise,0.0733875,0.9961758029999793,0.0020808861415392383,0.9940949168584401,0.9982566891415185
imagenet,learned,noise,0.073625,0.9961584979065746,0.002088705753568018,0.9940697921530066,0.9982472036601426
imagenet,learned,noise,0.0738625,0.9961411928131704,0.002096555435956001,0.9940446373772144,0.9982377482491264
imagenet,learned,noise,0.0741,0.9961238877197659,0.002104434852209781,0.9940194528675561,0.9982283225719757
imagenet,learned,noise,0.0743375,0.9961065826263612,0.0021123436695916213,0.9939942389567695,0.9982189262959529
imagenet,learned,noise,0.074575,0.996089277532957,0.0021202815590960697,0.9939689959738609,0.998209559092053
imagenet,learned,noise,0.0748125,0.9960719724395525,0.002128248195425565,0.9939437242441269,0.998200220634978
imagenet,learned,noise,0.07505,0.996054667346148,0.002136243256965752,0.9939184240891823,0.9981909106031137
imagenet,learned,noise,0.0752875,0.9960373622527436,0.002144266425759951,0.9938930958269837,0.9981816286785036
imagenet,learned,noise,0.075525,0.9960200571593392,0.002152317387482896,0.9938677397718563,0.9981723745468221
imagenet,learned,noise,0.0757625,0.9960027520659346,0.0021603958314140533,0.9938423562345206,0.9981631478973486
imagenet,learned,noise,0.076,0.9959854469725301,0.0021685014504102726,0.9938169455221199,0.9981539484229404
imagenet,learned,noise,0.0762375,0.9959681418791257,0.002176633940877985,0.9937915079382478,0.9981447758200037
imagenet,learned,noise,0.076475,0.9959508367857212,0.002184793002744807,0.9937660437829764,0.9981356297884659
imagenet,learned,noise,0.0767125,0.9959335316923168,0.002192978339431015,0.9937405533528858,0.9981265100317478
imagenet,learned,noise,0.07695,0.9959162265989123,0.002201189657820272,0.9937150369410921,0.9981174162567326
imagenet,learned,noise,0.0771875,0.9958989215055079,0.0022094266682300932,0.9936894948372778,0.998108348173738
imagenet,learned,noise,0.077425,0.9958816164121034,0.0022176890843821637,0.9936639273277212,0.9980993054964855
imagenet,learned,noise,0.0776625,0.9958643113186988,0.002225976623372258,0.9936383346953266,0.998090287942071
imagenet,learned,noise,0.0779,0.9958470062252944,0.0022342890056395092,0.9936127172196549,0.9980812952309339
imagenet,learned,noise,0.0781375,0.99582970113189,0.002242625954936284,0.9935870751769537,0.9980723270868262
imagenet,learned,noise,0.078375,0.9958123960384854,0.0022509871982968697,0.9935614088401885,0.9980633832367822
imagenet,learned,noise,0.0786125,0.995795090945081,0.002259372466006648,0.9935357184790744,0.9980544634110876
imagenet,learned,noise,0.07885,0.9957777858516765,0.002267781491570968,0.9935100043601056,0.9980455673432475
imagenet,learned,noise,0.0790875,0.9957605003649069,0.002276199818641451,0.9934843005462655,0.9980367001835484
imagenet,learned,noise,0.079325,0.9957433146593037,0.0022845695488068886,0.9934587451104968,0.9980278842081105
imagenet,learned,noise,0.0795625,0.9957261289537006,0.002292962938669956,0.9934331660150306,0.9980190918923706
imagenet,learned,noise,0.0798,0.9957089432480973,0.0023013797293621246,0.9934075635187352,0.9980103229774595
imagenet,learned,noise,0.0800375,0.9956917575424943,0.002309819665071236,0.993381937877423,0.9980015772075655
imagenet,learned,noise,0.080275,0.9956745718368912,0.0023182824930122825,0.993356289343879,0.9979928543299035
imagenet,learned,noise,0.0805125,0.9956573861312878,0.00232676796339701,0.9933306181678908,0.9979841540946849
imagenet,learned,noise,0.08075,0.9956402004256847,0.002335275829404434,0.9933049245962803,0.9979754762550891
imagenet,learned,noise,0.0809875,0.9956230147200814,0.002343805847150463,0.993279208872931,0.9979668205672318
imagenet,learned,noise,0.081225,0.9956061933022119,0.0023517879636409528,0.9932544053385709,0.9979579812658529
imagenet,learned,noise,0.0814625,0.9955899948608197,0.002358815740174381,0.9932311791206453,0.997948810600994
imagenet,learned,noise,0.0817,0.9955737964194272,0.0023658627177125745,0.9932079337017147,0.9979396591371398
imagenet,learned,noise,0.0819375,0.9955571977651173,0.002372495319320726,0.9931847024457966,0.997929693084438
imagenet,learned,noise,0.082175,0.9955403725628925,0.0023789058663741887,0.9931614666965183,0.9979192784292668
imagenet,learned,noise,0.0824125,0.9955235473606678,0.002385340479552518,0.9931382068811153,0.9979088878402204
imagenet,learned,noise,0.08265,0.9955067221584429,0.002391798964621663,0.9931149231938212,0.9978985211230647
imagenet,learned,noise,0.0828875,0.9954898969562179,0.0023982811287232364,0.9930916158274947,0.9978881780849411
imagenet,learned,noise,0.083125,0.9954730717539934,0.0024047867803749577,0.9930682849736184,0.9978778585343683
imagenet,learned,noise,0.0833625,0.9954562465517686,0.0024113157294708785,0.9930449308222977,0.9978675622812394
imagenet,learned,noise,0.0836,0.9954394213495439,0.002417867787281229,0.9930215535622626,0.9978572891368251
imagenet,learned,noise,0.0838375,0.9954225961473188,0.0024244427664521597,0.9929981533808666,0.9978470389137709
imagenet,learned,noise,0.084075,0.995405770945094,0.0024310404810046716,0.9929747304640894,0.9978368114260986
imagenet,learned,noise,0.0843125,0.9953889457428694,0.00243766074633368,0.9929512849965357,0.9978266064892031
imagenet,learned,noise,0.08455,0.9953734290635762,0.002443172833839201,0.992930256229737,0.9978166018974154
imagenet,learned,noise,0.0847875,0.9953580248616808,0.002448607188827415,0.9929094176728533,0.9978066320505082
imagenet,learned,noise,0.085025,0.9953426206597853,0.002454060747487519,0.9928885599122977,0.9977966814072728
imagenet,learned,noise,0.0852625,0.9953272164578898,0.0024595333820777447,0.9928676830758121,0.9977867498399675
imagenet,learned,noise,0.0855,0.9953118122559944,0.0024650249655459493,0.9928467872904485,0.9977768372215403
imagenet,learned,noise,0.0857375,0.9952948953576642,0.0024695393094102337,0.9928253560482541,0.9977644346670744
imagenet,learned,noise,0.085975,0.9952774580148445,0.0024737195231974035,0.992803738491647,0.9977511775380419
imagenet,learned,noise,0.0862125,0.995260020672025,0.00247790677251968,0.9927821138995053,0.9977379274445447
imagenet,learned,noise,0.08645,0.9952425833292055,0.0024821010217707055,0.9927604823074347,0.9977246843509762
imagenet,learned,noise,0.0866875,0.9952251459863858,0.0024863022355250093,0.9927388437508607,0.9977114482219108
imagenet,learned,noise,0.086925,0.9952077086435662,0.0024905103785375486,0.9927171982650287,0.9976982190221038
imagenet,learned,noise,0.0871625,0.9951902713007464,0.00249472541574323,0.9926955458850032,0.9976849967164897
imagenet,learned,noise,0.0874,0.995172833957927,0.00249894731225621,0.9926738866456708,0.9976717812701832
imagenet,learned,noise,0.0876375,0.9951553966151073,0.002503176033369396,0.992652220581738,0.9976585726484767
imagenet,learned,noise,0.087875,0.9951379592722879,0.0025074115445539637,0.992630547727734,0.9976453708168418
imagenet,learned,noise,0.0881125,0.9951205219294681,0.0025116538114587973,0.9926088681180093,0.9976321757409269
imagenet,learned,noise,0.08835,0.9951030845866485,0.0025159027999097534,0.9925871817867388,0.9976189873865583
imagenet,learned,noise,0.0885875,0.9950864391459621,0.002521316961927683,0.9925651221840344,0.9976077561078898
imagenet,learned,noise,0.088825,0.9950699938269558,0.0025270347253438736,0.9925429591016119,0.9975970285522997
imagenet,learned,noise,0.0890625,0.9950535485079497,0.002532763724959423,0.9925207847829902,0.9975863122329092
imagenet,learned,noise,0.0893,0.9950371031889432,0.0025385038846994375,0.9924985993042438,0.9975756070736427
imagenet,learned,noise,0.0895375,0.995020657869937,0.0025442551290279377,0.9924764027409091,0.9975649129989649
imagenet,learned,noise,0.089775,0.9950042125509309,0.0025500173829452236,0.9924541951679856,0.9975542299338761
imagenet,learned,noise,0.0900125,0.9949877672319247,0.0025557905719850284,0.9924319766599397,0.9975435578039098
imagenet,learned,noise,0.09025,0.9949713219129185,0.0025615746222118134,0.9924097472907066,0.9975328965351303
imagenet,learned,noise,0.0904875,0.9949548765939121,0.0025673694602177466,0.9923875071336944,0.9975222460541299
imagenet,learned,noise,0.090725,0.9949384312749059,0.002573175013119953,0.992365256261786,0.9975116062880258
imagenet,learned,noise,0.0909625,0.9949219859558998,0.0025789912085577757,0.992342994747342,0.9975009771644575
imagenet,learned,noise,0.0912,0.9949055406368935,0.002584817974689659,0.9923207226622038,0.9974903586115832
imagenet,learned,noise,0.0914375,0.994889095317887,0.0025906552401904403,0.9922984400776966,0.9974797505580775
imagenet,learned,noise,0.091675,0.9948726499988809,0.0025965029342484365,0.9922761470646325,0.9974691529331293
imagenet,learned,noise,0.0919125,0.9948562046798747,0.002602360986562438,0.9922538436933123,0.9974585656664371
imagenet,learned,noise,0.09215,0.9948397593608685,0.0026082293273389416,0.9922315300335296,0.9974479886882075
imagenet,learned,noise,0.0923875,0.9948233140418622,0.002614107887289051,0.9922092061545732,0.9974374219291512
imagenet,learned,noise,0.092625,0.994806868722856,0.002619996597625618,0.9921868721252304,0.9974268653204815
imagenet,learned,noise,0.0928625,0.9947904234038497,0.002625895390060287,0.9921645280137894,0.99741631879391
imagenet,learned,noise,0.0931,0.9947739780848434,0.0026318041968005548,0.9921421738880428,0.9974057822816439
imagenet,learned,noise,0.0933375,0.9947575327658372,0.002637722950546763,0.9921198098152905,0.997395255716384
imagenet,learned,noise,0.093575,0.994741087446831,0.0026436515844892356,0.9920974358623418,0.9973847390313202
imagenet,learned,noise,0.0938125,0.9947246421278245,0.0026495900323051476,0.9920750520955194,0.9973742321601297
imagenet,learned,noise,0.09405,0.9947081968088186,0.0026555382281556947,0.9920526585806629,0.9973637350369743
imagenet,learned,noise,0.0942875,0.9946917514898121,0.002661496106682997,0.9920302553831292,0.9973532475964951
imagenet,learned,noise,0.094525,0.994675306170806,0.002667463603007251,0.9920078425677987,0.9973427697738133
imagenet,learned,noise,0.0947625,0.9946588608517998,0.0026734406527235896,0.9919854201990762,0.9973323015045233
imagenet,learned,noise,0.095,0.9946424155327933,0.0026794271918992173,0.9919629883408941,0.9973218427246925
imagenet,learned,adversarial,0.0,1.0,0.0,1.0,1.0
imagenet,learned,adversarial,0.0002375,0.9999695294748574,2.183502455165337e-05,0.9999476944503057,0.9999913644994091
imagenet,learned,adversarial,0.000475,0.9999390589497145,4.367004910331456e-05,0.9998953889006111,0.9999827289988178
imagenet,learned,adversarial,0.0007125,0.9999085884245721,6.550507365493411e-05,0.9998430833509172,0.999974093498227
imagenet,learned,adversarial,0.00095,0.9998781178994293,8.734009820660126e-05,0.9997907778012226,0.9999654579976359
imagenet,learned,adversarial,0.0011875,0.9998476473742866,0.00010917512275824866,0.9997384722515283,0.9999568224970448
imagenet,learned,adversarial,0.001425,0.9998171768491438,0.000131010147309919,0.999686166701834,0.9999481869964537
imagenet,learned,adversarial,0.0016625,0.9997867063240012,0.00015284517186157234,0.9996338611521397,0.9999395514958628
imagenet,learned,adversarial,0.0019,0.9997562357988586,0.00017468019641318048,0.9995815556024454,0.9999309159952718
imagenet,learned,adversarial,0.0021375,0.9997257652737158,0.0001965152209648531,0.999529250052751,0.9999222804946807
imagenet,learned,adversarial,0.002375,0.9996952947485731,0.000218350245516501,0.9994769445030566,0.9999136449940896
imagenet,learned,adversarial,0.0026125,0.9996648242234305,0.00024018527006816764,0.9994246389533623,0.9999050094934987
imagenet,learned,adversarial,0.00285,0.9996343536982878,0.0002620202946197817,0.999372333403668,0.9998963739929075
imagenet,learned,adversarial,0.0030875,0.9996038831731452,0.00028385531917142915,0.9993200278539738,0.9998877384923166
imagenet,learned,adversarial,0.003325,0.9995734126480024,0.00030569034372309627,0.9992677223042793,0.9998791029917254
imagenet,learned,adversarial,0.0035625,0.9995429421228597,0.0003275253682747497,0.9992154167545849,0.9998704674911344
imagenet,learned,adversarial,0.0038,0.9995124715977171,0.00034936039282641945,0.9991631112048907,0.9998618319905435
imagenet,learned,adversarial,0.0040375,0.9994820010725745,0.00037119541737803356,0.9991108056551964,0.9998531964899525
imagenet,learned,adversarial,0.004275,0.999442711152838,0.00040940677536164253,0.9990333043774764,0.9998521179281996
imagenet,learned,adversarial,0.0045125,0.9993997843734279,0.00045508567736490444,0.9989446986960631,0.9998548700507928
imagenet,learned,adversarial,0.00475,0.9993568575940176,0.0005013945080943256,0.9988554630859233,0.9998582521021119
imagenet,learned,adversarial,0.0049875,0.9993139308146076,0.0005481736446833697,0.9987657571699242,0.999862104459291
imagenet,learned,adversarial,0.005225,0.9992710040351973,0.0005953122287317304,0.9986756918064655,0.9998663162639291
imagenet,learned,adversarial,0.0054625,0.9992280772557872,0.0006427311783346599,0.9985853460774525,0.9998708084341219
imagenet,learned,adversarial,0.0057,0.9991851504763773,0.0006903727243331542,0.9984947777520442,0.9998755232007105
imagenet,learned,adversarial,0.0059375,0.999142223696967,0.0007381937702098873,0.9984040299267571,0.9998804174671769
imagenet,learned,adversarial,0.006175,0.999099296917557,0.0007861615605103074,0.9983131353570467,0.9998854584780672
imagenet,learned,adversarial,0.0064125,0.9990563701381469,0.0008342507830653409,0.9982221193550815,0.9998906209212122
imagenet,learned,adversarial,0.00665,0.9990134433587367,0.0008824415855115344,0.9981310017732251,0.9998958849442482
imagenet,learned,adversarial,0.0068875,0.9989705165793265,0.0009307181891468879,0.9980397983901795,0.9999012347684734
imagenet,learned,adversarial,0.007125,0.9989275897999166,0.0009790679018083863,0.9979485218981082,0.9999066577017249
imagenet,learned,adversarial,0.0073625,0.9988846630205064,0.001027480402765841,0.9978571826177406,0.9999121434232722
imagenet,learned,adversarial,0.0076,0.9988418993462368,0.0010760908043452393,0.9977658085418916,0.999917990150582
imagenet,learned,adversarial,0.0078375,0.9987992282577566,0.0011248283729818238,0.9976743998847748,0.9999240566307384
imagenet,learned,adversarial,0.008075,0.9987565571692764,0.0011736055712573664,0.997582951598019,0.9999301627405337
imagenet,learned,adversarial,0.0083125,0.9987138860807963,0.0012224176552474344,0.9974914684255488,0.9999363037360437
imagenet,learned,adversarial,0.00855,0.9986739604032885,0.0012651375008870059,0.9974088229024015,0.9999390979041755
imagenet,learned,adversarial,0.0087875,0.998651362788082,0.0012693157091447098,0.9973820470789373,0.9999206784972267
imagenet,learned,adversarial,0.009025,0.9986329508698347,0.0012718318766838095,0.9973611189931509,0.9999047827465185
imagenet,learned,adversarial,0.0092625,0.9986184407870731,0.0012727535195308829,0.9973456872675421,0.999891194306604
imagenet,learned,adversarial,0.0095,0.9986047368514682,0.0012739936287698022,0.9973307432226984,0.999878730480238
imagenet,learned,adversarial,0.0097375,0.9985947890735484,0.0012763849145769593,0.9973184041589714,0.9998711739881253
imagenet,learned,adversarial,0.009975,0.9985848412956285,0.00127884782784681,0.9973059934677817,0.9998636891234753
imagenet,learned,adversarial,0.0102125,0.9985748935177087,0.0012813819555591577,0.9972935115621495,0.9998562754732678
imagenet,learned,adversarial,0.01045,0.9985649457397888,0.0012839868760591317,0.9972809588637297,0.999848932615848
imagenet,learned,adversarial,0.0106875,0.9985549979618688,0.001286662159374774,0.997268335802494,0.9998416601212435
imagenet,learned,adversarial,0.010925,0.998545050183949,0.001289407367536386,0.9972556428164127,0.9998344575514854
imagenet,learned,adversarial,0.0111625,0.9985351024060293,0.0012922220548971194,0.9972428803511322,0.9998273244609264
imagenet,learned,adversarial,0.0114,0.9985251546281092,0.0012951057684541857,0.997230048859655,0.9998202603965634
imagenet,learned,adversarial,0.0116375,0.9985152068501894,0.0012980580481701883,0.9972171488020192,0.9998132648983595
imagenet,learned,adversarial,0.011875,0.9985052590722695,0.001301078427294379,0.9972041806449751,0.9998063374995639
imagenet,learned,adversarial,0.0121125,0.9984953112943497,0.0013041664326831045,0.9971911448616666,0.9997994777270327
imagenet,learned,adversarial,0.01235,0.9984830270469184,0.0013048687722673348,0.9971781582746511,0.9997878958191857
imagenet,learned,adversarial,0.0125875,0.9984672314239896,0.0013020409159079035,0.9971651905080817,0.9997692723398975
imagenet,learned,adversarial,0.012825,0.9984514358010609,0.0012994083335870076,0.9971520274674739,0.9997508441346479
imagenet,learned,adversarial,0.0130625,0.9984356401781319,0.001296972214401534,0.9971386679637304,0.9997326123925334
imagenet,learned,adversarial,0.0133,0.9984198445552033,0.0012947336673235874,0.9971251108878797,0.9997145782225269
imagenet,learned,adversarial,0.0135375,0.9983911200741492,0.001322255799517242,0.9970688642746319,0.9997133758736665
imagenet,learned,adversarial,0.013775,0.9983584144888645,0.0013593749289065751,0.996999039559958,0.9997177894177711
imagenet,learned,adversarial,0.0140125,0.9983257089035794,0.0013969883383106818,0.9969287205652687,0.9997226972418901
imagenet,learned,adversarial,0.01425,0.9982931114708182,0.0014350780486749276,0.9968580334221433,0.9997281895194932
imagenet,learned,adversarial,0.0144875,0.9982607679053453,0.0014736379780894832,0.9967871299272558,0.9997344058834349
imagenet,learned,adversarial,0.014725,0.9982284243398726,0.001512587467124569,0.996715836872748,0.9997410118069971
imagenet,learned,adversarial,0.0149625,0.9981960807743997,0.0015518971845752683,0.9966441835898244,0.999747977958975
imagenet,learned,adversarial,0.0152,0.9981637372089268,0.0015915404386438318,0.996572196770283,0.9997552776475707
imagenet,learned,adversarial,0.0154375,0.998131393643454,0.0016314929159332004,0.9964999007275208,0.9997628865593873
imagenet,learned,adversarial,0.015675,0.9980990500779813,0.0016717324463554207,0.9964273176316258,0.9997707825243367
imagenet,learned,adversarial,0.0159125,0.9980667065125083,0.0017122387918191327,0.9963544677206891,0.9997789453043274
imagenet,learned,adversarial,0.01615,0.9980301410904664,0.0017494450660522538,0.9962806960244142,0.9997795861565186
imagenet,learned,adversarial,0.0163875,0.9979887632568807,0.0017830726032037239,0.9962056906536769,0.9997718358600844
imagenet,learned,adversarial,0.016625,0.9979473854232951,0.0018172233242081627,0.9961301620990869,0.9997646087475033
imagenet,learned,adversarial,0.0168625,0.9979060075897094,0.0018518682848372037,0.9960541393048722,0.9997578758745466
imagenet,learned,adversarial,0.0171,0.9978646297561239,0.0018869802625663202,0.9959776494935576,0.9997516100186902
imagenet,learned,adversarial,0.0173375,0.9978232519225383,0.001922533669622753,0.9959007182529155,0.9997457855921611
imagenet,learned,adversarial,0.017575,0.9977818740889526,0.0019585044658975616,0.9958233696230551,0.9997403785548501
imagenet,learned,adversarial,0.0178125,0.997740496255367,0.001994870072871281,0.9957456261824957,0.9997353663282382
imagenet,learned,adversarial,0.01805,0.9976991184217813,0.002031609289436231,0.995667509132345,0.9997307277112175
imagenet,learned,adversarial,0.0182875,0.9976577405881958,0.0020687022102755426,0.9955890383779202,0.9997264427984713
imagenet,learned,adversarial,0.018525,0.9976163627546102,0.0021061301472756998,0.9955102326073345,0.9997224929018859
imagenet,learned,adversarial,0.0187625,0.9975749849210245,0.00214387555429822,0.9954311093667263,0.9997188604753227
imagenet,learned,adversarial,0.019,0.9975336070874391,0.0021819219555155164,0.9953516851319236,0.9997155290429546
imagenet,learned,adversarial,0.0192375,0.9974943641154996,0.0022150702460172894,0.9952792938694823,0.9997094343615169
imagenet,learned,adversarial,0.019475,0.9974656288270959,0.0022229802842632725,0.9952426485428326,0.9996886091113591
imagenet,learned,adversarial,0.0197125,0.997436893538692,0.0022311626956535847,0.9952057308430384,0.9996680562343456
imagenet,learned,adversarial,0.01995,0.9974047023614446,0.0022381986935329926,0.9951665036679116,0.9996429010549777
imagenet,learned,adversarial,0.0201875,0.997365046574342,0.002242448945646123,0.9951225976286959,0.9996074955199881
imagenet,learned,adversarial,0.020425,0.997325390787239,0.0022469727338324786,0.9950784180534066,0.9995723635210715
imagenet,learned,adversarial,0.0206625,0.9972857350001364,0.002251768409496121,0.9950339665906403,0.9995375034096325
imagenet,learned,adversarial,0.0209,0.9972458699787574,0.0022566491856115746,0.9949892207931459,0.9995025191643689
imagenet,learned,adversarial,0.0211375,0.9972057045742447,0.0022615194282999394,0.9949441851459448,0.9994672240025446
imagenet,learned,adversarial,0.021375,0.9971655391697322,0.0022666376253986467,0.9948989015443335,0.9994321767951309
imagenet,learned,adversarial,0.0216125,0.9971253737652193,0.002272002101188631,0.9948533716640307,0.9993973758664079
imagenet,learned,adversarial,0.02185,0.9970852083607067,0.0022776111154840218,0.9948075972452227,0.9993628194761907
imagenet,learned,adversarial,0.0220875,0.997045042956194,0.002283462866259365,0.9947615800899346,0.9993285058224534
imagenet,learned,adversarial,0.022325,0.9970048775516812,0.0022895554923242833,0.994715322059357,0.9992944330440054
imagenet,learned,adversarial,0.0225625,0.9969647121471684,0.002295887076037773,0.9946688250711306,0.9992605992232062
imagenet,learned,adversarial,0.0228,0.996924546742656,0.002302455646052784,0.9946220910966032,0.9992270023887088
imagenet,learned,adversarial,0.0230375,0.9968843813381433,0.002309259180083875,0.9945751221580594,0.9991936405182271
imagenet,learned,adversarial,0.023275,0.9968442159336305,0.002316295607689301,0.9945279203259412,0.9991605115413198
imagenet,learned,adversarial,0.0235125,0.9968040505291179,0.002323562813060585,0.9944804877160573,0.9991276133421785
imagenet,learned,adversarial,0.02375,0.9967638851246051,0.0023310586378110032,0.9944328264867941,0.9990949437624161
imagenet,learned,adversarial,0.0239875,0.9967237197200925,0.0023387808837569387,0.9943849388363356,0.9990625006038495
imagenet,learned,adversarial,0.024225,0.9966835543155798,0.002346727315684189,0.9943368269998956,0.999030281631264
imagenet,learned,adversarial,0.0244625,0.9966433889110671,0.0023548956640937844,0.9942884932469733,0.9989982845751608
imagenet,learned,adversarial,0.0247,0.9966032235065545,0.0023632836279201142,0.9942399398786343,0.9989665071344747
imagenet,learned,adversarial,0.0249375,0.9965630581020418,0.0023718888772160294,0.9941911692248258,0.9989349469792579
imagenet,learned,adversarial,0.025175,0.9965228926975293,0.0023807090557992896,0.99414218364173,0.9989036017533285
imagenet,learned,adversarial,0.0254125,0.9964827272930163,0.0023897417838558157,0.9940929855091605,0.9988724690768722
imagenet,learned,adversarial,0.02565,0.9964425618885038,0.002398984660494137,0.9940435772280096,0.9988415465489979
imagenet,learned,adversarial,0.0258875,0.9964023964839912,0.0024084352662474095,0.9939939612177437,0.9988108317502387
imagenet,learned,adversarial,0.026125,0.9963622310794783,0.002418091165518825,0.9939441399139595,0.9987803222449971
imagenet,learned,adversarial,0.0263625,0.9963220656749657,0.002427949908967261,0.9938941157659985,0.998750015583933
imagenet,learned,adversarial,0.0266,0.9962820066186394,0.002438051456710156,0.9938439551619292,0.9987200580753496
imagenet,learned,adversarial,0.0268375,0.996246441536127,0.0024501569265943015,0.9937962846095326,0.9986965984627213
imagenet,learned,adversarial,0.027075,0.9962108764536143,0.0024624835108094825,0.9937483929428048,0.9986733599644237
imagenet,learned,adversarial,0.0273125,0.9961753113711017,0.002475027905656474,0.9937002834654453,0.9986503392767582
imagenet,learned,adversarial,0.02755,0.9961397462885891,0.0024877868162781073,0.993651959472311,0.9986275331048673
imagenet,learned,adversarial,0.0277875,0.9961041812060766,0.0025007569592855705,0.993603424246791,0.9986049381653621
imagenet,learned,adversarial,0.028025,0.996068616123564,0.0025139350652477843,0.9935546810583162,0.9985825511888118
imagenet,learned,adversarial,0.0282625,0.9960330510410514,0.0025273178810447878,0.9935057331600067,0.9985603689220962
imagenet,learned,adversarial,0.0285,0.9959974859585388,0.002540902172086604,0.9934565837864522,0.9985383881306253
imagenet,learned,adversarial,0.0287375,0.9959619208760263,0.0025546847243992747,0.9934072361516271,0.9985166056004255
imagenet,learned,adversarial,0.028975,0.9959263557935137,0.0025686623465809638,0.9933576934469328,0.9984950181400947
imagenet,learned,adversarial,0.0292125,0.9958907907110012,0.002582831871629628,0.9933079588393715,0.9984736225826308
imagenet,learned,adversarial,0.02945,0.9958560928917585,0.00259710890590193,0.9932589839858565,0.9984532017976604
imagenet,learned,adversarial,0.0296875,0.9958289567847761,0.002610835499704983,0.9932181212850711,0.9984397922844811
imagenet,learned,adversarial,0.029925,0.9958018206777935,0.0026246952046114127,0.9931771254731822,0.9984265158824049
imagenet,learned,adversarial,0.0301625,0.9957746845708114,0.002638685923122825,0.9931359986476886,0.9984133704939342
imagenet,learned,adversarial,0.0304,0.9957475484638291,0.0026528055823691822,0.9930947428814599,0.9984003540461982
imagenet,learned,adversarial,0.0306375,0.9957204123568465,0.0026670521344730434,0.9930533602223734,0.9983874644913195
imagenet,learned,adversarial,0.030875,0.9956932762498644,0.0026814235568688454,0.9930118526929955,0.9983746998067332
imagenet,learned,adversarial,0.0311125,0.9956661401428818,0.0026959178525784336,0.9929702222903034,0.9983620579954602
imagenet,learned,adversarial,0.03135,0.9956390040358998,0.002710533050445451,0.9929284709854543,0.9983495370863452
imagenet,learned,adversarial,0.0315875,0.9956118679289173,0.002725267205330301,0.992886600723587,0.9983371351342476
imagenet,learned,adversarial,0.031825,0.9955847318219347,0.002740118398267926,0.9928446134236668,0.9983248502202027
imagenet,learned,adversarial,0.0320625,0.9955575957149527,0.0027550847365897424,0.992802510978363,0.9983126804515424
imagenet,learned,adversarial,0.0323,0.9955304596079703,0.0027701643540120956,0.9927602952539581,0.9983006239619824
imagenet,learned,adversarial,0.0325375,0.9955033235009879,0.0027853554106926004,0.9927179680902953,0.9982886789116805
imagenet,learned,adversarial,0.032775,0.9954761873940057,0.002800656093256654,0.992675531300749,0.9982768434872623
imagenet,learned,adversarial,0.0330125,0.9954490512870232,0.0028160646147953497,0.9926329866722279,0.9982651159018185
imagenet,learned,adversarial,0.03325,0.9954219151800409,0.0028315792148367568,0.9925903359652041,0.9982534943948776
imagenet,learned,adversarial,0.0334875,0.9953947790730585,0.002847198159291757,0.9925475809137667,0.9982419772323503
imagenet,learned,adversarial,0.033725,0.9953648725902414,0.002861397873032027,0.9925034747172093,0.9982262704632735
imagenet,learned,adversarial,0.0339625,0.9953315301981656,0.002873875827192441,0.9924576543709731,0.998205406025358
imagenet,learned,adversarial,0.0342,0.9952981878060893,0.0028865419520230137,0.9924116458540663,0.9981847297581122
imagenet,learned,adversarial,0.0344375,0.9952648454140132,0.002899393781430058,0.9923654516325832,0.9981642391954432
imagenet,learned,adversarial,0.034675,0.9952315030219371,0.0029124288570093375,0.9923190741649277,0.9981439318789465
imagenet,learned,adversarial,0.0349125,0.9951981606298609,0.0029256447294272007,0.9922725159004336,0.9981238053592881
imagenet,learned,adversarial,0.03515,0.9951648182377849,0.0029390389597363487,0.9922257792780486,0.9981038571975213
imagenet,learned,adversarial,0.0353875,0.9951314758457088,0.0029526091206270393,0.9921788667250818,0.9980840849663358
imagenet,learned,adversarial,0.035625,0.9950981334536326,0.0029663527976137288,0.9921317806560189,0.9980644862512463
imagenet,learned,adversarial,0.0358625,0.9950685362432136,0.0029783291196687125,0.9920902071235449,0.9980468653628822
imagenet,learned,adversarial,0.0361,0.9950405809913471,0.0029895757783673983,0.9920510052129796,0.9980301567697145
imagenet,learned,adversarial,0.0363375,0.9950126257394807,0.0030009325439080588,0.9920116931955726,0.9980135582833888
imagenet,learned,adversarial,0.036575,0.9949846704876143,0.003012398170979918,0.9919722723166344,0.9979970686585942
imagenet,learned,adversarial,0.0368125,0.9949567152357478,0.00302397142131192,0.9919327438144359,0.9979806866570597
imagenet,learned,adversarial,0.03705,0.9949287599838814,0.0030356510639812147,0.9918931089199002,0.9979644110478626
imagenet,learned,adversarial,0.0372875,0.994900804732015,0.0030474358757060496,0.991853368856309,0.997948240607721
imagenet,learned,adversarial,0.037525,0.9948728494801485,0.003059324641122859,0.9918135248390256,0.9979321741212714
imagenet,learned,adversarial,0.0377625,0.9948448942282822,0.003071316153048105,0.991773578075234,0.9979162103813303
imagenet,learned,adversarial,0.038,0.9948169389764158,0.0030834092127250677,0.9917335297636907,0.9979003481891409
imagenet,learned,adversarial,0.0382375,0.9947889837245493,0.0030956026300564678,0.9916933810944928,0.9978845863546058
imagenet,learned,adversarial,0.038475,0.9947610284726828,0.003107895223822415,0.9916531332488604,0.9978689236965052
imagenet,learned,adversarial,0.0387125,0.9947330732208165,0.0031202858218848228,0.9916127873989317,0.9978533590427013
imagenet,learned,adversarial,0.03895,0.9947051179689499,0.0031327732613777907,0.991572344707572,0.9978378912303277
imagenet,learned,adversarial,0.0391875,0.9946771627170835,0.0031453563888854978,0.991531806328198,0.997822519105969
imagenet,learned,adversarial,0.039425,0.9946532943675682,0.0031497370165332788,0.9915035573510349,0.9978030313841015
imagenet,learned,adversarial,0.0396625,0.9946295051845192,0.003154079172396848,0.9914754260121224,0.997783584356916
imagenet,learned,adversarial,0.0399,0.99460571600147,0.0031585433439583295,0.9914471726575116,0.9977642593454283
imagenet,learned,adversarial,0.0401375,0.9945819268184207,0.0031631290146099163,0.9914187978038108,0.9977450558330306
imagenet,learned,adversarial,0.040375,0.9945581376353716,0.0031678356567156397,0.991390301978656,0.9977259732920872
imagenet,learned,adversarial,0.0406125,0.9945343484523224,0.003172662731892307,0.99136168572043,0.9977070111842147
imagenet,learned,adversarial,0.04085,0.9945105592692732,0.003177609691294095,0.9913329495779791,0.9976881689605673
imagenet,learned,adversarial,0.0410875,0.994486770086224,0.0031826759758985246,0.9913040941103255,0.9976694460621225
imagenet,learned,adversarial,0.041325,0.9944629809031748,0.003187861016795628,0.9912751198863792,0.9976508419199703
imagenet,learned,adversarial,0.0415625,0.9944391917201257,0.0031931642354781375,0.9912460274846476,0.9976323559556038
imagenet,learned,adversarial,0.0418,0.9944154025370766,0.003198585044133707,0.9912168174929429,0.9976139875812103
imagenet,learned,adversarial,0.0420375,0.9943916133540274,0.003204122845938245,0.9911874905080891,0.9975957361999657
imagenet,learned,adversarial,0.042275,0.9943678241709781,0.0032097770353497466,0.9911580471356284,0.9975776012063279
imagenet,learned,adversarial,0.0425125,0.994344034987929,0.003215546998403554,0.9911284879895255,0.9975595819863325
imagenet,learned,adversarial,0.04275,0.9943202458048798,0.003221432113007047,0.9910988136918727,0.9975416779178868
imagenet,learned,adversarial,0.0429875,0.9942964566218307,0.00322743174923535,0.9910690248725954,0.9975238883710661
imagenet,learned,adversarial,0.043225,0.9942726674387815,0.003233545269625815,0.9910391221691557,0.9975062127084073
imagenet,learned,adversarial,0.0434625,0.9942488782557323,0.0032397720294728735,0.9910091062262594,0.9974886502852052
imagenet,learned,adversarial,0.0437,0.9942250890726831,0.0032461113771215014,0.9909789776955616,0.9974712004498046
imagenet,learned,adversarial,0.0439375,0.9942012998896339,0.0032525626542602814,0.9909487372353736,0.9974538625438942
imagenet,learned,adversarial,0.044175,0.9941775107065848,0.0032591251962125686,0.9909183855103723,0.9974366359027973
imagenet,learned,adversarial,0.0444125,0.9941537215235358,0.0032657983322266857,0.990887923191309,0.9974195198557625
imagenet,learned,adversarial,0.04465,0.9941255776793941,0.003269629518401991,0.9908559481609921,0.9973952071977962
imagenet,learned,adversarial,0.0448875,0.9940973598626138,0.003273535428703621,0.9908238244339103,0.9973708952913174
imagenet,learned,adversarial,0.045125,0.9940691420458335,0.0032775658899108465,0.9907915761559227,0.9973467079357443
imagenet,learned,adversarial,0.0453625,0.9940409242290532,0.0032817204431202862,0.990759203785933,0.9973226446721735
imagenet,learned,adversarial,0.0456,0.9940127064122732,0.003285998617655993,0.9907267077946172,0.9972987050299292
imagenet,learned,adversarial,0.0458375,0.9939844885954928,0.00329039993132111,0.9906940886641717,0.9972748885268139
imagenet,learned,adversarial,0.046075,0.9939562707787125,0.0032949238906529394,0.9906613468880596,0.9972511946693654
imagenet,learned,adversarial,0.0463125,0.9939280529619322,0.0032995699911822613,0.9906284829707499,0.9972276229531145
imagenet,learned,adversarial,0.04655,0.993899835145152,0.0033043377176951065,0.9905954974274569,0.9972041728628471
imagenet,learned,adversarial,0.0467875,0.9938716173283719,0.0033092265444982475,0.9905623907838736,0.9971808438728702
imagenet,learned,adversarial,0.047025,0.9938433995115915,0.003314235935686796,0.9905291635759047,0.9971576354472783
imagenet,learned,adversarial,0.0472625,0.9938151816948113,0.00331936534541489,0.9904958163493964,0.9971345470402262
imagenet,learned,adversarial,0.0475,0.9937869638780311,0.003324614218167538,0.9904623496598636,0.9971115780961987
imagenet,learned,adversarial,0.0477375,0.993758746061251,0.003329981989035306,0.9904287640722157,0.9970887280502864
imagenet,learned,adversarial,0.047975,0.9937305282444707,0.0033354680839897378,0.990395060160481,0.9970659963284605
imagenet,learned,adversarial,0.0482125,0.9937023104276904,0.00334107192016065,0.9903612385075298,0.9970433823478511
imagenet,learned,adversarial,0.04845,0.993671148542106,0.003345860666136445,0.9903252878759696,0.9970170092082424
imagenet,learned,adversarial,0.0486875,0.993636895772621,0.003349793008978607,0.9902871027636424,0.9969866887815997
imagenet,learned,adversarial,0.048925,0.9936026430031363,0.0033538491992297693,0.9902487938039065,0.996956492202366
imagenet,learned,adversarial,0.0491625,0.9935640001599785,0.0033502299996867875,0.9902137701602917,0.9969142301596653
imagenet,learned,adversarial,0.0494,0.9935220774196377,0.003340838967694722,0.990181238451943,0.9968629163873325
imagenet,learned,adversarial,0.0496375,0.993480154679297,0.0033314843652625134,0.9901486703140344,0.9968116390445595
imagenet,learned,adversarial,0.049875,0.9934382319389563,0.0033221665001267075,0.9901160654388296,0.996760398439083
imagenet,learned,adversarial,0.0501125,0.9933963091986154,0.003312885682270761,0.9900834235163447,0.9967091948808862
imagenet,learned,adversarial,0.05035,0.9933543864582747,0.003303642223921879,0.9900507442343528,0.9966580286821966
imagenet,learned,adversarial,0.0505875,0.9933124637179339,0.0032944364395476287,0.9900180272783863,0.9966069001574815
imagenet,learned,adversarial,0.050825,0.9932705409775933,0.0032852686458512874,0.9899852723317419,0.9965558096234446
imagenet,learned,adversarial,0.0510625,0.9932286182372524,0.003276139161766902,0.9899524790754854,0.9965047573990193
imagenet,learned,adversarial,0.0513,0.9931866954969116,0.0032670483084531205,0.9899196471884585,0.9964537438053648
imagenet,learned,adversarial,0.0515375,0.9931447727565711,0.003257996409286672,0.9898867763472844,0.9964027691658578
imagenet,learned,adversarial,0.051775,0.9931028500162301,0.003248983789854586,0.9898538662263755,0.9963518338060847
imagenet,learned,adversarial,0.0520125,0.9930609272758893,0.0032400107779459284,0.9898209164979435,0.9963009380538352
imagenet,learned,adversarial,0.05225,0.9930190045355486,0.003231077703542327,0.9897879268320062,0.996250082239091
imagenet,learned,adversarial,0.0524875,0.9929770817952078,0.003222184898807888,0.9897548968964,0.9961992666940157
imagenet,learned,adversarial,0.052725,0.9929351590548671,0.003213332698078017,0.9897218263567891,0.9961484917529451
imagenet,learned,adversarial,0.0529625,0.9928932363145262,0.0032045214378474646,0.9896887148766788,0.9960977577523736
imagenet,learned,adversarial,0.0532,0.9928513135741855,0.0031957514567570846,0.9896555621174284,0.9960470650309426
imagenet,learned,adversarial,0.0534375,0.9928093908338448,0.00318702309558011,0.9896223677382647,0.9959964139294248
imagenet,learned,adversarial,0.053675,0.992767468093504,0.003178336697206806,0.9895891313962972,0.9959458047907108
imagenet,learned,adversarial,0.0539125,0.9927255453531632,0.003169692606628719,0.9895558527465345,0.9958952379597918
imagenet,learned,adversarial,0.05415,0.9926836226128225,0.003161091170921301,0.9895225314419012,0.9958447137837438
imagenet,learned,adversarial,0.0543875,0.9926416998724817,0.0031525327392259266,0.9894891671332559,0.9957942326117076
imagenet,learned,adversarial,0.054625,0.9925997771321408,0.003144017662730363,0.9894557594694104,0.9957437947948711
imagenet,learned,adversarial,0.0548625,0.9925578543918001,0.003135546294648592,0.9894223080971515,0.9956934006864487
imagenet,learned,adversarial,0.0551,0.9925159316514595,0.0031271189901989787,0.9893888126612604,0.9956430506416585
imagenet,learned,adversarial,0.0553375,0.9924740089111186,0.0031187361065817226,0.9893552728045368,0.9955927450177003
imagenet,learned,adversarial,0.055575,0.9924320861707779,0.003110398002954687,0.9893216881678233,0.9955424841737326
imagenet,learned,adversarial,0.0558125,0.992390163430437,0.0031021050404084036,0.9892880583900285,0.9954922684708454
imagenet,learned,adversarial,0.05605,0.9923482406900964,0.003093857581939498,0.9892543831081569,0.9954420982720359
imagenet,learned,adversarial,0.0562875,0.9923063179497555,0.003085655992423116,0.9892206619573324,0.9953919739421787
imagenet,learned,adversarial,0.056525,0.9922643952094147,0.003077500638583766,0.9891868945708309,0.9953418958479985
imagenet,learned,adversarial,0.0567625,0.9922224724690739,0.0030693918889651444,0.9891530805801088,0.9952918643580391
imagenet,learned,adversarial,0.057,0.9921805497287334,0.003061330113898371,0.989119219614835,0.9952418798426318
imagenet,learned,adversarial,0.0572375,0.9921386269883925,0.0030533156854691424,0.9890853113029233,0.9951919426738617
imagenet,learned,adversarial,0.057475,0.9920967042480516,0.0030453489774830774,0.9890513552705685,0.9951420532255347
imagenet,learned,adversarial,0.0577125,0.9920547815077109,0.0030374303654302063,0.9890173511422806,0.9950922118731411
imagenet,learned,adversarial,0.05795,0.9920128587673703,0.0030295602264474287,0.9889832985409229,0.9950424189938177
imagenet,learned,adversarial,0.0581875,0.9919709360270293,0.0030217389392801306,0.9889491970877492,0.9949926749663095
imagenet,learned,adversarial,0.058425,0.9919290132866886,0.0030139668842417405,0.9889150464024469,0.9949429801709303
imagenet,learned,adversarial,0.0586625,0.9918870905463478,0.003006244443172395,0.9888808461031754,0.9948933349895203
imagenet,learned,adversarial,0.0589,0.991845167806007,0.002998571999395442,0.9888465958066115,0.9948437398054024
imagenet,learned,adversarial,0.0591375,0.9918032450656663,0.0029909499376730856,0.9888122951279932,0.9947941950033394
imagenet,learned,adversarial,0.059375,0.9917613223253254,0.002983378644159918,0.9887779436811656,0.9947447009694853
imagenet,learned,adversarial,0.0596125,0.9917193995849848,0.002975858506355295,0.9887435410786295,0.9946952580913401
imagenet,learned,adversarial,0.05985,0.9916774768446439,0.0029683899130537707,0.9887090869315901,0.9946458667576977
imagenet,learned,adversarial,0.0600875,0.9916355541043033,0.002960973254294333,0.9886745808500089,0.9945965273585976
imagenet,learned,adversarial,0.060325,0.9915936313639624,0.0029536089213076126,0.9886400224426548,0.99454724028527
imagenet,learned,adversarial,0.0605625,0.9915517086236215,0.002946297306461882,0.9886054113171596,0.9944980059300834
imagenet,learned,adversarial,0.0608,0.9915097858832809,0.002939038803206836,0.9885707470800741,0.9944488246864877
imagenet,learned,adversarial,0.0610375,0.9914678631429402,0.0029318338060165,0.9885360293369237,0.9943996969489567
imagenet,learned,adversarial,0.061275,0.9914259404025993,0.0029246827103296988,0.9885012576922696,0.9943506231129291
imagenet,learned,adversarial,0.0615125,0.9913844707762625,0.0029172697834611233,0.9884672009928014,0.9943017405597235
imagenet,learned,adversarial,0.06175,0.9913429296675155,0.002909842211162171,0.9884330874563533,0.9942527718786777
imagenet,learned,adversarial,0.0619875,0.9912979198534568,0.0029041386986297093,0.9883937811548271,0.9942020585520865
imagenet,learned,adversarial,0.062225,0.9912529100393983,0.002898491760696079,0.9883544182787022,0.9941514018000944
imagenet,learned,adversarial,0.0624625,0.9912079002253398,0.0028929017286618607,0.9883149984966779,0.9941008019540016
imagenet,learned,adversarial,0.0627,0.9911628904112814,0.002887368933041513,0.9882755214782398,0.9940502593443229
imagenet,learned,adversarial,0.0629375,0.9911178805972228,0.0028818937034906416,0.9882359868937322,0.9939997743007135
imagenet,learned,adversarial,0.063175,0.9910728707831643,0.0028764763687316626,0.9881963944144326,0.993949347151896
imagenet,learned,adversarial,0.0634125,0.9910278609691057,0.002871117256479003,0.9881567437126266,0.9938989782255847
imagenet,learned,adversarial,0.06365,0.9909828511550473,0.0028658166933630404,0.9881170344616842,0.9938486678484103
imagenet,learned,adversarial,0.0638875,0.9909378413409887,0.0028605750048534434,0.9880772663361352,0.9937984163458422
imagenet,learned,adversarial,0.064125,0.9908928315269302,0.002855392515181249,0.9880374390117489,0.9937482240421115
imagenet,learned,adversarial,0.0643625,0.9908478217128717,0.0028502695472605974,0.987997552165611,0.9936980912601323
imagenet,learned,adversarial,0.0646,0.9908028118988131,0.00284520642260912,0.987957605476204,0.9936480183214222
imagenet,learned,adversarial,0.0648375,0.9907578020847548,0.002840203461267964,0.9879175986234868,0.9935980055460228
imagenet,learned,adversarial,0.065075,0.9907127922706961,0.0028352609817206527,0.9878775312889755,0.9935480532524167
imagenet,learned,adversarial,0.0653125,0.9906677824566376,0.0028303793008117983,0.9878374031558258,0.9934981617574493
imagenet,learned,adversarial,0.06555,0.990622772642579,0.002825558733664375,0.9877972139089146,0.9934483313762434
imagenet,learned,adversarial,0.0657875,0.9905777628285207,0.002820799593597074,0.9877569632349237,0.9933985624221178
imagenet,learned,adversarial,0.066025,0.9905327530144622,0.002816102192040401,0.9877166508224218,0.9933488552065026
imagenet,learned,adversarial,0.0662625,0.9904877432004037,0.002811466838452671,0.987676276361951,0.9932992100388564
imagenet,learned,adversarial,0.0665,0.9904427333863449,0.002806893840235245,0.9876358395461097,0.9932496272265802
imagenet,learned,adversarial,0.0667375,0.9903977235722866,0.002802383502647174,0.9875953400696394,0.9932001070749338
imagenet,learned,adversarial,0.066975,0.9903527137582281,0.002797936128719652,0.9875547776295084,0.9931506498869478
imagenet,learned,adversarial,0.0672125,0.9903077039441696,0.002793552019169722,0.9875141519249998,0.9931012559633393
imagenet,learned,adversarial,0.06745,0.9902626941301111,0.002789231472314019,0.9874734626577971,0.9930519256024252
imagenet,learned,adversarial,0.0676875,0.9902176843160526,0.002784974783981653,0.987432709532071,0.9930026591000343
imagenet,learned,adversarial,0.067925,0.9901726745019941,0.002780782247427414,0.9873918922545667,0.9929534567494215
imagenet,learned,adversarial,0.0681625,0.9901276646879354,0.002776654153244214,0.9873510105346912,0.9929043188411797
imagenet,learned,adversarial,0.0684,0.990082654873877,0.002772590789275667,0.9873100640846013,0.9928552456631528
imagenet,learned,adversarial,0.0686375,0.9900376450598185,0.0027685924405284187,0.9872690526192901,0.9928062375003469
imagenet,learned,adversarial,0.068875,0.98999263524576,0.002764659389084561,0.9872279758566754,0.9927572946348445
imagenet,learned,adversarial,0.0691125,0.9899476254317015,0.002760791914013505,0.987186833517688,0.9927084173457149
imagenet,learned,adversarial,0.06935,0.9899026156176429,0.0027569902912847827,0.9871456253263582,0.9926596059089277
imagenet,learned,adversarial,0.0695875,0.9898576058035844,0.0027532547936799626,0.9871043510099045,0.9926108605972643
imagenet,learned,adversarial,0.069825,0.9898125959895259,0.0027495856907054066,0.9870630102988205,0.9925621816802312
imagenet,learned,adversarial,0.0700625,0.9897675861754673,0.0027459832485048187,0.9870216029269625,0.9925135694239722
imagenet,learned,adversarial,0.0703,0.9897225763614088,0.0027424477297723613,0.9869801286316364,0.9924650240911812
imagenet,learned,adversarial,0.0705375,0.9896775665473504,0.002738979393665612,0.9869385871536848,0.992416545941016
imagenet,learned,adversarial,0.070775,0.9896325567332919,0.00273557849571956,0.9868969782375723,0.9923681352290115
imagenet,learned,adversarial,0.0710125,0.9895875469192333,0.0027322452877603714,0.986855301631473,0.9923197922069937
imagenet,learned,adversarial,0.07125,0.989542537105175,0.0027289800178200816,0.986813557087355,0.9922715171229951
imagenet,learned,adversarial,0.0714875,0.9894975272911163,0.00272578293005163,0.9867717443610646,0.9922233102211679
imagenet,learned,adversarial,0.071725,0.9894525174770578,0.0027226542646446306,0.9867298632124131,0.9921751717417024
imagenet,learned,adversarial,0.0719625,0.9894070325235504,0.002720146586943477,0.9866868859366069,0.992127179110494
imagenet,learned,adversarial,0.0722,0.9893447293486165,0.002737336353811723,0.9866073929948048,0.9920820657024282
imagenet,learned,adversarial,0.0724375,0.9892824261736827,0.00275474429275103,0.9865276818809317,0.9920371704664337
imagenet,learned,adversarial,0.072675,0.9892201229987486,0.0027723662939978717,0.9864477567047507,0.9919924892927465
imagenet,learned,adversarial,0.0729125,0.9891578198238148,0.002790198301707705,0.9863676215221071,0.9919480181255225
imagenet,learned,adversarial,0.07315,0.9890955166488812,0.0028082363153260344,0.9862872803335552,0.9919037529642072
imagenet,learned,adversarial,0.0733875,0.9890332134739473,0.002826476390788521,0.9862067370831589,0.9918596898647358
imagenet,learned,adversarial,0.073625,0.9889709102990133,0.002844914641559571,0.9861259956574537,0.9918158249405729
imagenet,learned,adversarial,0.0738625,0.9889086071240795,0.002863547239516284,0.9860450598845631,0.9917721543635958
imagenet,learned,adversarial,0.0741,0.9888463039491455,0.0028823704156871466,0.9859639335334583,0.9917286743648327
imagenet,learned,adversarial,0.0743375,0.9887840007742117,0.002901380460853339,0.9858826203133584,0.991685381235065
imagenet,learned,adversarial,0.074575,0.9887216975992779,0.002920573726020421,0.9858011238732575,0.9916422713252983
imagenet,learned,adversarial,0.0748125,0.988659394424344,0.002939946622768179,0.9857194478015758,0.9915993410471122
imagenet,learned,adversarial,0.07505,0.9885970912494102,0.0029594956234867678,0.9856375956259235,0.9915565868728969
imagenet,learned,adversarial,0.0752875,0.9885347880744764,0.002979217261505894,0.9855555708129705,0.9915140053359822
imagenet,learned,adversarial,0.075525,0.9884724848995424,0.002999108131124617,0.9854733767684178,0.991471593030667
imagenet,learned,adversarial,0.0757625,0.9884101817246086,0.003019164887548719,0.9853910168370599,0.9914293466121573
imagenet,learned,adversarial,0.076,0.9883482284912551,0.0030394419267141186,0.985308786564541,0.9913876704179693
imagenet,learned,adversarial,0.0762375,0.9882870275814454,0.0030600094102102423,0.9852270181712351,0.9913470369916556
imagenet,learned,adversarial,0.076475,0.9882258266716355,0.003080743640975447,0.9851450830306601,0.9913065703126109
imagenet,learned,adversarial,0.0767125,0.9881646257618257,0.003101641274933983,0.9850629844868918,0.9912662670367597
imagenet,learned,adversarial,0.07695,0.9881034248520159,0.0031226990315214795,0.9849807258204943,0.9912261238835374
imagenet,learned,adversarial,0.0771875,0.9880422239422062,0.003143913693262691,0.9848983102489435,0.9911861376354689
imagenet,learned,adversarial,0.077425,0.9879810230323963,0.0031652821052841123,0.9848157409271122,0.9911463051376804
imagenet,learned,adversarial,0.0776625,0.9879198221225866,0.003186801174768646,0.9847330209478179,0.9911066232973552
imagenet,learned,adversarial,0.0779,0.9878586212127768,0.003208467870356467,0.9846501533424203,0.9910670890831332
imagenet,learned,adversarial,0.0781375,0.987797420302967,0.0032302792214978088,0.9845671410814693,0.9910276995244648
imagenet,learned,adversarial,0.078375,0.987736219393157,0.0032522323177625744,0.9844839870753944,0.9909884517109196
imagenet,learned,adversarial,0.0786125,0.9876750184833473,0.0032743243081109095,0.9844006941752363,0.9909493427914582
imagenet,learned,adversarial,0.07885,0.9876138175735377,0.003296552400129668,0.984317265173408,0.9909103699736674
imagenet,learned,adversarial,0.0790875,0.987552616663728,0.0033189138592381634,0.9842337028044897,0.9908715305229662
imagenet,learned,adversarial,0.079325,0.987491415753918,0.0033414060078675507,0.9841500097460504,0.9908328217617856
imagenet,learned,adversarial,0.0795625,0.9874302148441081,0.003364026224617142,0.9840661886194909,0.9907942410687253
imagenet,learned,adversarial,0.0798,0.9873690139342983,0.0033867719433906523,0.9839822419909077,0.990755785877689
imagenet,learned,adversarial,0.0800375,0.9873078130244886,0.0034096406525163728,0.9838981723719722,0.9907174536770049
imagenet,learned,adversarial,0.080275,0.9872466121146788,0.003432629893853169,0.9838139822208256,0.990679242008532
imagenet,learned,adversarial,0.0805125,0.987185524554835,0.00345554751824104,0.9837299770365939,0.9906410720730761
imagenet,learned,adversarial,0.08075,0.9871350451463264,0.003460768715724157,0.9836742764306022,0.9905958138620506
imagenet,learned,adversarial,0.0809875,0.9870845657378179,0.003465996943304394,0.9836185687945135,0.9905505626811223
imagenet,learned,adversarial,0.081225,0.9870340863293093,0.003471232169216396,0.9835628541600929,0.9905053184985257
imagenet,learned,adversarial,0.0814625,0.9869836069208007,0.003476474361843828,0.9835071325589568,0.9904600812826445
imagenet,learned,adversarial,0.0817,0.9869331275122922,0.003481723489718726,0.9834514040225735,0.990414851002011
imagenet,learned,adversarial,0.0819375,0.9868826481037836,0.0034869795215211542,0.9833956685822625,0.9903696276253047
imagenet,learned,adversarial,0.082175,0.9868321686952749,0.0034922424260786537,0.9833399262691962,0.9903244111213536
imagenet,learned,adversarial,0.0824125,0.9867816892867664,0.0034975121723657657,0.9832841771144006,0.9902792014591321
imagenet,learned,adversarial,0.08265,0.9867312098782577,0.0035027887295034986,0.9832284211487542,0.9902339986077612
imagenet,learned,adversarial,0.0828875,0.9866807304697492,0.0035080720667588785,0.9831726584029904,0.9901888025365081
imagenet,learned,adversarial,0.083125,0.9866302510612406,0.003513362153544414,0.9831168889076962,0.990143613214785
imagenet,learned,adversarial,0.0833625,0.9865797716527319,0.003518658959417574,0.9830611126933143,0.9900984306121495
imagenet,learned,adversarial,0.0836,0.9865292922442235,0.0035239624540803482,0.9830053297901431,0.9900532546983039
imagenet,learned,adversarial,0.0838375,0.9864788128357148,0.003529272607378699,0.9829495402283361,0.9900080854430935
imagenet,learned,adversarial,0.084075,0.9864283334272063,0.0035345893893020093,0.9828937440379043,0.9899629228165082
imagenet,learned,adversarial,0.0843125,0.9863778540186976,0.003539912769982635,0.9828379412487149,0.9899177667886803
imagenet,learned,adversarial,0.08455,0.9863273746101889,0.003545242719695376,0.9827821318904936,0.9898726173298843
imagenet,learned,adversarial,0.0847875,0.9862768952016805,0.0035505792088569243,0.9827263159928236,0.9898274744105374
imagenet,learned,adversarial,0.085025,0.9862264157931718,0.0035559222080253842,0.9826704935851465,0.9897823380011972
imagenet,learned,adversarial,0.0852625,0.9861759363846633,0.0035612716878997723,0.9826146646967635,0.989737208072563
imagenet,learned,adversarial,0.0855,0.9861254569761545,0.0035666276193194015,0.9825588293568351,0.9896920845954739
imagenet,learned,adversarial,0.0857375,0.986074977567646,0.0035719899732634137,0.9825029875943825,0.9896469675409094
imagenet,learned,adversarial,0.085975,0.9860244981591375,0.0035773587208503396,0.9824471394382872,0.9896018568799878
imagenet,learned,adversarial,0.0862125,0.9859740187506288,0.0035827338333374098,0.9823912849172914,0.9895567525839662
imagenet,learned,adversarial,0.08645,0.9859235393421203,0.003588115282120181,0.9823354240600001,0.9895116546242405
imagenet,learned,adversarial,0.0866875,0.9858730599336117,0.003593503038731883,0.9822795568948799,0.9894665629723436
imagenet,learned,adversarial,0.086925,0.9858225805251032,0.0035988970748429623,0.9822236834502602,0.9894214775999461
imagenet,learned,adversarial,0.0871625,0.9857721011165945,0.0036042973622605347,0.982167803754334,0.9893763984788551
imagenet,learned,adversarial,0.0874,0.9857216217080861,0.003609703872927886,0.9821119178351582,0.989331325581014
imagenet,learned,adversarial,0.0876375,0.9856711422995774,0.0036151165789238124,0.9820560257206536,0.9892862588785012
imagenet,learned,adversarial,0.087875,0.9856206628910688,0.0036205354524622663,0.9820001274386065,0.989241198343531
imagenet,learned,adversarial,0.0881125,0.9855701834825602,0.003625960465891723,0.9819442230166685,0.9891961439484519
imagenet,learned,adversarial,0.08835,0.9855197040740515,0.003631391591694604,0.981888312482357,0.9891510956657461
imagenet,learned,adversarial,0.0885875,0.9854692246655429,0.003636828802486865,0.981832395863056,0.9891060534680297
imagenet,learned,adversarial,0.088825,0.9854187452570343,0.0036422720710173333,0.981776473186017,0.9890610173280516
imagenet,learned,adversarial,0.0890625,0.9853682658485258,0.0036477213701672454,0.9817205444783585,0.989015987218693
imagenet,learned,adversarial,0.0893,0.985317786440017,0.003653176672949692,0.9816646097670673,0.9889709631129667
imagenet,learned,adversarial,0.0895375,0.9852673070315086,0.0036586379525090956,0.9816086690789995,0.9889259449840176
imagenet,learned,adversarial,0.089775,0.9852168276230001,0.0036641051821206605,0.9815527224408794,0.9888809328051208
imagenet,learned,adversarial,0.0900125,0.9851663482144914,0.0036695783351897216,0.9814967698793017,0.9888359265496812
imagenet,learned,adversarial,0.09025,0.9851158688059828,0.0036750573852514603,0.9814408114207314,0.9887909261912342
imagenet,learned,adversarial,0.0904875,0.9850653893974743,0.0036805423059701145,0.9813848470915042,0.9887459317034445
imagenet,learned,adversarial,0.090725,0.9850149099889657,0.0036860330711386007,0.9813288769178271,0.9887009430601043
imagenet,learned,adversarial,0.0909625,0.9849644305804571,0.0036915296546779024,0.9812729009257792,0.988655960235135
imagenet,learned,adversarial,0.0912,0.9849139511719486,0.0036970320306364975,0.981216919141312,0.9886109832025851
imagenet,learned,adversarial,0.0914375,0.98486347176344,0.003702540173189908,0.9811609315902501,0.98856601193663
imagenet,learned,adversarial,0.091675,0.9848129923549312,0.003708054056640155,0.981104938298291,0.9885210464115715
imagenet,learned,adversarial,0.0919125,0.984761124680175,0.0037144861738454306,0.9810466385063296,0.9884756108540204
imagenet,learned,adversarial,0.09215,0.984701243240878,0.003726270249225537,0.9809749729916525,0.9884275134901036
imagenet,learned,adversarial,0.0923875,0.9846413618015811,0.0037381962859253425,0.9809031655156558,0.9883795580875064
imagenet,learned,adversarial,0.092625,0.9845814803622842,0.003750262929611354,0.9808312174326729,0.9883317432918955
imagenet,learned,adversarial,0.0928625,0.9845215989229872,0.0037624688274584756,0.9807591300955287,0.9882840677504456
imagenet,learned,adversarial,0.0931,0.9844617174836902,0.003774812628627396,0.9806869048550627,0.9882365301123176
imagenet,learned,adversarial,0.0933375,0.9844018360443934,0.003787292984726879,0.9806145430596664,0.9881891290291203
imagenet,learned,adversarial,0.093575,0.9843419546050963,0.0037999085502609673,0.9805420460548353,0.9881418631553573
imagenet,learned,adversarial,0.0938125,0.9842820731657995,0.003812657983061156,0.9804694151827383,0.9880947311488607
imagenet,learned,adversarial,0.09405,0.9842221917265025,0.0038255399447034827,0.980396651781799,0.988047731671206
imagenet,learned,adversarial,0.0942875,0.9841623102872057,0.00383855310091086,0.9803237571862948,0.9880008633881165
imagenet,learned,adversarial,0.094525,0.9841024288479087,0.0038516961219404733,0.9802507327259682,0.9879541249698491
imagenet,learned,adversarial,0.0947625,0.9840425474086115,0.0038649676829565593,0.980177579725655,0.987907515091568
imagenet,learned,adversarial,0.095,0.9839826659693148,0.003878366464388639,0.9801042995049262,0.9878610324337035
imagenet,sinusoidal,noise,0.0,1.0,0.0,1.0,1.0
imagenet,sinusoidal,noise,0.0002375,0.9999825296724651,1.037952673974018e-05,0.9999721501457254,0.9999929091992049
imagenet,sinusoidal,noise,0.000475,0.9999650593449302,2.0759053479421672e-05,0.9999443002914508,0.9999858183984096
imagenet,sinusoidal,noise,0.0007125,0.9999475890173956,3.113858021916185e-05,0.9999164504371764,0.9999787275976147
imagenet,sinusoidal,noise,0.00095,0.9999301186898606,4.151810695886048e-05,0.9998886005829017,0.9999716367968194
imagenet,sinusoidal,noise,0.0011875,0.9999126483623256,5.189763369860197e-05,0.999860750728627,0.9999645459960242
imagenet,sinusoidal,noise,0.001425,0.9998951780347908,6.227716043827872e-05,0.9998329008743525,0.999957455195229
imagenet,sinusoidal,noise,0.0016625,0.999877707707256,7.265668717802363e-05,0.999805051020078,0.9999503643944341
imagenet,sinusoidal,noise,0.0019,0.9998602373797211,8.303621391770039e-05,0.9997772011658034,0.9999432735936388
imagenet,sinusoidal,noise,0.0021375,0.9998427670521862,9.341574065744057e-05,0.9997493513115288,0.9999361827928437
imagenet,sinusoidal,noise,0.002375,0.9998252967246514,0.0001037952673971392,0.9997215014572542,0.9999290919920485
imagenet,sinusoidal,noise,0.0026125,0.9998078263971165,0.00011417479413687939,0.9996936516029796,0.9999220011912534
imagenet,sinusoidal,noise,0.00285,0.9997903560695814,0.00012455432087656086,0.9996658017487049,0.999914910390458
imagenet,sinusoidal,noise,0.0030875,0.9997728857420466,0.00013493384761630104,0.9996379518944303,0.9999078195896629
imagenet,sinusoidal,noise,0.003325,0.9997554154145117,0.0001453133743559791,0.9996101020401558,0.9999007287888677
imagenet,sinusoidal,noise,0.0035625,0.9997379450869769,0.00015569290109572402,0.9995822521858811,0.9998936379880726
imagenet,sinusoidal,noise,0.0038,0.999720474759442,0.00016607242783541794,0.9995544023316066,0.9998865471872774
imagenet,sinusoidal,noise,0.0040375,0.9997030044319074,0.00017645195457516283,0.9995265524773322,0.9998794563864826
imagenet,sinusoidal,noise,0.004275,0.9996855341043723,0.0001868314813148396,0.9994987026230575,0.9998723655856872
imagenet,sinusoidal,noise,0.0045125,0.9996680637768375,0.00019721100805457977,0.9994708527687829,0.9998652747848921
imagenet,sinusoidal,noise,0.00475,0.9996505934493026,0.00020759053479426127,0.9994430029145084,0.9998581839840969
imagenet,sinusoidal,noise,0.0049875,0.9996331231217677,0.00021797006153400142,0.9994151530602337,0.9998510931833017
imagenet,sinusoidal,noise,0.005225,0.9996156527942328,0.00022834958827370008,0.9993873032059591,0.9998440023825065
imagenet,sinusoidal,noise,0.0054625,0.999598182466698,0.00023872911501344156,0.9993594533516845,0.9998369115817114
imagenet,sinusoidal,noise,0.0057,0.9995807121391631,0.0002491086417531183,0.99933160349741,0.9998298207809162
imagenet,sinusoidal,noise,0.0059375,0.9995632418116283,0.0002594881684928632,0.9993037536431354,0.9998227299801211
imagenet,sinusoidal,noise,0.006175,0.9995457714840935,0.00026986769523253996,0.999275903788861,0.999815639179326
imagenet,sinusoidal,noise,0.0064125,0.9995283011565587,0.00028024722197228014,0.9992480539345864,0.999808548378531
imagenet,sinusoidal,noise,0.00665,0.9995108308290236,0.0002906267487119788,0.9992202040803116,0.9998014575777355
imagenet,sinusoidal,noise,0.0068875,0.9994933605014887,0.000301006275451719,0.999192354226037,0.9997943667769404
imagenet,sinusoidal,noise,0.007125,0.9994758901739539,0.0003113858021914016,0.9991645043717625,0.9997872759761453
imagenet,sinusoidal,noise,0.0073625,0.999458419846419,0.00032176532893114177,0.9991366545174879,0.9997801851753502
imagenet,sinusoidal,noise,0.0076,0.9994409495188842,0.00033214485567081847,0.9991088046632134,0.999773094374555
imagenet,sinusoidal,noise,0.0078375,0.9994234791913493,0.0003425243824105647,0.9990809548089388,0.9997660035737599
imagenet,sinusoidal,noise,0.008075,0.9994062581895901,0.0003528663721055808,0.9990533918174844,0.9997591245616957
imagenet,sinusoidal,noise,0.0083125,0.9993913567548827,0.00036105276921514004,0.9990303039856675,0.9997524095240978
imagenet,sinusoidal,noise,0.00855,0.999375488600887,0.0003644339370144438,0.9990110546638725,0.9997399225379014
imagenet,sinusoidal,noise,0.0087875,0.9993609421637818,0.00036643489887594195,0.9989945072649059,0.9997273770626577
imagenet,sinusoidal,noise,0.009025,0.999348378188652,0.0003662804684666273,0.9989820977201853,0.9997146586571186
imagenet,sinusoidal,noise,0.0092625,0.9993358142135219,0.00036622980304525554,0.9989695844104767,0.9997020440165671
imagenet,sinusoidal,noise,0.0095,0.9993232502383922,0.0003662829456712955,0.9989569672927209,0.9996895331840635
imagenet,sinusoidal,noise,0.0097375,0.9993106862632622,0.00036643985118065177,0.9989442464120816,0.9996771261144429
imagenet,sinusoidal,noise,0.009975,0.9992981222881324,0.00036670038637763445,0.9989314219017548,0.9996648226745101
imagenet,sinusoidal,noise,0.0102125,0.9992855583130025,0.0003670643305993207,0.9989184939824032,0.9996526226436018
imagenet,sinusoidal,noise,0.01045,0.9992729943378725,0.00036753137664654104,0.998905462961226,0.9996405257145191
imagenet,sinusoidal,noise,0.0106875,0.9992604303627428,0.00036810113207335704,0.9988923292306695,0.9996285314948161
imagenet,sinusoidal,noise,0.010925,0.9992478663876128,0.0003687731208212235,0.9988790932667916,0.9996166395084339
imagenet,sinusoidal,noise,0.0111625,0.999235302412483,0.00036954678518338505,0.9988657556272996,0.9996048491976665
imagenet,sinusoidal,noise,0.0114,0.9992227384373532,0.0003704214880795619,0.9988523169492737,0.9995931599254327
imagenet,sinusoidal,noise,0.0116375,0.9992101744622232,0.0003713965156209666,0.9988387779466021,0.9995815709778442
imagenet,sinusoidal,noise,0.011875,0.9991976104870933,0.00037247107994076,0.9988251394071526,0.9995700815670341
imagenet,sinusoidal,noise,0.0121125,0.9991850465119635,0.00037364432226613285,0.9988114021896973,0.9995586908342297
imagenet,sinusoidal,noise,0.01235,0.9991724825368334,0.000374915316203204,0.9987975672206303,0.9995473978530366
imagenet,sinusoidal,noise,0.0125875,0.9991599185617037,0.000376283071208879,0.9987836354904949,0.9995362016329126
imagenet,sinusoidal,noise,0.012825,0.9991473545865738,0.0003777465362191755,0.9987696080503546,0.9995251011227929
imagenet,sinusoidal,noise,0.0130625,0.9991347906114441,0.00037930460340653975,0.9987554860080375,0.9995140952148506
imagenet,sinusoidal,noise,0.0133,0.999122226636314,0.00038095611203621543,0.9987412705242777,0.9995031827483503
imagenet,sinusoidal,noise,0.0135375,0.9991096626611843,0.0003826998523944338,0.9987269628087898,0.9994923625135788
imagenet,sinusoidal,noise,0.013775,0.9990970986860542,0.00038453456975965207,0.9987125641162946,0.9994816332558139
imagenet,sinusoidal,noise,0.0140125,0.9990845347109246,0.00038645896839169074,0.9986980757425329,0.9994709936793164
imagenet,sinusoidal,noise,0.01425,0.9990719707357946,0.00038847171551228564,0.9986834990202823,0.9994604424513068
imagenet,sinusoidal,noise,0.0144875,0.9990594067606646,0.0003905714452547121,0.99866883531541,0.9994499782059193
imagenet,sinusoidal,noise,0.014725,0.9990468427855347,0.0003927567625594847,0.9986540860229752,0.9994395995480941
imagenet,sinusoidal,noise,0.0149625,0.999034278810405,0.0003950262469971788,0.9986392525634078,0.9994293050574021
imagenet,sinusoidal,noise,0.0152,0.999021714835275,0.0003973784564991978,0.9986243363787758,0.9994190932917743
imagenet,sinusoidal,noise,0.0154375,0.9990091508601452,0.000399811930981703,0.9986093389291635,0.9994089627911269
imagenet,sinusoidal,noise,0.015675,0.9989965868850152,0.00040232519584720096,0.9985942616891681,0.9993989120808624
imagenet,sinusoidal,noise,0.0159125,0.9989840229098855,0.00040491676535341504,0.9985791061445322,0.9993889396752389
imagenet,sinusoidal,noise,0.01615,0.9989714589347555,0.0004075851458378021,0.9985638737889176,0.9993790440805933
imagenet,sinusoidal,noise,0.0163875,0.9989588949596256,0.00041032883879101256,0.9985485661208346,0.9993692237984166
imagenet,sinusoidal,noise,0.016625,0.9989463309844958,0.00041314634377186924,0.9985331846407239,0.9993594773282677
imagenet,sinusoidal,noise,0.0168625,0.998933767009366,0.0004160361611605247,0.9985177308482055,0.9993498031705265
imagenet,sinusoidal,noise,0.0171,0.9989212030342359,0.00041899679474533116,0.9985022062394906,0.9993401998289813
imagenet,sinusoidal,noise,0.0173375,0.9989086390591062,0.00042202675414378674,0.9984866123049624,0.99933066581325
imagenet,sinusoidal,noise,0.017575,0.9988960750839763,0.0004251245570558884,0.9984709505269204,0.9993211996410322
imagenet,sinusoidal,noise,0.0178125,0.9988835111088464,0.0004282887313523675,0.9984552223774941,0.9993117998401988
imagenet,sinusoidal,noise,0.01805,0.9988709471337165,0.00043151781699880175,0.9984394293167177,0.9993024649507153
imagenet,sinusoidal,noise,0.0182875,0.9988583831585865,0.00043481036782030735,0.9984235727907662,0.9992931935264069
imagenet,sinusoidal,noise,0.018525,0.9988458191834567,0.00043816495310919807,0.9984076542303475,0.9992839841365659
imagenet,sinusoidal,noise,0.0187625,0.9988332552083268,0.00044158015908209224,0.9983916750492446,0.9992748353674089
imagenet,sinusoidal,noise,0.019,0.998820691233197,0.00044505459019012785,0.9983756366430069,0.9992657458233872
imagenet,sinusoidal,noise,0.0192375,0.998808127258067,0.0004485868702896161,0.9983595403877774,0.9992567141283566
imagenet,sinusoidal,noise,0.019475,0.9987955632829372,0.0004521756436781138,0.998343387639259,0.9992477389266153
imagenet,sinusoidal,noise,0.0197125,0.9987829993078073,0.00045581957600329703,0.9983271797318041,0.9992388188838106
imagenet,sinusoidal,noise,0.01995,0.9987704353326774,0.00045951735505035657,0.998310917977627,0.9992299526877277
imagenet,sinusoidal,noise,0.0201875,0.9987593761393133,0.0004618725918914656,0.9982975035474219,0.9992212487312048
imagenet,sinusoidal,noise,0.020425,0.9987532529115976,0.00046325228231423925,0.9982900006292833,0.9992165051939118
imagenet,sinusoidal,noise,0.0206625,0.9987489891027224,0.00046454786807020615,0.9982844412346522,0.9992135369707925
imagenet,sinusoidal,noise,0.0209,0.9987443765846463,0.0004666849159387391,0.9982776916687076,0.999211061500585
imagenet,sinusoidal,noise,0.0211375,0.9987396312149452,0.00046929357162838674,0.9982703376433169,0.9992089247865736
imagenet,sinusoidal,noise,0.021375,0.9987348858452444,0.00047213290521751433,0.9982627529400269,0.9992070187504619
imagenet,sinusoidal,noise,0.0216125,0.9987301404755436,0.0004751987817924127,0.9982549416937513,0.999205339257336
imagenet,sinusoidal,noise,0.02185,0.9987258171547858,0.0004783847365358061,0.99824743241825,0.9992042018913216
imagenet,sinusoidal,noise,0.0220875,0.998721993183219,0.00048166988255063695,0.9982403233006684,0.9992036630657696
imagenet,sinusoidal,noise,0.022325,0.9987181692116519,0.0004851713804478844,0.998232997831204,0.9992033405920998
imagenet,sinusoidal,noise,0.0225625,0.9987143452400851,0.0004888845815718051,0.9982254606585133,0.9992032298216569
imagenet,sinusoidal,noise,0.0228,0.998710521268518,0.0004928047005001556,0.9982177165680178,0.9992033259690182
imagenet,sinusoidal,noise,0.0230375,0.9987066972969512,0.0004969268403044884,0.9982097704566467,0.9992036241372556
imagenet,sinusoidal,noise,0.023275,0.9987028733253841,0.0005012460168803412,0.9982016273085037,0.9992041193422645
imagenet,sinusoidal,noise,0.0235125,0.9986990493538174,0.0005057571821589709,0.9981932921716584,0.9992048065359763
imagenet,sinusoidal,noise,0.02375,0.9986952253822503,0.0005104552460459519,0.9981847701362043,0.9992056806282963
imagenet,sinusoidal,noise,0.0239875,0.9986914014106835,0.0005153350969707183,0.9981760663137127,0.9992067365076542
imagenet,sinusoidal,noise,0.024225,0.9986875774391165,0.0005203916209618271,0.9981671858181547,0.9992079690600784
imagenet,sinusoidal,noise,0.0244625,0.9986837534675496,0.0005256197191965749,0.9981581337483529,0.9992093731867462
imagenet,sinusoidal,noise,0.0247,0.9986799294959828,0.0005310143239996324,0.9981489151719832,0.9992109438199824
imagenet,sinusoidal,noise,0.0249375,0.9986761055244159,0.0005365704132924364,0.9981395351111234,0.9992126759377084
imagenet,sinusoidal,noise,0.025175,0.9986722815528489,0.0005422830235147662,0.9981299985293342,0.9992145645763637
imagenet,sinusoidal,noise,0.0254125,0.998668457581282,0.0005481472610598069,0.9981203103202222,0.9992166048423418
imagenet,sinusoidal,noise,0.02565,0.998664633609715,0.0005541583122771963,0.9981104752974378,0.9992187919219923
imagenet,sinusoidal,noise,0.0258875,0.9986608096381481,0.0005603114521120852,0.998100498186036,0.9992211210902602
imagenet,sinusoidal,noise,0.026125,0.9986569856665811,0.0005666020514554499,0.9980903836151257,0.9992235877180365
imagenet,sinusoidal,noise,0.0263625,0.9986531616950143,0.0005730255832880298,0.9980801361117263,0.9992261872783023
imagenet,sinusoidal,noise,0.0266,0.9986493377234473,0.0005795776277041744,0.9980697600957431,0.9992289153511515
imagenet,sinusoidal,noise,0.0268375,0.9986455137518804,0.0005862538759030192,0.9980592598759773,0.9992317676277834
imagenet,sinusoidal,noise,0.027075,0.9986416897803134,0.000593050133235755,0.9980486396470777,0.9992347399135492
imagenet,sinusoidal,noise,0.0273125,0.9986378658087465,0.0005999623213953156,0.9980379034873511,0.9992378281301418
imagenet,sinusoidal,noise,0.02755,0.9986340418371796,0.0006069864798335388,0.998027055357346,0.9992410283170132
imagenet,sinusoidal,noise,0.0277875,0.9986302178656127,0.0006141187664864377,0.9980160990991263,0.9992443366320991
imagenet,sinusoidal,noise,0.028025,0.9986263938940457,0.0006213554578858172,0.99800503843616,0.9992477493519315
imagenet,sinusoidal,noise,0.0282625,0.9986225699224788,0.0006286929487290633,0.9979938769737497,0.9992512628712078
imagenet,sinusoidal,noise,0.0285,0.998618745950912,0.0006361277509764384,0.9979826181999356,0.9992548737018885
imagenet,sinusoidal,noise,0.0287375,0.9986149219793449,0.0006436564925381378,0.9979712654868067,0.999258578471883
imagenet,sinusoidal,noise,0.028975,0.9986110980077781,0.0006512759156104393,0.9979598220921677,0.9992623739233886
imagenet,sinusoidal,noise,0.0292125,0.9986072740362112,0.0006589828747133034,0.9979482911614979,0.9992662569109245
imagenet,sinusoidal,noise,0.02945,0.9986034500646442,0.0006667743344791764,0.9979366757301651,0.9992702243991234
imagenet,sinusoidal,noise,0.0296875,0.9985996260930774,0.0006746473672359061,0.9979249787258415,0.9992742734603133
imagenet,sinusoidal,noise,0.029925,0.9985958021215104,0.0006825991504243907,0.9979132029710861,0.9992784012719348
imagenet,sinusoidal,noise,0.0301625,0.9985919781499435,0.000690626963885233,0.9979013511860583,0.9992826051138287
imagenet,sinusoidal,noise,0.0304,0.9985881541783765,0.0006987281870470669,0.9978894259913295,0.9992868823654236
imagenet,sinusoidal,noise,0.0306375,0.9985843302068096,0.0007069002960434799,0.9978774299107661,0.9992912305028531
imagenet,sinusoidal,noise,0.030875,0.9985805062352426,0.0007151408607834725,0.9978653653744591,0.9992956470960261
imagenet,sinusoidal,noise,0.0311125,0.9985766822636758,0.0007234475419969573,0.9978532347216789,0.9993001298056727
imagenet,sinusoidal,noise,0.03135,0.9985728582921087,0.0007318180882734474,0.9978410402038352,0.9993046763803822
imagenet,sinusoidal,noise,0.0315875,0.9985690343205419,0.0007402503331107244,0.9978287839874311,0.9993092846536527
imagenet,sinusoidal,noise,0.031825,0.9985652103489752,0.0007487421919862305,0.9978164681569889,0.9993139525409614
imagenet,sinusoidal,noise,0.0320625,0.998561386377408,0.0007572916594639756,0.9978040947179441,0.9993186780368719
imagenet,sinusoidal,noise,0.0323,0.9985575624058413,0.0007658968063456848,0.9977916655994956,0.9993234592121869
imagenet,sinusoidal,noise,0.0325375,0.9985537384342741,0.0007745557768752991,0.9977791826573987,0.9993282942111494
imagenet,sinusoidal,noise,0.032775,0.9985499144627074,0.0007832667860025382,0.9977666476767049,0.9993331812487098
imagenet,sinusoidal,noise,0.0330125,0.9985460904911404,0.0007920281167118583,0.9977540623744285,0.9993381186078523
imagenet,sinusoidal,noise,0.03325,0.9985422665195735,0.000800838117420114,0.9977414284021533,0.9993431046369936
imagenet,sinusoidal,noise,0.0334875,0.9985384425480065,0.0008096951994469366,0.9977287473485595,0.9993481377474535
imagenet,sinusoidal,noise,0.033725,0.9985346185764397,0.0008185978345593779,0.9977160207418803,0.9993532164109991
imagenet,sinusoidal,noise,0.0339625,0.9985307946048727,0.0008275445525932405,0.9977032500522794,0.999358339157466
imagenet,sinusoidal,noise,0.0342,0.9985269706333058,0.0008365339391510982,0.9976904366941547,0.9993635045724568
imagenet,sinusoidal,noise,0.0344375,0.9985231466617389,0.0008455646333782368,0.9976775820283607,0.9993687112951172
imagenet,sinusoidal,noise,0.034675,0.9985193226901719,0.0008546353258156564,0.9976646873643562,0.9993739580159875
imagenet,sinusoidal,noise,0.0349125,0.998515498718605,0.0008637447563299425,0.9976517539622751,0.9993792434749349
imagenet,sinusoidal,noise,0.03515,0.9985116747470381,0.0008728917121192437,0.9976387830349188,0.9993845664591573
imagenet,sinusoidal,noise,0.0353875,0.9985078507754711,0.0008820750257936815,0.9976257757496775,0.9993899258012647
imagenet,sinusoidal,noise,0.035625,0.9985040268039042,0.0008912935735294763,0.9976127332303747,0.9993953203774336
imagenet,sinusoidal,noise,0.0358625,0.9985002028323372,0.0009005462732943929,0.9975996565590428,0.9994007491056316
imagenet,sinusoidal,noise,0.0361,0.9984963788607705,0.0009098320831436214,0.9975865467776268,0.9994062109439141
imagenet,sinusoidal,noise,0.0363375,0.9984925548892033,0.0009191499995832798,0.99757340488962,0.9994117048887866
imagenet,sinusoidal,noise,0.036575,0.9984887309176366,0.0009284990560006009,0.997560231861636,0.9994172299736371
imagenet,sinusoidal,noise,0.0368125,0.9984849069460696,0.0009378783211576673,0.997547028624912,0.9994227852672273
imagenet,sinusoidal,noise,0.03705,0.9984810829745028,0.0009472868977477783,0.997533796076755,0.9994283698722506
imagenet,sinusoidal,noise,0.0372875,0.9984772590029357,0.0009567239210112551,0.9975205350819245,0.9994339829239469
imagenet,sinusoidal,noise,0.037525,0.9984734350313689,0.000966188557409607,0.9975072464739593,0.9994396235887785
imagenet,sinusoidal,noise,0.0377625,0.9984696110598019,0.0009756800033550022,0.9974939310564469,0.9994452910631569
imagenet,sinusoidal,noise,0.038,0.998465787088235,0.0009851974839939076,0.997480589604241,0.9994509845722289
imagenet,sinusoidal,noise,0.0382375,0.9984619631166681,0.0009947402520419624,0.9974672228646262,0.9994567033687101
imagenet,sinusoidal,noise,0.038475,0.9984581391451011,0.0010043075866688496,0.9974538315584323,0.9994624467317699
imagenet,sinusoidal,noise,0.0387125,0.9984543151735342,0.0010138987924306164,0.9974404163811036,0.9994682139659649
imagenet,sinusoidal,noise,0.03895,0.9984504912019673,0.0010235131982477732,0.9974269780037195,0.999474004400215
imagenet,sinusoidal,noise,0.0391875,0.9984466672304003,0.0010331501564274461,0.9974135170739729,0.9994798173868278
imagenet,sinusoidal,noise,0.039425,0.9984428432588334,0.001042809041727285,0.9974000342171061,0.9994856523005606
imagenet,sinusoidal,noise,0.0396625,0.9984390192872666,0.0010524892504600095,0.9973865300368067,0.9994915085377266
imagenet,sinusoidal,noise,0.0399,0.9984351953156997,0.0010621901996361281,0.9973730051160635,0.9994973855153358
imagenet,sinusoidal,noise,0.0401375,0.9984313713441328,0.001071911326143982,0.9973594600179888,0.9995032826702769
imagenet,sinusoidal,noise,0.040375,0.9984275473725659,0.001081652085964771,0.9973458952866011,0.9995091994585307
imagenet,sinusoidal,noise,0.0406125,0.9984237234009988,0.0010914119534216557,0.9973323114475772,0.9995151353544205
imagenet,sinusoidal,noise,0.04085,0.998419899429432,0.0011011904204609126,0.9973187090089711,0.9995210898498929
imagenet,sinusoidal,noise,0.0410875,0.9984155245647242,0.0011107826669986326,0.9973047418977256,0.9995263072317228
imagenet,sinusoidal,noise,0.041325,0.9984104582467267,0.0011200401224198515,0.9972904181243069,0.9995304983691465
imagenet,sinusoidal,noise,0.0415625,0.9984047924623319,0.0011284934575644977,0.9972762990047674,0.9995332859198964
imagenet,sinusoidal,noise,0.0418,0.9983992567353973,0.0011370424154941742,0.9972622143199031,0.9995362991508915
imagenet,sinusoidal,noise,0.0420375,0.9983937210084627,0.0011456080702951527,0.9972481129381675,0.9995393290787579
imagenet,sinusoidal,noise,0.042275,0.9983883460918936,0.0011541674709350648,0.9972341786209585,0.9995425135628287
imagenet,sinusoidal,noise,0.0425125,0.9983836993692491,0.0011615645701533693,0.9972221347990957,0.9995452639394025
imagenet,sinusoidal,noise,0.04275,0.9983797529523396,0.0011674034917981003,0.9972123494605415,0.9995471564441377
imagenet,sinusoidal,noise,0.0429875,0.9983758065354303,0.0011732547653285179,0.9972025517701019,0.9995490613007588
imagenet,sinusoidal,noise,0.043225,0.9983718601185211,0.0011791182068590326,0.9971927419116621,0.9995509783253801
imagenet,sinusoidal,noise,0.0434625,0.9983679137016117,0.0011849936357650715,0.9971829200658466,0.9995529073373768
imagenet,sinusoidal,noise,0.0437,0.9983639672847024,0.001190880874620914,0.9971730864100815,0.9995548481593234
imagenet,sinusoidal,noise,0.0439375,0.9983600208677932,0.0011967797491388191,0.9971632411186544,0.999556800616932
imagenet,sinusoidal,noise,0.044175,0.9983539061496827,0.0012024131180071447,0.9971514930316755,0.9995563192676898
imagenet,sinusoidal,noise,0.0444125,0.9983472413301349,0.0012080115952626995,0.9971392297348721,0.9995552529253976
imagenet,sinusoidal,noise,0.04465,0.9983405765105869,0.0012136476565244023,0.9971269288540625,0.9995542241671114
imagenet,sinusoidal,noise,0.0448875,0.9983339116910391,0.0012193207806191976,0.99711459091042,0.9995532324716583
imagenet,sinusoidal,noise,0.045125,0.998327246871491,0.0012250304526324842,0.9971022164188585,0.9995522773241234
imagenet,sinusoidal,noise,0.0453625,0.9983205820519432,0.0012307761639179292,0.9970898058880252,0.9995513582158612
imagenet,sinusoidal,noise,0.0456,0.9983139172323954,0.001236557412102085,0.9970773598202933,0.9995504746444974
imagenet,sinusoidal,noise,0.0458375,0.9983072524128475,0.001242373701084028,0.9970648787117634,0.9995496261139315
imagenet,sinusoidal,noise,0.046075,0.9983005875932996,0.0012482245410303681,0.9970523630522693,0.99954881213433
imagenet,sinusoidal,noise,0.0463125,0.9982939227737518,0.0012541094483657267,0.9970398133253862,0.9995480322221175
imagenet,sinusoidal,noise,0.04655,0.9982872579542038,0.001260027945759254,0.9970272300084445,0.9995472858999631
imagenet,sinusoidal,noise,0.0467875,0.998280593134656,0.0012659795621071672,0.9970146135725488,0.9995465726967632
imagenet,sinusoidal,noise,0.047025,0.9982739283151081,0.0012719638325110903,0.997001964482597,0.9995458921476191
imagenet,sinusoidal,noise,0.0472625,0.9982672634955602,0.0012779802982535008,0.9969892831973066,0.9995452437938137
imagenet,sinusoidal,noise,0.0475,0.9982605986760124,0.0012840285067693843,0.996976570169243,0.9995446271827817
imagenet,sinusoidal,noise,0.0477375,0.9982539338564643,0.0012901080116149552,0.9969638258448493,0.9995440418680793
imagenet,sinusoidal,noise,0.047975,0.9982472690369165,0.0012962183724336098,0.9969510506644829,0.9995434874093502
imagenet,sinusoidal,noise,0.0482125,0.9982406042173687,0.0013023591549186013,0.9969382450624501,0.9995429633722873
imagenet,sinusoidal,noise,0.04845,0.9982339393978208,0.00130852993077372,0.9969254094670471,0.9995424693285945
imagenet,sinusoidal,noise,0.0486875,0.998227274578273,0.0013147302776712812,0.9969125443006017,0.9995420048559442
imagenet,sinusoidal,noise,0.048925,0.9982206097587252,0.0013209597792078506,0.9968996499795173,0.999541569537933
imagenet,sinusoidal,noise,0.0491625,0.9982139449391773,0.0013272180248583305,0.9968867269143189,0.9995411629640356
imagenet,sinusoidal,noise,0.0494,0.9982072801196294,0.0013335046099272794,0.9968737755097021,0.9995407847295568
imagenet,sinusoidal,noise,0.0496375,0.9982006153000814,0.0013398191354993534,0.9968607961645821,0.9995404344355807
imagenet,sinusoidal,noise,0.049875,0.9981939504805336,0.0013461612083876275,0.996847789272146,0.9995401116889212
imagenet,sinusoidal,noise,0.0501125,0.9981872856609857,0.001352530441080565,0.9968347552199052,0.9995398161020662
imagenet,sinusoidal,noise,0.05035,0.9981806208414379,0.001358926451687573,0.9968216943897503,0.9995395472931254
imagenet,sinusoidal,noise,0.0505875,0.9981739560218897,0.0013653488638832284,0.9968086071580066,0.9995393048857729
imagenet,sinusoidal,noise,0.050825,0.9981672912023419,0.0013717973068506667,0.9967954938954913,0.9995390885091926
imagenet,sinusoidal,noise,0.0510625,0.998160626382794,0.001378271415223698,0.9967823549675703,0.9995388977980177
imagenet,sinusoidal,noise,0.0513,0.9981539615632462,0.0013847708290281597,0.996769190734218,0.9995387323922744
imagenet,sinusoidal,noise,0.0515375,0.9981472967436984,0.001391295193622279,0.9967560015500762,0.9995385919373206
imagenet,sinusoidal,noise,0.051775,0.9981406319241505,0.0013978441596365857,0.9967427877645139,0.9995384760837871
imagenet,sinusoidal,noise,0.0520125,0.9981339671046027,0.0014044173829130043,0.9967295497216897,0.9995383844875156
imagenet,sinusoidal,noise,0.05225,0.9981273022850549,0.0014110145244435992,0.9967162877606113,0.9995383168094985
imagenet,sinusoidal,noise,0.0524875,0.9981206374655068,0.0014176352503087637,0.996703002215198,0.9995382727158156
imagenet,sinusoidal,noise,0.052725,0.998113972645959,0.00142427923161496,0.9966896934143441,0.999538251877574
imagenet,sinusoidal,noise,0.0529625,0.9981073078264111,0.0014309461444324044,0.9966763616819787,0.9995382539708435
imagenet,sinusoidal,noise,0.0532,0.9981006430068633,0.0014376356697322625,0.996663007337131,0.9995382786765956
imagenet,sinusoidal,noise,0.0534375,0.9980939781873155,0.0014443474933241766,0.9966496306939913,0.9995383256806397
imagenet,sinusoidal,noise,0.053675,0.9980873133677676,0.0014510813057929126,0.9966362320619746,0.9995383946735605
imagenet,sinusoidal,noise,0.0539125,0.9980806485482195,0.0014578368024356963,0.9966228117457838,0.9995384853506553
imagenet,sinusoidal,noise,0.05415,0.9980739837286717,0.0014646136831993465,0.9966093700454723,0.9995385974118711
imagenet,sinusoidal,noise,0.0543875,0.9980673189091238,0.0014714116526172865,0.9965959072565065,0.9995387305617411
imagenet,sinusoidal,noise,0.054625,0.998060654089576,0.0014782304197471525,0.9965824236698289,0.9995388845093232
imagenet,sinusoidal,noise,0.0548625,0.9980539892700282,0.0014850696981078893,0.9965689195719203,0.9995390589681361
imagenet,sinusoidal,noise,0.0551,0.9980473244504801,0.0014919292056177066,0.9965553952448624,0.9995392536560977
imagenet,sinusoidal,noise,0.0553375,0.9980406596309322,0.0014988086645321061,0.9965418509664001,0.9995394682954644
imagenet,sinusoidal,noise,0.055575,0.9980339948113844,0.0015057078013818949,0.9965282870100025,0.9995397026127664
imagenet,sinusoidal,noise,0.0558125,0.9980273299918365,0.0015126263469121583,0.9965147036449243,0.9995399563387487
imagenet,sinusoidal,noise,0.05605,0.9980206651722887,0.0015195640360207963,0.9965011011362679,0.9995402292083095
imagenet,sinusoidal,noise,0.0562875,0.9980140003527408,0.0015265206076981815,0.9964874797450426,0.999540520960439
imagenet,sinusoidal,noise,0.056525,0.998007335533193,0.0015334958049669184,0.9964738397282261,0.9995408313381599
imagenet,sinusoidal,noise,0.0567625,0.9980006707136452,0.0015404893748220605,0.9964601813388231,0.9995411600884673
imagenet,sinusoidal,noise,0.057,0.9979940058940971,0.0015475010681717566,0.9964465048259253,0.999541506962269
imagenet,sinusoidal,noise,0.0572375,0.9979873410745493,0.0015545306397785428,0.9964328104347708,0.9995418717143278
imagenet,sinusoidal,noise,0.057475,0.9979806762550015,0.0015615778482010799,0.9964190984068004,0.9995422541032026
imagenet,sinusoidal,noise,0.0577125,0.9979740114354536,0.0015686424557364287,0.9964053689797172,0.99954265389119
imagenet,sinusoidal,noise,0.05795,0.9979673466159058,0.0015757242283629548,0.9963916223875429,0.9995430708442687
imagenet,sinusoidal,noise,0.0581875,0.9979606817963579,0.0015828229356834621,0.9963778588606744,0.9995435047320413
imagenet,sinusoidal,noise,0.058425,0.9979540169768099,0.0015899383508695432,0.9963640786259403,0.9995439553276794
imagenet,sinusoidal,noise,0.0586625,0.997947352157262,0.0015970702506059046,0.9963502819066561,0.999544422407868
imagenet,sinusoidal,noise,0.0589,0.9979406873377142,0.001604218415035663,0.9963364689226786,0.9995449057527499
imagenet,sinusoidal,noise,0.0591375,0.9979340225181663,0.0016113826277061778,0.9963226398904601,0.9995454051458725
imagenet,sinusoidal,noise,0.059375,0.9979273576986184,0.001618562675515352,0.9963087950231031,0.9995459203741337
imagenet,sinusoidal,noise,0.0596125,0.9979206928790706,0.0016257583486589294,0.9962949345304116,0.9995464512277296
imagenet,sinusoidal,noise,0.05985,0.9979140280595226,0.0016329694405779285,0.9962810586189447,0.9995469975001005
imagenet,sinusoidal,noise,0.0600875,0.9979073632399748,0.0016401957479072915,0.9962671674920675,0.9995475589878821
imagenet,sinusoidal,noise,0.060325,0.9979006984204268,0.0016474370704246811,0.9962532613500021,0.9995481354908515
imagenet,sinusoidal,noise,0.0605625,0.997894033600879,0.0016546932110002295,0.9962393403898788,0.9995487268118792
imagenet,sinusoidal,noise,0.0608,0.9978873687813312,0.0016619639755468777,0.9962254048057844,0.9995493327568781
imagenet,sinusoidal,noise,0.0610375,0.9978807039617833,0.001669249172971268,0.996211454788812,0.9995499531347546
imagenet,sinusoidal,noise,0.061275,0.9978740391422355,0.0016765486151256472,0.9961974905271098,0.9995505877573612
imagenet,sinusoidal,noise,0.0615125,0.9978673743226875,0.0016838621167597552,0.9961835122059277,0.9995512364394472
imagenet,sinusoidal,noise,0.06175,0.9978607095031395,0.0016911894954741175,0.9961695200076655,0.9995518989986136
imagenet,sinusoidal,noise,0.0619875,0.9978540446835917,0.0016985305716736231,0.9961555141119182,0.9995525752552653
imagenet,sinusoidal,noise,0.062225,0.9978473798640439,0.0017058851685217093,0.9961414946955223,0.9995532650325656
imagenet,sinusoidal,noise,0.0624625,0.997840715044496,0.0017132531118954012,0.9961274619326006,0.9995539681563914
imagenet,sinusoidal,noise,0.0627,0.9978340502249482,0.0017206342303408893,0.9961134159946073,0.999554684455289
imagenet,sinusoidal,noise,0.0629375,0.9978273854054002,0.001728028355029715,0.9960993570503704,0.9995554137604299
imagenet,sinusoidal,noise,0.063175,0.9978207205858524,0.0017354353197158482,0.9960852852661365,0.9995561559055682
imagenet,sinusoidal,noise,0.0634125,0.9978140557663046,0.0017428549606930185,0.9960712008056115,0.9995569107269976
imagenet,sinusoidal,noise,0.06365,0.9978073909467566,0.0017502871167530672,0.9960571038300036,0.9995576780635097
imagenet,sinusoidal,noise,0.0638875,0.9978007261272088,0.0017577316291447526,0.9960429944980641,0.9995584577563535
imagenet,sinusoidal,noise,0.064125,0.997794061307661,0.0017651883415330993,0.996028872966128,0.9995592496491941
imagenet,sinusoidal,noise,0.0643625,0.9977873964881129,0.001772657099959689,0.9960147393881532,0.9995600535880725
imagenet,sinusoidal,noise,0.0646,0.9977807316685651,0.0017801377528031703,0.9960005939157619,0.9995608694213682
imagenet,sinusoidal,noise,0.0648375,0.9977740668490171,0.001787630150740705,0.9959864366982765,0.9995616969997578
imagenet,sinusoidal,noise,0.065075,0.9977674020294693,0.001795134146709905,0.9959722678827594,0.9995625361761793
imagenet,sinusoidal,noise,0.0653125,0.9977607372099214,0.0018026495958713522,0.99595808761405,0.9995633868057928
imagenet,sinusoidal,noise,0.06555,0.9977540723903736,0.0018101763555716645,0.9959438960348019,0.9995642487459453
imagenet,sinusoidal,noise,0.0657875,0.9977474075708258,0.0018177142853075018,0.9959296932855183,0.9995651218561333
imagenet,sinusoidal,noise,0.066025,0.9977407427512778,0.0018252632466895329,0.9959154795045883,0.9995660059979673
imagenet,sinusoidal,noise,0.0662625,0.9977340779317299,0.001832823103407675,0.9959012548283221,0.9995669010351376
imagenet,sinusoidal,noise,0.0665,0.997727413112182,0.0018403937211963074,0.9958870193909858,0.9995678068333783
imagenet,sinusoidal,noise,0.0667375,0.9977207482926342,0.0018479749678004028,0.9958727733248338,0.9995687232604347
imagenet,sinusoidal,noise,0.066975,0.9977140834730863,0.001855566712942385,0.9958585167601439,0.9995696501860287
imagenet,sinusoidal,noise,0.0672125,0.9977074186535385,0.0018631688282887975,0.9958442498252497,0.9995705874818274
imagenet,sinusoidal,noise,0.06745,0.9977007538339905,0.0018707811874184882,0.995829972646572,0.9995715350214089
imagenet,sinusoidal,noise,0.0676875,0.9976940890144427,0.0018784036657905141,0.9958156853486522,0.9995724926802332
imagenet,sinusoidal,noise,0.067925,0.9976874241948949,0.0018860361407131401,0.9958013880541817,0.999573460335608
imagenet,sinusoidal,noise,0.0681625,0.997680759375347,0.0018936784913130096,0.9957870808840339,0.99957443786666
imagenet,sinusoidal,noise,0.0684,0.9976740945557991,0.0019013305985050002,0.9957727639572942,0.9995754251543041
imagenet,sinusoidal,noise,0.0686375,0.9976674297362513,0.0019089923449626036,0.9957584373912888,0.9995764220812139
imagenet,sinusoidal,noise,0.068875,0.9976607649167034,0.0019166636150886793,0.9957441013016147,0.9995774285317921
imagenet,sinusoidal,noise,0.0691125,0.9976541000971556,0.0019243442949867862,0.9957297558021688,0.9995784443921424
imagenet,sinusoidal,noise,0.06935,0.9976474352776078,0.001932034272433138,0.9957154010051746,0.999579469550041
imagenet,sinusoidal,noise,0.0695875,0.9976407704580597,0.0019397334368486793,0.9957010370212109,0.9995805038949084
imagenet,sinusoidal,noise,0.069825,0.9976341056385117,0.0019474416792720295,0.9956866639592397,0.9995815473177838
imagenet,sinusoidal,noise,0.0700625,0.9976274408189639,0.001955158892332618,0.9956722819266313,0.9995825997112966
imagenet,sinusoidal,noise,0.0703,0.9976207759994159,0.0019628849702245134,0.9956578910291913,0.9995836609696405
imagenet,sinusoidal,noise,0.0705375,0.9976141111798681,0.001970619808680484,0.9956434913711876,0.9995847309885486
imagenet,sinusoidal,noise,0.070775,0.9976074463603202,0.0019783633049465558,0.9956290830553736,0.9995858096652668
imagenet,sinusoidal,noise,0.0710125,0.9976007815407724,0.001986115357757091,0.9956146661830153,0.9995868968985294
imagenet,sinusoidal,noise,0.07125,0.9975941167212246,0.0019938758673103793,0.9956002408539142,0.9995879925885349
imagenet,sinusoidal,noise,0.0714875,0.9975874519016766,0.0020016447352443237,0.9955858071664323,0.999589096636921
imagenet,sinusoidal,noise,0.071725,0.9975807870821288,0.002009421864612947,0.9955713652175159,0.9995902089467418
imagenet,sinusoidal,noise,0.0719625,0.9975741222625808,0.002017207159862961,0.9955569151027178,0.9995913294224438
imagenet,sinusoidal,noise,0.0722,0.997567457443033,0.0020250005268108886,0.9955424569162221,0.9995924579698439
imagenet,sinusoidal,noise,0.0724375,0.9975607926234852,0.0020328018726209264,0.9955279907508643,0.9995935944961061
imagenet,sinusoidal,noise,0.072675,0.9975541278039374,0.002040611105782381,0.995513516698155,0.9995947389097197
imagenet,sinusoidal,noise,0.0729125,0.9975474629843895,0.002048428136088293,0.9954990348483012,0.9995958911204778
imagenet,sinusoidal,noise,0.07315,0.9975407981648415,0.002056252874614057,0.9954845452902275,0.9995970510394556
imagenet,sinusoidal,noise,0.0733875,0.9975341333452937,0.0020640852336963086,0.9954700481115974,0.99959821857899
imagenet,sinusoidal,noise,0.073625,0.9975274685257459,0.002071925126912785,0.9954555433988331,0.9995993936526587
imagenet,sinusoidal,noise,0.0738625,0.9975208037061979,0.002079772469061563,0.9954410312371363,0.9996005761752594
imagenet,sinusoidal,noise,0.0741,0.9975141388866501,0.0020876271761415704,0.9954265117105086,0.9996017660627916
imagenet,sinusoidal,noise,0.0743375,0.997507474067102,0.002095489165332898,0.9954119849017692,0.9996029632324349
imagenet,sinusoidal,noise,0.074575,0.9975008092475542,0.0021033583549778107,0.9953974508925765,0.999604167602532
imagenet,sinusoidal,noise,0.0748125,0.9974941444280062,0.0021112346645616813,0.9953829097634446,0.9996053790925679
imagenet,sinusoidal,noise,0.07505,0.9974874796084584,0.0021191180146946384,0.9953683615937637,0.9996065976231531
imagenet,sinusoidal,noise,0.0752875,0.9974808147889105,0.002127008327093314,0.9953538064618171,0.9996078231160038
imagenet,sinusoidal,noise,0.075525,0.9974741499693627,0.002134905524563025,0.9953392444447996,0.9996090554939258
imagenet,sinusoidal,noise,0.0757625,0.9974674851498149,0.0021428095309802163,0.9953246756188346,0.9996102946807951
imagenet,sinusoidal,noise,0.076,0.997460820330267,0.0021507202712752207,0.9953101000589917,0.9996115406015422
imagenet,sinusoidal,noise,0.0762375,0.9974541555107191,0.0021586376714152963,0.9952955178393038,0.9996127931821345
imagenet,sinusoidal,noise,0.076475,0.9974474906911711,0.0021665616583879765,0.9952809290327831,0.9996140523495591
imagenet,sinusoidal,noise,0.0767125,0.9974408258716233,0.0021744921601847215,0.9952663337114386,0.999615318031808
imagenet,sinusoidal,noise,0.07695,0.9974341610520755,0.0021824291057849503,0.9952517319462906,0.9996165901578604
imagenet,sinusoidal,noise,0.0771875,0.9974274962325277,0.0021903724251401712,0.9952371238073875,0.9996178686576679
imagenet,sinusoidal,noise,0.077425,0.9974208314129798,0.0021983220491584516,0.9952225093638213,0.9996191534621383
imagenet,sinusoidal,noise,0.0776625,0.997414166593432,0.002206277909689142,0.9952078886837428,0.9996204445031212
imagenet,sinusoidal,noise,0.0779,0.997407501773884,0.0022142399395080918,0.995193261834376,0.9996217417133921
imagenet,sinusoidal,noise,0.0781375,0.9974008369543362,0.0022222080723028636,0.9951786288820333,0.9996230450266391
imagenet,sinusoidal,noise,0.078375,0.9973941721347882,0.0022301822426581503,0.9951639898921301,0.9996243543774463
imagenet,sinusoidal,noise,0.0786125,0.9973875073152404,0.0022381623860417386,0.9951493449291987,0.9996256697012821
imagenet,sinusoidal,noise,0.07885,0.9973808424956925,0.0022461484387904036,0.995134694056902,0.9996269909344829
imagenet,sinusoidal,noise,0.0790875,0.9973741776761447,0.002254140338096502,0.9951200373380482,0.9996283180142411
imagenet,sinusoidal,noise,0.079325,0.9973675128565965,0.0022621380219941672,0.9951053748346024,0.9996296508785907
imagenet,sinusoidal,noise,0.0795625,0.9973608480370487,0.0022701414293461917,0.9950907066077025,0.999630989466395
imagenet,sinusoidal,noise,0.0798,0.9973541832175008,0.002278150499831126,0.9950760327176696,0.999632333717332
imagenet,sinusoidal,noise,0.0800375,0.997347518397953,0.002286165173930326,0.9950613532240227,0.9996336835718833
imagenet,sinusoidal,noise,0.080275,0.9973408535784052,0.0022941853929157132,0.9950466681854895,0.9996350389713209
imagenet,sinusoidal,noise,0.0805125,0.9973341887588573,0.002302211098836981,0.9950319776600203,0.9996363998576943
imagenet,sinusoidal,noise,0.08075,0.9973275239393092,0.0023102422345098648,0.9950172817047994,0.999637766173819
imagenet,sinusoidal,noise,0.0809875,0.9973208591197616,0.0023182787435040084,0.9950025803762577,0.9996391378632656
imagenet,sinusoidal,noise,0.081225,0.9973141943002136,0.0023263205701313816,0.9949878737300822,0.999640514870345
imagenet,sinusoidal,noise,0.0814625,0.9973075294806658,0.002334367659434727,0.9949731618212311,0.9996418971401005
imagenet,sinusoidal,noise,0.0817,0.9973008646611179,0.0023424199571763,0.9949584447039416,0.9996432846182942
imagenet,sinusoidal,noise,0.0819375,0.9972941998415701,0.0023504774098266133,0.9949437224317434,0.9996446772513967
imagenet,sinusoidal,noise,0.082175,0.9972875350220222,0.002358539964553734,0.9949289950574685,0.9996460749865759
imagenet,sinusoidal,noise,0.0824125,0.9972808702024744,0.0023666075692124525,0.9949142626332619,0.9996474777716868
imagenet,sinusoidal,noise,0.08265,0.9972742053829263,0.0023746801723336527,0.9948995252105927,0.99964888555526
imagenet,sinusoidal,noise,0.0828875,0.9972675405633785,0.002382757723114182,0.9948847828402644,0.9996502982864927
imagenet,sinusoidal,noise,0.083125,0.9972608757438306,0.002390840171406349,0.9948700355724243,0.9996517159152369
imagenet,sinusoidal,noise,0.0833625,0.9972542109242828,0.0023989274677081855,0.9948552834565746,0.999653138391991
imagenet,sinusoidal,noise,0.0836,0.997247546104735,0.0024070195631535484,0.9948405265415814,0.9996545656678886
imagenet,sinusoidal,noise,0.0838375,0.9972408812851871,0.0024151164095023345,0.9948257648756847,0.9996559976946894
imagenet,sinusoidal,noise,0.084075,0.9972342164656393,0.002423217959131166,0.9948109985065081,0.9996574344247704
imagenet,sinusoidal,noise,0.0843125,0.9972275516460911,0.0024313241650237337,0.9947962274810673,0.9996588758111149
imagenet,sinusoidal,noise,0.08455,0.9972208868265433,0.002439434980762023,0.9947814518457813,0.9996603218073054
imagenet,sinusoidal,noise,0.0847875,0.9972142220069954,0.002447550360517057,0.9947666716464784,0.9996617723675124
imagenet,sinusoidal,noise,0.085025,0.9972075571874476,0.0024556702590399697,0.9947518869284077,0.9996632274464875
imagenet,sinusoidal,noise,0.0852625,0.9972008923678995,0.0024637946316534154,0.9947370977362462,0.9996646869995529
imagenet,sinusoidal,noise,0.0855,0.997194227548352,0.0024719234342429216,0.994722304114109,0.9996661509825949
imagenet,sinusoidal,noise,0.0857375,0.9971875627288039,0.0024800566232485595,0.9947075061055554,0.9996676193520525
imagenet,sinusoidal,noise,0.085975,0.9971802572771057,0.002487871689669301,0.9946923855874363,0.999668128966775
imagenet,sinusoidal,noise,0.0862125,0.9971713755294003,0.0024949043127651302,0.9946764712166352,0.9996662798421654
imagenet,sinusoidal,noise,0.08645,0.9971624937816946,0.0025019515183758627,0.9946605422633188,0.9996644453000705
imagenet,sinusoidal,noise,0.0866875,0.9971533986030251,0.002508759189679509,0.9946446394133456,0.9996621577927046
imagenet,sinusoidal,noise,0.086925,0.9971418318505373,0.0025126441560591782,0.9946291876944781,0.9996544760065965
imagenet,sinusoidal,noise,0.0871625,0.9971268883355249,0.002512103514845423,0.9946147848206794,0.9996389918503703
imagenet,sinusoidal,noise,0.0874,0.9971116170610524,0.0025111346941407466,0.9946004823669117,0.9996227517551932
imagenet,sinusoidal,noise,0.0876375,0.9970963457865799,0.0025101685490368734,0.9945861772375431,0.9996065143356168
imagenet,sinusoidal,noise,0.087875,0.9970810745121076,0.0025092050826243306,0.9945718694294833,0.9995902795947319
imagenet,sinusoidal,noise,0.0881125,0.9970647555732787,0.0025086491004986415,0.99455610647278,0.9995734046737773
imagenet,sinusoidal,noise,0.08835,0.9970478445841154,0.0025083237411696138,0.9945395208429458,0.999556168325285
imagenet,sinusoidal,noise,0.0885875,0.9970309335949522,0.0025080000647533527,0.9945229335301988,0.9995389336597056
imagenet,sinusoidal,noise,0.088825,0.9970140226057892,0.0025076780719014524,0.9945063445338878,0.9995217006776906
imagenet,sinusoidal,noise,0.0890625,0.996997111616626,0.0025073577632626436,0.9944897538533634,0.9995044693798886
imagenet,sinusoidal,noise,0.0893,0.9969787361879657,0.002509514278269003,0.9944692219096968,0.9994882504662347
imagenet,sinusoidal,noise,0.0895375,0.9969600942768598,0.0025121226075625674,0.9944479716692972,0.9994722168844224
imagenet,sinusoidal,noise,0.089775,0.9969414523657538,0.002514732326302203,0.9944267200394517,0.999456184692056
imagenet,sinusoidal,noise,0.0900125,0.9969228104546478,0.00251734343016662,0.9944054670244812,0.9994401538848144
imagenet,sinusoidal,noise,0.09025,0.9969041685435417,0.002519955914850165,0.9943842126286915,0.9994241244583919
imagenet,sinusoidal,noise,0.0904875,0.9968855266324357,0.0025225697760627385,0.994362956856373,0.9994080964084984
imagenet,sinusoidal,noise,0.090725,0.9968668847213298,0.0025251850095297378,0.9943416997118001,0.9993920697308595
imagenet,sinusoidal,noise,0.0909625,0.9968469389366515,0.002528967165504071,0.9943179717711474,0.9993759061021557
imagenet,sinusoidal,noise,0.0912,0.9968264633216637,0.0025332260797049423,0.9942932372419587,0.9993596894013687
imagenet,sinusoidal,noise,0.0914375,0.9968059877066757,0.002537488410816318,0.9942684992958594,0.9993434761174921
imagenet,sinusoidal,noise,0.091675,0.9967855120916879,0.0025417541416484645,0.9942437579500394,0.9993272662333363
imagenet,sinusoidal,noise,0.0919125,0.9967650364767001,0.0025460232551132453,0.9942190132215869,0.9993110597318133
imagenet,sinusoidal,noise,0.09215,0.9967445608617123,0.002550295734223358,0.9941942651274889,0.9992948565959356
imagenet,sinusoidal,noise,0.0923875,0.9967240852467244,0.0025545715620918373,0.9941695136846326,0.9992786568088162
imagenet,sinusoidal,noise,0.092625,0.9967036096317364,0.00255885072193151,0.9941447589098049,0.999262460353668
imagenet,sinusoidal,noise,0.0928625,0.9966831340167487,0.002563133197054021,0.9941200008196946,0.9992462672138027
imagenet,sinusoidal,noise,0.0931,0.9966626584017607,0.0025674189708696916,0.9940952394308911,0.9992300773726304
imagenet,sinusoidal,noise,0.0933375,0.9966421827867729,0.0025717080268866186,0.9940704747598862,0.9992138908136595
imagenet,sinusoidal,noise,0.093575,0.996621707171785,0.002576000348710105,0.9940457068230749,0.9991977075204951
imagenet,sinusoidal,noise,0.0938125,0.9966012315567973,0.002580295920042258,0.994020935636755,0.9991815274768395
imagenet,sinusoidal,noise,0.09405,0.9965807559418094,0.0025845947246810035,0.9939961612171284,0.9991653506664904
imagenet,sinusoidal,noise,0.0942875,0.9965602803268214,0.0025888967465198345,0.9939713835803016,0.9991491770733413
imagenet,sinusoidal,noise,0.094525,0.9965398047118336,0.00259320196954723,0.9939466027422863,0.9991330066813808
imagenet,sinusoidal,noise,0.0947625,0.9965193290968456,0.002597510377845783,0.9939218187189998,0.9991168394746914
imagenet,sinusoidal,noise,0.095,0.996498853481858,0.0026018219555917744,0.9938970315262662,0.9991006754374497
imagenet,sinusoidal,adversarial,0.0,1.0,0.0,1.0,1.0
imagenet,sinusoidal,adversarial,0.0002375,0.9995835321897436,7.540955884110038e-05,0.9995081226309025,0.9996589417485847
imagenet,sinusoidal,adversarial,0.000475,0.999167064379487,0.00015081911768222454,0.9990162452618048,0.9993178834971692
imagenet,sinusoidal,adversarial,0.0007125,0.9987505965692307,0.00022622867652335088,0.9985243678927074,0.998976825245754
imagenet,sinusoidal,adversarial,0.00095,0.9983341287589741,0.0003016382353644009,0.9980324905236096,0.9986357669943385
imagenet,sinusoidal,adversarial,0.0011875,0.9979176609487178,0.0003770477942055251,0.9975406131545123,0.9982947087429234
imagenet,sinusoidal,adversarial,0.001425,0.9975011931384613,0.0004524573530466316,0.9970487357854146,0.997953650491508
imagenet,sinusoidal,adversarial,0.0016625,0.9970847253282048,0.0005278669118877338,0.996556858416317,0.9976125922400926
imagenet,sinusoidal,adversarial,0.0019,0.9966682575179484,0.0006032764707288579,0.9960649810472195,0.9972715339886773
imagenet,sinusoidal,adversarial,0.0021375,0.996251789707692,0.0006786860295699825,0.995573103678122,0.996930475737262
imagenet,sinusoidal,adversarial,0.002375,0.9958353218974354,0.0007540955884110829,0.9950812263090243,0.9965894174858465
imagenet,sinusoidal,adversarial,0.0026125,0.9954188540871791,0.0008295051472521623,0.994589348939927,0.9962483592344312
imagenet,sinusoidal,adversarial,0.00285,0.9950023862769225,0.0009049147060932589,0.9940974715708293,0.9959073009830157
imagenet,sinusoidal,adversarial,0.0030875,0.9945859184666661,0.0009803242649343593,0.9936055942017318,0.9955662427316004
imagenet,sinusoidal,adversarial,0.003325,0.9941694506564095,0.0010557338237754596,0.993113716832634,0.9952251844801849
imagenet,sinusoidal,adversarial,0.0035625,0.9937529828461532,0.001131143382616608,0.9926218394635365,0.9948841262287699
imagenet,sinusoidal,adversarial,0.0038,0.9933365150358967,0.0012065529414577163,0.992129962094439,0.9945430679773544
imagenet,sinusoidal,adversarial,0.0040375,0.9929200472256402,0.001281962500298794,0.9916380847253414,0.994202009725939
imagenet,sinusoidal,adversarial,0.004275,0.9925035794153838,0.001357372059139918,0.9911462073562439,0.9938609514745237
imagenet,sinusoidal,adversarial,0.0045125,0.9920871116051274,0.0014327816179809908,0.9906543299871464,0.9935198932231084
imagenet,sinusoidal,adversarial,0.00475,0.9916706437948709,0.0015081911768220933,0.9901624526180488,0.993178834971693
imagenet,sinusoidal,adversarial,0.0049875,0.9912541759846145,0.0015836007356632412,0.9896705752489513,0.9928377767202777
imagenet,sinusoidal,adversarial,0.005225,0.9908377081743579,0.0016590102945043417,0.9891786978798536,0.9924967184688622
imagenet,sinusoidal,adversarial,0.0054625,0.9904212403641016,0.0017344198533454421,0.9886868205107562,0.992155660217447
imagenet,sinusoidal,adversarial,0.0057,0.9900047725538451,0.0018098294121865453,0.9881949431416586,0.9918146019660317
imagenet,sinusoidal,adversarial,0.0059375,0.9895883047435886,0.0018852389710276457,0.987703065772561,0.9914735437146163
imagenet,sinusoidal,adversarial,0.006175,0.9891718369333322,0.0019606485298687523,0.9872111884034634,0.991132485463201
imagenet,sinusoidal,adversarial,0.0064125,0.988774648884728,0.002011701288817239,0.9867629475959108,0.9907863501735452
imagenet,sinusoidal,adversarial,0.00665,0.9883757086501151,0.002054518645382536,0.9863211900047326,0.9904302272954977
imagenet,sinusoidal,adversarial,0.0068875,0.9879490944825703,0.002067269682936388,0.9858818247996339,0.9900163641655066
imagenet,sinusoidal,adversarial,0.007125,0.9875182030876677,0.002077545904464393,0.9854406571832033,0.9895957489921321
imagenet,sinusoidal,adversarial,0.0073625,0.9870939378083663,0.002076096124333951,0.9850178416840324,0.9891700339327002
imagenet,sinusoidal,adversarial,0.0076,0.9866696725290649,0.0020755911949679926,0.9845940813340969,0.9887452637240329
imagenet,sinusoidal,adversarial,0.0078375,0.9862454072497634,0.002076031805782215,0.9841693754439812,0.9883214390555456
imagenet,sinusoidal,adversarial,0.008075,0.985821141970462,0.002077417355142253,0.9837437246153198,0.9878985593256042
imagenet,sinusoidal,adversarial,0.0083125,0.9853968766911606,0.0020797459544640608,0.9833171307366966,0.9874766226456246
imagenet,sinusoidal,adversarial,0.00855,0.9849726114118592,0.002083014441046828,0.9828895969708124,0.9870556258529061
imagenet,sinusoidal,adversarial,0.0087875,0.9845483461325575,0.002087218399436388,0.9824611277331211,0.9866355645319939
imagenet,sinusoidal,adversarial,0.009025,0.9841240808532562,0.002092352190984646,0.9820317286622715,0.9862164330442409
imagenet,sinusoidal,adversarial,0.0092625,0.9836998155739548,0.0020984089911471847,0.9816014065828076,0.985798224565102
imagenet,sinusoidal,adversarial,0.0095,0.9832755502946534,0.0021053808339520745,0.9811701694607013,0.9853809311286055
imagenet,sinusoidal,adversarial,0.0097375,0.9828512850153519,0.0021132586629787013,0.9807380263523732,0.9849645436783306
imagenet,sinusoidal,adversarial,0.009975,0.9824270197360505,0.002122032388106436,0.980304987347944,0.984549052124157
imagenet,sinusoidal,adversarial,0.0102125,0.9820027544567491,0.0021316909472358456,0.9798710635095133,0.984134445403985
imagenet,sinusoidal,adversarial,0.01045,0.9815784891774477,0.00214222237214492,0.9794362668053028,0.9837207115495926
imagenet,sinusoidal,adversarial,0.0106875,0.9811542238981463,0.002153613857622981,0.9790006100405233,0.9833078377557694
imagenet,sinusoidal,adversarial,0.010925,0.9807299586188448,0.002165851833023087,0.9785641067858217,0.9828958104518679
imagenet,sinusoidal,adversarial,0.0111625,0.9803056933395434,0.002178922035390346,0.978126771304153,0.9824846153749338
imagenet,sinusoidal,adversarial,0.0114,0.979881428060242,0.002192809583353351,0.9776886184768887,0.9820742376435954
imagenet,sinusoidal,adversarial,0.0116375,0.9794571627809407,0.0022074990510120803,0.9772496637299287,0.9816646618319528
imagenet,sinusoidal,adversarial,0.011875,0.9790328975016392,0.0022229745411111845,0.976809922960528,0.9812558720427504
imagenet,sinusoidal,adversarial,0.0121125,0.9786086322223378,0.002239219756851573,0.9763694124654863,0.9808478519791894
imagenet,sinusoidal,adversarial,0.01235,0.9781843669430365,0.002256218071764463,0.975928148871272,0.9804405850148009
imagenet,sinusoidal,adversarial,0.0125875,0.9777601016637351,0.002273952597147769,0.9754861490665873,0.9800340542608829
imagenet,sinusoidal,adversarial,0.012825,0.9773358363844334,0.0022924062466390793,0.9750434301377944,0.9796282426310725
imagenet,sinusoidal,adversarial,0.0130625,0.976911571105132,0.002311561797577862,0.9746000093075542,0.9792231329027099
imagenet,sinusoidal,adversarial,0.0133,0.9764873058258307,0.002331401948881646,0.9741559038769491,0.9788187077747122
imagenet,sinusoidal,adversarial,0.0135375,0.9760630405465293,0.0023519093752339126,0.9737111311712954,0.9784149499217631
imagenet,sinusoidal,adversarial,0.013775,0.9756387752672278,0.0023730667774451374,0.9732657084897827,0.9780118420446728
imagenet,sinusoidal,adversarial,0.0140125,0.9752145099879264,0.002394856928910538,0.9728196530590159,0.9776093669168369
imagenet,sinusoidal,adversarial,0.01425,0.9747902447086251,0.0024172627181430085,0.972372981990482,0.9772075074267681
imagenet,sinusoidal,adversarial,0.0144875,0.9743659794293236,0.0024402671874067085,0.9719257122419168,0.9768062466167303
imagenet,sinusoidal,adversarial,0.014725,0.9739417141500221,0.0024638535675197966,0.9714778605825023,0.9764055677175418
imagenet,sinusoidal,adversarial,0.0149625,0.9735174488707207,0.0024880053089297327,0.9710294435617909,0.9760054541796505
imagenet,sinusoidal,adversarial,0.0152,0.9730931835914194,0.0025127061091941606,0.9705804774822252,0.9756058897006136
imagenet,sinusoidal,adversarial,0.0154375,0.9726689183121179,0.002537939937023097,0.9701309783750948,0.975206858249141
imagenet,sinusoidal,adversarial,0.015675,0.9722446530328163,0.0025636910530577785,0.9696809619797585,0.974808344085874
imagenet,sinusoidal,adversarial,0.0159125,0.9718203877535151,0.0025899440275721883,0.9692304437259429,0.9744103317810873
imagenet,sinusoidal,adversarial,0.01615,0.9713961224742137,0.0026166837552943512,0.9687794387189194,0.974012806229508
imagenet,sinusoidal,adversarial,0.0163875,0.9709718571949123,0.0026438954675482456,0.968327961727364,0.9736157526624606
imagenet,sinusoidal,adversarial,0.016625,0.9705475919156106,0.0026715647419180426,0.9678760271736925,0.9732191566575287
imagenet,sinusoidal,adversarial,0.0168625,0.9701233266363093,0.0026996775096357908,0.9674236491266734,0.9728230041459451
imagenet,sinusoidal,adversarial,0.0171,0.9696990613570079,0.002728220060890138,0.9669708412961178,0.972427281417898
imagenet,sinusoidal,adversarial,0.0173375,0.9692788711846382,0.0027533783790469517,0.9665254928055912,0.9720322495636852
imagenet,sinusoidal,adversarial,0.017575,0.968865728753444,0.0027723846131861344,0.9660933441402578,0.9716381133666302
imagenet,sinusoidal,adversarial,0.0178125,0.96845258632225,0.0027918104194173876,0.9656607759028326,0.9712443967416673
imagenet,sinusoidal,adversarial,0.01805,0.9680394438910559,0.0028116471012223747,0.9652277967898335,0.9708510909922783
imagenet,sinusoidal,adversarial,0.0182875,0.9676170605687089,0.0028288616623130935,0.9647881989063958,0.970445922231022
imagenet,sinusoidal,adversarial,0.018525,0.967195807324785,0.0028428731910672567,0.9643529341337178,0.9700386805158523
imagenet,sinusoidal,adversarial,0.0187625,0.966776268355352,0.0028541105638595905,0.9639221577914925,0.9696303789192116
imagenet,sinusoidal,adversarial,0.019,0.966356729385919,0.0028655885628625605,0.9634911408230564,0.9692223179487816
imagenet,sinusoidal,adversarial,0.0192375,0.9659371904164858,0.002877304308395412,0.9630598861080905,0.9688144947248812
imagenet,sinusoidal,adversarial,0.019475,0.9655176514470526,0.0028892549083182027,0.9626283965387344,0.9684069063553707
imagenet,sinusoidal,adversarial,0.0197125,0.9650996427628561,0.0029013131738290007,0.9621983295890271,0.9680009559366851
imagenet,sinusoidal,adversarial,0.01995,0.9646982240043994,0.002912238869729322,0.9617859851346701,0.9676104628741288
imagenet,sinusoidal,adversarial,0.0201875,0.9642968052459429,0.0029233649314965087,0.9613734403144464,0.9672201701774393
imagenet,sinusoidal,adversarial,0.020425,0.9638953864874861,0.002934689080236168,0.9609606974072499,0.9668300755677223
imagenet,sinusoidal,adversarial,0.0206625,0.9634939677290294,0.0029462090318277817,0.9605477586972017,0.9664401767608571
imagenet,sinusoidal,adversarial,0.0209,0.963092548970573,0.002957922498545582,0.9601346264720274,0.9660504714691185
imagenet,sinusoidal,adversarial,0.0211375,0.962691130212116,0.0029698271906279296,0.9597213030214882,0.9656609574027439
imagenet,sinusoidal,adversarial,0.021375,0.9622897114536594,0.002981920817794522,0.9593077906358649,0.9652716322714538
imagenet,sinusoidal,adversarial,0.0216125,0.9618882926952028,0.002994201090710574,0.9588940916044922,0.9648824937859134
imagenet,sinusoidal,adversarial,0.02185,0.961486873936746,0.003006665722397538,0.9584802082143485,0.9644935396591435
imagenet,sinusoidal,adversarial,0.0220875,0.9610854551782895,0.0030193124295907333,0.9580661427486987,0.9641047676078802
imagenet,sinusoidal,adversarial,0.022325,0.960691483989625,0.003036353292434746,0.9576551306971902,0.9637278372820598
imagenet,sinusoidal,adversarial,0.0225625,0.9603007611737818,0.003056998045589246,0.9572437631281926,0.9633577592193711
imagenet,sinusoidal,adversarial,0.0228,0.9599100383579385,0.0030778745010719586,0.9568321638568665,0.9629879128590105
imagenet,sinusoidal,adversarial,0.0230375,0.9595193155420955,0.0030989779762553757,0.9564203375658401,0.9626182935183508
imagenet,sinusoidal,adversarial,0.023275,0.9591285927262523,0.003120303864952558,0.9560082888612997,0.9622488965912048
imagenet,sinusoidal,adversarial,0.0235125,0.9587378699104092,0.0031418476381445677,0.9555960222722647,0.9618797175485537
imagenet,sinusoidal,adversarial,0.02375,0.9583471470945661,0.0031636048445320133,0.9551835422500341,0.9615107519390982
imagenet,sinusoidal,adversarial,0.0239875,0.957956424278723,0.003185571110920737,0.9547708531678022,0.9611419953896437
imagenet,sinusoidal,adversarial,0.024225,0.9575657014628799,0.0032077421424537966,0.9543579593204261,0.9607734436053337
imagenet,sinusoidal,adversarial,0.0244625,0.9571749786470368,0.0032301137226993255,0.9539448649243375,0.9604050923697361
imagenet,sinusoidal,adversarial,0.0247,0.9567842558311935,0.0032526817136051757,0.9535315741175884,0.9600369375447987
imagenet,sinusoidal,adversarial,0.0249375,0.9563935330153504,0.003275442055330458,0.9531180909600199,0.9596689750706808
imagenet,sinusoidal,adversarial,0.025175,0.9560028101995073,0.0032983907659627073,0.9527044194335446,0.95930120096547
imagenet,sinusoidal,adversarial,0.0254125,0.9556120873836641,0.003321523941130612,0.9522905634425335,0.9589336113247947
imagenet,sinusoidal,adversarial,0.02565,0.955221364567821,0.0033448377535202386,0.9518765268143008,0.9585662023213413
imagenet,sinusoidal,adversarial,0.0258875,0.954830641751978,0.0033683284523038444,0.9514623132996741,0.9581989702042818
imagenet,sinusoidal,adversarial,0.026125,0.9544399189361347,0.003391992362488469,0.9510479265736462,0.9578319112986231
imagenet,sinusoidal,adversarial,0.0263625,0.9540491961202916,0.0034158258841918334,0.9506333702360997,0.9574650220044835
imagenet,sinusoidal,adversarial,0.0266,0.9536584733044485,0.0034398254918534448,0.9502186478125951,0.9570982987963019
imagenet,sinusoidal,adversarial,0.0268375,0.9532742795725427,0.0034590943801340993,0.9498151851924086,0.9567333739526769
imagenet,sinusoidal,adversarial,0.027075,0.9528961550356567,0.003474191915308682,0.949421963120348,0.9563703469509655
imagenet,sinusoidal,adversarial,0.0273125,0.9525180304987706,0.00348973055854488,0.9490282999402258,0.9560077610573154
imagenet,sinusoidal,adversarial,0.02755,0.9521399059618845,0.003505704444361012,0.9486342015175234,0.9556456104062455
imagenet,sinusoidal,adversarial,0.0277875,0.9517617814249985,0.0035221076508687873,0.9482396737741297,0.9552838890758673
imagenet,sinusoidal,adversarial,0.028025,0.9513836568881123,0.0035389342082792715,0.9478447226798331,0.9549225910963915
imagenet,sinusoidal,adversarial,0.0282625,0.9510055323512262,0.0035561781071643283,0.9474493542440618,0.9545617104583906
imagenet,sinusoidal,adversarial,0.0285,0.9506274078143403,0.003573833306457605,0.9470535745078827,0.9542012411207978
imagenet,sinusoidal,adversarial,0.0287375,0.9502492832774542,0.003591893741181858,0.9466573895362723,0.953841177018636
imagenet,sinusoidal,adversarial,0.028975,0.9498711587405678,0.0036103533298920128,0.9462608054106758,0.9534815120704598
imagenet,sinusoidal,adversarial,0.0292125,0.9494930342036819,0.0036292059818241063,0.9458638282218578,0.9531222401855061
imagenet,sinusoidal,adversarial,0.02945,0.9491149096667956,0.0036484456037439504,0.9454664640630516,0.9527633552705396
imagenet,sinusoidal,adversarial,0.0296875,0.9487367851299097,0.0036680661064891575,0.9450687190234205,0.9524048512363988
imagenet,sinusoidal,adversarial,0.029925,0.9483586605930237,0.0036880614112017023,0.944670599181822,0.9520467220042254
imagenet,sinusoidal,adversarial,0.0301625,0.9479805360561374,0.003708425455249305,0.9442721106008881,0.9516889615113867
imagenet,sinusoidal,adversarial,0.0304,0.9476024115192514,0.003729152197834218,0.9438732593214172,0.9513315637170856
imagenet,sinusoidal,adversarial,0.0306375,0.9472242869823654,0.003750235625291749,0.9434740513570736,0.9509745226076571
imagenet,sinusoidal,adversarial,0.030875,0.9468461624454791,0.0037716697560799617,0.9430744926893991,0.9506178322015592
imagenet,sinusoidal,adversarial,0.0311125,0.946468037908593,0.003793448645464161,0.9426745892631289,0.9502614865540572
imagenet,sinusoidal,adversarial,0.03135,0.9460899133717069,0.0038155663899013714,0.9422743469818056,0.9499054797616082
imagenet,sinusoidal,adversarial,0.0315875,0.9457117888348208,0.003838017131129111,0.9418737717036917,0.9495498059659498
imagenet,sinusoidal,adversarial,0.031825,0.9453336642979348,0.0038607950599664686,0.9414728692379682,0.9491944593579013
imagenet,sinusoidal,adversarial,0.0320625,0.9449555397610486,0.0038838944198326293,0.941071645341216,0.9488394341808812
imagenet,sinusoidal,adversarial,0.0323,0.9445774152241625,0.003907309509992504,0.94067010571417,0.948484724734155
imagenet,sinusoidal,adversarial,0.0325375,0.9441709758723968,0.003943190069966999,0.9402277858024298,0.9481141659423639
imagenet,sinusoidal,adversarial,0.032775,0.9437492981582163,0.003989028930618755,0.9397602692275975,0.9477383270888351
imagenet,sinusoidal,adversarial,0.0330125,0.9433276204440357,0.004038820021104269,0.9392888004229315,0.94736644046514
imagenet,sinusoidal,adversarial,0.03325,0.9429059427298553,0.004092419087601226,0.938813523642254,0.9469983618174566
imagenet,sinusoidal,adversarial,0.0334875,0.9424842650156747,0.0041496785762736585,0.938334586439401,0.9466339435919484
imagenet,sinusoidal,adversarial,0.033725,0.9420625873014944,0.004210449151377828,0.9378521381501166,0.9462730364528722
imagenet,sinusoidal,adversarial,0.0339625,0.9416271037744797,0.004300265390187324,0.9373268383842923,0.945927369164667
imagenet,sinusoidal,adversarial,0.0342,0.9411860668617439,0.004402949147580333,0.9367831177141636,0.9455890160093242
imagenet,sinusoidal,adversarial,0.0344375,0.9407302980622365,0.00450048184089278,0.9362298162213437,0.9452307799031293
imagenet,sinusoidal,adversarial,0.034675,0.9402270704019354,0.0045784937444269674,0.9356485766575084,0.9448055641463624
imagenet,sinusoidal,adversarial,0.0349125,0.9397238427416342,0.004661989824399119,0.9350618529172351,0.9443858325660334
imagenet,sinusoidal,adversarial,0.03515,0.9392206150813331,0.0047506809264923535,0.9344699341548408,0.9439712960078255
imagenet,sinusoidal,adversarial,0.0353875,0.9387173874210318,0.004844281721304923,0.9338731056997269,0.9435616691423367
imagenet,sinusoidal,adversarial,0.035625,0.9382141597607307,0.004942513278979911,0.9332716464817509,0.9431566730397106
imagenet,sinusoidal,adversarial,0.0358625,0.9377109321004294,0.005045105114654202,0.9326658269857753,0.9427560372150836
imagenet,sinusoidal,adversarial,0.0361,0.9372077044401284,0.005151796745837367,0.932055907694291,0.9423595011859657
imagenet,sinusoidal,adversarial,0.0363375,0.9367044767798273,0.005262338813723806,0.9314421379661034,0.9419668155935511
imagenet,sinusoidal,adversarial,0.036575,0.9362012491195258,0.005376493825712196,0.9308247552938137,0.941577742945238
imagenet,sinusoidal,adversarial,0.0368125,0.9356980214592246,0.005494036577318309,0.9302039848819064,0.9411920580365429
imagenet,sinusoidal,adversarial,0.03705,0.9351947937989237,0.005614754309441776,0.9295800394894819,0.9408095481083655
imagenet,sinusoidal,adversarial,0.0372875,0.9346915661386225,0.005738446652655367,0.9289531194859671,0.9404300127912778
imagenet,sinusoidal,adversarial,0.037525,0.9341883384783212,0.005864925404712439,0.9283234130736088,0.9400532638830336
imagenet,sinusoidal,adversarial,0.0377625,0.9336851108180202,0.005994014181481784,0.9276910966365384,0.939679124999502
imagenet,sinusoidal,adversarial,0.038,0.9331818831577191,0.006125547975508887,0.9270563351822102,0.939307431133228
imagenet,sinusoidal,adversarial,0.0382375,0.9326786554974178,0.006259372650690443,0.9264192828467274,0.9389380281481082
imagenet,sinusoidal,adversarial,0.038475,0.9321754278371165,0.006395344396328815,0.9257800834407877,0.9385707722334453
imagenet,sinusoidal,adversarial,0.0387125,0.9316722001768154,0.006533329159210494,0.925138871017605,0.9382055293360259
imagenet,sinusoidal,adversarial,0.03895,0.9311689725165143,0.006673202068349203,0.9244957704481651,0.9378421745848635
imagenet,sinusoidal,adversarial,0.0391875,0.9306657448562131,0.006814846863645782,0.9238508979925674,0.9374805917198589
imagenet,sinusoidal,adversarial,0.039425,0.9301625171959117,0.0069581553368948884,0.9232043618590168,0.9371206725328066
imagenet,sinusoidal,adversarial,0.0396625,0.9296592895356106,0.0071030267912537,0.9225562627443569,0.9367623163268644
imagenet,sinusoidal,adversarial,0.0399,0.9291560618753095,0.007249367523423699,0.9219066943518859,0.9364054293987332
imagenet,sinusoidal,adversarial,0.0401375,0.9286528342150083,0.007397090331310454,0.9212557438836979,0.9360499245463187
imagenet,sinusoidal,adversarial,0.040375,0.9281095398734096,0.007494262616867141,0.9206152772565425,0.9356038024902767
imagenet,sinusoidal,adversarial,0.0406125,0.9274859218900618,0.007495224282580369,0.9199906976074815,0.9349811461726422
imagenet,sinusoidal,adversarial,0.04085,0.9268623039067142,0.007507159031905797,0.9193551448748084,0.93436946293862
imagenet,sinusoidal,adversarial,0.0410875,0.9262386859233662,0.0075300146894279295,0.9187086712339383,0.9337687006127942
imagenet,sinusoidal,adversarial,0.041325,0.9256150679400185,0.007563692254726447,0.918051375685292,0.9331787601947449
imagenet,sinusoidal,adversarial,0.0415625,0.9249914499566706,0.007608048017326719,0.9173834019393439,0.9325994979739973
imagenet,sinusoidal,adversarial,0.0418,0.924367831973323,0.007662896551058434,0.9167049354222645,0.9320307285243814
imagenet,sinusoidal,adversarial,0.0420375,0.9237442139899751,0.007728014446093494,0.9160161995438816,0.9314722284360686
imagenet,sinusoidal,adversarial,0.042275,0.9231205960066272,0.0078031446106277625,0.9153174513959994,0.930923740617255
imagenet,sinusoidal,adversarial,0.0425125,0.9224969780232795,0.007888000960841801,0.9146089770624377,0.9303849789841212
imagenet,sinusoidal,adversarial,0.04275,0.9218733600399318,0.007982273317210213,0.9138910867227216,0.929855633357142
imagenet,sinusoidal,adversarial,0.0429875,0.9212497420565838,0.008085632335914344,0.9131641097206695,0.9293353743924981
imagenet,sinusoidal,adversarial,0.043225,0.9206261240732361,0.008197734323644186,0.9124283897495918,0.9288238583968803
imagenet,sinusoidal,adversarial,0.0434625,0.9200025060898883,0.008318225809573662,0.9116842802803147,0.928320731899462
imagenet,sinusoidal,adversarial,0.0437,0.9193788881065404,0.008446747776842517,0.9109321403296979,0.927825635883383
imagenet,sinusoidal,adversarial,0.0439375,0.9187552701231927,0.008582939484853787,0.9101723306383389,0.9273382096080465
imagenet,sinusoidal,adversarial,0.044175,0.9181316521398447,0.008726441840994774,0.9094052102988499,0.9268580939808395
imagenet,sinusoidal,adversarial,0.0444125,0.917508034156497,0.008876900304520617,0.9086311338519764,0.9263849344610176
imagenet,sinusoidal,adversarial,0.04465,0.9168844161731492,0.009033967325437089,0.9078504488477122,0.9259183834985862
imagenet,sinusoidal,adversarial,0.0448875,0.9162607981898016,0.009197304336938373,0.9070634938528632,0.9254581025267399
imagenet,sinusoidal,adversarial,0.045125,0.9156371802064536,0.009366583331396658,0.906270596875057,0.9250037635378502
imagenet,sinusoidal,adversarial,0.0453625,0.9150135622231058,0.009541488057439665,0.9054720741656661,0.9245550502805455
imagenet,sinusoidal,adversarial,0.0456,0.914389944239758,0.009721714879848185,0.9046682293599098,0.9241116591196061
imagenet,sinusoidal,adversarial,0.0458375,0.9137663262564102,0.009906973345497271,0.9038593529109129,0.9236732996019075
imagenet,sinusoidal,adversarial,0.046075,0.9131427082730624,0.010096986497973378,0.903045721775089,0.9232396947710358
imagenet,sinusoidal,adversarial,0.0463125,0.9125190902897146,0.010291490981420221,0.9022275993082943,0.9228105812711348
imagenet,sinusoidal,adversarial,0.04655,0.9118954723063667,0.01049023697108808,0.9014052353352786,0.9223857092774548
imagenet,sinusoidal,adversarial,0.0467875,0.911271854323019,0.010692987964411331,0.9005788663586077,0.9219648422874304
imagenet,sinusoidal,adversarial,0.047025,0.9106482363396712,0.010899520462526797,0.8997487158771443,0.921547756802198
imagenet,sinusoidal,adversarial,0.0472625,0.9100246183563234,0.011109623568220857,0.8989149947881026,0.9211342419245443
imagenet,sinusoidal,adversarial,0.0475,0.9094010003729754,0.011323098522517068,0.8980779018504583,0.9207240988954926
imagenet,sinusoidal,adversarial,0.0477375,0.9087773823896278,0.011539758198602888,0.8972376241910249,0.9203171405882307
imagenet,sinusoidal,adversarial,0.047975,0.9080418721950695,0.01157737605588216,0.8964644961391873,0.9196192482509516
imagenet,sinusoidal,adversarial,0.0482125,0.9072348876053763,0.011510322306705015,0.8957245652986713,0.9187452099120813
imagenet,sinusoidal,adversarial,0.04845,0.9064279030156829,0.011457195649362909,0.89497070736632,0.9178850986650458
imagenet,sinusoidal,adversarial,0.0486875,0.9056209184259897,0.011418190485797734,0.894202727940192,0.9170391089117874
imagenet,sinusoidal,adversarial,0.048925,0.9048139338362966,0.011393451850548866,0.8934204819857477,0.9162073856868455
imagenet,sinusoidal,adversarial,0.0491625,0.9040069492466033,0.0113830727595945,0.8926238764870088,0.9153900220061978
imagenet,sinusoidal,adversarial,0.0494,0.9031999646569099,0.011387092478253601,0.8918128721786562,0.9145870571351635
imagenet,sinusoidal,adversarial,0.0496375,0.9023929800672167,0.01140549578251685,0.8909874842846999,0.9137984758497335
imagenet,sinusoidal,adversarial,0.049875,0.9015859954775235,0.011438213245973014,0.8901477822315504,0.9130242087234965
imagenet,sinusoidal,adversarial,0.0501125,0.9007790108878302,0.01148512253980453,0.8892938883480257,0.9122641334276347
imagenet,sinusoidal,adversarial,0.05035,0.899972026298137,0.01154605068960522,0.8884259756085318,0.9115180769877422
imagenet,sinusoidal,adversarial,0.0505875,0.8991650417084437,0.011620777193379587,0.8875442645150641,0.9107858189018233
imagenet,sinusoidal,adversarial,0.050825,0.8983580571187506,0.011709037872858838,0.8866490192458918,0.9100670949916094
imagenet,sinusoidal,adversarial,0.0510625,0.8975510725290573,0.011810529307213337,0.8857405432218439,0.9093616018362707
imagenet,sinusoidal,adversarial,0.0513,0.8967440879393641,0.011924913685376525,0.8848191742539876,0.9086690016247406
imagenet,sinusoidal,adversarial,0.0515375,0.8959371033496707,0.012051823910489543,0.8838852794391812,0.9079889272601602
imagenet,sinusoidal,adversarial,0.051775,0.8951301187599775,0.012190868796515174,0.8829392499634623,0.9073209875564927
imagenet,sinusoidal,adversarial,0.0520125,0.8943231341702842,0.012341638211229437,0.8819814959590547,0.9066647723815137
imagenet,sinusoidal,adversarial,0.05225,0.893516149580591,0.012503708039559398,0.8810124415410316,0.9060198576201504
imagenet,sinusoidal,adversarial,0.0524875,0.8927091649908978,0.012676644864428332,0.8800325201264695,0.9053858098553261
imagenet,sinusoidal,adversarial,0.052725,0.8919021804012045,0.012860010286845257,0.8790421701143593,0.9047621906880497
imagenet,sinusoidal,adversarial,0.0529625,0.8910951958115113,0.013053364831158477,0.8780418309803528,0.9041485606426698
imagenet,sinusoidal,adversarial,0.0532,0.8902882112218181,0.013256271403811781,0.8770319398180063,0.9035444826256299
imagenet,sinusoidal,adversarial,0.0534375,0.8894812266321247,0.013468298293635368,0.8760129283384893,0.9029495249257601
imagenet,sinusoidal,adversarial,0.053675,0.8886742420424317,0.013689021718143221,0.8749852203242885,0.902363263760575
imagenet,sinusoidal,adversarial,0.0539125,0.8878672574527383,0.013918027933291652,0.8739492295194466,0.90178528538603
imagenet,sinusoidal,adversarial,0.05415,0.887060272863045,0.014154914933782096,0.8729053579292629,0.9012151877968271
imagenet,sinusoidal,adversarial,0.0543875,0.8862532882733518,0.014399293777542012,0.8718539944958098,0.9006525820508938
imagenet,sinusoidal,adversarial,0.054625,0.8854463036836585,0.01465078957189489,0.8707955141117636,0.9000970932555534
imagenet,sinusoidal,adversarial,0.0548625,0.8846393190939654,0.014909042160600435,0.869730276933365,0.8995483612545658
imagenet,sinusoidal,adversarial,0.0551,0.883722687738029,0.01492678059485685,0.8687959071431721,0.8986494683328858
imagenet,sinusoidal,adversarial,0.0553375,0.8827352253166771,0.014793367013728308,0.8679418583029488,0.8975285923304055
imagenet,sinusoidal,adversarial,0.055575,0.8817477628953253,0.014669036793454295,0.867078726101871,0.8964167996887796
imagenet,sinusoidal,adversarial,0.0558125,0.8807603004739734,0.014554022724372404,0.8662062777496009,0.8953143231983458
imagenet,sinusoidal,adversarial,0.05605,0.8797728380526215,0.01444854728491279,0.8653242907677088,0.8942213853375343
imagenet,sinusoidal,adversarial,0.0562875,0.8787853756312695,0.014352820767924206,0.8644325548633452,0.8931381963991937
imagenet,sinusoidal,adversarial,0.056525,0.8777979132099176,0.014267039409664941,0.8635308738002527,0.8920649526195825
imagenet,sinusoidal,adversarial,0.0567625,0.8768104507885658,0.01419138355505518,0.8626190672335106,0.891001834343621
imagenet,sinusoidal,adversarial,0.057,0.8758229883672138,0.014126015894987094,0.8616969724722268,0.8899490042622009
imagenet,sinusoidal,adversarial,0.0572375,0.8748355259458621,0.014071079812620908,0.8607644461332412,0.888906605758483
imagenet,sinusoidal,adversarial,0.057475,0.8738480635245102,0.014026697875474805,0.8598213656490353,0.887874761399985
imagenet,sinusoidal,adversarial,0.0577125,0.8728606011031582,0.013992970508635063,0.8588676305945232,0.8868535716117932
imagenet,sinusoidal,adversarial,0.05795,0.8718731386818064,0.013969974881516243,0.8579031638002902,0.8858431135633226
imagenet,sinusoidal,adversarial,0.0581875,0.8708856762604545,0.013957764036329005,0.8569279122241256,0.8848434402967835
imagenet,sinusoidal,adversarial,0.058425,0.8698982138391026,0.01395636628089366,0.8559418475582089,0.8838545801199963
imagenet,sinusoidal,adversarial,0.0586625,0.8689107514177508,0.013965784861871259,0.8549449665558795,0.882876536279622
imagenet,sinusoidal,adversarial,0.0589,0.867923288996399,0.013985997927164893,0.8539372910692341,0.881909286923564
imagenet,sinusoidal,adversarial,0.0591375,0.8669358265750469,0.014016958778502207,0.8529188677965447,0.880952785353549
imagenet,sinusoidal,adversarial,0.059375,0.865948364153695,0.014058596407422054,0.851889767746273,0.880006960561117
imagenet,sinusoidal,adversarial,0.0596125,0.8649609017323431,0.014110816300424038,0.8508500854319191,0.8790717180327671
imagenet,sinusoidal,adversarial,0.05985,0.8639734393109914,0.014173501492250462,0.8497999378187409,0.8781469408032418
imagenet,sinusoidal,adversarial,0.0600875,0.8629287250749721,0.014244501832220823,0.8486842232427513,0.8771732269071929
imagenet,sinusoidal,adversarial,0.060325,0.8616395226856274,0.014332145466055428,0.8473073772195719,0.8759716681516828
imagenet,sinusoidal,adversarial,0.0605625,0.8603503202962827,0.01445473090842228,0.8458955893878604,0.874805051204705
imagenet,sinusoidal,adversarial,0.0608,0.8590611179069377,0.014611378729343726,0.844449739177594,0.8736724966362814
imagenet,sinusoidal,adversarial,0.0610375,0.8577719155175929,0.014801007461400477,0.8429709080561925,0.8725729229789934
imagenet,sinusoidal,adversarial,0.061275,0.8564827131282482,0.015022368193305664,0.8414603449349425,0.8715050813215539
imagenet,sinusoidal,adversarial,0.0615125,0.8551935107389035,0.015274081352433175,0.8399194293864704,0.8704675920913366
imagenet,sinusoidal,adversarial,0.06175,0.8539043083495587,0.015554673476127493,0.8383496348734312,0.8694589818256862
imagenet,sinusoidal,adversarial,0.0619875,0.8525187314953347,0.015984886867503153,0.8365338446278316,0.8685036183628378
imagenet,sinusoidal,adversarial,0.062225,0.8508117895076368,0.016856748839500092,0.8339550406681367,0.8676685383471369
imagenet,sinusoidal,adversarial,0.0624625,0.8491048475199391,0.017762948223997713,0.8313418992959414,0.8668677957439368
imagenet,sinusoidal,adversarial,0.0627,0.8472823034676221,0.01864028913479541,0.8286420143328267,0.8659225926024176
imagenet,sinusoidal,adversarial,0.0629375,0.8452126675327687,0.019425795260335044,0.8257868722724336,0.8646384627931037
imagenet,sinusoidal,adversarial,0.063175,0.8431430315979154,0.020243603740987298,0.822899427856928,0.8633866353389027
imagenet,sinusoidal,adversarial,0.0634125,0.8410733956630619,0.02108995713143459,0.8199834385316274,0.8621633527944965
imagenet,sinusoidal,adversarial,0.06365,0.8390037597282084,0.021961555492436315,0.8170422042357721,0.8609653152206447
imagenet,sinusoidal,adversarial,0.0638875,0.8369341237933549,0.022855510844147487,0.8140786129492074,0.8597896346375024
imagenet,sinusoidal,adversarial,0.064125,0.8348644878585013,0.02376930080386267,0.8110951870546387,0.858633788662364
imagenet,sinusoidal,adversarial,0.0643625,0.832794851923648,0.024700724157806428,0.8080941277658416,0.8574955760814544
imagenet,sinusoidal,adversarial,0.0646,0.8307252159887946,0.025647859863808343,0.8050773561249862,0.8563730758526029
imagenet,sinusoidal,adversarial,0.0648375,0.8286555800539411,0.026609030153784977,0.8020465499001561,0.8552646102077262
imagenet,sinusoidal,adversarial,0.065075,0.8265859441190876,0.02758276788711558,0.799003176231972,0.8541687120062031
imagenet,sinusoidal,adversarial,0.0653125,0.8245163081842342,0.028567788002607616,0.7959485201816265,0.8530840961868418
imagenet,sinusoidal,adversarial,0.06555,0.8224466722493807,0.029562962755233825,0.7928837094941469,0.8520096350046146
imagenet,sinusoidal,adversarial,0.0657875,0.8203770363145271,0.030567300352349235,0.7898097359621779,0.8509443366668763
imagenet,sinusoidal,adversarial,0.066025,0.8183074003796738,0.031579926587186564,0.7867274737924872,0.8498873269668603
imagenet,sinusoidal,adversarial,0.0662625,0.8162377644448203,0.03260006908169717,0.7836376953631231,0.8488378335265175
imagenet,sinusoidal,adversarial,0.0665,0.8141340226867307,0.03357129900885659,0.7805627236778742,0.8477053216955873
imagenet,sinusoidal,adversarial,0.0667375,0.8117149999632401,0.0340384289232824,0.7776765710399578,0.8457534288865225
imagenet,sinusoidal,adversarial,0.066975,0.8092959772397498,0.03452027194688286,0.7747757052928669,0.8438162491866327
imagenet,sinusoidal,adversarial,0.0672125,0.8068769545162596,0.035016220702786524,0.7718607338134731,0.8418931752190462
imagenet,sinusoidal,adversarial,0.06745,0.8044579317927693,0.03552568443568498,0.7689322473570843,0.8399836162284542
imagenet,sinusoidal,adversarial,0.0676875,0.8020389090692785,0.03604809013303749,0.7659908189362411,0.838086999202316
imagenet,sinusoidal,adversarial,0.067925,0.7996198863457883,0.03658288336303502,0.7630370029827532,0.8362027697088233
imagenet,sinusoidal,adversarial,0.0681625,0.7972008636222978,0.037129528859997145,0.7600713347623007,0.8343303924822949
imagenet,sinusoidal,adversarial,0.0684,0.7947818408988073,0.03768751088723436,0.757094330011573,0.8324693517860416
imagenet,sinusoidal,adversarial,0.0686375,0.7923628181753171,0.03825633340616372,0.7541064847691533,0.8306191515814808
imagenet,sinusoidal,adversarial,0.068875,0.7899437954518266,0.0388355200787864,0.7511082753730401,0.828779315530613
imagenet,sinusoidal,adversarial,0.0691125,0.7875247727283362,0.039424614128665644,0.7481001585996706,0.8269493868570018
imagenet,sinusoidal,adversarial,0.06935,0.7851057500048458,0.04002317808341387,0.745082571921432,0.8251289280882597
imagenet,sinusoidal,adversarial,0.0695875,0.7826867272813552,0.040630793419489594,0.7420559338618656,0.8233175207008449
imagenet,sinusoidal,adversarial,0.069825,0.7802677045578648,0.04124706012791616,0.7390206444299486,0.8215147646857809
imagenet,sinusoidal,adversarial,0.0700625,0.7778486818343744,0.041871596217396875,0.7359770856169775,0.8197202780517713
imagenet,sinusoidal,adversarial,0.0703,0.775429659110884,0.04250403716928109,0.7329256219416029,0.8179336962801651
imagenet,sinusoidal,adversarial,0.0705375,0.7730106363873935,0.04314403535693714,0.7298666010304564,0.8161546717443307
imagenet,sinusoidal,adversarial,0.070775,0.7705916136639032,0.04379125944034673,0.7268003542235564,0.81438287310425
imagenet,sinusoidal,adversarial,0.0710125,0.7681725909404128,0.04444539374514511,0.7237271971952677,0.8126179846855579
imagenet,sinusoidal,adversarial,0.07125,0.7657535682169225,0.0451061376338998,0.7206474305830227,0.8108597058508223
imagenet,sinusoidal,adversarial,0.0714875,0.763334545493432,0.04577320487614727,0.7175613406172848,0.8091077503695793
imagenet,sinusoidal,adversarial,0.071725,0.7609155227699415,0.04644632302257414,0.7144691997473673,0.8073618457925156
imagenet,sinusoidal,adversarial,0.0719625,0.7584965000464511,0.04712523278774287,0.7113712672587083,0.8056217328341939
imagenet,sinusoidal,adversarial,0.0722,0.7560774773229607,0.04780968744489677,0.7082677898780639,0.8038871647678575
imagenet,sinusoidal,adversarial,0.0724375,0.7536584545994702,0.048499452235634434,0.7051590023638358,0.8021579068351047
imagenet,sinusoidal,adversarial,0.072675,0.7512394318759797,0.04919430379660395,0.7020451280793758,0.8004337356725837
imagenet,sinusoidal,adversarial,0.0729125,0.7488204091524895,0.04989402960481993,0.6989263795476696,0.7987144387573094
imagenet,sinusoidal,adversarial,0.07315,0.7464013864289988,0.05059842744274607,0.6958029589862527,0.7969998138717449
imagenet,sinusoidal,adversarial,0.0733875,0.7439823637055086,0.051307304883896745,0.6926750588216118,0.7952896685894054
imagenet,sinusoidal,adversarial,0.073625,0.7415633409820183,0.05202047879938765,0.6895428621826306,0.7935838197814059
imagenet,sinusoidal,adversarial,0.0738625,0.7391443182585279,0.05273777488559839,0.6864065433729295,0.7918820931441263
imagenet,sinusoidal,adversarial,0.0741,0.7367252955350372,0.05345902721289149,0.6832662683221457,0.7901843227479287
imagenet,sinusoidal,adversarial,0.0743375,0.7343062728115468,0.054184077795154925,0.6801221950163919,0.7884903506067017
imagenet,sinusoidal,adversarial,0.074575,0.7318872500880564,0.05491277617979482,0.6769744739082616,0.7868000262678513
imagenet,sinusoidal,adversarial,0.0748125,0.7294682273645661,0.055644979057693784,0.6738232483068722,0.7851132064222599
imagenet,sinusoidal,adversarial,0.07505,0.7270492046410756,0.056380549892566925,0.6706686547485087,0.7834297545336425
imagenet,sinusoidal,adversarial,0.0752875,0.7246301819175853,0.05711935856908219,0.6675108233485031,0.7817495404866676
imagenet,sinusoidal,adversarial,0.075525,0.7222111591940948,0.0578612810590696,0.6643498781350252,0.7800724402531645
imagenet,sinusoidal,adversarial,0.0757625,0.7193451427745651,0.05830417262700408,0.661040970147561,0.7776493154015691
imagenet,sinusoidal,adversarial,0.076,0.7163574893391607,0.05868367716047721,0.6576738121786835,0.7750411664996378
imagenet,sinusoidal,adversarial,0.0762375,0.7133698359037562,0.059083509879848756,0.6542863260239075,0.772453345783605
imagenet,sinusoidal,adversarial,0.076475,0.7103821824683517,0.05950326100022348,0.6508789214681282,0.7698854434685752
imagenet,sinusoidal,adversarial,0.0767125,0.7073945290329474,0.059942512083584726,0.6474520169493627,0.7673370411165321
imagenet,sinusoidal,adversarial,0.07695,0.7044068755975429,0.06040083770455624,0.6440060378929866,0.7648077133020992
imagenet,sinusoidal,adversarial,0.0771875,0.7014192221621384,0.06087780705006574,0.6405414151120726,0.7622970292122041
imagenet,sinusoidal,adversarial,0.077425,0.6984315687267341,0.06137298544416249,0.6370585832825716,0.7598045541708965
imagenet,sinusoidal,adversarial,0.0776625,0.6954439152913298,0.061885935790979056,0.6335579795003508,0.7573298510823088
imagenet,sinusoidal,adversarial,0.0779,0.6924562618559252,0.06241621993049919,0.6300400419254261,0.7548724817864244
imagenet,sinusoidal,adversarial,0.0781375,0.6894686084205208,0.06296339990336569,0.6265052085171552,0.7524320083238865
imagenet,sinusoidal,adversarial,0.078375,0.6862113745923574,0.06403705389741388,0.6221743206949435,0.7502484284897712
imagenet,sinusoidal,adversarial,0.0786125,0.6822705674620186,0.06571291015479312,0.6165576573072256,0.7479834776168117
imagenet,sinusoidal,adversarial,0.07885,0.6782045225010805,0.06745162444795914,0.6107528980531214,0.7456561469490397
imagenet,sinusoidal,adversarial,0.0790875,0.6741384775401423,0.06920841284114339,0.6049300646989989,0.7433468903812858
imagenet,sinusoidal,adversarial,0.079325,0.6700724325792041,0.07098193335614904,0.5990904992230551,0.7410543659353531
imagenet,sinusoidal,adversarial,0.0795625,0.66580239470602,0.07282117205421453,0.5929812226518054,0.7386235667602346
imagenet,sinusoidal,adversarial,0.0798,0.661104753995041,0.0747799118576102,0.5863248421374307,0.7358846658526512
imagenet,sinusoidal,adversarial,0.0800375,0.6564071132840622,0.07675176485177661,0.5796553484322856,0.7331588781358388
imagenet,sinusoidal,adversarial,0.080275,0.6517094725730833,0.07873574582513908,0.5729737267479442,0.7304452183982224
imagenet,sinusoidal,adversarial,0.0805125,0.6470118318621045,0.08073096063944381,0.5662808712226607,0.7277427925015484
imagenet,sinusoidal,adversarial,0.08075,0.6423141911511258,0.08273659657758457,0.5595775945735412,0.7250507877287103
imagenet,sinusoidal,adversarial,0.0809875,0.6376165504401469,0.08475191380178124,0.5528646366383656,0.7223684642419281
imagenet,sinusoidal,adversarial,0.081225,0.632918909729168,0.08677623779143212,0.5461426719377358,0.7196951475206002
imagenet,sinusoidal,adversarial,0.0814625,0.6282212690181894,0.08880895264416638,0.539412316374023,0.7170302216623559
imagenet,sinusoidal,adversarial,0.0817,0.6235236283072106,0.09084949513684959,0.532674133170361,0.7143731234440602
imagenet,sinusoidal,adversarial,0.0819375,0.6188259875962316,0.09289734945538088,0.5259286381408508,0.7117233370516125
imagenet,sinusoidal,adversarial,0.082175,0.6140991713164107,0.09490155267646982,0.5191976186399408,0.7090007239928805
imagenet,sinusoidal,adversarial,0.0824125,0.6084117939773066,0.09547900667566937,0.5129327873016373,0.7038908006529759
imagenet,sinusoidal,adversarial,0.08265,0.6022919025455796,0.09566727449055669,0.506624628055023,0.6979591770361363
imagenet,sinusoidal,adversarial,0.0828875,0.5961720111138525,0.09586113333801967,0.5003108777758328,0.6920331444518723
imagenet,sinusoidal,adversarial,0.083125,0.5900521196821255,0.09606054936844106,0.4939915703136844,0.6861126690505666
imagenet,sinusoidal,adversarial,0.0833625,0.5839322282503984,0.09626548804635475,0.4876667402040436,0.6801977162967531
imagenet,sinusoidal,adversarial,0.0836,0.5778123368186715,0.09647591417736393,0.4813364226413076,0.6742882509960354
imagenet,sinusoidal,adversarial,0.0838375,0.5716924453869444,0.09669179193516055,0.4750006534517839,0.668384237322105
imagenet,sinusoidal,adversarial,0.084075,0.5655725539552174,0.0969130848886037,0.4686594690666137,0.6624856388438212
imagenet,sinusoidal,adversarial,0.0843125,0.5594526625234904,0.09713975602881708,0.46231290649467327,0.6565924185523074
imagenet,sinusoidal,adversarial,0.08455,0.5533327710917634,0.09737176779626391,0.4559610032954995,0.6507045388880273
imagenet,sinusoidal,adversarial,0.0847875,0.5472128796600363,0.09760908210776313,0.44960379755227314,0.6448219617677994
imagenet,sinusoidal,adversarial,0.085025,0.5410929882283091,0.09785166038340683,0.4432413278449023,0.638944648611716
imagenet,sinusoidal,adversarial,0.0852625,0.534973096796582,0.09809946357334581,0.4368736332232362,0.6330725603699279
imagenet,sinusoidal,adversarial,0.0855,0.5288532053648549,0.09835245218440596,0.43050075318044895,0.6272056575492608
imagenet,sinusoidal,adversarial,0.0857375,0.5227333139331282,0.09861058630650449,0.4241227276266237,0.6213439002396326
imagenet,sinusoidal,adversarial,0.085975,0.5166134225014011,0.098873825638833,0.41773959686256806,0.615487248140234
imagenet,sinusoidal,adversarial,0.0862125,0.510493531069674,0.09914212951577735,0.41135140155389666,0.6096356605854514
imagenet,sinusoidal,adversarial,0.08645,0.504373639637947,0.09941545693254673,0.4049581827054003,0.6037890965704937
imagenet,sinusoidal,adversarial,0.0866875,0.49825374820621987,0.09969376657048316,0.3985599816357367,0.597947514776703
imagenet,sinusoidal,adversarial,0.086925,0.4921338567744928,0.09997701682202753,0.39215683995246525,0.5921108735965204
imagenet,sinusoidal,adversarial,0.0871625,0.4860139653427657,0.10026516581531703,0.38574879952744867,0.5862791311580827
imagenet,sinusoidal,adversarial,0.0874,0.47989407391103867,0.10055817143839242,0.37933590247264626,0.5804522453494311
imagenet,sinusoidal,adversarial,0.0876375,0.47387564429788936,0.10068114250608286,0.3731945017918065,0.5745567868039723
imagenet,sinusoidal,adversarial,0.087875,0.46760545998748687,0.1009327784231712,0.36667268156431565,0.5685382384106581
imagenet,sinusoidal,adversarial,0.0881125,0.4611579317334095,0.10125354084332798,0.3599043908900815,0.5624114725767375
imagenet,sinusoidal,adversarial,0.08835,0.4541886153065149,0.10135865594034674,0.3528299593661681,0.5555472712468617
imagenet,sinusoidal,adversarial,0.0885875,0.4470965461270103,0.10154885862456127,0.345547687502449,0.5486454047515715
imagenet,sinusoidal,adversarial,0.088825,0.4399012312658485,0.10181320785770019,0.3380880234081483,0.5417144391235487
imagenet,sinusoidal,adversarial,0.0890625,0.43270591640468653,0.10209083344120486,0.3306150829634817,0.5347967498458914
imagenet,sinusoidal,adversarial,0.0893,0.42551060154352477,0.10238162737173508,0.3231289741717897,0.5278922289152599
imagenet,sinusoidal,adversarial,0.0895375,0.4183152866823628,0.1026854777754392,0.3156298089069236,0.521000764457802
imagenet,sinusoidal,adversarial,0.089775,0.4102086162512682,0.10242849658587928,0.30778011966538893,0.5126371128371475
imagenet,sinusoidal,adversarial,0.0900125,0.4013314309186888,0.10181545423262488,0.2995159766860639,0.5031468851513137
imagenet,sinusoidal,adversarial,0.09025,0.3924542455861093,0.10136840324787527,0.29108584233823404,0.4938226488339846
imagenet,sinusoidal,adversarial,0.0904875,0.38357706025353,0.10108954585973688,0.2824875143937931,0.4846666061132669
imagenet,sinusoidal,adversarial,0.090725,0.3746998749209505,0.10098027547946035,0.27371959944149016,0.4756801504004109
imagenet,sinusoidal,adversarial,0.0909625,0.3658226895883712,0.10104114230531758,0.26478154728305364,0.4668638318936888
imagenet,sinusoidal,adversarial,0.0912,0.3569455042557917,0.10127183956804099,0.2556736646877507,0.45821734382383267
imagenet,sinusoidal,adversarial,0.0914375,0.3480683189232124,0.10167121121193798,0.2463971077112744,0.44973953013515033
imagenet,sinusoidal,adversarial,0.091675,0.33919113359063296,0.10223728056724629,0.23695385302338667,0.44142841415787926
imagenet,sinusoidal,adversarial,0.0919125,0.3303139482580541,0.10296729837645076,0.22734664988160336,0.43328124663450485
imagenet,sinusoidal,adversarial,0.09215,0.32272373198215826,0.10346644203626938,0.2192572899458889,0.4261901740184276
imagenet,sinusoidal,adversarial,0.0923875,0.31557558543057895,0.10386258501514686,0.2117130004154321,0.41943817044572584
imagenet,sinusoidal,adversarial,0.092625,0.3084274388789996,0.10427134499668324,0.20415609388231637,0.4126987838756828
imagenet,sinusoidal,adversarial,0.0928625,0.2987579998424662,0.09935152944466627,0.19940647039779993,0.3981095292871325
imagenet,sinusoidal,adversarial,0.0931,0.2885668608423684,0.09376496212158646,0.1948018987207819,0.38233182296395485
imagenet,sinusoidal,adversarial,0.0933375,0.27837572184227044,0.08826324249295613,0.1901124793493143,0.3666389643352266
imagenet,sinusoidal,adversarial,0.093575,0.2681845828421725,0.08286327270943314,0.18532131013273936,0.35104785555160567
imagenet,sinusoidal,adversarial,0.0938125,0.2504784337409422,0.07631516989493896,0.17416326384600322,0.32679360363588117
imagenet,sinusoidal,adversarial,0.09405,0.2294839047915825,0.07262686985890122,0.15685703493268127,0.30211077465048375
imagenet,sinusoidal,adversarial,0.0942875,0.2084893758422228,0.07384806900697195,0.13464130683525083,0.28233744484919476
imagenet,sinusoidal,adversarial,0.094525,0.18749484689286308,0.07975356021998985,0.10774128667287323,0.2672484071128529
imagenet,sinusoidal,adversarial,0.0947625,0.1665003179435034,0.08942002818506006,0.07708028975844333,0.25592034612856346
imagenet,sinusoidal,adversarial,0.095,0.1515517151433529,0.09071520433776696,0.06083651080558593,0.24226691948111984
imagenet,rope,noise,0.0,1.0,0.0,1.0,1.0
imagenet,rope,noise,0.0002375,0.999994318545351,4.108808079154964e-06,0.9999902097372719,0.9999984273534301
imagenet,rope,noise,0.000475,0.9999886370907024,8.217616158305494e-06,0.9999804194745441,0.9999968547068607
imagenet,rope,noise,0.0007125,0.9999829556360534,1.2326424237460457e-05,0.999970629211816,0.9999952820602909
imagenet,rope,noise,0.00095,0.9999772741814046,1.6435232316610984e-05,0.9999608389490879,0.9999937094137212
imagenet,rope,noise,0.0011875,0.9999715927267555,2.054404039576595e-05,0.9999510486863598,0.9999921367671513
imagenet,rope,noise,0.001425,0.9999659112721068,2.465284847491648e-05,0.9999412584236318,0.9999905641205817
imagenet,rope,noise,0.0016625,0.9999602298174581,2.8761656554037094e-05,0.9999314681609041,0.9999889914740122
imagenet,rope,noise,0.0019,0.9999545483628092,3.2870464633187626e-05,0.999921677898176,0.9999874188274424
imagenet,rope,noise,0.0021375,0.9999488669081601,3.6979272712332744e-05,0.9999118876354478,0.9999858461808724
imagenet,rope,noise,0.002375,0.9999431854535114,4.108808079149648e-05,0.9999020973727198,0.9999842735343029
imagenet,rope,noise,0.0026125,0.9999375039988624,4.519688887063824e-05,0.9998923071099918,0.999982700887733
imagenet,rope,noise,0.00285,0.9999318225442136,4.930569694980198e-05,0.9998825168472638,0.9999811282411635
imagenet,rope,noise,0.0030875,0.9999261410895647,5.341450502894372e-05,0.9998727265845357,0.9999795555945936
imagenet,rope,noise,0.003325,0.9999204596349158,5.752331310810747e-05,0.9998629363218077,0.999977982948024
imagenet,rope,noise,0.0035625,0.999914778180267,6.163212118724922e-05,0.9998531460590797,0.9999764103014542
imagenet,rope,noise,0.0038,0.9999090967256182,6.574092926641297e-05,0.9998433557963519,0.9999748376548846
imagenet,rope,noise,0.0040375,0.9999034152709693,6.984973734556793e-05,0.9998335655336237,0.9999732650083148
imagenet,rope,noise,0.004275,0.9998977338163205,7.395854542471846e-05,0.9998237752708958,0.9999716923617452
imagenet,rope,noise,0.0045125,0.9998920523616714,7.806735350387343e-05,0.9998139850081675,0.9999701197151754
imagenet,rope,noise,0.00475,0.9998863709070228,8.217616158305288e-05,0.9998041947454398,0.9999685470686058
imagenet,rope,noise,0.0049875,0.9998806894523738,8.62849696621735e-05,0.9997944044827117,0.999966974422036
imagenet,rope,noise,0.005225,0.9998750079977251,9.039377774132403e-05,0.9997846142199838,0.9999654017754664
imagenet,rope,noise,0.0054625,0.999869326543076,9.4502585820479e-05,0.9997748239572556,0.9999638291288965
imagenet,rope,noise,0.0057,0.9998636450884272,9.861139389962953e-05,0.9997650336945275,0.9999622564823268
imagenet,rope,noise,0.0059375,0.9998579636337784,0.00010272020197877464,0.9997552434317997,0.9999606838357572
imagenet,rope,noise,0.006175,0.9998522821791296,0.0001068290100579296,0.9997454531690716,0.9999591111891876
imagenet,rope,noise,0.0064125,0.9998466007244806,0.00011093781813708014,0.9997356629063435,0.9999575385426177
imagenet,rope,noise,0.00665,0.9998409192698318,0.0001150466262162351,0.9997258726436156,0.999955965896048
imagenet,rope,noise,0.0068875,0.9998352378151828,0.00011915543429538563,0.9997160823808874,0.9999543932494782
imagenet,rope,noise,0.007125,0.9998295563605342,0.0001232642423745406,0.9997062921181596,0.9999528206029087
imagenet,rope,noise,0.0073625,0.9998238749058852,0.00012737305045369113,0.9996965018554315,0.9999512479563389
imagenet,rope,noise,0.0076,0.9998181934512363,0.0001314818585328461,0.9996867115927035,0.9999496753097692
imagenet,rope,noise,0.0078375,0.9998125119965876,0.0001355906666119966,0.9996769213299757,0.9999481026631996
imagenet,rope,noise,0.008075,0.9998068305419386,0.00013969947469111724,0.9996671310672475,0.9999465300166298
imagenet,rope,noise,0.0083125,0.9998011490872898,0.00014380828277028098,0.9996573408045195,0.9999449573700601
imagenet,rope,noise,0.00855,0.9997954676326408,0.00014791709084942273,0.9996475505417914,0.9999433847234902
imagenet,rope,noise,0.0087875,0.999789786177992,0.00015202589892858648,0.9996377602790634,0.9999418120769206
imagenet,rope,noise,0.009025,0.9997841047233433,0.0001561347070077282,0.9996279700163356,0.999940239430351
imagenet,rope,noise,0.0092625,0.9997784232686943,0.00016024351508689197,0.9996181797536073,0.9999386667837812
imagenet,rope,noise,0.0095,0.9997727418140454,0.0001643523231660337,0.9996083894908794,0.9999370941372114
imagenet,rope,noise,0.0097375,0.9997670603593966,0.0001684611312451876,0.9995985992281514,0.9999355214906417
imagenet,rope,noise,0.009975,0.9997613789047478,0.00017256993932434256,0.9995888089654235,0.9999339488440722
imagenet,rope,noise,0.0102125,0.9997556974500988,0.0001766787474034931,0.9995790187026954,0.9999323761975023
imagenet,rope,noise,0.01045,0.99975001599545,0.00018078755548264807,0.9995692284399673,0.9999308035509327
imagenet,rope,noise,0.0106875,0.999744334540801,0.0001848963635617986,0.9995594381772392,0.9999292309043628
imagenet,rope,noise,0.010925,0.9997386530861524,0.00018900517164095358,0.9995496479145114,0.9999276582577934
imagenet,rope,noise,0.0111625,0.9997329716315034,0.0001931139797201041,0.9995398576517833,0.9999260856112235
imagenet,rope,noise,0.0114,0.9997272901768546,0.00019722278779922472,0.9995300673890554,0.9999245129646538
imagenet,rope,noise,0.0116375,0.9997216087222057,0.00020133159587836644,0.9995202771263274,0.999922940318084
imagenet,rope,noise,0.011875,0.999715927267557,0.00020544040395753017,0.9995104868635994,0.9999213676715145
imagenet,rope,noise,0.0121125,0.999710245812908,0.00020954921203668518,0.9995006966008714,0.9999197950249447
imagenet,rope,noise,0.01235,0.999704564358259,0.00021365802011583568,0.9994909063381432,0.9999182223783749
imagenet,rope,noise,0.0125875,0.9996988829036102,0.00021776682819499063,0.9994811160754152,0.9999166497318052
imagenet,rope,noise,0.012825,0.9996932014489613,0.0002218756362741412,0.9994713258126872,0.9999150770852355
imagenet,rope,noise,0.0130625,0.9996875199943124,0.00022598444435329614,0.9994615355499591,0.9999135044386657
imagenet,rope,noise,0.0133,0.9996818385396637,0.00023009325243244667,0.9994517452872314,0.9999119317920961
imagenet,rope,noise,0.0135375,0.9996761570850148,0.0002342020605115918,0.9994419550245032,0.9999103591455264
imagenet,rope,noise,0.013775,0.9996704756303659,0.00023831086859074234,0.9994321647617752,0.9999087864989566
imagenet,rope,noise,0.0140125,0.999664794175717,0.0002424196766699262,0.999422374499047,0.9999072138523869
imagenet,rope,noise,0.01425,0.999659112721068,0.00024652848474908997,0.999412584236319,0.999905641205817
imagenet,rope,noise,0.0144875,0.9996534312664194,0.00025063729282819735,0.9994027939735912,0.9999040685592475
imagenet,rope,noise,0.014725,0.9996477498117704,0.0002547461009073611,0.999393003710863,0.9999024959126778
imagenet,rope,noise,0.0149625,0.9996420683571215,0.00025885490898650286,0.9993832134481351,0.999900923266108
imagenet,rope,noise,0.0152,0.9996363869024728,0.0002629637170656666,0.9993734231854071,0.9998993506195385
imagenet,rope,noise,0.0154375,0.9996307054478238,0.00026707252514480837,0.999363632922679,0.9998977779729686
imagenet,rope,noise,0.015675,0.9996250239931751,0.00027118133322397213,0.9993538426599511,0.9998962053263991
imagenet,rope,noise,0.0159125,0.999619342538526,0.00027529014130312705,0.9993440523972229,0.9998946326798291
imagenet,rope,noise,0.01615,0.9996136610838772,0.0002793989493822776,0.9993342621344949,0.9998930600332594
imagenet,rope,noise,0.0163875,0.9996079796292284,0.00028350775746143256,0.999324471871767,0.9998914873866899
imagenet,rope,noise,0.016625,0.9996022981745796,0.0002876165655405831,0.999314681609039,0.9998899147401201
imagenet,rope,noise,0.0168625,0.9995966167199306,0.00029172537361973807,0.9993048913463108,0.9998883420935504
imagenet,rope,noise,0.0171,0.999590935265282,0.00029583418169888855,0.9992951010835831,0.9998867694469808
imagenet,rope,noise,0.0173375,0.999585253810633,0.0002999429897780337,0.999285310820855,0.999885196800411
imagenet,rope,noise,0.017575,0.999579572355984,0.0003040517978571754,0.9992755205581269,0.9998836241538412
imagenet,rope,noise,0.0178125,0.9995738909013352,0.00030816060593630485,0.9992657302953989,0.9998820515072715
imagenet,rope,noise,0.01805,0.9995682094466862,0.00031226941401545983,0.9992559400326708,0.9998804788607016
imagenet,rope,noise,0.0182875,0.9995625279920374,0.00031637822209461036,0.9992461497699427,0.999878906214132
imagenet,rope,noise,0.018525,0.9995568465373884,0.0003204870301737653,0.9992363595072147,0.9998773335675621
imagenet,rope,noise,0.0187625,0.9995511650827398,0.0003245958382529158,0.9992265692444868,0.9998757609209927
imagenet,rope,noise,0.019,0.9995454836280907,0.00032870464633207085,0.9992167789817586,0.9998741882744228
imagenet,rope,noise,0.0192375,0.999539802173442,0.00033281345441122127,0.9992069887190307,0.9998726156278532
imagenet,rope,noise,0.019475,0.9995341207187932,0.00033692226249037625,0.9991971984563028,0.9998710429812836
imagenet,rope,noise,0.0197125,0.9995284392641443,0.00034103107056952683,0.9991874081935748,0.9998694703347137
imagenet,rope,noise,0.01995,0.9995227578094954,0.00034513987864868176,0.9991776179308467,0.9998678976881441
imagenet,rope,noise,0.0201875,0.9995170763548465,0.00034924868672784557,0.9991678276681187,0.9998663250415744
imagenet,rope,noise,0.020425,0.9995113949001976,0.00035335749480698727,0.9991580374053906,0.9998647523950046
imagenet,rope,noise,0.0206625,0.9995057134455488,0.000357466302886151,0.9991482471426627,0.999863179748435
imagenet,rope,noise,0.0209,0.9995000319908999,0.0003615751109652584,0.9991384568799346,0.9998616071018651
imagenet,rope,noise,0.0211375,0.9994943505362511,0.00036568391904441235,0.9991286666172067,0.9998600344552956
imagenet,rope,noise,0.021375,0.9994886690816022,0.0003697927271235541,0.9991188763544786,0.9998584618087257
imagenet,rope,noise,0.0216125,0.9994829876269534,0.0003739015352027178,0.9991090860917508,0.9998568891621561
imagenet,rope,noise,0.02185,0.9994773061723045,0.0003780103432818728,0.9990992958290226,0.9998553165155863
imagenet,rope,noise,0.0220875,0.9994716247176556,0.0003821191513610233,0.9990895055662946,0.9998537438690166
imagenet,rope,noise,0.022325,0.9994659432630068,0.0003862279594401783,0.9990797153035665,0.999852171222447
imagenet,rope,noise,0.0225625,0.999460261808358,0.0003903367675193288,0.9990699250408387,0.9998505985758773
imagenet,rope,noise,0.0228,0.9994545803537088,0.00039444557559848375,0.9990601347781103,0.9998490259293074
imagenet,rope,noise,0.0230375,0.9994488988990602,0.0003985543836776382,0.9990503445153825,0.9998474532827378
imagenet,rope,noise,0.023275,0.9994432174444112,0.00040266319175678926,0.9990405542526545,0.999845880636168
imagenet,rope,noise,0.0235125,0.9994375359897626,0.00040677199983595995,0.9990307639899266,0.9998443079895986
imagenet,rope,noise,0.02375,0.9994318545351136,0.0004108808079151237,0.9990209737271986,0.9998427353430287
imagenet,rope,noise,0.0239875,0.9994261730804648,0.00041498961599427864,0.9990111834644705,0.9998411626964591
imagenet,rope,noise,0.024225,0.9994206580209556,0.00041897974127945415,0.9990016782796761,0.9998396377622351
imagenet,rope,noise,0.0244625,0.9994160390999708,0.0004217454301853149,0.9989942936697854,0.9998377845301561
imagenet,rope,noise,0.0247,0.9994118700220852,0.000423961167049481,0.9989879088550357,0.9998358311891347
imagenet,rope,noise,0.0249375,0.999407261848468,0.00042549015239041853,0.9989817716960775,0.9998327520008584
imagenet,rope,noise,0.025175,0.9994026034536551,0.0004269419910254751,0.9989756614626296,0.9998295454446805
imagenet,rope,noise,0.0254125,0.9993985663502282,0.0004287271283906137,0.9989698392218376,0.9998272934786188
imagenet,rope,noise,0.02565,0.9993950352339512,0.0004307978047189268,0.9989642374292323,0.9998258330386701
imagenet,rope,noise,0.0258875,0.9993915041176741,0.0004328876471334556,0.9989586164705406,0.9998243917648075
imagenet,rope,noise,0.026125,0.9993879730013971,0.0004349963793968103,0.9989529766220003,0.999822969380794
imagenet,rope,noise,0.0263625,0.9993844418851201,0.00043712372812906055,0.998947318156991,0.9998215656132492
imagenet,rope,noise,0.0266,0.9993809107688431,0.00043926942285581975,0.9989416413459873,0.9998201801916988
imagenet,rope,noise,0.0268375,0.9993773796525659,0.0004414331960514768,0.9989359464565144,0.9998188128486174
imagenet,rope,noise,0.027075,0.999373848536289,0.000443614783177782,0.9989302337531112,0.9998174633194667
imagenet,rope,noise,0.0273125,0.999370317420012,0.0004458139227178228,0.9989245034972942,0.9998161313427298
imagenet,rope,noise,0.02755,0.9993667863037351,0.00044803035620557467,0.9989187559475295,0.9998148166599407
imagenet,rope,noise,0.0277875,0.999363255187458,0.00045026382825171315,0.9989129913592063,0.9998135190157098
imagenet,rope,noise,0.028025,0.999359724071181,0.0004525140865648205,0.9989072099846162,0.9998122381577458
imagenet,rope,noise,0.0282625,0.9993561929549039,0.0004547808819693405,0.9989014120729345,0.9998109738368732
imagenet,rope,noise,0.0285,0.999352661838627,0.0004570639684196375,0.9988955978702074,0.9998097258070466
imagenet,rope,noise,0.0287375,0.99934913072235,0.0004593631030108394,0.9988897676193391,0.9998084938253609
imagenet,rope,noise,0.028975,0.999345599606073,0.00046167804598605197,0.998883921560087,0.9998072776520591
imagenet,rope,noise,0.0292125,0.9993420684897959,0.0004640085607407675,0.9988780599290551,0.9998060770505367
imagenet,rope,noise,0.02945,0.9993385373735189,0.000466354413824406,0.9988721829596945,0.9998048917873432
imagenet,rope,noise,0.0296875,0.9993350062572418,0.0004687153749385426,0.9988662908823033,0.9998037216321803
imagenet,rope,noise,0.029925,0.999331475140965,0.0004710912169331696,0.9988603839240319,0.9998025663578981
imagenet,rope,noise,0.0301625,0.9993279440246878,0.00047348171579997104,0.9988544623088879,0.9998014257404878
imagenet,rope,noise,0.0304,0.9993244129084108,0.00047588665066343954,0.9988485262577473,0.9998002995590742
imagenet,rope,noise,0.0306375,0.9993208817921339,0.00047830580376990973,0.9988425759883639,0.9997991875959038
imagenet,rope,noise,0.030875,0.9993173506758568,0.00048073896047419435,0.9988366117153826,0.999798089636331
imagenet,rope,noise,0.0311125,0.99931381955958,0.0004831859092245604,0.9988306336503554,0.9997970054688046
imagenet,rope,noise,0.03135,0.9993102884433028,0.0004856464415457344,0.9988246420017571,0.9997959348848485
imagenet,rope,noise,0.0315875,0.9993067573270259,0.00048812035202027565,0.9988186369750056,0.9997948776790462
imagenet,rope,noise,0.031825,0.9993032262107487,0.0004906074382684069,0.9988126187724803,0.9997938336490172
imagenet,rope,noise,0.0320625,0.9992996950944718,0.0004931075009261617,0.9988065875935457,0.9997928025953979
imagenet,rope,noise,0.0323,0.9992961639781948,0.0004956203436225743,0.9988005436345722,0.9997917843218174
imagenet,rope,noise,0.0325375,0.9992926328619177,0.0004981457729550331,0.9987944870889627,0.9997907786348728
imagenet,rope,noise,0.032775,0.9992891017456408,0.0005006835984640394,0.9987884181471768,0.9997897853441048
imagenet,rope,noise,0.0330125,0.9992855706293637,0.0005032336326065143,0.9987823369967572,0.9997888042619703
imagenet,rope,noise,0.03325,0.9992820395130867,0.0005057956907282852,0.9987762438223584,0.999787835203815
imagenet,rope,noise,0.0334875,0.9992785083968095,0.0005083695910356377,0.9987701388057739,0.9997868779878452
imagenet,rope,noise,0.033725,0.9992749772805327,0.0005109551545661386,0.9987640221259666,0.9997859324350988
imagenet,rope,noise,0.0339625,0.9992714461642557,0.0005135522051585299,0.9987578939590971,0.9997849983694143
imagenet,rope,noise,0.0342,0.9992679150479787,0.0005161605694221349,0.9987517544785566,0.9997840756174009
imagenet,rope,noise,0.0344375,0.9992643839317017,0.0005187800767056128,0.9987456038549961,0.9997831640084073
imagenet,rope,noise,0.034675,0.9992608528154245,0.0005214105590652377,0.9987394422563594,0.9997822633744897
imagenet,rope,noise,0.0349125,0.9992573216991474,0.0005240518512325334,0.9987332698479149,0.9997813735503799
imagenet,rope,noise,0.03515,0.9992537905828707,0.0005267037905818259,0.9987270867922888,0.9997804943734525
imagenet,rope,noise,0.0353875,0.9992502594665935,0.0005293662170972197,0.9987208932494963,0.9997796256836907
imagenet,rope,noise,0.035625,0.9992467283503167,0.0005320389733392195,0.9987146893769775,0.9997787673236559
imagenet,rope,noise,0.0358625,0.9992431972340395,0.0005347219044114785,0.998708475329628,0.999777919138451
imagenet,rope,noise,0.0361,0.9992396661177625,0.000537414857926843,0.9987022512598357,0.9997770809756893
imagenet,rope,noise,0.0363375,0.9992361350014857,0.0005401176839737241,0.9986960173175119,0.9997762526854594
imagenet,rope,noise,0.036575,0.9992326038852086,0.0005428302350820355,0.9986897736501266,0.9997754341202907
imagenet,rope,noise,0.0368125,0.9992290727689316,0.0005455523661893987,0.9986835204027422,0.9997746251351209
imagenet,rope,noise,0.03705,0.9992255416526544,0.0005482839346068789,0.9986772577180475,0.9997738255872614
imagenet,rope,noise,0.0372875,0.9992220105363775,0.0005510247999851256,0.9986709857363923,0.9997730353363626
imagenet,rope,noise,0.037525,0.9992184794201004,0.0005537748242804028,0.99866470459582,0.9997722542443809
imagenet,rope,noise,0.0377625,0.9992149483038233,0.000556533871720714,0.9986584144321026,0.999771482175544
imagenet,rope,noise,0.038,0.9992114171875465,0.0005593018087719879,0.9986521153787745,0.9997707189963184
imagenet,rope,noise,0.0382375,0.9992078860712694,0.0005620785041044506,0.9986458075671649,0.9997699645753739
imagenet,rope,noise,0.038475,0.9992043549549924,0.0005648638285591384,0.9986394911264332,0.9997692187835515
imagenet,rope,noise,0.0387125,0.9992008238387152,0.0005676576551146186,0.9986331661836007,0.9997684814938298
imagenet,rope,noise,0.03895,0.9991972927224383,0.0005704598588537504,0.9986268328635846,0.999767752581292
imagenet,rope,noise,0.0391875,0.9991937616061614,0.0005732703169310186,0.9986204912892304,0.9997670319230924
imagenet,rope,noise,0.039425,0.9991902304898844,0.000576088908539626,0.9986141415813448,0.9997663193984241
imagenet,rope,noise,0.0396625,0.9991866993736074,0.000578915514879438,0.998607783858728,0.9997656148884868
imagenet,rope,noise,0.0399,0.9991831682573302,0.0005817500191245635,0.9986014182382057,0.9997649182764548
imagenet,rope,noise,0.0401375,0.9991796371410532,0.0005845923063915569,0.9985950448346617,0.9997642294474447
imagenet,rope,noise,0.040375,0.9991761060247762,0.0005874422637081089,0.9985886637610681,0.9997635482884843
imagenet,rope,noise,0.0406125,0.9991725749084993,0.0005902997799815899,0.9985822751285177,0.9997628746884809
imagenet,rope,noise,0.04085,0.9991690437922224,0.0005931647459682737,0.9985758790462541,0.9997622085381906
imagenet,rope,noise,0.0410875,0.9991655126759452,0.0005960370542427678,0.9985694756217025,0.9997615497301879
imagenet,rope,noise,0.041325,0.9991619815596682,0.0005989165991678106,0.9985630649605004,0.999760898158836
imagenet,rope,noise,0.0415625,0.999158450443391,0.0006018032768642932,0.9985566471665267,0.9997602537202553
imagenet,rope,noise,0.0418,0.9991549193271142,0.0006046969851817934,0.9985502223419324,0.999759616312296
imagenet,rope,noise,0.0420375,0.9991513882108373,0.0006075976236695416,0.9985437905871677,0.9997589858345068
imagenet,rope,noise,0.042275,0.9991478570945601,0.0006105050935473393,0.9985373520010128,0.9997583621881074
imagenet,rope,noise,0.0425125,0.9991443259782832,0.0006134192976774563,0.9985309066806057,0.9997577452759606
imagenet,rope,noise,0.04275,0.9991407948620061,0.000616340140536486,0.9985244547214697,0.9997571350025426
imagenet,rope,noise,0.0429875,0.9991372637457291,0.0006192675281874668,0.9985179962175417,0.9997565312739165
imagenet,rope,noise,0.043225,0.9991337326294522,0.000622201368252976,0.9985115312611992,0.9997559339977051
imagenet,rope,noise,0.0434625,0.9991302015131751,0.0006251415698878163,0.9985050599432873,0.9997553430830629
imagenet,rope,noise,0.0437,0.9991266703968981,0.0006280880437528429,0.9984985823531453,0.9997547584406509
imagenet,rope,noise,0.0439375,0.9991231392806211,0.0006310407019885474,0.9984920985786326,0.9997541799826096
imagenet,rope,noise,0.044175,0.9991196081643441,0.0006339994581895638,0.9984856087061545,0.9997536076225336
imagenet,rope,noise,0.0444125,0.999116077048067,0.0006369642273791086,0.9984791128206879,0.9997530412754462
imagenet,rope,noise,0.04465,0.9991125459317901,0.0006399349259839921,0.9984726110058061,0.9997524808577741
imagenet,rope,noise,0.0448875,0.9991090148155131,0.0006429114718102057,0.9984661033437029,0.9997519262873232
imagenet,rope,noise,0.045125,0.999105483699236,0.0006458937840184498,0.9984595899152175,0.9997513774832545
imagenet,rope,noise,0.0453625,0.9991019525829589,0.0006488817831004917,0.9984530707998583,0.9997508343660594
imagenet,rope,noise,0.0456,0.9990984214666819,0.0006518753908556724,0.9984465460758263,0.9997502968575376
imagenet,rope,noise,0.0458375,0.999094890350405,0.0006548745303676809,0.9984400158200373,0.9997497648807727
imagenet,rope,noise,0.046075,0.9990913592341281,0.0006578791259820271,0.998433480108146,0.9997492383601101
imagenet,rope,noise,0.0463125,0.999087828117851,0.0006608891032835534,0.9984269390145675,0.9997487172211346
imagenet,rope,noise,0.04655,0.999084297001574,0.000663904389074614,0.9984203926124994,0.9997482013906486
imagenet,rope,noise,0.0467875,0.9990807658852968,0.0006669249113532812,0.9984138409739436,0.99974769079665
imagenet,rope,noise,0.047025,0.9990772347690199,0.0006699505992923501,0.9984072841697276,0.9997471853683122
imagenet,rope,noise,0.0472625,0.999073703652743,0.0006729813832182592,0.9984007222695247,0.9997466850359612
imagenet,rope,noise,0.0475,0.999070172536466,0.0006760171945904787,0.9983941553418756,0.9997461897310564
imagenet,rope,noise,0.0477375,0.9990666414201889,0.0006790579659816588,0.9983875834542072,0.9997456993861705
imagenet,rope,noise,0.047975,0.9990631103039119,0.0006821036310574844,0.9983810066728545,0.9997452139349694
imagenet,rope,noise,0.0482125,0.9990594990760462,0.0006852342187131556,0.998374264857333,0.9997447332947593
imagenet,rope,noise,0.04845,0.9990557188583619,0.0006885392154276778,0.9983671796429342,0.9997442580737895
imagenet,rope,noise,0.0486875,0.9990522730178353,0.000691639807340088,0.9983606332104952,0.9997439128251754
imagenet,rope,noise,0.048925,0.9990491488411465,0.000694234380049001,0.9983549144610975,0.9997433832211955
imagenet,rope,noise,0.0491625,0.9990457400376367,0.0006966745426838161,0.9983490654949528,0.9997424145803205
imagenet,rope,noise,0.0494,0.9990423312341271,0.0006991248314493517,0.9983432064026777,0.9997414560655765
imagenet,rope,noise,0.0496375,0.999038604958637,0.0007012679994672671,0.9983373369591698,0.9997398729581043
imagenet,rope,noise,0.049875,0.9990345423351954,0.0007030905120076608,0.9983314518231877,0.9997376328472031
imagenet,rope,noise,0.0501125,0.9990304797117536,0.0007049301166768691,0.9983255495950768,0.9997354098284305
imagenet,rope,noise,0.05035,0.9990264170883116,0.0007067866800140952,0.9983196304082975,0.9997332037683258
imagenet,rope,noise,0.0505875,0.9990214546023314,0.0007073269763802267,0.9983141276259512,0.9997287815787116
imagenet,rope,noise,0.050825,0.9990154564207442,0.000706342106966806,0.9983091143137773,0.999721798527711
imagenet,rope,noise,0.0510625,0.9990094582391569,0.0007053636377658687,0.998304094601391,0.9997148218769227
imagenet,rope,noise,0.0513,0.9990034600575696,0.0007043915954489864,0.9982990684621206,0.9997078516530186
imagenet,rope,noise,0.0515375,0.9989974618759822,0.000703426006659464,0.9982940358693226,0.9997008878826417
imagenet,rope,noise,0.051775,0.998991463694395,0.0007024668980097683,0.9982889967963852,0.9996939305924047
imagenet,rope,noise,0.0520125,0.9989854655128076,0.0007015142960787974,0.9982839512167289,0.9996869798088864
imagenet,rope,noise,0.05225,0.9989794673312202,0.000700568227409187,0.9982788991038111,0.9996800355586294
imagenet,rope,noise,0.0524875,0.9989734691496331,0.0006996287185046248,0.9982738404311285,0.9996730978681377
imagenet,rope,noise,0.052725,0.9989674709680457,0.0006986957958270953,0.9982687751722187,0.9996661667638728
imagenet,rope,noise,0.0529625,0.9989614727864584,0.0006977694857941239,0.9982637033006643,0.9996592422722526
imagenet,rope,noise,0.0532,0.9989554746048711,0.0006968498147758706,0.9982586247900952,0.999652324419647
imagenet,rope,noise,0.0534375,0.9989494764232839,0.0006959368090924426,0.9982535396141915,0.9996454132323763
imagenet,rope,noise,0.053675,0.9989434782416966,0.0006950304950110517,0.9982484477466855,0.9996385087367077
imagenet,rope,noise,0.0539125,0.9989374800601092,0.0006941308987429493,0.9982433491613663,0.9996316109588521
imagenet,rope,noise,0.05415,0.9989314818785219,0.0006932380464407135,0.9982382438320812,0.9996247199249626
imagenet,rope,noise,0.0543875,0.9989254836969347,0.0006923519641952559,0.9982331317327394,0.9996178356611299
imagenet,rope,noise,0.054625,0.9989194855153473,0.0006914726780329262,0.9982280128373143,0.9996109581933802
imagenet,rope,noise,0.0548625,0.99891348733376,0.0006906002139123712,0.9982228871198476,0.9996040875476723
imagenet,rope,noise,0.0551,0.9989074891521726,0.0006897345977218902,0.9982177545544507,0.9995972237498946
imagenet,rope,noise,0.0553375,0.9989014909705854,0.0006888758552759031,0.9982126151153096,0.9995903668258613
imagenet,rope,noise,0.055575,0.9988954927889981,0.0006880240123124552,0.9982074687766856,0.9995835168013106
imagenet,rope,noise,0.0558125,0.9988894946074107,0.0006871790944898117,0.9982023155129209,0.9995766737019005
imagenet,rope,noise,0.05605,0.9988834964258234,0.0006863411273834892,0.9981971552984399,0.9995698375532069
imagenet,rope,noise,0.0562875,0.9988774982442362,0.0006855101364830773,0.9981919881077531,0.9995630083807193
imagenet,rope,noise,0.056525,0.9988715000626489,0.0006846861471892896,0.9981868139154596,0.9995561862098382
imagenet,rope,noise,0.0567625,0.9988655018810616,0.000683869184810723,0.9981816326962509,0.9995493710658723
imagenet,rope,noise,0.057,0.9988595036994744,0.0006830592745606253,0.9981764444249138,0.999542562974035
imagenet,rope,noise,0.0572375,0.998853505517887,0.0006822564415538964,0.9981712490763331,0.9995357619594408
imagenet,rope,noise,0.057475,0.9988475073362997,0.0006814607108037606,0.9981660466254959,0.9995289680471034
imagenet,rope,noise,0.0577125,0.9988415091547124,0.0006806721072185732,0.9981608370474938,0.9995221812619309
imagenet,rope,noise,0.05795,0.998835510973125,0.0006798906555986848,0.9981556203175262,0.9995154016287237
imagenet,rope,noise,0.0581875,0.9988295127915379,0.000679116380633262,0.9981503964109046,0.9995086291721711
imagenet,rope,noise,0.058425,0.9988235146099503,0.0006783493068966928,0.9981451653030536,0.999501863916847
imagenet,rope,noise,0.0586625,0.9988175164283634,0.0006775894588457866,0.9981399269695176,0.9994951058872091
imagenet,rope,noise,0.0589,0.9988115182467757,0.0006768368608161271,0.9981346813859596,0.9994883551075918
imagenet,rope,noise,0.0591375,0.9988055200651887,0.0006760915370190966,0.9981294285281697,0.9994816116022078
imagenet,rope,noise,0.059375,0.9987995218836013,0.0006753535115383353,0.998124168372063,0.9994748753951397
imagenet,rope,noise,0.0596125,0.9987935237020141,0.000674622808326428,0.9981189008936877,0.9994681465103405
imagenet,rope,noise,0.05985,0.9987875255204268,0.0006738994512019362,0.9981136260692249,0.9994614249716287
imagenet,rope,noise,0.0600875,0.9987815273388394,0.0006731834638456076,0.9981083438749938,0.999454710802685
imagenet,rope,noise,0.060325,0.9987755291572523,0.0006724748697972977,0.998103054287455,0.9994480040270496
imagenet,rope,noise,0.0605625,0.9987695309756649,0.0006717736924526627,0.9980977572832123,0.9994413046681175
imagenet,rope,noise,0.0608,0.9987635327940776,0.0006710799550597209,0.9980924528390178,0.9994346127491374
imagenet,rope,noise,0.0610375,0.9987575346124903,0.0006703936807155282,0.9980871409317748,0.9994279282932058
imagenet,rope,noise,0.061275,0.9987515364309029,0.0006697148923627803,0.9980818215385401,0.9994212513232656
imagenet,rope,noise,0.0615125,0.9987455382493157,0.0006690436127866062,0.998076494636529,0.9994145818621023
imagenet,rope,noise,0.06175,0.9987395400677284,0.0006683798646110661,0.9980711602031173,0.9994079199323395
imagenet,rope,noise,0.0619875,0.9987335418861409,0.0006677236702957851,0.9980658182158452,0.9994012655564367
imagenet,rope,noise,0.062225,0.9987275437045539,0.0006670750521327745,0.998060468652421,0.9993946187566867
imagenet,rope,noise,0.0624625,0.9987215455229664,0.000666434032242868,0.9980551114907236,0.9993879795552093
imagenet,rope,noise,0.0627,0.9987155473413791,0.0006658006325724566,0.9980497467088066,0.9993813479739516
imagenet,rope,noise,0.0629375,0.9987095491597918,0.0006651748748901556,0.9980443742849017,0.999374724034682
imagenet,rope,noise,0.063175,0.9987035509782046,0.0006645567807834235,0.9980389941974211,0.9993681077589881
imagenet,rope,noise,0.0634125,0.9986975527966172,0.0006639463716552833,0.998033606424962,0.9993614991682724
imagenet,rope,noise,0.06365,0.9986915546150299,0.0006633436687208933,0.998028210946309,0.9993548982837508
imagenet,rope,noise,0.0638875,0.9986855564334426,0.000662748693004217,0.9980228077404384,0.9993483051264468
imagenet,rope,noise,0.064125,0.9986795582518552,0.0006621614653348289,0.9980173967865203,0.99934171971719
imagenet,rope,noise,0.0643625,0.9986735600702681,0.0006615820063444968,0.9980119780639236,0.9993351420766126
imagenet,rope,noise,0.0646,0.9986675618886807,0.0006610103364639313,0.9980065515522167,0.9993285722251446
imagenet,rope,noise,0.0648375,0.9986615637070934,0.0006604464759193922,0.998001117231174,0.9993220101830127
imagenet,rope,noise,0.065075,0.9986555655255062,0.0006598904447295449,0.9979956750807766,0.9993154559702357
imagenet,rope,noise,0.0653125,0.9986495673439189,0.0006593422627022018,0.9979902250812166,0.9993089096066211
imagenet,rope,noise,0.06555,0.9986435691623314,0.000658801949430981,0.9979847672129004,0.9993023711117625
imagenet,rope,noise,0.0657875,0.9986375709807441,0.0006582695242920484,0.9979793014564521,0.9992958405050362
imagenet,rope,noise,0.066025,0.9986315727991569,0.0006577450064410813,0.9979738277927158,0.999289317805598
imagenet,rope,noise,0.0662625,0.9986255746175696,0.000657228414809915,0.9979683462027598,0.9992828030323795
imagenet,rope,noise,0.0665,0.9986195764359823,0.000656719768103424,0.9979628566678789,0.9992762962040858
imagenet,rope,noise,0.0667375,0.9986135782543949,0.000656219084796293,0.9979573591695986,0.9992697973391912
imagenet,rope,noise,0.066975,0.9986075800728077,0.0006557263831300796,0.9979518536896776,0.9992633064559377
imagenet,rope,noise,0.0672125,0.9986015818912204,0.0006552416811098891,0.9979463402101105,0.9992568235723303
imagenet,rope,noise,0.06745,0.9985955837096331,0.0006547649965013689,0.9979408187131317,0.9992503487061345
imagenet,rope,noise,0.0676875,0.9985895855280459,0.0006542963468275791,0.9979352891812183,0.9992438818748735
imagenet,rope,noise,0.067925,0.9985835873464586,0.0006538357493663069,0.9979297515970923,0.9992374230958249
imagenet,rope,noise,0.0681625,0.9985775891648713,0.0006533832211464402,0.9979242059437249,0.9992309723860177
imagenet,rope,noise,0.0684,0.9985715909832841,0.000652938778945506,0.9979186522043386,0.9992245297622295
imagenet,rope,noise,0.0686375,0.9985655928016967,0.0006525024392865084,0.9979130903624102,0.9992180952409832
imagenet,rope,noise,0.068875,0.9985595946201093,0.000652074218435116,0.9979075204016742,0.9992116688385445
imagenet,rope,noise,0.0691125,0.998553596438522,0.0006516541323965601,0.9979019423061255,0.9992052505709186
imagenet,rope,noise,0.06935,0.9985475982569348,0.0006512421969130251,0.9978963560600218,0.9991988404538479
imagenet,rope,noise,0.0695875,0.9985416000753475,0.0006508384274607603,0.9978907616478868,0.9991924385028083
imagenet,rope,noise,0.069825,0.9985356018937601,0.0006504428392472105,0.9978851590545129,0.9991860447330073
imagenet,rope,noise,0.0700625,0.998529603712173,0.0006500554472083031,0.9978795482649647,0.9991796591593813
imagenet,rope,noise,0.0703,0.9985236055305856,0.0006496762660058008,0.9978739292645799,0.9991732817965914
imagenet,rope,noise,0.0705375,0.9985176073489983,0.0006493053100246547,0.9978683020389737,0.9991669126590229
imagenet,rope,noise,0.070775,0.9985116091674109,0.0006489425933701643,0.9978626665740408,0.999160551760781
imagenet,rope,noise,0.0710125,0.9985056109858236,0.000648588129865731,0.9978570228559579,0.9991541991156893
imagenet,rope,noise,0.07125,0.9984996128042364,0.0006482419330498609,0.9978513708711865,0.9991478547372863
imagenet,rope,noise,0.0714875,0.9984936146226491,0.0006479040161741973,0.9978457106064749,0.9991415186388233
imagenet,rope,noise,0.071725,0.9984876164410617,0.0006475743922005545,0.9978400420488611,0.9991351908332622
imagenet,rope,noise,0.0719625,0.9984816182594746,0.0006472530737988262,0.9978343651856757,0.9991288713332734
imagenet,rope,noise,0.0722,0.9984756200778871,0.000646940073344561,0.9978286800045426,0.9991225601512317
imagenet,rope,noise,0.0724375,0.9984696218962998,0.0006466354029164382,0.9978229864933834,0.9991162572992163
imagenet,rope,noise,0.072675,0.9984636237147125,0.0006463390742943417,0.9978172846404182,0.9991099627890069
imagenet,rope,noise,0.0729125,0.9984576255331253,0.0006460510989567765,0.9978115744341686,0.9991036766320821
imagenet,rope,noise,0.07315,0.9984516273515379,0.0006457714880789482,0.9978058558634589,0.9990973988396169
imagenet,rope,noise,0.0733875,0.9984456291699506,0.00064550025253059,0.99780012891742,0.9990911294224812
imagenet,rope,noise,0.073625,0.9984396309883633,0.0006452374028737478,0.9977943935854896,0.999084868391237
imagenet,rope,noise,0.0738625,0.9984336328067759,0.0006449829493609213,0.997788649857415,0.9990786157561368
imagenet,rope,noise,0.0741,0.9984276346251887,0.000644736901933034,0.9977828977232557,0.9990723715271217
imagenet,rope,noise,0.0743375,0.9984216364436014,0.0006444992702176114,0.9977771371733838,0.999066135713819
imagenet,rope,noise,0.074575,0.9984156382620141,0.0006442700635267144,0.9977713681984873,0.9990599083255408
imagenet,rope,noise,0.0748125,0.9984096400804269,0.0006440492908552839,0.9977655907895716,0.9990536893712821
imagenet,rope,noise,0.07505,0.9984036418988395,0.0006438369608795145,0.9977598049379599,0.999047478859719
imagenet,rope,noise,0.0752875,0.9983976437172523,0.0006436330819549866,0.9977540106352972,0.9990412767992073
imagenet,rope,noise,0.075525,0.9983916455356651,0.0006434376621149309,0.9977482078735501,0.99903508319778
imagenet,rope,noise,0.0757625,0.9983856473540778,0.000643250709069115,0.9977423966450086,0.9990288980631469
imagenet,rope,noise,0.076,0.9983796491724904,0.00064307223020186,0.9977365769422886,0.9990227214026923
imagenet,rope,noise,0.0762375,0.9983736509909032,0.0006429022325707965,0.9977307487583325,0.999016553223474
imagenet,rope,noise,0.076475,0.9983676528093158,0.0006427407229054921,0.9977249120864103,0.9990103935322213
imagenet,rope,noise,0.0767125,0.9983616546277285,0.000642587707606135,0.9977190669201224,0.9990042423353347
imagenet,rope,noise,0.07695,0.9983556564461411,0.0006424431927422405,0.9977132132533989,0.9989980996388833
imagenet,rope,noise,0.0771875,0.9983496582645538,0.0006423071840513746,0.9977073510805025,0.9989919654486051
imagenet,rope,noise,0.077425,0.9983436600829666,0.0006421796869382047,0.9977014803960284,0.9989858397699048
imagenet,rope,noise,0.0776625,0.9983376619013793,0.0006420607064732744,0.997695601194906,0.9989797226078526
imagenet,rope,noise,0.0779,0.998331663719792,0.0006419502473920384,0.9976897134724,0.998973613967184
imagenet,rope,noise,0.0781375,0.9983256655382048,0.0006418483140940438,0.9976838172241107,0.9989675138522989
imagenet,rope,noise,0.078375,0.9983196673566174,0.000641754910641798,0.9976779124459756,0.9989614222672591
imagenet,rope,noise,0.0786125,0.9983136691750301,0.0006416700407602324,0.9976719991342698,0.9989553392157903
imagenet,rope,noise,0.07885,0.9983076709934428,0.0006415937078357747,0.997666077285607,0.9989492647012785
imagenet,rope,noise,0.0790875,0.9983016728118556,0.0006415259149158,0.9976601468969397,0.9989431987267714
imagenet,rope,noise,0.079325,0.9982956746302682,0.0006414666647079366,0.9976542079655603,0.9989371412949762
imagenet,rope,noise,0.0795625,0.9982896764486808,0.0006414159595795388,0.9976482604891013,0.9989310924082604
imagenet,rope,noise,0.0798,0.9982836782670935,0.0006413738015572873,0.9976423044655363,0.9989250520686508
imagenet,rope,noise,0.0800375,0.9982776800855063,0.0006413401923266622,0.9976363398931797,0.998919020277833
imagenet,rope,noise,0.080275,0.998271681903919,0.0006413151332317446,0.9976303667706873,0.9989129970371508
imagenet,rope,noise,0.0805125,0.9982656837223316,0.0006412986252747546,0.9976243850970569,0.9989069823476063
imagenet,rope,noise,0.08075,0.9982596855407443,0.0006412906691161929,0.9976183948716281,0.9989009762098605
imagenet,rope,noise,0.0809875,0.9982536873591571,0.0006412912650742178,0.9976123960940829,0.9988949786242313
imagenet,rope,noise,0.081225,0.9982476891775698,0.0006413004131250565,0.9976063887644447,0.9988889895906948
imagenet,rope,noise,0.0814625,0.9982416909959824,0.0006413181129027323,0.9976003728830797,0.9988830091088851
imagenet,rope,noise,0.0817,0.9982356928143951,0.0006413443636992043,0.9975943484506958,0.9988770371780943
imagenet,rope,noise,0.0819375,0.9982296946328079,0.0006413791644645186,0.9975883154683434,0.9988710737972724
imagenet,rope,noise,0.082175,0.9982236964512206,0.0006414225138070393,0.9975822739374135,0.9988651189650276
imagenet,rope,noise,0.0824125,0.9982176982696332,0.0006414744099937108,0.9975762238596395,0.998859172679627
imagenet,rope,noise,0.08265,0.998211700088046,0.0006415348509503221,0.9975701652370957,0.9988532349389964
imagenet,rope,noise,0.0828875,0.9982057019064586,0.0006416038342620709,0.9975640980721966,0.9988473057407207
imagenet,rope,noise,0.083125,0.9981997037248713,0.000641681357173949,0.9975580223676974,0.9988413850820452
imagenet,rope,noise,0.0833625,0.998193705543284,0.0006417674165913225,0.9975519381266927,0.9988354729598753
imagenet,rope,noise,0.0836,0.9981877073616968,0.0006418620090804429,0.9975458453526164,0.9988295693707773
imagenet,rope,noise,0.0838375,0.9981817091801096,0.0006419651308694533,0.9975397440492402,0.9988236743109791
imagenet,rope,noise,0.084075,0.9981757109985221,0.0006420767778486364,0.9975336342206734,0.9988177877763708
imagenet,rope,noise,0.0843125,0.9981697128169348,0.0006421969455716883,0.9975275158713631,0.9988119097625064
imagenet,rope,noise,0.08455,0.9981637146353476,0.0006423256292563839,0.9975213890060912,0.998806040264604
imagenet,rope,noise,0.0847875,0.9981577164537603,0.0006424628237855345,0.9975152536299747,0.9988001792775458
imagenet,rope,noise,0.085025,0.998151718272173,0.0006426085237080473,0.997509109748465,0.998794326795881
imagenet,rope,noise,0.0852625,0.9981457200905858,0.0006427627232399033,0.9975029573673458,0.9987884828138257
imagenet,rope,noise,0.0855,0.9981397219089985,0.0006429254162655754,0.9974967964927329,0.998782647325264
imagenet,rope,noise,0.0857375,0.9981337237274112,0.0006430965963388514,0.9974906271310723,0.99877682032375
imagenet,rope,noise,0.085975,0.9981277255458237,0.00064327625668431,0.9974844492891395,0.998771001802508
imagenet,rope,noise,0.0862125,0.9981217273642365,0.0006434643901987362,0.9974782629740379,0.9987651917544352
imagenet,rope,noise,0.08645,0.9981157291826492,0.0006436609894523376,0.9974720681931969,0.9987593901721016
imagenet,rope,noise,0.0866875,0.9981097310010618,0.0006438660466902844,0.9974658649543715,0.9987535970477521
imagenet,rope,noise,0.086925,0.9981037328194745,0.0006440795538341487,0.9974596532656403,0.9987478123733087
imagenet,rope,noise,0.0871625,0.9980977346378873,0.0006443015024836694,0.9974534331354037,0.9987420361403709
imagenet,rope,noise,0.0874,0.9980917364563,0.0006445318839181837,0.9974472045723818,0.9987362683402182
imagenet,rope,noise,0.0876375,0.9980857382747127,0.0006447706890983525,0.9974409675856143,0.9987305089638111
imagenet,rope,noise,0.087875,0.9980797400931255,0.0006450179086679944,0.9974347221844575,0.9987247580017935
imagenet,rope,noise,0.0881125,0.9980737419115381,0.0006452735329559535,0.9974284683785821,0.998719015444494
imagenet,rope,noise,0.08835,0.9980677437299508,0.0006455375519776353,0.9974222061779732,0.9987132812819284
imagenet,rope,noise,0.0885875,0.9980617455483635,0.0006458099554373474,0.9974159355929261,0.9987075555038009
imagenet,rope,noise,0.088825,0.9980557473667763,0.0006460907327299789,0.9974096566340462,0.9987018380995063
imagenet,rope,noise,0.0890625,0.998049749185189,0.0006463798729431642,0.9974033693122458,0.9986961290581321
imagenet,rope,noise,0.0893,0.9980437510036015,0.0006466773648592691,0.9973970736387423,0.9986904283684608
imagenet,rope,noise,0.0895375,0.9980377528220142,0.0006469831969576048,0.9973907696250567,0.9986847360189718
imagenet,rope,noise,0.089775,0.998031754640427,0.0006472973574166025,0.9973844572830104,0.9986790519978437
imagenet,rope,noise,0.0900125,0.9980257564588397,0.0006476198341159816,0.9973781366247237,0.9986733762929557
imagenet,rope,noise,0.09025,0.9980197582772523,0.0006479506146391146,0.9973718076626132,0.9986677088918914
imagenet,rope,noise,0.0904875,0.998013760095665,0.0006482896862752319,0.9973654704093897,0.9986620497819403
imagenet,rope,noise,0.090725,0.9980077619140776,0.000648637036021907,0.9973591248780557,0.9986563989500995
imagenet,rope,noise,0.0909625,0.9980017637324905,0.0006489926505875651,0.9973527710819029,0.9986507563830781
imagenet,rope,noise,0.0912,0.9979957655509031,0.0006493565163936737,0.9973464090345094,0.9986451220672967
imagenet,rope,noise,0.0914375,0.9979897673693158,0.0006497286195774407,0.9973400387497383,0.9986394959888932
imagenet,rope,noise,0.091675,0.9979837691877286,0.0006501089459943976,0.9973336602417342,0.998633878133723
imagenet,rope,noise,0.0919125,0.9979777710061413,0.0006504974812209472,0.9973272735249203,0.9986282684873622
imagenet,rope,noise,0.09215,0.9979717728245538,0.0006508942105569042,0.997320878613997,0.9986226670351107
imagenet,rope,noise,0.0923875,0.9979657746429665,0.0006512991190282616,0.9973144755239383,0.9986170737619948
imagenet,rope,noise,0.092625,0.9979597764613795,0.0006517121913900621,0.9973080642699894,0.9986114886527695
imagenet,rope,noise,0.0928625,0.9979537782797921,0.0006521334121287975,0.9973016448676634,0.9986059116919209
imagenet,rope,noise,0.0931,0.997947780098205,0.0006525627654654316,0.9972952173327395,0.9986003428636704
imagenet,rope,noise,0.0933375,0.9979417819166173,0.0006530002353581997,0.9972887816812591,0.9985947821519755
imagenet,rope,noise,0.093575,0.9979357837350302,0.0006534458055055431,0.9972823379295247,0.9985892295405357
imagenet,rope,noise,0.0938125,0.9979297855534429,0.000653899459348727,0.9972758860940942,0.9985836850127916
imagenet,rope,noise,0.09405,0.9979237873718557,0.0006543611800749613,0.9972694261917807,0.9985781485519307
imagenet,rope,noise,0.0942875,0.9979177891902683,0.0006548309506205391,0.9972629582396477,0.9985726201408889
imagenet,rope,noise,0.094525,0.9979117910086811,0.0006553087536733848,0.9972564822550077,0.9985670997623545
imagenet,rope,noise,0.0947625,0.9979057928270939,0.0006557945716763512,0.9972499982554176,0.9985615873987702
imagenet,rope,noise,0.095,0.9978997946455065,0.0006562883868302096,0.9972435062586763,0.9985560830323367
imagenet,rope,adversarial,0.0,1.0,0.0,1.0,1.0
imagenet,rope,adversarial,0.0002375,0.9999727481035167,2.223993584137038e-05,0.9999505081676753,0.999994988039358
imagenet,rope,adversarial,0.000475,0.9999454962070335,4.447987168272801e-05,0.9999010163353508,0.9999899760787163
imagenet,rope,adversarial,0.0007125,0.9999182443105504,6.67198075240984e-05,0.9998515245030263,0.9999849641180746
imagenet,rope,adversarial,0.00095,0.9998909924140671,8.895974336546413e-05,0.9998020326707017,0.9999799521574325
imagenet,rope,adversarial,0.0011875,0.999863740517584,0.0001111996792068166,0.9997525408383772,0.9999749401967908
imagenet,rope,adversarial,0.001425,0.9998364886211006,0.00013343961504819213,0.9997030490060524,0.9999699282361488
imagenet,rope,adversarial,0.0016625,0.9998092367246173,0.00015567955088957195,0.9996535571737277,0.9999649162755069
imagenet,rope,adversarial,0.0019,0.9997819848281342,0.00017791948673093766,0.9996040653414032,0.9999599043148651
imagenet,rope,adversarial,0.0021375,0.9997547329316512,0.00020015942257230806,0.9995545735090788,0.9999548923542235
imagenet,rope,adversarial,0.002375,0.9997274810351678,0.0002223993584136657,0.9995050816767542,0.9999498803935815
imagenet,rope,adversarial,0.0026125,0.9997002291386847,0.0002446392942550128,0.9994555898444297,0.9999448684329397
imagenet,rope,adversarial,0.00285,0.9996729772422014,0.00026687923009637856,0.999406098012105,0.9999398564722978
imagenet,rope,adversarial,0.0030875,0.9996457253457182,0.0002891191659377409,0.9993566061797804,0.9999348445116559
imagenet,rope,adversarial,0.003325,0.9996184734492349,0.0003113591017791066,0.9993071143474558,0.9999298325510141
imagenet,rope,adversarial,0.0035625,0.9995912215527518,0.00033359903762045906,0.9992576225151314,0.9999248205903722
imagenet,rope,adversarial,0.0038,0.9995639696562685,0.0003558389734618294,0.9992081306828067,0.9999198086297303
imagenet,rope,adversarial,0.0040375,0.9995367177597854,0.000378078909303205,0.9991586388504822,0.9999147966690886
imagenet,rope,adversarial,0.004275,0.999509465863302,0.00040031884514455746,0.9991091470181575,0.9999097847084466
imagenet,rope,adversarial,0.0045125,0.9994822139668189,0.0004225587809859232,0.999059655185833,0.9999047727478049
imagenet,rope,adversarial,0.00475,0.9994549620703356,0.0004447987168273209,0.9990101633535082,0.9998997607871629
imagenet,rope,adversarial,0.0049875,0.9994277101738523,0.0004670386526686785,0.9989606715211836,0.9998947488265211
imagenet,rope,adversarial,0.005225,0.9994004582773691,0.0004892785885100489,0.9989111796888591,0.9998897368658791
imagenet,rope,adversarial,0.0054625,0.999373206380886,0.0005115185243513967,0.9988616878565346,0.9998847249052374
imagenet,rope,adversarial,0.0057,0.9993459544844029,0.000533758460192777,0.9988121960242101,0.9998797129445957
imagenet,rope,adversarial,0.0059375,0.9993187025879195,0.0005559983960341426,0.9987627041918854,0.9998747009839537
imagenet,rope,adversarial,0.006175,0.9992914506914364,0.0005782383318754951,0.9987132123595609,0.999869689023312
imagenet,rope,adversarial,0.0064125,0.9992641987949532,0.0006004782677168608,0.9986637205272364,0.99986467706267
imagenet,rope,adversarial,0.00665,0.99923694689847,0.000622718203558241,0.9986142286949118,0.9998596651020282
imagenet,rope,adversarial,0.0068875,0.9992096950019868,0.0006449581393995935,0.9985647368625872,0.9998546531413863
imagenet,rope,adversarial,0.007125,0.9991824431055035,0.0006671980752409592,0.9985152450302626,0.9998496411807445
imagenet,rope,adversarial,0.0073625,0.9991551912090202,0.0006894380110822885,0.9984657531979378,0.9998446292201025
imagenet,rope,adversarial,0.0076,0.9991279393125371,0.000711677946923664,0.9984162613656135,0.9998396172594607
imagenet,rope,adversarial,0.0078375,0.9991006874160537,0.0007339178827650617,0.9983667695332886,0.9998346052988188
imagenet,rope,adversarial,0.008075,0.9990734355195706,0.0007561578186064095,0.9983172777009642,0.999829593338177
imagenet,rope,adversarial,0.0083125,0.9990461836230873,0.0007783977544477898,0.9982677858686395,0.999824581377535
imagenet,rope,adversarial,0.00855,0.9990189317266042,0.0008006376902891555,0.998218294036315,0.9998195694168933
imagenet,rope,adversarial,0.0087875,0.9989916798301209,0.000822877626130508,0.9981688022039904,0.9998145574562515
imagenet,rope,adversarial,0.009025,0.9989644279336378,0.0008451175619718736,0.9981193103716659,0.9998095454956097
imagenet,rope,adversarial,0.0092625,0.9989371760371545,0.000867357497813236,0.9980698185393413,0.9998045335349677
imagenet,rope,adversarial,0.0095,0.9989099241406714,0.0008895974336546016,0.9980203267070168,0.999799521574326
imagenet,rope,adversarial,0.0097375,0.998882672244188,0.0009118373694959721,0.9979708348746921,0.999794509613684
imagenet,rope,adversarial,0.009975,0.9988554203477049,0.0009340773053373198,0.9979213430423676,0.9997894976530423
imagenet,rope,adversarial,0.0102125,0.9988281684512216,0.0009563172411787001,0.9978718512100428,0.9997844856924003
imagenet,rope,adversarial,0.01045,0.9988009165547385,0.0009785571770200704,0.9978223593777183,0.9997794737317586
imagenet,rope,adversarial,0.0106875,0.9987736646582551,0.0010007971128614456,0.9977728675453936,0.9997744617711166
imagenet,rope,adversarial,0.010925,0.998746412761772,0.0010230370487028257,0.9977233757130691,0.9997694498104749
imagenet,rope,adversarial,0.0111625,0.9987191608652887,0.0010452769845441735,0.9976738838807445,0.9997644378498328
imagenet,rope,adversarial,0.0114,0.9986919089688056,0.001067516920385544,0.99762439204842,0.9997594258891911
imagenet,rope,adversarial,0.0116375,0.9986646570723224,0.0010897568562269098,0.9975749002160955,0.9997544139285494
imagenet,rope,adversarial,0.011875,0.998637405175839,0.001111996792068272,0.9975254083837707,0.9997494019679073
imagenet,rope,adversarial,0.0121125,0.9986101532793558,0.0011342367279096146,0.9974759165514462,0.9997443900072653
imagenet,rope,adversarial,0.01235,0.9985829013828728,0.001156476663750985,0.9974264247191218,0.9997393780466237
imagenet,rope,adversarial,0.0125875,0.9985556494863893,0.0011787165995923328,0.997376932886797,0.9997343660859817
imagenet,rope,adversarial,0.012825,0.9985283975899063,0.001200956535433713,0.9973274410544726,0.99972935412534
imagenet,rope,adversarial,0.0130625,0.9985011456934231,0.0012231964712750608,0.997277949222148,0.9997243421646982
imagenet,rope,adversarial,0.0133,0.9984738937969398,0.0012454364071164312,0.9972284573898235,0.9997193302040562
imagenet,rope,adversarial,0.0135375,0.9984466419004566,0.0012676763429578068,0.9971789655574989,0.9997143182434144
imagenet,rope,adversarial,0.013775,0.9984193900039734,0.0012899162787991865,0.9971294737251742,0.9997093062827725
imagenet,rope,adversarial,0.0140125,0.9983921381074902,0.001312156214640557,0.9970799818928496,0.9997042943221307
imagenet,rope,adversarial,0.01425,0.9983648862110069,0.0013343961504819226,0.997030490060525,0.9996992823614889
imagenet,rope,adversarial,0.0144875,0.9983376343145237,0.001356636086323285,0.9969809982282004,0.999694270400847
imagenet,rope,adversarial,0.014725,0.9983103824180405,0.0013788760221646506,0.9969315063958758,0.9996892584402052
imagenet,rope,adversarial,0.0149625,0.9982831305215573,0.001401115958006021,0.9968820145635512,0.9996842464795633
imagenet,rope,adversarial,0.0152,0.998255878625074,0.0014233558938473688,0.9968325227312267,0.9996792345189214
imagenet,rope,adversarial,0.0154375,0.9982286267285908,0.001445595829688749,0.9967830308989021,0.9996742225582795
imagenet,rope,adversarial,0.015675,0.9982013748321076,0.001467835765530097,0.9967335390665775,0.9996692105976377
imagenet,rope,adversarial,0.0159125,0.9981741229356244,0.0014900757013714672,0.9966840472342529,0.9996641986369958
imagenet,rope,adversarial,0.01615,0.9981468710391411,0.0015123156372128428,0.9966345554019282,0.999659186676354
imagenet,rope,adversarial,0.0163875,0.998119619142658,0.0015345555730541952,0.9965850635696039,0.9996541747157122
imagenet,rope,adversarial,0.016625,0.9980923672461749,0.0015567955088955608,0.9965355717372794,0.9996491627550704
imagenet,rope,adversarial,0.0168625,0.9980651153496916,0.0015790354447369353,0.9964860799049546,0.9996441507944285
imagenet,rope,adversarial,0.0171,0.9980378634532084,0.0016012753805782931,0.9964365880726301,0.9996391388337867
imagenet,rope,adversarial,0.0173375,0.9980106115567251,0.0016235153164196635,0.9963870962403054,0.9996341268731448
imagenet,rope,adversarial,0.017575,0.997983359660242,0.001645755252261016,0.996337604407981,0.999629114912503
imagenet,rope,adversarial,0.0178125,0.9979561077637586,0.0016679951881023816,0.9962881125756563,0.999624102951861
imagenet,rope,adversarial,0.01805,0.9979288558672755,0.0016902351239437617,0.9962386207433318,0.9996190909912193
imagenet,rope,adversarial,0.0182875,0.9979016039707922,0.0017124750597851096,0.9961891289110071,0.9996140790305773
imagenet,rope,adversarial,0.018525,0.9978743520743091,0.00173471499562648,0.9961396370786826,0.9996090670699356
imagenet,rope,adversarial,0.0187625,0.9978471001778259,0.0017569549314678556,0.996090145246358,0.9996040551092937
imagenet,rope,adversarial,0.019,0.9978198482813426,0.001779194867309208,0.9960406534140335,0.9995990431486518
imagenet,rope,adversarial,0.0192375,0.9977925963848593,0.0018014348031505738,0.9959911615817088,0.9995940311880098
imagenet,rope,adversarial,0.019475,0.9977573209835434,0.0018355948670879024,0.9959217261164555,0.9995929158506314
imagenet,rope,adversarial,0.0197125,0.9977085988169959,0.0018830673402402273,0.9958255314767557,0.9995916661572362
imagenet,rope,adversarial,0.01995,0.9976448392057323,0.0019392567609869975,0.9957055824447453,0.9995840959667194
imagenet,rope,adversarial,0.0201875,0.9975810795944686,0.001996562755796126,0.9955845168386726,0.9995776423502647
imagenet,rope,adversarial,0.020425,0.9975074666607012,0.0020426936013003805,0.9954647730594008,0.9995501602620016
imagenet,rope,adversarial,0.0206625,0.9974166421580991,0.002069563637380889,0.9953470785207182,0.99948620579548
imagenet,rope,adversarial,0.0209,0.9973258176554968,0.002098901917716818,0.99522691573778,0.9994247195732135
imagenet,rope,adversarial,0.0211375,0.9972349931528948,0.002130606482171741,0.995104386670723,0.9993655996350665
imagenet,rope,adversarial,0.021375,0.9971441686502925,0.0021645733561604322,0.9949795952941322,0.9993087420064529
imagenet,rope,adversarial,0.0216125,0.9970518405266527,0.002199970507540007,0.9948518700191127,0.9992518110341928
imagenet,rope,adversarial,0.02185,0.9969432530288834,0.002229450913734579,0.9947138021151488,0.999172703942618
imagenet,rope,adversarial,0.0220875,0.996834665531114,0.0022607079369109267,0.9945739575942031,0.9990953734680249
imagenet,rope,adversarial,0.022325,0.9967260780333446,0.0022936689455600027,0.9944324090877845,0.9990197469789046
imagenet,rope,adversarial,0.0225625,0.996617490535575,0.002328261571257523,0.9942892289643175,0.9989457521068326
imagenet,rope,adversarial,0.0228,0.9965089030378057,0.002364414200836363,0.9941444888369694,0.998873317238642
imagenet,rope,adversarial,0.0230375,0.9963891529387642,0.0023820550243434727,0.9940070979144207,0.9987712079631077
imagenet,rope,adversarial,0.023275,0.996255148973865,0.0023751932699186983,0.9938799557039463,0.9986303422437838
imagenet,rope,adversarial,0.0235125,0.9961205992128708,0.002369378325323593,0.9937512208875472,0.9984899775381944
imagenet,rope,adversarial,0.02375,0.9959746005865234,0.002367542403150517,0.9936070581833729,0.9983421429896739
imagenet,rope,adversarial,0.0239875,0.9958286019601762,0.0023658921862946772,0.9934627097738815,0.9981944941464709
imagenet,rope,adversarial,0.024225,0.9956826033338286,0.0023644280635868272,0.9933181752702418,0.9980470313974155
imagenet,rope,adversarial,0.0244625,0.9955366047074814,0.0023631503809186144,0.9931734543265628,0.9978997550884
imagenet,rope,adversarial,0.0247,0.9953906060811342,0.0023620594408369365,0.9930285466402973,0.9977526655219711
imagenet,rope,adversarial,0.0249375,0.9952446074547868,0.0023611555021874017,0.9928834519525994,0.9976057629569742
imagenet,rope,adversarial,0.025175,0.9950986088284396,0.002360438779808727,0.9927381700486309,0.9974590476082483
imagenet,rope,adversarial,0.0254125,0.9949526102020921,0.00235990944427794,0.9925927007578143,0.99731251964637
imagenet,rope,adversarial,0.02565,0.9948066115757448,0.002359567621707764,0.992447043954037,0.9971661791974525
imagenet,rope,adversarial,0.0258875,0.9946606129493976,0.0023594133935966217,0.992301199555801,0.9970200263429941
imagenet,rope,adversarial,0.026125,0.9945146143230502,0.002359446796731533,0.9921551675263187,0.9968740611197817
imagenet,rope,adversarial,0.0263625,0.9943686156967028,0.0023596678231442786,0.9920089478735585,0.996728283519847
imagenet,rope,adversarial,0.0266,0.9942226170703554,0.0023600764201208275,0.9918625406502346,0.9965826934904762
imagenet,rope,adversarial,0.0268375,0.9940766184440082,0.002360672490264235,0.9917159459537439,0.9964372909342725
imagenet,rope,adversarial,0.027075,0.993930619817661,0.002361455891610584,0.9915691639260503,0.9962920757092716
imagenet,rope,adversarial,0.0273125,0.9937846211913134,0.00236242643779792,0.9914221947535155,0.9961470476291113
imagenet,rope,adversarial,0.02755,0.9936386225649664,0.0023635838982872938,0.9912750386666791,0.9960022064632537
imagenet,rope,adversarial,0.0277875,0.9934926239386188,0.002364927998635777,0.9911276959399831,0.9958575519372546
imagenet,rope,adversarial,0.028025,0.9933466253122716,0.002366458420820437,0.9909801668914512,0.995713083733092
imagenet,rope,adversarial,0.0282625,0.9931867270052267,0.002385714537058265,0.9908010124681684,0.995572441542285
imagenet,rope,adversarial,0.0285,0.9930041422984225,0.0024360183944942275,0.9905681239039282,0.9954401606929167
imagenet,rope,adversarial,0.0287375,0.9928215575916183,0.0024895801580671704,0.9903319774335511,0.9953111377496855
imagenet,rope,adversarial,0.028975,0.992638972884814,0.0025461942360538326,0.9900927786487601,0.9951851671208678
imagenet,rope,adversarial,0.0292125,0.9924563881780096,0.002605661680097825,0.9898507264979118,0.9950620498581074
imagenet,rope,adversarial,0.02945,0.9922738034712054,0.002667791684838137,0.9896060117863673,0.9949415951560435
imagenet,rope,adversarial,0.0296875,0.9920912187644011,0.002732402630542823,0.9893588161338582,0.994823621394944
imagenet,rope,adversarial,0.029925,0.991908634057597,0.0027993227352785676,0.9891093113223184,0.9947079567928756
imagenet,rope,adversarial,0.0301625,0.9917260493507926,0.0028683903842124403,0.9888576589665801,0.994594439735005
imagenet,rope,adversarial,0.0304,0.9915434646439883,0.002939454200252434,0.9886040104437359,0.9944829188442408
imagenet,rope,adversarial,0.0306375,0.9913608799371841,0.00301237291411032,0.9883485070230739,0.9943732528512944
imagenet,rope,adversarial,0.030875,0.9911782952303797,0.0030870150843645187,0.9880912801460152,0.9942653103147442
imagenet,rope,adversarial,0.0311125,0.9909957105235755,0.0031632587102016912,0.9878324518133738,0.9941589692337772
imagenet,rope,adversarial,0.03135,0.9907861655069011,0.0032332363207970855,0.987552929186104,0.9940194018276982
imagenet,rope,adversarial,0.0315875,0.9905675412471472,0.0033029569138038383,0.9872645843333433,0.9938704981609511
imagenet,rope,adversarial,0.031825,0.9903489169873932,0.0033750217807547262,0.9869738952066385,0.993723938768148
imagenet,rope,adversarial,0.0320625,0.9901302927276393,0.003449283990119363,0.98668100873752,0.9935795767177587
imagenet,rope,adversarial,0.0323,0.9899116684678856,0.0035256046922789697,0.9863860637756067,0.9934372731601645
imagenet,rope,adversarial,0.0325375,0.9896930442081316,0.0036038531082365774,0.986089191099895,0.9932968973163683
imagenet,rope,adversarial,0.032775,0.989469190713967,0.0036870794270754087,0.9857821112868916,0.9931562701410424
imagenet,rope,adversarial,0.0330125,0.9892374246361562,0.0037762773841643815,0.9854611472519917,0.9930137020203206
imagenet,rope,adversarial,0.03325,0.988980374116994,0.003829591933637028,0.9851507821833569,0.9928099660506311
imagenet,rope,adversarial,0.0334875,0.9887118597687969,0.003869835143046964,0.98484202462575,0.9925816949118439
imagenet,rope,adversarial,0.033725,0.9884433454206,0.003913481631786393,0.9845298637888136,0.9923568270523864
imagenet,rope,adversarial,0.0339625,0.9881748310724029,0.003960418882148992,0.9842144121902539,0.9921352499545519
imagenet,rope,adversarial,0.0342,0.9879063167242058,0.004010531355521369,0.9838957853686845,0.9919168480797271
imagenet,rope,adversarial,0.0344375,0.987637802376009,0.004063701585616517,0.9835741007903924,0.9917015039616255
imagenet,rope,adversarial,0.034675,0.9873692880278119,0.0041198111840288175,0.983249476843783,0.9914890992118407
imagenet,rope,adversarial,0.0349125,0.9871007736796148,0.004178741748294635,0.9829220319313201,0.9912795154279095
imagenet,rope,adversarial,0.03515,0.9868322593314178,0.004240375667039021,0.9825918836643788,0.9910726349984569
imagenet,rope,adversarial,0.0353875,0.9865637449832206,0.004304596820618324,0.9822591481626023,0.990868341803839
imagenet,rope,adversarial,0.035625,0.986258753680178,0.0043317848763796026,0.9819269688037984,0.9905905385565577
imagenet,rope,adversarial,0.0358625,0.9859433001837994,0.004350403771292482,0.9815928964125069,0.9902937039550919
imagenet,rope,adversarial,0.0361,0.9856278466874208,0.004371793094588794,0.981256053592832,0.9899996397820096
imagenet,rope,adversarial,0.0363375,0.9853123931910422,0.0043959124059842715,0.980916480785058,0.9897083055970265
imagenet,rope,adversarial,0.036575,0.9849969396946635,0.004422717041689691,0.9805742226529738,0.9894196567363532
imagenet,rope,adversarial,0.0368125,0.9846814861982849,0.004452158500232406,0.9802293276980525,0.9891336446985173
imagenet,rope,adversarial,0.03705,0.9843660327019063,0.004484184844774434,0.9798818478571318,0.9888502175466807
imagenet,rope,adversarial,0.0372875,0.9840505792055277,0.004518741114911492,0.9795318380906163,0.9885693203204392
imagenet,rope,adversarial,0.037525,0.983735125709149,0.004555769741289805,0.9791793559678592,0.9882908954504388
imagenet,rope,adversarial,0.0377625,0.9834196722127704,0.004595210956886048,0.9788244612558843,0.9880148831696565
imagenet,rope,adversarial,0.038,0.9831042187163918,0.004637003199426679,0.978467215516965,0.9877412219158185
imagenet,rope,adversarial,0.0382375,0.982788765220013,0.004681083500139065,0.978107681719874,0.9874698487201521
imagenet,rope,adversarial,0.038475,0.9824733117236347,0.004727387854791383,0.9777459238688433,0.9872006995784262
imagenet,rope,adversarial,0.0387125,0.982157858227256,0.004775851573757002,0.977382006653499,0.986933709801013
imagenet,rope,adversarial,0.03895,0.9818424047308772,0.004826409608607561,0.9770159951222697,0.9866688143394848
imagenet,rope,adversarial,0.0391875,0.9815269512344985,0.0048789968534663905,0.9766479543810321,0.9864059480879649
imagenet,rope,adversarial,0.039425,0.9812114977381202,0.004933548420030358,0.9762779493180899,0.9861450461581506
imagenet,rope,adversarial,0.0396625,0.9808960442417415,0.004989999885772249,0.9759060443559693,0.9858860441275137
imagenet,rope,adversarial,0.0399,0.980580590745363,0.0050482875153663245,0.9755323032299966,0.9856288782607293
imagenet,rope,adversarial,0.0401375,0.9802651372489843,0.005108348455829274,0.975156788793155,0.9853734857048136
imagenet,rope,adversarial,0.040375,0.9799496837526056,0.005170120906237802,0.9747795628463678,0.9851198046588434
imagenet,rope,adversarial,0.0406125,0.979634230256227,0.0052335442631771326,0.9744006859930499,0.9848677745194041
imagenet,rope,adversarial,0.04085,0.9793187767598485,0.005298559243296733,0.9740202175165518,0.9846173360031452
imagenet,rope,adversarial,0.0410875,0.9790033232634697,0.005365107984504093,0.9736382152789657,0.9843684312479738
imagenet,rope,adversarial,0.041325,0.9786878697670911,0.005433134127428467,0.9732547356396626,0.9841210038945196
imagenet,rope,adversarial,0.0415625,0.9783724162707125,0.005502582878834247,0.9728698333918783,0.9838749991495467
imagenet,rope,adversarial,0.0418,0.978056962774334,0.005573401058673681,0.9724835617156603,0.9836303638330076
imagenet,rope,adversarial,0.0420375,0.9777415092779552,0.005645537132442231,0.972095972145513,0.9833870464103974
imagenet,rope,adversarial,0.042275,0.9774260557815766,0.005718941230447882,0.9717071145511287,0.9831449970120245
imagenet,rope,adversarial,0.0425125,0.977110602285198,0.005793565155534431,0.9713170371296636,0.9829041674407324
imagenet,rope,adversarial,0.04275,0.9767951487888195,0.005869362380710772,0.9709257864081087,0.9826645111695302
imagenet,rope,adversarial,0.0429875,0.9764796952924408,0.00594628803804158,0.9705334072543993,0.9824259833304824
imagenet,rope,adversarial,0.043225,0.9761642417960622,0.006024298900053283,0.9701399428960089,0.9821885406961155
imagenet,rope,adversarial,0.0434625,0.9758487882996835,0.006103353354802919,0.9697454349448805,0.9819521416544864
imagenet,rope,adversarial,0.0437,0.975533334803305,0.00618341137565329,0.9693499234276517,0.9817167461789582
imagenet,rope,adversarial,0.0439375,0.9752178813069262,0.006264434486695997,0.9689534468202302,0.9814823157936222
imagenet,rope,adversarial,0.044175,0.9749024278105477,0.006346385724664669,0.9685560420858831,0.9812488135352123
imagenet,rope,adversarial,0.0444125,0.974586974314169,0.006429229598087413,0.9681577447160815,0.9810162039122564
imagenet,rope,adversarial,0.04465,0.9742715208177904,0.0065129320443400715,0.9677585887734503,0.9807844528621306
imagenet,rope,adversarial,0.0448875,0.9739560673214118,0.0065974603851810905,0.9673586069362308,0.9805535277065929
imagenet,rope,adversarial,0.045125,0.9736406138250332,0.006682783281272142,0.966957830543761,0.9803233971063053
imagenet,rope,adversarial,0.0453625,0.9733251603286545,0.006768870686121858,0.9665562896425326,0.9800940310147763
imagenet,rope,adversarial,0.0456,0.9729506939630918,0.006968237158982686,0.9659824568041091,0.9799189311220744
imagenet,rope,adversarial,0.0458375,0.972569250514479,0.007181629157436543,0.9653876213570424,0.9797508796719155
imagenet,rope,adversarial,0.046075,0.9721878070658657,0.007395680306103472,0.9647921267597622,0.9795834873719692
imagenet,rope,adversarial,0.0463125,0.9718063636172528,0.0076103349866651305,0.9641960286305877,0.9794166986039179
imagenet,rope,adversarial,0.04655,0.9714249201686398,0.007825543534634561,0.9635993766340052,0.9792504637032744
imagenet,rope,adversarial,0.0467875,0.9710434767200269,0.008041261480619283,0.9630022152394077,0.9790847382006461
imagenet,rope,adversarial,0.047025,0.970662033271414,0.008257448902109554,0.9624045843693044,0.9789194821735235
imagenet,rope,adversarial,0.0472625,0.9702805898228011,0.008474069867911082,0.96180651995489,0.9787546596907122
imagenet,rope,adversarial,0.0475,0.9698991463741882,0.008691091960482046,0.9612080544137062,0.9785902383346702
imagenet,rope,adversarial,0.0477375,0.9695177029255749,0.008908485863989502,0.9606092170615854,0.9784261887895644
imagenet,rope,adversarial,0.047975,0.9691362594769622,0.009126225007979733,0.9600100344689825,0.978262484484942
imagenet,rope,adversarial,0.0482125,0.9687548160283491,0.009344285258256937,0.9594105307700922,0.978099101286606
imagenet,rope,adversarial,0.04845,0.9683733725797362,0.009562644647957487,0.9588107279317787,0.9779360172276937
imagenet,rope,adversarial,0.0486875,0.9679919291311232,0.009781283142950629,0.9582106459881725,0.9777732122740739
imagenet,rope,adversarial,0.048925,0.9676104856825103,0.010000182436638822,0.9576103032458715,0.9776106681191491
imagenet,rope,adversarial,0.0491625,0.9671959664336868,0.010199226200828545,0.9569967402328582,0.9773951926345154
imagenet,rope,adversarial,0.0494,0.9667626969646611,0.010387793341125717,0.9563749036235354,0.9771504903057868
imagenet,rope,adversarial,0.0496375,0.9663294274956357,0.010577378115011995,0.9557520493806236,0.9769068056106477
imagenet,rope,adversarial,0.049875,0.9658510572216329,0.010770312571857683,0.9550807446497752,0.9766213697934906
imagenet,rope,adversarial,0.0501125,0.9653231731878442,0.010967085747742945,0.9543560874401013,0.9762902589355872
imagenet,rope,adversarial,0.05035,0.9647952891540555,0.0111652940674692,0.9536299950865863,0.9759605832215248
imagenet,rope,adversarial,0.0505875,0.9642674051202671,0.011364862442619526,0.9529025426776476,0.9756322675628866
imagenet,rope,adversarial,0.050825,0.9637395210864783,0.011565720469480057,0.9521738006169983,0.9753052415559583
imagenet,rope,adversarial,0.0510625,0.9632116370526899,0.011767802111206758,0.9514438349414831,0.9749794391638966
imagenet,rope,adversarial,0.0513,0.9626837530189012,0.01197104540091548,0.9507127076179858,0.9746547984198166
imagenet,rope,adversarial,0.0515375,0.9621558689851124,0.012175392164728054,0.9499804768203843,0.9743312611498405
imagenet,rope,adversarial,0.051775,0.961627984951324,0.012380787763747073,0.9492471971875769,0.974008772715071
imagenet,rope,adversarial,0.0520125,0.9611001009175354,0.012587180853902962,0.9485129200636324,0.9736872817714384
imagenet,rope,adversarial,0.05225,0.9605716952185612,0.012794491065604954,0.9477772041529563,0.9733661862841662
imagenet,rope,adversarial,0.0524875,0.9600055799271674,0.013000306127045643,0.9470052738001218,0.973005886054213
imagenet,rope,adversarial,0.052725,0.9594394646357737,0.013206832056825343,0.9462326325789483,0.972646296692599
imagenet,rope,adversarial,0.0529625,0.9588489660854932,0.013370116882919836,0.9454788492025734,0.972219082968413
imagenet,rope,adversarial,0.0532,0.9582073370546756,0.013441705405061474,0.9447656316496141,0.9716490424597372
imagenet,rope,adversarial,0.0534375,0.957565708023858,0.013513557276461105,0.9440521507473969,0.9710792653003191
imagenet,rope,adversarial,0.053675,0.9569240789930403,0.013585668318715367,0.943338410674325,0.9705097473117557
imagenet,rope,adversarial,0.0539125,0.9562824499622226,0.013658034426750896,0.9426244155354717,0.9699404843889734
imagenet,rope,adversarial,0.05415,0.955640820931405,0.013730651567667725,0.9419101693637373,0.9693714724990727
imagenet,rope,adversarial,0.0543875,0.9549991919005872,0.013803515779586514,0.9411956761210007,0.9688027076801737
imagenet,rope,adversarial,0.054625,0.9543575628697697,0.013876623170501805,0.9404809396992679,0.9682341860402714
imagenet,rope,adversarial,0.0548625,0.9537159338389519,0.013949969917140906,0.939765963921811,0.9676659037560928
imagenet,rope,adversarial,0.0551,0.9530743048081344,0.014023552263830287,0.939050752544304,0.9670978570719647
imagenet,rope,adversarial,0.0553375,0.9524326757773167,0.01409736652136985,0.9383353092559469,0.9665300422986866
imagenet,rope,adversarial,0.055575,0.9517910467464991,0.01417140906591563,0.9376196376805834,0.9659624558124147
imagenet,rope,adversarial,0.0558125,0.9511494177156813,0.014245676337871998,0.9369037413778093,0.9653950940535533
imagenet,rope,adversarial,0.05605,0.9505077886848636,0.014320164840793964,0.9361876238440696,0.9648279535256576
imagenet,rope,adversarial,0.0562875,0.9498661596540461,0.014394871140299692,0.9354712885137464,0.9642610307943458
imagenet,rope,adversarial,0.056525,0.9492245306232284,0.014469791862994092,0.9347547387602343,0.9636943224862226
imagenet,rope,adversarial,0.0567625,0.9485829015924109,0.014544923695403925,0.9340379778970069,0.9631278252878148
imagenet,rope,adversarial,0.057,0.947941272561593,0.014620263382924794,0.9333210091786682,0.9625615359445178
imagenet,rope,adversarial,0.0572375,0.9472996435307754,0.014695807728780128,0.9326038358019954,0.9619954512595555
imagenet,rope,adversarial,0.057475,0.9466580144999579,0.014771553592993288,0.9318864609069646,0.9614295680929512
imagenet,rope,adversarial,0.0577125,0.94601638546914,0.014847497891371696,0.9311688875777683,0.9608638833605118
imagenet,rope,adversarial,0.05795,0.9453747564383225,0.014923637594504791,0.9304511188438177,0.9602983940328272
imagenet,rope,adversarial,0.0581875,0.9447331274075048,0.014999969726774861,0.92973315768073,0.9597330971342797
imagenet,rope,adversarial,0.058425,0.9440914983766873,0.015076491365381497,0.9290150070113058,0.9591679897420687
imagenet,rope,adversarial,0.0586625,0.9434498693458696,0.015153199639379751,0.9282966697064898,0.9586030689852494
imagenet,rope,adversarial,0.0589,0.9428082403150521,0.015230091728731989,0.92757814858632,0.9580383320437841
imagenet,rope,adversarial,0.0591375,0.9421666112842342,0.015307164863373541,0.9268594464208606,0.9574737761476078
imagenet,rope,adversarial,0.059375,0.9415249822534166,0.015384416322292465,0.9261405659311241,0.9569093985757091
imagenet,rope,adversarial,0.0596125,0.940883353222599,0.015461843432623319,0.9254215097899756,0.9563451966552223
imagenet,rope,adversarial,0.05985,0.9402417241917812,0.015539443568754684,0.9247022806230265,0.9557811677605359
imagenet,rope,adversarial,0.0600875,0.9396000951609635,0.015617214151450958,0.9239828810095125,0.9552173093124146
imagenet,rope,adversarial,0.060325,0.938958466130146,0.01569515264698832,0.9232633134831577,0.9546536187771343
imagenet,rope,adversarial,0.0605625,0.9383168370993283,0.015773256566304343,0.922543580533024,0.9540900936656327
imagenet,rope,adversarial,0.0608,0.9376752080685106,0.015851523464161993,0.9218236846043486,0.9535267315326725
imagenet,rope,adversarial,0.0610375,0.937033579037693,0.01592995093832716,0.9211036280993659,0.9529635299760202
imagenet,rope,adversarial,0.061275,0.9363919500068754,0.016008536628760173,0.9203834133781152,0.9524004866356355
imagenet,rope,adversarial,0.0615125,0.9357503209760577,0.01608727821682141,0.9196630427592363,0.9518375991928791
imagenet,rope,adversarial,0.06175,0.9351086919452399,0.016166173424490216,0.9189425185207497,0.9512748653697302
imagenet,rope,adversarial,0.0619875,0.9344670629144224,0.016245220013597423,0.918221842900825,0.9507122829280198
imagenet,rope,adversarial,0.062225,0.9338254338836046,0.01632441578507157,0.917501018098533,0.9501498496686762
imagenet,rope,adversarial,0.0624625,0.9331838048527872,0.0164037585781984,0.9167800462745888,0.9495875634309856
imagenet,rope,adversarial,0.0627,0.9325421758219693,0.016483246269893448,0.9160589295520758,0.9490254220918628
imagenet,rope,adversarial,0.0629375,0.9319005467911516,0.016562876773987982,0.9153376700171637,0.9484634235651396
imagenet,rope,adversarial,0.063175,0.9312589177603341,0.0166426480405277,0.9146162697198064,0.9479015658008618
imagenet,rope,adversarial,0.0634125,0.9306172887295164,0.016722558055084324,0.913894730674432,0.9473398467846008
imagenet,rope,adversarial,0.06365,0.9299756596986987,0.016802604838079865,0.9131730548606188,0.9467782645367785
imagenet,rope,adversarial,0.0638875,0.929334030667881,0.016882786444123533,0.9124512442237575,0.9462168171120046
imagenet,rope,adversarial,0.064125,0.9286924016370635,0.01696310096136063,0.9117293006757028,0.9456555025984241
imagenet,rope,adversarial,0.0643625,0.9280507726062458,0.017043546510833972,0.9110072260954118,0.9450943191170798
imagenet,rope,adversarial,0.0646,0.9274091435754283,0.01712412124585733,0.9102850223295709,0.9445332648212856
imagenet,rope,adversarial,0.0648375,0.9267675145446104,0.017204823351400625,0.9095626911932098,0.943972337896011
imagenet,rope,adversarial,0.065075,0.9261258855137928,0.017285651043486713,0.9088402344703062,0.9434115365572795
imagenet,rope,adversarial,0.0653125,0.9254842564829752,0.01736660256859995,0.9081176539143753,0.9428508590515751
imagenet,rope,adversarial,0.06555,0.9248426274521577,0.017447676203105892,0.9073949512490518,0.9422903036552637
imagenet,rope,adversarial,0.0657875,0.9242009984213398,0.017528870252682183,0.9066721281686576,0.9417298686740221
imagenet,rope,adversarial,0.066025,0.9235593693905221,0.017610183051760757,0.9059491863387613,0.9411695524422828
imagenet,rope,adversarial,0.0662625,0.9229177403597045,0.017691612962980288,0.9052261273967243,0.9406093533226848
imagenet,rope,adversarial,0.0665,0.922276111328887,0.017773158376649827,0.9045029529522371,0.9400492697055368
imagenet,rope,adversarial,0.0667375,0.9216344822980692,0.017854817710222647,0.9037796645878465,0.9394893000082919
imagenet,rope,adversarial,0.066975,0.9209928532672516,0.01793658940778032,0.9030562638594712,0.9389294426750319
imagenet,rope,adversarial,0.0672125,0.920351224236434,0.018018471939527204,0.9023327522969068,0.9383696961759612
imagenet,rope,adversarial,0.06745,0.9197095952056163,0.01810046380129463,0.9016091314043218,0.937810059006911
imagenet,rope,adversarial,0.0676875,0.9190679661747988,0.0181825635140549,0.9008854026607439,0.9372505296888537
imagenet,rope,adversarial,0.067925,0.9184263371439809,0.018264769623444966,0.900161567520536,0.9366911067674258
imagenet,rope,adversarial,0.0681625,0.9177847081131634,0.018347080699299655,0.8994376274138637,0.9361317888124631
imagenet,rope,adversarial,0.0684,0.9171430790823457,0.018429495335193627,0.898713583747152,0.9355725744175394
imagenet,rope,adversarial,0.0686375,0.9165014500515282,0.018512012147993213,0.8979894379035349,0.9350134621995214
imagenet,rope,adversarial,0.068875,0.9158598210207104,0.018594629777416622,0.8972651912432937,0.9344544507981271
imagenet,rope,adversarial,0.0691125,0.9152181919898927,0.01867734688560303,0.8965408451042897,0.9338955388754958
imagenet,rope,adversarial,0.06935,0.9145765629590751,0.01876016215669031,0.8958164008023848,0.9333367251157654
imagenet,rope,adversarial,0.0695875,0.9139349339282575,0.018843074296401387,0.8950918596318561,0.932778008224659
imagenet,rope,adversarial,0.069825,0.9132933048974398,0.018926082031638407,0.8943672228658014,0.9322193869290781
imagenet,rope,adversarial,0.0700625,0.912651675866622,0.01900918411008539,0.8936424917565366,0.9316608599767073
imagenet,rope,adversarial,0.0703,0.9120100468358046,0.019092379299818992,0.8929176675359856,0.9311024261356236
imagenet,rope,adversarial,0.0705375,0.9113684178049867,0.01917566638892649,0.8921927514160601,0.9305440841939132
imagenet,rope,adversarial,0.070775,0.9107267887741691,0.0192590441851321,0.891467744589037,0.9299858329593013
imagenet,rope,adversarial,0.0710125,0.9100851597433515,0.019342511515430216,0.8907426482279213,0.9294276712587817
imagenet,rope,adversarial,0.07125,0.9094435307125338,0.019426067225726498,0.8900174634868073,0.9288695979382603
imagenet,rope,adversarial,0.0714875,0.908801901681716,0.01950971018048589,0.8892921915012302,0.9283116118622019
imagenet,rope,adversarial,0.071725,0.9081602726508985,0.01959343926238783,0.8885668333885106,0.9277537119132864
imagenet,rope,adversarial,0.0719625,0.9075186436200808,0.019677253371988238,0.8878413902480926,0.9271958969920691
imagenet,rope,adversarial,0.0722,0.9068770145892632,0.01976115142738849,0.8871158631618747,0.9266381660166516
imagenet,rope,adversarial,0.0724375,0.9062353855584456,0.019845132363911114,0.8863902531945345,0.9260805179223568
imagenet,rope,adversarial,0.072675,0.9055937565276277,0.019929195133781497,0.8856645613938463,0.9255229516614092
imagenet,rope,adversarial,0.0729125,0.9049521274968102,0.020013338705816747,0.8849387887909934,0.924965466202627
imagenet,rope,adversarial,0.07315,0.9043104984659925,0.020097562065120277,0.8842129364008723,0.9244080605311128
imagenet,rope,adversarial,0.0733875,0.903668869435175,0.020181864212782626,0.8834870052223923,0.9238507336479577
imagenet,rope,adversarial,0.073625,0.9028686952234714,0.020586302269955843,0.8822823929535155,0.9234549974934272
imagenet,rope,adversarial,0.0738625,0.901946859031676,0.021242047909429504,0.8807048111222465,0.9231889069411056
imagenet,rope,adversarial,0.0741,0.9010250228398808,0.02190450181848106,0.8791205210213998,0.9229295246583619
imagenet,rope,adversarial,0.0743375,0.9001031866480856,0.022573073400359432,0.8775301132477262,0.922676260048445
imagenet,rope,adversarial,0.074575,0.8991813504562906,0.023247234843159832,0.8759341156131307,0.9224285852994504
imagenet,rope,adversarial,0.0748125,0.8982595142644954,0.023926513646180658,0.8743330006183146,0.922186027910676
imagenet,rope,adversarial,0.07505,0.8973376780727002,0.024610486077311595,0.8727271919953885,0.9219481641500118
imagenet,rope,adversarial,0.0752875,0.8964158418809048,0.0252987714514966,0.8711170704294082,0.9217146133324015
imagenet,rope,adversarial,0.075525,0.8953649447945883,0.025960667985449718,0.8694042768091386,0.921325612780038
imagenet,rope,adversarial,0.0757625,0.894287660250773,0.02662253057913897,0.867665129671634,0.920910190829912
imagenet,rope,adversarial,0.076,0.8932103757069579,0.027290343660897286,0.8659200320460606,0.9205007193678553
imagenet,rope,adversarial,0.0762375,0.8921330911631428,0.027963680915230285,0.8641694102479125,0.920096772078373
imagenet,rope,adversarial,0.076475,0.8910558066193278,0.02864215274789936,0.8624136538714284,0.9196979593672272
imagenet,rope,adversarial,0.0767125,0.8899785220755126,0.029325402780617228,0.8606531192948954,0.9193039248561299
imagenet,rope,adversarial,0.07695,0.888698564809128,0.030058683691976684,0.8586398811171513,0.9187572485011047
imagenet,rope,adversarial,0.0771875,0.8873939319953544,0.03080287759248524,0.8565910544028692,0.9181968095878397
imagenet,rope,adversarial,0.077425,0.8860892991815809,0.031552124245953155,0.8545371749356278,0.917641423427534
imagenet,rope,adversarial,0.0776625,0.8847846663678073,0.03230607210196892,0.8524785942658384,0.9170907384697762
imagenet,rope,adversarial,0.0779,0.8834800335540337,0.03306439956591191,0.8504156339881218,0.9165444331199456
imagenet,rope,adversarial,0.0781375,0.8821754007402599,0.03382681209369354,0.8483485886465664,0.9160022128339534
imagenet,rope,adversarial,0.078375,0.8808707679264863,0.03459303958834699,0.8462777283381393,0.9154638075148334
imagenet,rope,adversarial,0.0786125,0.8795661351127126,0.0353628340672936,0.8442033010454191,0.9149289691800062
imagenet,rope,adversarial,0.07885,0.8782615022989391,0.03613596757182591,0.8421255347271132,0.914397469870765
imagenet,rope,adversarial,0.0790875,0.8769568694851654,0.03691223029301102,0.8400446391921543,0.9138690997781764
imagenet,rope,adversarial,0.079325,0.8756522366713916,0.03769142889076531,0.8379608077806263,0.9133436655621568
imagenet,rope,adversarial,0.0795625,0.8743336316725799,0.03846027974008262,0.8358733519324973,0.9127939114126625
imagenet,rope,adversarial,0.0798,0.8726907259367391,0.03903917543995582,0.8336515504967833,0.911729901376695
imagenet,rope,adversarial,0.0800375,0.8710346655838667,0.03961589042230303,0.8314187751615636,0.9106505560061697
imagenet,rope,adversarial,0.080275,0.8693786052309943,0.04019624632027608,0.8291823589107182,0.9095748515512704
imagenet,rope,adversarial,0.0805125,0.8677225448781218,0.040780087688684706,0.8269424571894372,0.9085026325668065
imagenet,rope,adversarial,0.08075,0.8660664845252493,0.04136726695010716,0.8246992175751421,0.9074337514753564
imagenet,rope,adversarial,0.0809875,0.864410424172377,0.04195764396762716,0.8224527802047499,0.9063680681400041
imagenet,rope,adversarial,0.081225,0.8627543638195044,0.04255108563920555,0.8202032781802989,0.9053054494587099
imagenet,rope,adversarial,0.0814625,0.861098303466632,0.04314746551309779,0.8179508379535342,0.9042457689797297
imagenet,rope,adversarial,0.0817,0.8594422431137595,0.04374666342363769,0.8156955796901219,0.9031889065373971
imagenet,rope,adversarial,0.0819375,0.8577861827608871,0.04434856514664516,0.8134376176142419,0.9021347479075323
imagenet,rope,adversarial,0.082175,0.8561301224080148,0.044953062073673396,0.8111770603343413,0.9010831844816882
imagenet,rope,adversarial,0.0824125,0.8544740620551424,0.04556005090428404,0.8089140111508584,0.9000341129594265
imagenet,rope,adversarial,0.08265,0.8528180017022698,0.04616943335552742,0.8066485683467424,0.8989874350577973
imagenet,rope,adversarial,0.0828875,0.8511619413493974,0.04678111588780391,0.8043808254615935,0.8979430572372012
imagenet,rope,adversarial,0.083125,0.8495058809965249,0.04739500944628981,0.8021108715502351,0.8969008904428147
imagenet,rope,adversarial,0.0833625,0.8478498206436523,0.04801102921712655,0.7998387914265258,0.8958608498607789
imagenet,rope,adversarial,0.0836,0.84619376029078,0.04862909439759052,0.7975646658931894,0.8948228546883705
imagenet,rope,adversarial,0.0838375,0.8445376999379075,0.04924912797948688,0.7952885719584206,0.8937868279173944
imagenet,rope,adversarial,0.084075,0.842881639585035,0.04987105654503522,0.7930105830399998,0.8927526961300702
imagenet,rope,adversarial,0.0843125,0.8412255792321627,0.05049481007454563,0.7907307691576171,0.8917203893067083
imagenet,rope,adversarial,0.08455,0.8395695188792902,0.051120321765212785,0.7884491971140775,0.890689840644503
imagenet,rope,adversarial,0.0847875,0.8379134585264177,0.05174752786038627,0.7861659306660315,0.889660986386804
imagenet,rope,adversarial,0.085025,0.8362573981735454,0.05237636748870752,0.7838810306848378,0.8886337656622529
imagenet,rope,adversarial,0.0852625,0.8346013378206729,0.0530067825125326,0.7815945553081403,0.8876081203332056
imagenet,rope,adversarial,0.0855,0.8329452774678003,0.05363871738509266,0.7793065600827077,0.886583994852893
imagenet,rope,adversarial,0.0857375,0.8312892171149279,0.05427211901587097,0.777017098099057,0.8855613361307988
imagenet,rope,adversarial,0.085975,0.8296331567620555,0.05490693664370655,0.7747262201183489,0.8845400934057621
imagenet,rope,adversarial,0.0862125,0.8279770964091832,0.055543121717160075,0.7724339746920231,0.8835202181263432
imagenet,rope,adversarial,0.08645,0.8263210360563108,0.05618062778170627,0.7701404082746045,0.8825016638380171
imagenet,rope,adversarial,0.0866875,0.8246649757034382,0.056819410373340824,0.7678455653300974,0.881484386076779
imagenet,rope,adversarial,0.086925,0.8230089153505658,0.05745942691821518,0.7655494884323506,0.8804683422687809
imagenet,rope,adversarial,0.0871625,0.8213528549976933,0.058100636637935625,0.7632522183597577,0.8794534916356289
imagenet,rope,adversarial,0.0874,0.8196967946448209,0.05874300046018462,0.7609537941846363,0.8784397951050056
imagenet,rope,adversarial,0.0876375,0.8180407342919483,0.05938648093434385,0.7586542533576045,0.8774272152262922
imagenet,rope,adversarial,0.087875,0.8163418319241584,0.05996655777062463,0.7563752741535338,0.8763083896947831
imagenet,rope,adversarial,0.0881125,0.814573740388894,0.06044329629443487,0.7541304440944591,0.8750170366833289
imagenet,rope,adversarial,0.08835,0.8128056488536294,0.060920709235494835,0.7518849396181345,0.8737263580891242
imagenet,rope,adversarial,0.0885875,0.8110375573183649,0.061398780861791014,0.749638776456574,0.8724363381801559
imagenet,rope,adversarial,0.088825,0.8092694657831004,0.061877495906124375,0.7473919698769761,0.8711469616892248
imagenet,rope,adversarial,0.0890625,0.807501374247836,0.06235683954988671,0.7451445346979493,0.8698582137977227
imagenet,rope,adversarial,0.0893,0.8057332827125715,0.06283679740747347,0.742896485305098,0.868570080120045
imagenet,rope,adversarial,0.0895375,0.8039651911773068,0.0633173555113058,0.740647835666001,0.8672825466886126
imagenet,rope,adversarial,0.089775,0.8021970996420423,0.0637985002974363,0.738398599344606,0.8659955999394786
imagenet,rope,adversarial,0.0900125,0.8004290081067779,0.06428021859171408,0.7361487895150638,0.8647092266984919
imagenet,rope,adversarial,0.09025,0.7986609165715134,0.06476249759648549,0.7338984189750279,0.8634234141679988
imagenet,rope,adversarial,0.0904875,0.7968928250362488,0.06524532487780792,0.7316475001584409,0.8621381499140567
imagenet,rope,adversarial,0.090725,0.7951247335009843,0.06572868835315589,0.7293960451478284,0.8608534218541403
imagenet,rope,adversarial,0.0909625,0.7933566419657199,0.06621257627959772,0.7271440656861221,0.8595692182453176
imagenet,rope,adversarial,0.0912,0.7915885504304553,0.06669697724242439,0.7248915731880309,0.8582855276728797
imagenet,rope,adversarial,0.0914375,0.7898204588951908,0.06718188014421066,0.7226385787509801,0.8570023390394015
imagenet,rope,adversarial,0.091675,0.7880523673599263,0.06766727419429097,0.7203850931656354,0.8557196415542173
imagenet,rope,adversarial,0.0919125,0.7862842758246619,0.06815314889863347,0.7181311269260284,0.8544374247232953
imagenet,rope,adversarial,0.09215,0.7845161842893974,0.06863949405009434,0.715876690239303,0.8531556783394918
imagenet,rope,adversarial,0.0923875,0.7827480927541327,0.06912629971903768,0.713621793035095,0.8518743924731704
imagenet,rope,adversarial,0.092625,0.7809800012188682,0.0696135562443063,0.7113664449745619,0.8505935574631746
imagenet,rope,adversarial,0.0928625,0.7792119096836038,0.07010125422452754,0.7091106554590763,0.8493131639081313
imagenet,rope,adversarial,0.0931,0.7774438181483392,0.07058938450974164,0.7068544336385976,0.8480332026580808
imagenet,rope,adversarial,0.0933375,0.7756757266130747,0.07107793819333912,0.7045977884197356,0.8467536648064138
imagenet,rope,adversarial,0.093575,0.7739076350778101,0.07156690660429439,0.7023407284735157,0.8454745416821046
imagenet,rope,adversarial,0.0938125,0.7718943494829807,0.07252177238201823,0.6993725771009625,0.844416121864999
imagenet,rope,adversarial,0.09405,0.7698585329180033,0.07352141479514869,0.6963371181228546,0.8433799477131521
imagenet,rope,adversarial,0.0942875,0.7678227163530259,0.07452304887569669,0.6932996674773292,0.8423457652287226
imagenet,rope,adversarial,0.094525,0.7657868997880485,0.07552659538319455,0.690260304404854,0.841313495171243
imagenet,rope,adversarial,0.0947625,0.7637510832230711,0.07653197908601479,0.6872191041370562,0.8402830623090859
imagenet,rope,adversarial,0.095,0.7617152666580936,0.07753912852015916,0.6841761381379344,0.8392543951782528
imagenet,alibi,noise,0.0,1.0,0.0,1.0,1.0
imagenet,alibi,noise,0.0002375,0.9999253945277417,2.922602942002489e-05,0.9998961684983216,0.9999546205571617
imagenet,alibi,noise,0.000475,0.9998507890554831,5.845205884005318e-05,0.999792336996643,0.9999092411143231
imagenet,alibi,noise,0.0007125,0.9997761835832247,8.767808826007808e-05,0.9996885054949647,0.9998638616714848
imagenet,alibi,noise,0.00095,0.9997015781109665,0.00011690411768010636,0.9995846739932864,0.9998184822286466
imagenet,alibi,noise,0.0011875,0.999626972638708,0.00014613014710013124,0.999480842491608,0.9997731027858081
imagenet,alibi,noise,0.001425,0.9995523671664497,0.00017535617652012932,0.9993770109899296,0.9997277233429698
imagenet,alibi,noise,0.0016625,0.9994777616941913,0.00020458220594018445,0.9992731794882511,0.9996823439001316
imagenet,alibi,noise,0.0019,0.9994031562219329,0.00023380823536018247,0.9991693479865726,0.9996369644572931
imagenet,alibi,noise,0.0021375,0.9993285507496744,0.0002630342647802043,0.9990655164848942,0.9995915850144547
imagenet,alibi,noise,0.002375,0.999253945277416,0.00029226029420020236,0.9989616849832158,0.9995462055716161
imagenet,alibi,noise,0.0026125,0.9991793398051576,0.00032148632362022725,0.9988578534815373,0.9995008261287779
imagenet,alibi,noise,0.00285,0.9991047343328994,0.00035071235304025554,0.9987540219798591,0.9994554466859397
imagenet,alibi,noise,0.0030875,0.999030128860641,0.0003799383824602804,0.9986501904781807,0.9994100672431013
imagenet,alibi,noise,0.003325,0.9989555233883826,0.0004091644118803087,0.9985463589765022,0.9993646878002629
imagenet,alibi,noise,0.0035625,0.9988809179161241,0.0004383904413003336,0.9984425274748238,0.9993193083574244
imagenet,alibi,noise,0.0038,0.9988063124438656,0.00046761647072036196,0.9983386959731453,0.999273928914586
imagenet,alibi,noise,0.0040375,0.9987317069716073,0.0004968425001403868,0.9982348644714669,0.9992285494717477
imagenet,alibi,noise,0.004275,0.9986571014993489,0.0005260685295603849,0.9981310329697886,0.9991831700289093
imagenet,alibi,noise,0.0045125,0.9985829695696707,0.0005506594730359932,0.9980323100966347,0.9991336290427068
imagenet,alibi,noise,0.00475,0.9985167531852568,0.0005580468247559315,0.9979587063605009,0.9990748000100127
imagenet,alibi,noise,0.0049875,0.9984511560315666,0.0005635209438182311,0.9978876350877484,0.9990146769753849
imagenet,alibi,noise,0.005225,0.9983855588778767,0.0005694391630130354,0.9978161197148637,0.9989549980408897
imagenet,alibi,noise,0.0054625,0.9983199617241865,0.00057578778848952,0.9977441739356969,0.998895749512676
imagenet,alibi,noise,0.0057,0.9982543645704962,0.0005825527487909435,0.9976718118217053,0.9988369173192871
imagenet,alibi,noise,0.0059375,0.9981887674168061,0.0005897197161564394,0.9975990477006497,0.9987784871329625
imagenet,alibi,noise,0.006175,0.9981231702631161,0.0005972742191597919,0.9975258960439564,0.9987204444822759
imagenet,alibi,noise,0.0064125,0.9980575731094259,0.0006052017455954008,0.9974523713638305,0.9986627748550213
imagenet,alibi,noise,0.00665,0.9979919759557356,0.0006134878349405374,0.9973784881207951,0.9986054637906762
imagenet,alibi,noise,0.0068875,0.9979263788020454,0.0006221181600933438,0.997304260641952,0.9985484969621388
imagenet,alibi,noise,0.007125,0.9978607816483555,0.0006310785984053742,0.9972297030499501,0.9984918602467608
imagenet,alibi,noise,0.0073625,0.9977951844946653,0.0006403552922887541,0.9971548292023765,0.9984355397869541
imagenet,alibi,noise,0.0076,0.997729587340975,0.0006499346998804226,0.9970796526410947,0.9983795220408554
imagenet,alibi,noise,0.0078375,0.9976639901872848,0.0006598036363984897,0.9970041865508863,0.9983237938236833
imagenet,alibi,noise,0.008075,0.9975983930335945,0.0006699493069256371,0.9969284437266689,0.9982683423405202
imagenet,alibi,noise,0.0083125,0.9975327958799046,0.0006803593314162327,0.9968524365484884,0.9982131552113208
imagenet,alibi,noise,0.00855,0.9974671987262144,0.0006910217627467848,0.9967761769634675,0.9981582204889612
imagenet,alibi,noise,0.0087875,0.9974016015725242,0.0007019250986279121,0.9966996764738963,0.9981035266711521
imagenet,alibi,noise,0.009025,0.997336004418834,0.000713058288169637,0.9966229461306644,0.9980490627070036
imagenet,alibi,noise,0.0092625,0.997270407265144,0.0007244107338523927,0.9965459965312916,0.9979948179989965
imagenet,alibi,noise,0.0095,0.9972048101114538,0.0007359722896028115,0.996468837821851,0.9979407824010565
imagenet,alibi,noise,0.0097375,0.9971392129577635,0.0007477332556169001,0.9963914797021466,0.9978869462133805
imagenet,alibi,noise,0.009975,0.9970736158040733,0.0007596843705099746,0.9963139314335633,0.9978333001745833
imagenet,alibi,noise,0.0102125,0.9970080186503832,0.0007718168013125888,0.9962362018490707,0.9977798354516958
imagenet,alibi,noise,0.01045,0.996942421496693,0.0007841221317685344,0.9961582993649245,0.9977265436284615
imagenet,alibi,noise,0.0106875,0.996876824343003,0.0007965923493353093,0.9960802319936677,0.9976734166923382
imagenet,alibi,noise,0.010925,0.9968112271893127,0.0008092198312321221,0.9960020073580805,0.9976204470205449
imagenet,alibi,noise,0.0111625,0.9967370106297423,0.000814405736272968,0.9959226048934693,0.9975514163660153
imagenet,alibi,noise,0.0114,0.9966467627381236,0.0008070087818957841,0.9958397539562278,0.9974537715200193
imagenet,alibi,noise,0.0116375,0.9965489691151116,0.0008092492895467883,0.9957397198255648,0.9973582184046584
imagenet,alibi,noise,0.011875,0.9964511754920998,0.000811846017734913,0.995639329474365,0.9972630215098347
imagenet,alibi,noise,0.0121125,0.9963429207756924,0.0008131541999351878,0.9955297665757572,0.9971560749756276
imagenet,alibi,noise,0.01235,0.9962343189677405,0.0008147584276480897,0.9954195605400924,0.9970490773953886
imagenet,alibi,noise,0.0125875,0.9961257171597885,0.0008167110958494107,0.995309006063939,0.996942428255638
imagenet,alibi,noise,0.012825,0.9960171153518363,0.0008190097123063718,0.9951981056395299,0.9968361250641428
imagenet,alibi,noise,0.0130625,0.9959085135438847,0.000821651373594266,0.9950868621702904,0.9967301649174789
imagenet,alibi,noise,0.0133,0.9957999117359325,0.0008246327829495955,0.9949752789529829,0.9966245445188822
imagenet,alibi,noise,0.0135375,0.9956913099279805,0.0008279502701307554,0.9948633596578498,0.9965192601981112
imagenet,alibi,noise,0.013775,0.9955827081200285,0.0008315998130186669,0.9947511083070099,0.9964143079330471
imagenet,alibi,noise,0.0140125,0.9954741063120763,0.0008355770606738801,0.9946385292514025,0.9963096833727502
imagenet,alibi,noise,0.01425,0.9953655045041243,0.0008398773575615929,0.9945256271465627,0.996205381861686
imagenet,alibi,noise,0.0144875,0.9952569026961723,0.000844495768653428,0.9944124069275189,0.9961013984648257
imagenet,alibi,noise,0.014725,0.9951483008882201,0.0008494271051191739,0.994298873783101,0.9959977279933393
imagenet,alibi,noise,0.0149625,0.9950396990802682,0.000854665950332175,0.9941850331299361,0.9958943650306004
imagenet,alibi,noise,0.0152,0.9949310972723162,0.0008602066859261229,0.9940708905863901,0.9957913039582423
imagenet,alibi,noise,0.0154375,0.9948224954643642,0.0008660435176568037,0.9939564519467073,0.995688538982021
imagenet,alibi,noise,0.015675,0.994713893656412,0.0008721705008468034,0.9938417231555653,0.9955860641572588
imagenet,alibi,noise,0.0159125,0.99460529184846,0.0008785815652106245,0.9937267102832494,0.9954838734136706
imagenet,alibi,noise,0.01615,0.9944966900405081,0.0008852705388847249,0.9936114195016233,0.9953819605793929
imagenet,alibi,noise,0.0163875,0.9943880882325562,0.0008922311715105184,0.9934958570610457,0.9952803194040667
imagenet,alibi,noise,0.016625,0.9942794864246042,0.0008994571562456532,0.9933800292683586,0.9951789435808498
imagenet,alibi,noise,0.0168625,0.994170884616652,0.000906942150600909,0.9932639424660511,0.995077826767253
imagenet,alibi,noise,0.0171,0.9940622828087,0.0009146797960271587,0.9931476030126729,0.9949769626047271
imagenet,alibi,noise,0.0173375,0.993953681000748,0.0009226637361967665,0.9930310172645512,0.9948763447369448
imagenet,alibi,noise,0.017575,0.9938450791927959,0.0009308876339459971,0.9929141915588499,0.9947759668267419
imagenet,alibi,noise,0.0178125,0.9937364773848439,0.0009393451868631973,0.9927971321979807,0.9946758225717072
imagenet,alibi,noise,0.01805,0.9936278755768919,0.0009480301415256677,0.9926798454353662,0.9945759057184176
imagenet,alibi,noise,0.0182875,0.9935192737689399,0.0009569363064008226,0.9925623374625391,0.9944762100753407
imagenet,alibi,noise,0.018525,0.9934106719609878,0.0009660575634419703,0.9924446143975458,0.9943767295244297
imagenet,alibi,noise,0.0187625,0.9933020701530358,0.0009753878784193799,0.9923266822746165,0.9942774580314552
imagenet,alibi,noise,0.019,0.9931934683450837,0.0009849213100344867,0.9922085470350492,0.9941783896551182
imagenet,alibi,noise,0.0192375,0.9930848665371318,0.0009946520178742506,0.9920902145192575,0.9940795185550061
imagenet,alibi,noise,0.019475,0.9929762647291797,0.0010045742692659334,0.9919716904599137,0.9939808389984456
imagenet,alibi,noise,0.0197125,0.9928676629212277,0.001014682445097834,0.9918529804761299,0.9938823453663256
imagenet,alibi,noise,0.01995,0.9927590611132757,0.0010249710446723573,0.9917340900686034,0.9937840321579481
imagenet,alibi,noise,0.0201875,0.9926504593053237,0.0010354346896605977,0.9916150246156631,0.9936858939949843
imagenet,alibi,noise,0.020425,0.9925418574973716,0.0010460681272253958,0.9914957893701462,0.993587925624597
imagenet,alibi,noise,0.0206625,0.9924332556894196,0.0010568662323822183,0.9913763894570374,0.9934901219218019
imagenet,alibi,noise,0.0209,0.9923246538814676,0.0010678240096623456,0.9912568298718053,0.9933924778911299
imagenet,alibi,noise,0.0211375,0.9922160520735156,0.001078936594143312,0.9911371154793723,0.9932949886676589
imagenet,alibi,noise,0.021375,0.9921074502655635,0.001090199251907802,0.9910172510136557,0.9931976495174712
imagenet,alibi,noise,0.0216125,0.9919988484576114,0.0011016073799897223,0.9908972410776217,0.9931004558376012
imagenet,alibi,noise,0.02185,0.9918902466496595,0.0011131565058623931,0.9907770901437971,0.9930034031555219
imagenet,alibi,noise,0.0220875,0.9917808218891319,0.0011234126908160624,0.9906574091983158,0.9929042345799479
imagenet,alibi,noise,0.022325,0.9916456179739314,0.0011086384634624213,0.9905369795104689,0.9927542564373938
imagenet,alibi,noise,0.0225625,0.991486912158083,0.001097002662248658,0.9903899094958344,0.9925839148203317
imagenet,alibi,noise,0.0228,0.9913204664386236,0.0010951944053550389,0.9902252720332686,0.9924156608439786
imagenet,alibi,noise,0.0230375,0.9911379034286095,0.0011153344707422784,0.9900225689578672,0.9922532378993518
imagenet,alibi,noise,0.023275,0.9909553404185956,0.0011366932371261564,0.9898186471814694,0.9920920336557217
imagenet,alibi,noise,0.0235125,0.9907727774085817,0.001159203341363433,0.9896135740672183,0.9919319807499452
imagenet,alibi,noise,0.02375,0.9905902143985679,0.0011827990512023993,0.9894074153473654,0.9917730134497703
imagenet,alibi,noise,0.0239875,0.9903934032371738,0.0012185181979242324,0.9891748850392497,0.991611921435098
imagenet,alibi,noise,0.024225,0.9901940092930661,0.00125643892339351,0.9889375703696726,0.9914504482164597
imagenet,alibi,noise,0.0244625,0.9899946153489583,0.0012944714619270597,0.9887001438870312,0.9912890868108853
imagenet,alibi,noise,0.0247,0.9897952214048504,0.001332606240135675,0.9884626151647148,0.9911278276449861
imagenet,alibi,noise,0.0249375,0.9895958274607427,0.0013708347255351858,0.9882249927352075,0.9909666621862779
imagenet,alibi,noise,0.025175,0.9893964335166349,0.0014091492916640566,0.9879872842249708,0.9908055828082989
imagenet,alibi,noise,0.0254125,0.9891970395725272,0.0014475431032067042,0.9877494964693205,0.990644582675734
imagenet,alibi,noise,0.02565,0.9889976456284195,0.0014860100178211303,0.9875116356105984,0.9904836556462406
imagenet,alibi,noise,0.0258875,0.9887982516843117,0.0015245445019637536,0.987273707182348,0.9903227961862754
imagenet,alibi,noise,0.026125,0.9885988577402038,0.001563141558481138,0.9870357161817227,0.990161999298685
imagenet,alibi,noise,0.0263625,0.988399463796096,0.0016017966641285603,0.9867976671319675,0.9900012604602245
imagenet,alibi,noise,0.0266,0.9882000698519883,0.001640505715490023,0.9865595641364983,0.9898405755674783
imagenet,alibi,noise,0.0268375,0.9880006759078804,0.0016792649820315114,0.9863214109258489,0.989679940889912
imagenet,alibi,noise,0.027075,0.9878012819637728,0.0017180710652294688,0.9860832108985433,0.9895193530290023
imagenet,alibi,noise,0.0273125,0.987601888019665,0.0017569208628904875,0.9858449671567745,0.9893588088825555
imagenet,alibi,noise,0.02755,0.9874024940755574,0.001795811537918309,0.9856066825376391,0.9891983056134757
imagenet,alibi,noise,0.0277875,0.9872031001314495,0.0018347404909035045,0.985368359640546,0.989037840622353
imagenet,alibi,noise,0.028025,0.9870037061873417,0.0018737053360070018,0.9851300008513347,0.9888774115233486
imagenet,alibi,noise,0.0282625,0.9868043122432338,0.0019127038796898895,0.984891608363544,0.9887170161229237
imagenet,alibi,noise,0.0285,0.986604918299126,0.0019517341019104127,0.9846531841972156,0.9885566524010364
imagenet,alibi,noise,0.0287375,0.9864055243550185,0.001990794139462713,0.9844147302155558,0.9883963184944812
imagenet,alibi,noise,0.028975,0.9862061304109107,0.002029882271181665,0.984176248139729,0.9882360126820923
imagenet,alibi,noise,0.0292125,0.9860067364668028,0.002068996904776816,0.983937739562026,0.9880757333715796
imagenet,alibi,noise,0.02945,0.9858073425226951,0.0021081365650910504,0.9836992059576041,0.9879154790877861
imagenet,alibi,noise,0.0296875,0.9856079485785872,0.002147299883609974,0.9834606486949773,0.9877552484621972
imagenet,alibi,noise,0.029925,0.9854085546344794,0.002186485589069551,0.9832220690454099,0.9875950402235489
imagenet,alibi,noise,0.0301625,0.9852091606903718,0.002225692499031637,0.9829834681913402,0.9874348531894034
imagenet,alibi,noise,0.0304,0.985009766746264,0.0022649195123143184,0.9827448472339496,0.9872746862585783
imagenet,alibi,noise,0.0306375,0.9848103728021562,0.0023041656021775794,0.9825062071999786,0.9871145384043338
imagenet,alibi,noise,0.030875,0.9846109788580484,0.002343429810178693,0.9822675490478697,0.986954408668227
imagenet,alibi,noise,0.0311125,0.9844115849139407,0.002382711240622658,0.982028873673318,0.9867942961545633
imagenet,alibi,noise,0.03135,0.9842121909698328,0.0024220090555414613,0.9817901819142913,0.9866342000253743
imagenet,alibi,noise,0.0315875,0.9840127970257252,0.0024613224701447492,0.9815514745555804,0.9864741194958699
imagenet,alibi,noise,0.031825,0.9838134030816174,0.0025006507486920624,0.9813127523329253,0.9863140538303095
imagenet,alibi,noise,0.0320625,0.9836140091375095,0.0025399932007405352,0.981074015936769,0.98615400233825
imagenet,alibi,noise,0.0323,0.9834146151934018,0.0025793491777310533,0.9808352660156707,0.9859939643711328
imagenet,alibi,noise,0.0325375,0.983215221249294,0.002618718069876033,0.9805965031794179,0.98583393931917
imagenet,alibi,noise,0.032775,0.9830158273051862,0.0026580993033196144,0.9803577280018666,0.9856739266085058
imagenet,alibi,noise,0.0330125,0.9828164333610784,0.0026974923375425613,0.9801189410235358,0.985513925698621
imagenet,alibi,noise,0.03325,0.9826170394169708,0.002736896662987712,0.979880142753983,0.9853539360799585
imagenet,alibi,noise,0.0334875,0.9824176454728629,0.0027763117988844946,0.9796413336739784,0.9851939572717474
imagenet,alibi,noise,0.033725,0.9822182515287551,0.00281573729125375,0.9794025142375014,0.9850339888200088
imagenet,alibi,noise,0.0339625,0.9820188575846474,0.0028551727110751567,0.9791636848735722,0.9848740302957225
imagenet,alibi,noise,0.0342,0.9818194636405394,0.0028946176526026828,0.9789248459879367,0.9847140812931421
imagenet,alibi,noise,0.0344375,0.9816200696964317,0.002934071731813968,0.9786859979646177,0.9845541414282456
imagenet,alibi,noise,0.034675,0.981420675752324,0.0029735345849812907,0.9784471411673427,0.9843942103373052
imagenet,alibi,noise,0.0349125,0.9812212818082161,0.003013005867354005,0.9782082759408621,0.9842342876755701
imagenet,alibi,noise,0.03515,0.9810218878641083,0.0030524852519413594,0.9779694026121669,0.9840743731160496
imagenet,alibi,noise,0.0353875,0.9808224939200006,0.003091972428387518,0.9777305214916131,0.9839144663483882
imagenet,alibi,noise,0.035625,0.9806230999758929,0.0031314671019311755,0.9774916328739618,0.983754567077824
imagenet,alibi,noise,0.0358625,0.9804237060317851,0.0031709689924415596,0.9772527370393436,0.9835946750242266
imagenet,alibi,noise,0.0361,0.9802243120876772,0.003210477833524767,0.9770138342541524,0.983434789921202
imagenet,alibi,noise,0.0363375,0.9800249181435697,0.0032499933716950632,0.9767749247718747,0.9832749115152648
imagenet,alibi,noise,0.036575,0.9798255241994617,0.003289515365604637,0.976536008833857,0.9831150395650663
imagenet,alibi,noise,0.0368125,0.979626130255354,0.003329043585328383,0.9762970866700257,0.9829551738406824
imagenet,alibi,noise,0.03705,0.9794267363112463,0.003368577811697857,0.9760581584995485,0.9827953141229442
imagenet,alibi,noise,0.0372875,0.9792273423671385,0.0034081178356813622,0.9758192245314571,0.9826354602028199
imagenet,alibi,noise,0.037525,0.9790279484230306,0.0034476634578066378,0.975580284965224,0.9824756118808373
imagenet,alibi,noise,0.0377625,0.9788285544789229,0.003487214487622038,0.9753413399913009,0.9823157689665449
imagenet,alibi,noise,0.038,0.9786291605348153,0.00352677074319359,0.9751023897916217,0.9821559312780089
imagenet,alibi,noise,0.0382375,0.9784297665907072,0.0035663320506356595,0.9748634345400716,0.9819960986413429
imagenet,alibi,noise,0.038475,0.9782303726465996,0.0036058982436718645,0.9746244744029278,0.9818362708902715
imagenet,alibi,noise,0.0387125,0.9780309787024919,0.0036454691632243925,0.9743855095392675,0.9816764478657163
imagenet,alibi,noise,0.03895,0.9778315847583839,0.003685044657029859,0.974146540101354,0.9815166294154138
imagenet,alibi,noise,0.0391875,0.9776321908142762,0.003724624579278793,0.9739075662349974,0.981356815393555
imagenet,alibi,noise,0.039425,0.9774327968701685,0.003764208790278631,0.9736685880798899,0.9811970056604471
imagenet,alibi,noise,0.0396625,0.9772334029260606,0.0038037971561367193,0.9734296057699239,0.9810372000821974
imagenet,alibi,noise,0.0399,0.9770340089819528,0.003843389548463207,0.9731906194334896,0.980877398530416
imagenet,alibi,noise,0.0401375,0.9768346150378452,0.003882985844091934,0.9729516291937532,0.9807176008819372
imagenet,alibi,noise,0.040375,0.9766352210937373,0.003922585924817997,0.9727126351689194,0.9805578070185553
imagenet,alibi,noise,0.0406125,0.9764358271496296,0.003962189677150979,0.9724736374724786,0.9803980168267806
imagenet,alibi,noise,0.04085,0.9762364332055218,0.004001796992082807,0.972234636213439,0.9802382301976046
imagenet,alibi,noise,0.0410875,0.976037039261414,0.004041407764869035,0.971995631496545,0.9800784470262831
imagenet,alibi,noise,0.041325,0.9758376453173062,0.00408102189482291,0.9717566234224833,0.9799186672121292
imagenet,alibi,noise,0.0415625,0.9756382513731984,0.0041206392851211955,0.9715176120880772,0.9797588906583196
imagenet,alibi,noise,0.0418,0.9754388574290905,0.004160259842620849,0.9712785975864697,0.9795991172717113
imagenet,alibi,noise,0.0420375,0.9752394634849829,0.004199883477686374,0.9710395800072965,0.9794393469626693
imagenet,alibi,noise,0.042275,0.9750400695408751,0.0042395101040264655,0.9708005594368486,0.9792795796449015
imagenet,alibi,noise,0.0425125,0.9748406755967673,0.004279139638539599,0.9705615359582277,0.979119815235307
imagenet,alibi,noise,0.04275,0.9746412816526595,0.004318772001168746,0.9703225096514908,0.9789600536538282
imagenet,alibi,noise,0.0429875,0.9744418877085518,0.004358407114763049,0.9700834805937887,0.9788002948233149
imagenet,alibi,noise,0.043225,0.9742424937644439,0.004398044904947508,0.9698444488594964,0.9786405386693915
imagenet,alibi,noise,0.0434625,0.9740430998203363,0.0044376852999995315,0.9696054145203368,0.9784807851203359
imagenet,alibi,noise,0.0437,0.9738437058762285,0.004477328230731895,0.9693663776454966,0.9783210341069604
imagenet,alibi,noise,0.0439375,0.9736443119321209,0.004516973630381879,0.969127338301739,0.9781612855625027
imagenet,alibi,noise,0.044175,0.9734381261871811,0.0045446023441425435,0.9688935238430385,0.9779827285313236
imagenet,alibi,noise,0.0444125,0.9731909979939561,0.004536705862059893,0.9686542921318962,0.977727703856016
imagenet,alibi,noise,0.04465,0.9729011803587168,0.004511764499376483,0.9683894158593402,0.9774129448580933
imagenet,alibi,noise,0.0448875,0.9725520628894908,0.004488703576626434,0.9680633593128644,0.9770407664661173
imagenet,alibi,noise,0.045125,0.9722029454202646,0.0044692969662264844,0.9677336484540382,0.9766722423864911
imagenet,alibi,noise,0.0453625,0.9718405142332913,0.004474311958666543,0.9673662022746248,0.9763148261919579
imagenet,alibi,noise,0.0456,0.9714519238841305,0.0045234734679065304,0.966928450416224,0.975975397352037
imagenet,alibi,noise,0.0458375,0.9710633335349698,0.004575844263686676,0.9664874892712831,0.9756391777986564
imagenet,alibi,noise,0.046075,0.9706747431858087,0.00463131547569868,0.96604342771011,0.9753060586615074
imagenet,alibi,noise,0.0463125,0.9702861528366479,0.004689777089014977,0.9655963757476329,0.9749759299256628
imagenet,alibi,noise,0.04655,0.9698975624874869,0.004751118715957913,0.965146443771529,0.9746486812034448
imagenet,alibi,noise,0.0467875,0.9695089721383261,0.0048152302915720506,0.964693741846754,0.9743242024298981
imagenet,alibi,noise,0.047025,0.9691203817891653,0.004882002690279115,0.9642383790988861,0.9740023844794444
imagenet,alibi,noise,0.0472625,0.9687317914400043,0.004951328263626244,0.9637804631763781,0.9736831197036305
imagenet,alibi,noise,0.0475,0.9683432010908434,0.005023101300964096,0.9633200997898793,0.9733663023918074
imagenet,alibi,noise,0.0477375,0.9679228778090222,0.005112862482376766,0.9628100153266455,0.9730357402913989
imagenet,alibi,noise,0.047975,0.9674821138524344,0.005213814942795452,0.9622682989096389,0.9726959287952299
imagenet,alibi,noise,0.0482125,0.9670413498958469,0.005315552548409063,0.9617257973474378,0.972356902444256
imagenet,alibi,noise,0.04845,0.9666005859392591,0.005418031069977257,0.9611825548692818,0.9720186170092364
imagenet,alibi,noise,0.0486875,0.9661598219826716,0.00552120925148999,0.9606386127311816,0.9716810312341616
imagenet,alibi,noise,0.048925,0.9657190580260838,0.005625048592270003,0.9600940094338138,0.9713441066183538
imagenet,alibi,noise,0.0491625,0.9652782940694963,0.005729513144693708,0.9595487809248026,0.97100780721419
imagenet,alibi,noise,0.0494,0.9648375301129085,0.005834569326711044,0.9590029607861975,0.9706720994396195
imagenet,alibi,noise,0.0496375,0.964396766156321,0.0059401857483024735,0.9584565804080185,0.9703369519046234
imagenet,alibi,noise,0.049875,0.9639560021997333,0.006046333051001585,0.9579096691487318,0.9700023352507349
imagenet,alibi,noise,0.0501125,0.9635152382431457,0.006152983759615502,0.9573622544835302,0.9696682220027611
imagenet,alibi,noise,0.05035,0.9630744742865581,0.006260112145298158,0.9568143621412599,0.9693345864318563
imagenet,alibi,noise,0.0505875,0.9626337103299704,0.0063676940991607535,0.9562660162308096,0.9690014044291311
imagenet,alibi,noise,0.050825,0.9621929463733827,0.006475707015641095,0.9557172393577417,0.9686686533890237
imagenet,alibi,noise,0.0510625,0.961752182416795,0.006584129684895304,0.9551680527318998,0.9683363121016904
imagenet,alibi,noise,0.0513,0.9613114184602073,0.006692942193518122,0.9546184762666892,0.9680043606537254
imagenet,alibi,noise,0.0515375,0.9608706545036196,0.006802125832942996,0.9540685286706766,0.9676727803365627
imagenet,alibi,noise,0.051775,0.9604298905470321,0.0069116630149165985,0.9535182275321155,0.9673415535619487
imagenet,alibi,noise,0.0520125,0.9599891265904446,0.007021537193485518,0.952967589396959,0.9670106637839301
imagenet,alibi,noise,0.05225,0.9595483626338569,0.007131732792974993,0.9524166298408819,0.9666800954268319
imagenet,alibi,noise,0.0524875,0.9591075986772691,0.007242235141477313,0.9518653635357919,0.9663498338187464
imagenet,alibi,noise,0.052725,0.9586668347206815,0.007353030409406887,0.9513138043112745,0.9660198651300884
imagenet,alibi,noise,0.0529625,0.9582260707640939,0.007464105552712651,0.9507619652113813,0.9656901763168065
imagenet,alibi,noise,0.0532,0.9577853068075063,0.007575448260371678,0.9502098585471346,0.965360755067878
imagenet,alibi,noise,0.0534375,0.9573445428509187,0.007687046905818943,0.9496574959450998,0.9650315897567376
imagenet,alibi,noise,0.053675,0.956903778894331,0.007798890501995285,0.9491048883923356,0.9647026693963263
imagenet,alibi,noise,0.0539125,0.9564630149377432,0.00791096865972327,0.9485520462780199,0.9643739835974665
imagenet,alibi,noise,0.05415,0.9560222509811557,0.00802327154914348,0.9479989794320122,0.9640455225302992
imagenet,alibi,noise,0.0543875,0.9555814870245681,0.00813578986396685,0.9474456971606012,0.963717276888535
imagenet,alibi,noise,0.054625,0.9551407230679804,0.008248514788318966,0.9468922082796614,0.9633892378562994
imagenet,alibi,noise,0.0548625,0.9546999591113927,0.00836143796597011,0.9463385211454226,0.9630613970773628
imagenet,alibi,noise,0.0551,0.9542591951548052,0.008474551471763911,0.9457846436830413,0.9627337466265691
imagenet,alibi,noise,0.0553375,0.9538184311982173,0.008587847785070797,0.9452305834131465,0.9624062789832881
imagenet,alibi,noise,0.055575,0.9533776672416298,0.008701319765108864,0.9446763474765209,0.9620789870067387
imagenet,alibi,noise,0.0558125,0.9529369032850422,0.008814960627987095,0.9441219426570551,0.9617518639130294
imagenet,alibi,noise,0.05605,0.9524961393284546,0.008928763925337577,0.943567375403117,0.9614249032537922
imagenet,alibi,noise,0.0562875,0.9520553753718669,0.009042723524415503,0.9430126518474514,0.9610980988962824
imagenet,alibi,noise,0.056525,0.9516146114152791,0.009156833589554025,0.9424577778257252,0.9607714450048331
imagenet,alibi,noise,0.0567625,0.9511738474586916,0.009271088564872607,0.941902758893819,0.9604449360235642
imagenet,alibi,noise,0.057,0.9507330835021038,0.009385483158143665,0.9413476003439601,0.9601185666602475
imagenet,alibi,noise,0.0572375,0.9502923195455164,0.009500012325731182,0.9407923072197852,0.9597923318712476
imagenet,alibi,noise,0.057475,0.9498515555889285,0.009614671258522053,0.9402368843304065,0.9594662268474505
imagenet,alibi,noise,0.0577125,0.949410791632341,0.009729455368776592,0.9396813362635644,0.9591402470011176
imagenet,alibi,noise,0.05795,0.9489700276757533,0.009844360277831168,0.9391256673979221,0.9588143879535845
imagenet,alibi,noise,0.0581875,0.9485292637191658,0.009959381804591352,0.9385698819145745,0.9584886455237571
imagenet,alibi,noise,0.058425,0.9480884997625779,0.010074515954757762,0.9380139838078202,0.9581630157173356
imagenet,alibi,noise,0.0586625,0.9476477358059906,0.01018975891073346,0.9374579768952571,0.9578374947167241
imagenet,alibi,noise,0.0589,0.9472069718494027,0.0103051070221631,0.9369018648272396,0.9575120788715659
imagenet,alibi,noise,0.0591375,0.9467662078928151,0.010420556797060242,0.9363456510957548,0.9571867646898753
imagenet,alibi,noise,0.059375,0.9463254439362275,0.01053610489348132,0.9357893390427462,0.9568615488297089
imagenet,alibi,noise,0.0596125,0.9458846799796398,0.010651748111708381,0.9352329318679313,0.9565364280913482
imagenet,alibi,noise,0.05985,0.9454439160230522,0.010767483386905445,0.9346764326361467,0.9562113994099577
imagenet,alibi,noise,0.0600875,0.9450031520664646,0.010883307782216143,0.9341198442842484,0.9558864598486807
imagenet,alibi,noise,0.060325,0.9445623881098769,0.010999218482272593,0.9335631696276043,0.9555616065921495
imagenet,alibi,noise,0.0605625,0.9441216241532892,0.011115212787088167,0.933006411366201,0.9552368369403773
imagenet,alibi,noise,0.0608,0.9436808601967018,0.011231288106307665,0.9324495720903941,0.9549121483030095
imagenet,alibi,noise,0.0610375,0.943240096240114,0.011347441953792411,0.9318926542863215,0.9545875381939064
imagenet,alibi,noise,0.061275,0.9427993322835263,0.011463671942516773,0.9313356603410096,0.954263004226043
imagenet,alibi,noise,0.0615125,0.9423585683269388,0.01157997577975728,0.9307785925471814,0.9539385441066961
imagenet,alibi,noise,0.06175,0.941917804370351,0.011696351262553814,0.9302214531077971,0.9536141556329049
imagenet,alibi,noise,0.0619875,0.9414770404137635,0.011812796273426641,0.9296642441403368,0.9532898366871901
imagenet,alibi,noise,0.062225,0.9410362764571757,0.011929308776332371,0.9291069676808433,0.952965585233508
imagenet,alibi,noise,0.0624625,0.9405955125005881,0.012045886812843541,0.9285496256877446,0.9526413993134317
imagenet,alibi,noise,0.0627,0.9401547485440004,0.012162528498538258,0.9279922200454621,0.9523172770425387
imagenet,alibi,noise,0.0629375,0.9397139845874127,0.012279232019586236,0.9274347525678265,0.951993216606999
imagenet,alibi,noise,0.063175,0.9392732206308252,0.012395995629519546,0.9268772250013056,0.9516692162603447
imagenet,alibi,noise,0.0634125,0.9388324566742376,0.012512817646176434,0.9263196390280612,0.951345274320414
imagenet,alibi,noise,0.06365,0.9383916927176498,0.012629696448807423,0.9257619962688424,0.9510213891664572
imagenet,alibi,noise,0.0638875,0.9379509287610621,0.01274663047533478,0.9252042982857274,0.9506975592363969
imagenet,alibi,noise,0.064125,0.9375101648044747,0.012863618219754814,0.9246465465847199,0.9503737830242295
imagenet,alibi,noise,0.0643625,0.9370694008478869,0.012980658229675514,0.9240887426182114,0.9500500590775625
imagenet,alibi,noise,0.0646,0.9366286368912994,0.013097749103981053,0.9235308877873183,0.9497263859952805
imagenet,alibi,noise,0.0648375,0.9361878729347116,0.013214889490615877,0.9229729834440957,0.9494027624253275
imagenet,alibi,noise,0.065075,0.9357471089781241,0.013332078084481148,0.922415030893643,0.9490791870626052
imagenet,alibi,noise,0.0653125,0.9353063450215364,0.013449313625437399,0.921857031396099,0.9487556586469739
imagenet,alibi,noise,0.06555,0.9348655810649488,0.013566594896406685,0.9212989861685421,0.9484321759613554
imagenet,alibi,noise,0.0657875,0.934424817108361,0.013683920721569558,0.9207408963867915,0.9481087378299305
imagenet,alibi,noise,0.066025,0.9339840531517734,0.013801289964650108,0.9201827631871232,0.9477853431164235
imagenet,alibi,noise,0.0662625,0.9335432891951858,0.013918701527285592,0.9196245876679002,0.9474619907224714
imagenet,alibi,noise,0.0665,0.9331025252385982,0.0140361543474747,0.9190663708911234,0.9471386795860729
imagenet,alibi,noise,0.0667375,0.9326617612820106,0.0141536473981007,0.91850811388391,0.9468154086801113
imagenet,alibi,noise,0.066975,0.9322209973254227,0.01427117968552541,0.9179498176398974,0.9464921770109481
imagenet,alibi,noise,0.0672125,0.9317802333688352,0.01438875024824959,0.9173914831205856,0.9461689836170848
imagenet,alibi,noise,0.06745,0.9313394694122475,0.014506358155636848,0.9168331112566107,0.9458458275678844
imagenet,alibi,noise,0.0676875,0.93089870545566,0.014624002506697025,0.916274702948963,0.945522707962357
imagenet,alibi,noise,0.067925,0.9304579414990722,0.014741682428926126,0.9157162590701461,0.9451996239279984
imagenet,alibi,noise,0.0681625,0.9300171775424845,0.014859397077199925,0.9151577804652845,0.9448765746196844
imagenet,alibi,noise,0.0684,0.9295764135858969,0.01497714563271803,0.9145992679531789,0.944553559218615
imagenet,alibi,noise,0.0686375,0.9291356496293092,0.015094927301996236,0.9140407223273129,0.9442305769313054
imagenet,alibi,noise,0.068875,0.9286948856727216,0.015212741315904181,0.9134821443568174,0.9439076269886258
imagenet,alibi,noise,0.0691125,0.928254121716134,0.015330586928746198,0.9129235347873877,0.9435847086448802
imagenet,alibi,noise,0.06935,0.9278133577595464,0.015448463417383308,0.9123648943421632,0.9432618211769297
imagenet,alibi,noise,0.0695875,0.9273725938029588,0.015566370080393674,0.9118062237225651,0.9429389638833524
imagenet,alibi,noise,0.069825,0.926931829846371,0.015684306237270476,0.9112475236091006,0.9426161360836415
imagenet,alibi,noise,0.0700625,0.9264910658897835,0.015802271227654142,0.9106887946621294,0.9422933371174376
imagenet,alibi,noise,0.0703,0.9260503019331958,0.01592026441059855,0.9101300375225972,0.9419705663437944
imagenet,alibi,noise,0.0705375,0.9256095379766083,0.0160382851638682,0.9095712528127401,0.9416478231404765
imagenet,alibi,noise,0.070775,0.9251687740200204,0.01615633288326588,0.9090124411367545,0.9413251069032863
imagenet,alibi,noise,0.0710125,0.9247280100634329,0.016274406981988686,0.9084536030814442,0.9410024170454215
imagenet,alibi,noise,0.07125,0.9242872461068452,0.016392506890011208,0.907894739216834,0.9406797529968565
imagenet,alibi,noise,0.0714875,0.9238464821502577,0.01651063205349467,0.907335850096763,0.9403571142037523
imagenet,alibi,noise,0.071725,0.9234057181936698,0.016628781934220804,0.906776936259449,0.9400345001278906
imagenet,alibi,noise,0.0719625,0.9229649542370822,0.016746956009048606,0.9062179982280336,0.9397119102461309
imagenet,alibi,noise,0.0722,0.9225241902804946,0.016865153769394205,0.9056590365111004,0.9393893440498888
imagenet,alibi,noise,0.0724375,0.922083426323907,0.01698337472073121,0.9051000516031759,0.9390668010446382
imagenet,alibi,noise,0.072675,0.9216426623673194,0.01710161838211207,0.9045410439852073,0.9387442807494315
imagenet,alibi,noise,0.0729125,0.9212018984107319,0.017219884285707986,0.9039820141250239,0.9384217826964398
imagenet,alibi,noise,0.07315,0.920761134454144,0.017338171976368017,0.903422962477776,0.938099306430512
imagenet,alibi,noise,0.0733875,0.9203203704975563,0.017456481011195023,0.9028638894863613,0.9377768515087513
imagenet,alibi,noise,0.073625,0.9198796065409689,0.017574810959138976,0.90230479558183,0.9374544175001078
imagenet,alibi,noise,0.0738625,0.919438842584381,0.017693161400605863,0.9017456811837752,0.9371320039849869
imagenet,alibi,noise,0.0741,0.9189980786277935,0.017811531927082142,0.9011865467007113,0.9368096105548757
imagenet,alibi,noise,0.0743375,0.9185573146712057,0.017929922140773647,0.9006273925304321,0.9364872368119793
imagenet,alibi,noise,0.074575,0.9181165507146183,0.0180483316542583,0.9000682190603599,0.9361648823688766
imagenet,alibi,noise,0.0748125,0.9176757867580306,0.01816676009015252,0.8995090266678781,0.9358425468481831
imagenet,alibi,noise,0.07505,0.9172350228014429,0.018285207080790095,0.8989498157206528,0.9355202298822329
imagenet,alibi,noise,0.0752875,0.9167942588448552,0.01840367226791305,0.8983905865769422,0.9351979311127683
imagenet,alibi,noise,0.075525,0.9163534948882678,0.018522155302374707,0.8978313395858931,0.9348756501906424
imagenet,alibi,noise,0.0757625,0.91591273093168,0.018640655843853333,0.8972720750878267,0.9345533867755333
imagenet,alibi,noise,0.076,0.9154719669750923,0.01875917356057666,0.8967127934145156,0.9342311405356689
imagenet,alibi,noise,0.0762375,0.9150312030185047,0.018877708129056703,0.8961534948894481,0.9339089111475614
imagenet,alibi,noise,0.076475,0.9145904390619171,0.018996259233834075,0.895594179828083,0.9335866982957511
imagenet,alibi,noise,0.0767125,0.9141496751053294,0.01911482656723205,0.8950348485380973,0.9332645016725615
imagenet,alibi,noise,0.07695,0.9137089111487416,0.019233409829119072,0.8944755013196226,0.9329423209778607
imagenet,alibi,noise,0.0771875,0.913268147192154,0.019352008726680196,0.8939161384654738,0.9326201559188342
imagenet,alibi,noise,0.077425,0.9128273832355664,0.01947062297419677,0.8933567602613697,0.9322980062097632
imagenet,alibi,noise,0.0776625,0.9123866192789789,0.01958925229283372,0.8927973669861452,0.9319758715718126
imagenet,alibi,noise,0.0779,0.9119458553223913,0.019707896410434668,0.8922379589119566,0.9316537517328259
imagenet,alibi,noise,0.0781375,0.9115050913658035,0.019826555061324067,0.8916785363044795,0.9313316464271275
imagenet,alibi,noise,0.078375,0.9110643274092158,0.01994522798611655,0.8911190994230993,0.9310095553953324
imagenet,alibi,noise,0.0786125,0.9106235634526282,0.020063914931532614,0.8905596485210956,0.9306874783841608
imagenet,alibi,noise,0.07885,0.9101827994960406,0.02018261565022101,0.8900001838458196,0.9303654151462617
imagenet,alibi,noise,0.0790875,0.9097420355394528,0.020301329900587216,0.8894407056388656,0.93004336544004
imagenet,alibi,noise,0.079325,0.9093012715828653,0.020420057446627456,0.8888812141362379,0.9297213290294928
imagenet,alibi,noise,0.0795625,0.9088605076262777,0.02053879805776895,0.8883217095685088,0.9293993056840466
imagenet,alibi,noise,0.0798,0.90841974366969,0.020657551508715247,0.8877621921609747,0.9290772951784053
imagenet,alibi,noise,0.0800375,0.9079789797131025,0.02077631757929665,0.8872026621338058,0.9287552972923991
imagenet,alibi,noise,0.080275,0.9075382157565147,0.02089509605432625,0.8866431197021885,0.928433311810841
imagenet,alibi,noise,0.0805125,0.9070974517999271,0.02101388672345997,0.8860835650764671,0.928111338523387
imagenet,alibi,noise,0.08075,0.9066566878433394,0.021132689381062105,0.8855239984622774,0.9277893772244015
imagenet,alibi,noise,0.0809875,0.9062159238867519,0.02125150382607456,0.8849644200606773,0.9274674277128264
imagenet,alibi,noise,0.081225,0.905775159930164,0.021370329861890896,0.8844048300682731,0.9271454897920549
imagenet,alibi,noise,0.0814625,0.9053343959735766,0.02148916729623449,0.883845228677342,0.9268235632698111
imagenet,alibi,noise,0.0817,0.9048936320169888,0.021608015941039994,0.8832856160759488,0.9265016479580288
imagenet,alibi,noise,0.0819375,0.904452868060401,0.021726875612339727,0.8827259924480613,0.9261797436727408
imagenet,alibi,noise,0.082175,0.9040121041038135,0.021845746130152832,0.8821663579736607,0.9258578502339663
imagenet,alibi,noise,0.0824125,0.903571340147226,0.021964627318378335,0.8816067128288476,0.9255359674656043
imagenet,alibi,noise,0.08265,0.9031305761906382,0.02208351900469163,0.8810470571859466,0.9252140951953298
imagenet,alibi,noise,0.0828875,0.9026898122340506,0.022202421020444143,0.8804873912136065,0.9248922332544948
imagenet,alibi,noise,0.083125,0.9022490482774631,0.022321333200566295,0.8799277150768968,0.9245703814780294
imagenet,alibi,noise,0.0833625,0.9018082843208752,0.02244025538347339,0.8793680289374018,0.9242485397043486
imagenet,alibi,noise,0.0836,0.9013675203642878,0.022559187410974468,0.8788083329533133,0.9239267077752623
imagenet,alibi,noise,0.0838375,0.9009267564077,0.022678129128184076,0.8782486272795159,0.9236048855358842
imagenet,alibi,noise,0.084075,0.9004859924511125,0.022797080383436624,0.8776889120676759,0.9232830728345491
imagenet,alibi,noise,0.0843125,0.9000452284945247,0.02291604102820365,0.8771291874663211,0.9229612695227284
imagenet,alibi,noise,0.08455,0.8996044645379371,0.0230350109170131,0.876569453620924,0.9226394754549502
imagenet,alibi,noise,0.0847875,0.8991637005813494,0.023153989907371775,0.8760097106739777,0.9223176904887211
imagenet,alibi,noise,0.085025,0.8987229366247617,0.023272977859689417,0.8754499587650723,0.9219959144844511
imagenet,alibi,noise,0.0852625,0.8982821726681741,0.02339197463720567,0.8748901980309685,0.9216741473053798
imagenet,alibi,noise,0.0855,0.8978414087115865,0.02351098010591888,0.8743304286056676,0.9213523888175054
imagenet,alibi,noise,0.0857375,0.8974006447549989,0.023629994134517093,0.8737706506204819,0.921030638889516
imagenet,alibi,noise,0.085975,0.8969598807984113,0.023749016594311223,0.8732108642041001,0.9207088973927224
imagenet,alibi,noise,0.0862125,0.8965191168418237,0.02386804735917016,0.8726510694826536,0.9203871642009939
imagenet,alibi,noise,0.08645,0.896078352885236,0.023987086305457456,0.8720912665797785,0.9200654391906934
imagenet,alibi,noise,0.0866875,0.8956375889286482,0.024106133311970698,0.8715314556166776,0.9197437222406188
imagenet,alibi,noise,0.086925,0.8951968249720607,0.02422518825988148,0.8709716367121791,0.9194220132319422
imagenet,alibi,noise,0.0871625,0.8947560610154728,0.024344251032678267,0.8704118099827945,0.919100312048151
imagenet,alibi,noise,0.0874,0.8943152970588852,0.024463321516110047,0.8698519755427752,0.9187786185749953
imagenet,alibi,noise,0.0876375,0.8938745331022977,0.024582399598132142,0.8692921335041656,0.9184569327004298
imagenet,alibi,noise,0.087875,0.89343376914571,0.024701485168853364,0.8687322839768566,0.9181352543145634
imagenet,alibi,noise,0.0881125,0.8929930051891223,0.024820578120484594,0.8681724270686377,0.9178135833096068
imagenet,alibi,noise,0.08835,0.8925522412325347,0.024939678347288923,0.8676125628852458,0.9174919195798237
imagenet,alibi,noise,0.0885875,0.8921114772759471,0.025058785745533396,0.8670526915304136,0.9171702630214805
imagenet,alibi,noise,0.088825,0.8916707133193595,0.025177900213441563,0.866492813105918,0.9168486135328011
imagenet,alibi,noise,0.0890625,0.8912299493627719,0.025297021651148062,0.8659329277116238,0.91652697101392
imagenet,alibi,noise,0.0893,0.8907891854061841,0.025416149960653875,0.8653730354455302,0.916205335366838
imagenet,alibi,noise,0.0895375,0.8903484214495966,0.025535285045783205,0.8648131364038134,0.9158837064953798
imagenet,alibi,noise,0.089775,0.8899076574930088,0.02565442681214122,0.8642532306808676,0.9155620843051501
imagenet,alibi,noise,0.0900125,0.8894668935364213,0.025773575167073386,0.8636933183693479,0.9152404687034946
imagenet,alibi,noise,0.09025,0.8890261295798335,0.025892730019625474,0.8631333995602081,0.914918859599459
imagenet,alibi,noise,0.0904875,0.888585365623246,0.026011891280504868,0.8625734743427411,0.9145972569037508
imagenet,alibi,noise,0.090725,0.8881446016666583,0.026131058862043012,0.8620135428046153,0.9142756605287014
imagenet,alibi,noise,0.0909625,0.8877038377100708,0.02625023267815862,0.8614536050319122,0.9139540703882294
imagenet,alibi,noise,0.0912,0.8872630737534829,0.026369412644322146,0.8608936611091608,0.913632486397805
imagenet,alibi,noise,0.0914375,0.8868223097968952,0.026488598677520955,0.8603337111193743,0.9133109084744162
imagenet,alibi,noise,0.091675,0.8863815458403077,0.026607790696225663,0.859773755144082,0.9129893365365334
imagenet,alibi,noise,0.0919125,0.8859407818837202,0.02672698862035717,0.859213793263363,0.9126677705040773
imagenet,alibi,noise,0.09215,0.8855000179271323,0.026846192371254636,0.8586538255558777,0.9123462102983869
imagenet,alibi,noise,0.0923875,0.8850592539705447,0.02696540187164429,0.8580938520989004,0.9120246558421891
imagenet,alibi,noise,0.092625,0.8846184900139571,0.02708461704560924,0.8575338729683478,0.9117031070595664
imagenet,alibi,noise,0.0928625,0.8841777260573694,0.027203837818559565,0.8569738882388098,0.9113815638759291
imagenet,alibi,noise,0.0931,0.883736962100782,0.027323064117203987,0.856413897983578,0.911060026217986
imagenet,alibi,noise,0.0933375,0.8832961981441941,0.027442295869521308,0.8558539022746728,0.9107384940137154
imagenet,alibi,noise,0.093575,0.8828554341876066,0.02756153300473347,0.8552939011828731,0.9104169671923401
imagenet,alibi,noise,0.0938125,0.8824146702310189,0.027680775453278735,0.8547338947777402,0.9100954456842977
imagenet,alibi,noise,0.09405,0.8819739062744313,0.027800023146785733,0.8541738831276455,0.909773929421217
imagenet,alibi,noise,0.0942875,0.8815331423178437,0.027919276018048292,0.8536138662997954,0.9094524183358921
imagenet,alibi,noise,0.094525,0.8810923783612559,0.02803853400100067,0.8530538443602552,0.9091309123622565
imagenet,alibi,noise,0.0947625,0.8806516144046683,0.02815779703069355,0.8524938173739748,0.9088094114353619
imagenet,alibi,noise,0.095,0.8802108504480807,0.028277065043270645,0.85193378540481,0.9084879154913513
imagenet,alibi,adversarial,0.0,1.0,0.0,1.0,1.0
imagenet,alibi,adversarial,0.0002375,0.999763957001588,3.3665311079440545e-05,0.9997302916905086,0.9997976223126674
imagenet,alibi,adversarial,0.000475,0.999527914003176,6.73306221588482e-05,0.9994605833810172,0.9995952446253348
imagenet,alibi,adversarial,0.0007125,0.9992918710047641,0.00010099593323825191,0.9991908750715259,0.9993928669380023
imagenet,alibi,adversarial,0.00095,0.9990558280063522,0.00013466124431769246,0.9989211667620345,0.9991904892506699
imagenet,alibi,adversarial,0.0011875,0.9988197850079402,0.0001683265553970868,0.9986514584525431,0.9989881115633373
imagenet,alibi,adversarial,0.001425,0.9985837420095282,0.00020199186647654066,0.9983817501430516,0.9987857338760047
imagenet,alibi,adversarial,0.0016625,0.9983476990111163,0.00023565717755594438,0.9981120418335604,0.9985833561886722
imagenet,alibi,adversarial,0.0019,0.9981116560127045,0.0002693224886353849,0.997842333524069,0.9983809785013399
imagenet,alibi,adversarial,0.0021375,0.9978756130142923,0.00030298779971477927,0.9975726252145775,0.9981786008140071
imagenet,alibi,adversarial,0.002375,0.9976395700158806,0.0003366531107942331,0.9973029169050863,0.9979762231266748
imagenet,alibi,adversarial,0.0026125,0.9974035270174685,0.0003703184218736736,0.9970332085955949,0.9977738454393421
imagenet,alibi,adversarial,0.00285,0.9971674840190565,0.0004039837329530312,0.9967635002861035,0.9975714677520096
imagenet,alibi,adversarial,0.0030875,0.9969314410206446,0.000437649044032485,0.996493791976612,0.9973690900646771
imagenet,alibi,adversarial,0.003325,0.9966953980222327,0.00047131435511192556,0.9962240836671208,0.9971667123773447
imagenet,alibi,adversarial,0.0035625,0.9964593550238207,0.0005049796661913199,0.9959543753576293,0.996964334690012
imagenet,alibi,adversarial,0.0038,0.9962233120254087,0.0005386449772707342,0.995684667048138,0.9967619570026794
imagenet,alibi,adversarial,0.0040375,0.9959872690269967,0.0005723102883501774,0.9954149587386466,0.9965595793153469
imagenet,alibi,adversarial,0.004275,0.9957512260285849,0.000605975599429587,0.9951452504291554,0.9963572016280144
imagenet,alibi,adversarial,0.0045125,0.995515183030173,0.0006396409105090124,0.9948755421196639,0.996154823940682
imagenet,alibi,adversarial,0.00475,0.995279140031761,0.0006733062215884529,0.9946058338101725,0.9959524462533494
imagenet,alibi,adversarial,0.0049875,0.9950430970333489,0.0007069715326678699,0.9943361255006811,0.9957500685660168
imagenet,alibi,adversarial,0.005225,0.9948070540349371,0.0007406368437472644,0.9940664171911898,0.9955476908786843
imagenet,alibi,adversarial,0.0054625,0.9945710110365251,0.0007743021548267048,0.9937967088816985,0.9953453131913518
imagenet,alibi,adversarial,0.0057,0.994334968038113,0.0008079674659061586,0.9935270005722069,0.9951429355040192
imagenet,alibi,adversarial,0.0059375,0.9940989250397011,0.000841632776985553,0.9932572922627155,0.9949405578166867
imagenet,alibi,adversarial,0.006175,0.993862882041289,0.0008752980880649566,0.9929875839532241,0.994738180129354
imagenet,alibi,adversarial,0.0064125,0.9936268390428773,0.0009089633991443973,0.9927178756437329,0.9945358024420217
imagenet,alibi,adversarial,0.00665,0.9933907960444652,0.0009426287102238049,0.9924481673342415,0.994333424754689
imagenet,alibi,adversarial,0.0068875,0.9931547530460533,0.0009762940213032455,0.99217845902475,0.9941310470673566
imagenet,alibi,adversarial,0.007125,0.9929187100476414,0.0010099593323826598,0.9919087507152587,0.9939286693800241
imagenet,alibi,adversarial,0.0073625,0.9926826670492294,0.001043624643462072,0.9916390424057673,0.9937262916926914
imagenet,alibi,adversarial,0.0076,0.9924466240508175,0.0010772899545414974,0.991369334096276,0.993523914005359
imagenet,alibi,adversarial,0.0078375,0.9922105810524054,0.0011109552656209378,0.9910996257867846,0.9933215363180263
imagenet,alibi,adversarial,0.008075,0.9919745380539936,0.0011446205767003785,0.9908299174772932,0.993119158630694
imagenet,alibi,adversarial,0.0083125,0.9917384950555815,0.0011782858877797493,0.9905602091678017,0.9929167809433613
imagenet,alibi,adversarial,0.00855,0.9915024520571696,0.00121195119885919,0.9902905008583104,0.9927144032560288
imagenet,alibi,adversarial,0.0087875,0.9912664090587576,0.0012456165099386306,0.990020792548819,0.9925120255686962
imagenet,alibi,adversarial,0.009025,0.9910303660603458,0.0012792818210180248,0.9897510842393278,0.9923096478813638
imagenet,alibi,adversarial,0.0092625,0.9907943230619338,0.0013129471320974522,0.9894813759298364,0.9921072701940312
imagenet,alibi,adversarial,0.0095,0.9905582800635218,0.0013466124431768824,0.9892116676203448,0.9919048925066987
imagenet,alibi,adversarial,0.0097375,0.9903222370651098,0.0013802777542562918,0.9889419593108535,0.9917025148193661
imagenet,alibi,adversarial,0.009975,0.990086194066698,0.0014139430653357305,0.9886722510013622,0.9915001371320337
imagenet,alibi,adversarial,0.0102125,0.9898501510682859,0.001447608376415171,0.9884025426918707,0.9912977594447011
imagenet,alibi,adversarial,0.01045,0.989614108069874,0.0014812736874945437,0.9881328343823795,0.9910953817573686
imagenet,alibi,adversarial,0.0106875,0.989378065071462,0.001514938998573969,0.987863126072888,0.990893004070036
imagenet,alibi,adversarial,0.010925,0.9891420220730501,0.0015486043096534228,0.9875934177633967,0.9906906263827036
imagenet,alibi,adversarial,0.0111625,0.9889059790746382,0.0015822696207328326,0.9873237094539054,0.990488248695371
imagenet,alibi,adversarial,0.0114,0.9886699360762262,0.0016159349318122314,0.987054001144414,0.9902858710080384
imagenet,alibi,adversarial,0.0116375,0.9884338930778144,0.0016496002428916614,0.9867842928349227,0.990083493320706
imagenet,alibi,adversarial,0.011875,0.988197005621181,0.0016838738286210039,0.98651313179256,0.989880879449802
imagenet,alibi,adversarial,0.0121125,0.9878821045311033,0.0017832641758017218,0.9860988403553015,0.989665368706905
imagenet,alibi,adversarial,0.01235,0.9874765155752065,0.0018638837456317503,0.9856126318295748,0.9893403993208383
imagenet,alibi,adversarial,0.0125875,0.9870398547696148,0.0019456028419267684,0.985094251927688,0.9889854576115416
imagenet,alibi,adversarial,0.012825,0.9866031939640229,0.002034178174623318,0.9845690157893995,0.9886373721386462
imagenet,alibi,adversarial,0.0130625,0.986166533158431,0.0021287540722288558,0.984037779086202,0.9882952872306598
imagenet,alibi,adversarial,0.0133,0.9857220680684096,0.0022187886320679177,0.9835032794363416,0.9879408567004775
imagenet,alibi,adversarial,0.0135375,0.9852656049943477,0.00229722931238295,0.9829683756819647,0.9875628343067306
imagenet,alibi,adversarial,0.013775,0.9848091419202857,0.0023782667158218944,0.9824308752044638,0.9871874086361075
imagenet,alibi,adversarial,0.0140125,0.9843526788462239,0.002461644403145656,0.9818910344430782,0.9868143232493696
imagenet,alibi,adversarial,0.01425,0.9838962157721619,0.0025471325645768533,0.9813490832075851,0.9864433483367387
imagenet,alibi,adversarial,0.0144875,0.9834397526981,0.002634525758757041,0.980805226939343,0.986074278456857
imagenet,alibi,adversarial,0.014725,0.982983289624038,0.0027236406120518743,0.9802596490119861,0.9857069302360899
imagenet,alibi,adversarial,0.0149625,0.982526826549976,0.002814313580914411,0.9797125129690616,0.9853411401308905
imagenet,alibi,adversarial,0.0152,0.982070363475914,0.002906398840121141,0.9791639646357929,0.9849767623160351
imagenet,alibi,adversarial,0.0154375,0.9816139004018521,0.002999766331238671,0.9786141340706135,0.9846136667330908
imagenet,alibi,adversarial,0.015675,0.98115743732779,0.0030942999861431936,0.9780631373416468,0.9842517373139332
imagenet,alibi,adversarial,0.0159125,0.9807009742537282,0.003189896127540179,0.977511078126188,0.9838908703812683
imagenet,alibi,adversarial,0.01615,0.9802445111796662,0.003286462040368509,0.9769580491392976,0.9835309732200347
imagenet,alibi,adversarial,0.0163875,0.9797880481056044,0.0033839147032848687,0.9764041334023195,0.9831719628088893
imagenet,alibi,adversarial,0.016625,0.9793315850315425,0.0034821796670288455,0.9758494053645137,0.9828137646985713
imagenet,alibi,adversarial,0.0168625,0.9788751219574805,0.0035811900655882724,0.9752939318918922,0.9824563120230688
imagenet,alibi,adversarial,0.0171,0.9784186588834185,0.003680885746162762,0.9747377731372557,0.9820995446295813
imagenet,alibi,adversarial,0.0173375,0.9779621958093565,0.0037812125045780846,0.9741809833047784,0.9817434083139346
imagenet,alibi,adversarial,0.017575,0.9775057327352945,0.0038821214137747173,0.9736236113215198,0.9813878541490693
imagenet,alibi,adversarial,0.0178125,0.9770492696612326,0.003983568234113251,0.9730657014271193,0.9810328378953459
imagenet,alibi,adversarial,0.01805,0.9765928065871708,0.004085512895392835,0.972507293691778,0.9806783194825637
imagenet,alibi,adversarial,0.0182875,0.9761363435131089,0.004187919041605672,0.9719484244715032,0.9803242625547145
imagenet,alibi,adversarial,0.018525,0.9756798804390469,0.0042907536305062995,0.9713891268085405,0.9799706340695532
imagenet,alibi,adversarial,0.0187625,0.9752234173649849,0.0043939865810445865,0.9708294307839402,0.9796174039460295
imagenet,alibi,adversarial,0.019,0.974766954290923,0.004497590462584782,0.9702693638283382,0.9792645447535078
imagenet,alibi,adversarial,0.0192375,0.9743104912168609,0.004601540220611486,0.9697089509962494,0.9789120314374723
imagenet,alibi,adversarial,0.019475,0.9738540281427991,0.004705812934309388,0.9691482152084897,0.9785598410771085
imagenet,alibi,adversarial,0.0197125,0.9733975650687371,0.004810387602008716,0.9685871774667284,0.9782079526707458
imagenet,alibi,adversarial,0.01995,0.9729411019946751,0.0049152449510113105,0.9680258570436637,0.9778563469456865
imagenet,alibi,adversarial,0.0201875,0.9724846389206133,0.005020367268772525,0.9674642716518408,0.9775050061893858
imagenet,alibi,adversarial,0.020425,0.9720281758465513,0.005125738252809982,0.9669024375937414,0.9771539140993613
imagenet,alibi,adversarial,0.0206625,0.9715717127724893,0.005231342877055024,0.9663403698954343,0.9768030556495444
imagenet,alibi,adversarial,0.0209,0.9711152496984274,0.005337167272659356,0.9657780824257681,0.9764524169710868
imagenet,alibi,adversarial,0.0211375,0.9706587866243653,0.005443198621529014,0.9652155880028364,0.9761019852458943
imagenet,alibi,adversarial,0.021375,0.9702023235503036,0.005549425061078138,0.9646528984892254,0.9757517486113817
imagenet,alibi,adversarial,0.0216125,0.9697458604762416,0.0056558355988894585,0.9640900248773521,0.975401696075131
imagenet,alibi,adversarial,0.02185,0.9692893974021796,0.00576242003613466,0.9635269773660449,0.9750518174383143
imagenet,alibi,adversarial,0.0220875,0.9688329343281176,0.005869168898750834,0.9629637654293667,0.9747021032268685
imagenet,alibi,adversarial,0.022325,0.9683764712540556,0.005976073375496595,0.962400397878559,0.9743525446295521
imagenet,alibi,adversarial,0.0225625,0.9679200081799938,0.006083125262117484,0.9618368829178763,0.9740031334421113
imagenet,alibi,adversarial,0.0228,0.9674635451059318,0.0061903169109458435,0.961273228194986,0.9736538620168776
imagenet,alibi,adversarial,0.0230375,0.9670070820318699,0.00629764118534143,0.9607094408465284,0.9733047232172114
imagenet,alibi,adversarial,0.023275,0.9665506189578079,0.006405091418450871,0.960145527539357,0.9729557103762588
imagenet,alibi,adversarial,0.0235125,0.9660739017033609,0.006543556265870372,0.9595303454374906,0.9726174579692313
imagenet,alibi,adversarial,0.02375,0.9655093766189218,0.006803376813868734,0.958705999805053,0.9723127534327906
imagenet,alibi,adversarial,0.0239875,0.9648775954533728,0.007020621540161703,0.9578569739132111,0.9718982169935345
imagenet,alibi,adversarial,0.024225,0.9639988543289529,0.007127269046159404,0.9568715852827935,0.9711261233751124
imagenet,alibi,adversarial,0.0244625,0.9630359305774269,0.007257606401038063,0.9557783241763889,0.9702935369784649
imagenet,alibi,adversarial,0.0247,0.962073006825901,0.007401251795210996,0.95467175503069,0.969474258621112
imagenet,alibi,adversarial,0.0249375,0.961110083074375,0.007557446423727925,0.953552636650647,0.9686675294981029
imagenet,alibi,adversarial,0.025175,0.9601471593228489,0.007725429153555184,0.9524217301692937,0.9678725884764041
imagenet,alibi,adversarial,0.0254125,0.9591842355713229,0.007904448469903617,0.9512797871014194,0.9670886840412265
imagenet,alibi,adversarial,0.02565,0.9582213118197968,0.008093772079061912,0.9501275397407348,0.9663150838988587
imagenet,alibi,adversarial,0.0258875,0.9572583880682709,0.008292694264828591,0.9489656938034423,0.9655510823330995
imagenet,alibi,adversarial,0.026125,0.956295464316745,0.008500541201577614,0.9477949231151673,0.9647960055183226
imagenet,alibi,adversarial,0.0263625,0.9553135365885796,0.00867893588832197,0.9466346007002577,0.9639924724769016
imagenet,alibi,adversarial,0.0266,0.9542671839033585,0.00873441673309211,0.9455327671702665,0.9630016006364506
imagenet,alibi,adversarial,0.0268375,0.9532208312181375,0.008793050175081306,0.9444277810430562,0.9620138813932188
imagenet,alibi,adversarial,0.027075,0.9521744785329164,0.008854773588078667,0.9433197049448377,0.961029252120995
imagenet,alibi,adversarial,0.0273125,0.9511281258476951,0.008919522824189377,0.9422086030235057,0.9600476486718845
imagenet,alibi,adversarial,0.02755,0.950081773162474,0.008987232484296575,0.9410945406781774,0.9590690056467706
imagenet,alibi,adversarial,0.0277875,0.9490354204772529,0.009057836178846283,0.9399775842984066,0.9580932566560991
imagenet,alibi,adversarial,0.028025,0.9479890677920317,0.009131266777358918,0.9388578010146729,0.9571203345693906
imagenet,alibi,adversarial,0.0282625,0.9469427151068106,0.009207456645363122,0.9377352584614475,0.9561501717521738
imagenet,alibi,adversarial,0.0285,0.9458963624215895,0.009286337867730497,0.936610024553859,0.95518270028932
imagenet,alibi,adversarial,0.0287375,0.9448500097363683,0.009367842457658551,0.9354821672787098,0.9542178521940269
imagenet,alibi,adversarial,0.028975,0.9438036570511471,0.009451902550800837,0.9343517545003462,0.953255559601948
imagenet,alibi,adversarial,0.0292125,0.942757304365926,0.00953845058427322,0.9332188537816527,0.9522957549501992
imagenet,alibi,adversarial,0.02945,0.9417109516807048,0.009627419460471695,0.9320835322202331,0.9513383711411766
imagenet,alibi,adversarial,0.0296875,0.9406645989954838,0.009718742695821188,0.9309458562996626,0.950383341691305
imagenet,alibi,adversarial,0.029925,0.9396182463102627,0.009812354554730804,0.9298058917555319,0.9494306008649935
imagenet,alibi,adversarial,0.0301625,0.9385718936250415,0.009908190169166964,0.9286637034558745,0.9484800837942085
imagenet,alibi,adversarial,0.0304,0.9375255409398203,0.010006185644363572,0.9275193552954567,0.9475317265841839
imagenet,alibi,adversarial,0.0306375,0.936479188254599,0.010106278151278986,0.92637291010332,0.9465854664058779
imagenet,alibi,adversarial,0.030875,0.9354328355693782,0.010208406006474859,0.9252244295629033,0.945641241575853
imagenet,alibi,adversarial,0.0311125,0.9343864828841569,0.010312508740141994,0.9240739741440149,0.9446989916242989
imagenet,alibi,adversarial,0.03135,0.9333401301989358,0.010418527153030792,0.922921603045905,0.9437586573519666
imagenet,alibi,adversarial,0.0315875,0.9322937775137147,0.010526403363059747,0.9217673741506549,0.9428201808767744
imagenet,alibi,adversarial,0.031825,0.9312474248284933,0.010636080842382272,0.920611343986111,0.9418835056708756
imagenet,alibi,adversarial,0.0320625,0.9302010721432724,0.010747504445684484,0.9194535676975879,0.9409485765889569
imagenet,alibi,adversarial,0.0323,0.9291547194580513,0.01086062043047201,0.9182940990275793,0.9400153398885233
imagenet,alibi,adversarial,0.0325375,0.9281083667728299,0.010975376470081797,0.9171329903027481,0.9390837432429118
imagenet,alibi,adversarial,0.032775,0.9270620140876088,0.011091721660126732,0.9159702924274821,0.9381537357477355
imagenet,alibi,adversarial,0.0330125,0.9260156614023877,0.01120960651904805,0.9148060548833397,0.9372252679214357
imagenet,alibi,adversarial,0.03325,0.9249693087171668,0.01132898298341499,0.9136403257337518,0.9362982917005818
imagenet,alibi,adversarial,0.0334875,0.9239229560319456,0.011449804398573293,0.9124731516333724,0.9353727604305189
imagenet,alibi,adversarial,0.033725,0.9228766033467243,0.011572025505205736,0.9113045778415185,0.93444862885193
imagenet,alibi,adversarial,0.0339625,0.9218302506615031,0.011695602422326763,0.9101346482391763,0.93352585308383
imagenet,alibi,adversarial,0.0342,0.920783897976282,0.011820492627196278,0.9089634053490857,0.9326043906034783
imagenet,alibi,adversarial,0.0344375,0.9197375452910608,0.011946654932596267,0.9077908903584645,0.931684200223657
imagenet,alibi,adversarial,0.034675,0.9186911926058398,0.012074049461879535,0.9066171431439602,0.9307652420677193
imagenet,alibi,adversarial,0.0349125,0.9176448399206186,0.012202637622160272,0.9054422022984584,0.9298474775427789
imagenet,alibi,adversarial,0.03515,0.9165984872353975,0.012332382075984763,0.9042661051594127,0.9289308693113822
imagenet,alibi,adversarial,0.0353875,0.9155521345501763,0.01246324671178578,0.9030888878383905,0.928015381261962
imagenet,alibi,adversarial,0.035625,0.9145057818649551,0.012595196613394716,0.9019105852515604,0.9271009784783498
imagenet,alibi,adversarial,0.0358625,0.913459429179734,0.012728198028855482,0.9007312311508785,0.9261876272085895
imagenet,alibi,adversarial,0.0361,0.912413076494513,0.012862218338759182,0.8995508581557538,0.9252752948332722
imagenet,alibi,adversarial,0.0363375,0.9113667238092917,0.012997226024291698,0.8983694977850001,0.9243639498335834
imagenet,alibi,adversarial,0.036575,0.9103203711240706,0.01313319063516554,0.8971871804889051,0.9234535617592361
imagenet,alibi,adversarial,0.0368125,0.9092740184388495,0.013270082757584215,0.8960039356812652,0.9225441011964337
imagenet,alibi,adversarial,0.03705,0.9082276657536283,0.01340787398237058,0.8948197917712578,0.9216355397359989
imagenet,alibi,adversarial,0.0372875,0.9071813130684072,0.01354653687337047,0.8936347761950367,0.9207278499417777
imagenet,alibi,adversarial,0.037525,0.9061349603831861,0.01368604493622989,0.8924489154469561,0.919821005319416
imagenet,alibi,adversarial,0.0377625,0.9050886076979648,0.013826372587626928,0.8912622351103379,0.9189149802855918
imagenet,alibi,adversarial,0.038,0.9040422550127437,0.013967495125029431,0.8900747598877142,0.9180097501377732
imagenet,alibi,adversarial,0.0382375,0.9029959023275226,0.014109388697035043,0.8888865136304875,0.9171052910245576
imagenet,alibi,adversarial,0.038475,0.9019495496423016,0.014252030274342724,0.8876975193679588,0.9162015799166443
imagenet,alibi,adversarial,0.0387125,0.9009031969570804,0.014395397621392844,0.8865077993356876,0.9152985945784733
imagenet,alibi,adversarial,0.03895,0.8998568442718592,0.014539469268707375,0.8853173750031518,0.9143963135405666
imagenet,alibi,adversarial,0.0391875,0.8988104915866381,0.014684224485951913,0.8841262671006862,0.9134947160725899
imagenet,alibi,adversarial,0.039425,0.8977641389014167,0.014829643255737306,0.8829344956456794,0.912593782157154
imagenet,alibi,adversarial,0.0396625,0.8967177862161956,0.014975706248170736,0.8817420799680249,0.9116934924643663
imagenet,alibi,adversarial,0.0399,0.8956714335309747,0.015122394796163282,0.8805490387348114,0.910793828327138
imagenet,alibi,adversarial,0.0401375,0.8946250808457535,0.015269690871494844,0.8793553899742587,0.9098947717172484
imagenet,alibi,adversarial,0.040375,0.8935787281605322,0.015417577061635249,0.8781611510988969,0.9089963052221675
imagenet,alibi,adversarial,0.0406125,0.8925323754753113,0.015566036547315747,0.8769663389279956,0.908098412022627
imagenet,alibi,adversarial,0.04085,0.8914860227900899,0.01571505308084385,0.8757709697092461,0.9072010758709338
imagenet,alibi,adversarial,0.0410875,0.890439670104869,0.015864610965150388,0.8745750591397187,0.9063042810700194
imagenet,alibi,adversarial,0.041325,0.8893933174196477,0.01601469503355783,0.8733786223860899,0.9054080124532055
imagenet,alibi,adversarial,0.0415625,0.8883469647344265,0.016165290630255104,0.8721816741041715,0.9045122553646816
imagenet,alibi,adversarial,0.0418,0.8873006120492054,0.016316383591464968,0.8709842284577405,0.9036169956406703
imagenet,alibi,adversarial,0.0420375,0.8862542593639842,0.016467960227286832,0.8697862991366974,0.902722219591271
imagenet,alibi,adversarial,0.042275,0.8852079066787634,0.016620007304199252,0.8685878993745642,0.9018279139829626
imagenet,alibi,adversarial,0.0425125,0.884161553993542,0.016772512028203516,0.8673890419653385,0.9009340660217455
imagenet,alibi,adversarial,0.04275,0.8831152013083209,0.016925462028591423,0.8661897392797294,0.9000406633369123
imagenet,alibi,adversarial,0.0429875,0.8820688486230998,0.01707884534231767,0.8649900032807821,0.8991476939654174
imagenet,alibi,adversarial,0.043225,0.8810224959378785,0.01723265039896029,0.8637898455389182,0.8982551463368388
imagenet,alibi,adversarial,0.0434625,0.8799761432526575,0.017386866006248076,0.8625892772464094,0.8973630092589056
imagenet,alibi,adversarial,0.0437,0.8789297905674364,0.017541481336139378,0.861388309231297,0.8964712719035758
imagenet,alibi,adversarial,0.0439375,0.8778834378822152,0.017696485911431272,0.860186951970784,0.8955799237936465
imagenet,alibi,adversarial,0.044175,0.876837085196994,0.017851869592883235,0.8589852156041108,0.8946889547898772
imagenet,alibi,adversarial,0.0444125,0.8757907325117729,0.018007622566835167,0.8577831099449377,0.893798355078608
imagenet,alibi,adversarial,0.04465,0.8747443798265516,0.018163735333304534,0.8565806444932471,0.8929081151598561
imagenet,alibi,adversarial,0.0448875,0.8736980271413307,0.01832019869454312,0.8553778284467876,0.8920182258358739
imagenet,alibi,adversarial,0.045125,0.8726516744561095,0.018477003744038316,0.8541746707120712,0.8911286782001477
imagenet,alibi,adversarial,0.0453625,0.8716053217708883,0.01863414185594098,0.8529711799149473,0.8902394636268294
imagenet,alibi,adversarial,0.0456,0.8705589690856672,0.018791604674905215,0.851767364410762,0.8893505737605725
imagenet,alibi,adversarial,0.0458375,0.869512616400446,0.018949384106323016,0.850563232294123,0.8884620005067689
imagenet,alibi,adversarial,0.046075,0.8683550991016414,0.019050948060598514,0.849304151041043,0.8874060471622399
imagenet,alibi,adversarial,0.0463125,0.8671744127073975,0.019144343416104926,0.8480300692912925,0.8863187561235024
imagenet,alibi,adversarial,0.04655,0.8659937263131537,0.019241609139655128,0.8467521171734986,0.8852353354528089
imagenet,alibi,adversarial,0.0467875,0.8648130399189098,0.01934268684428613,0.8454703530746237,0.8841557267631959
imagenet,alibi,adversarial,0.047025,0.8636323535246659,0.01944751709222387,0.844184836432442,0.8830798706168899
imagenet,alibi,adversarial,0.0472625,0.8624516671304221,0.0195560395369799,0.8428956275934422,0.882007706667402
imagenet,alibi,adversarial,0.0475,0.8612709807361784,0.019668193061765028,0.8416027876744133,0.8809391737979434
imagenet,alibi,adversarial,0.0477375,0.8600902943419345,0.019783915913720522,0.840306378428214,0.879874210255655
imagenet,alibi,adversarial,0.047975,0.8589096079476907,0.019903145833531602,0.8390064621141591,0.8788127537812223
imagenet,alibi,adversarial,0.0482125,0.8577289215534467,0.020025820180053805,0.8377031013733929,0.8777547417335005
imagenet,alibi,adversarial,0.04845,0.856548235159203,0.020151876049644475,0.8363963591095585,0.8767001112088475
imagenet,alibi,adversarial,0.0486875,0.855367548764959,0.020281250389953234,0.8350862983750058,0.8756487991549122
imagenet,alibi,adversarial,0.048925,0.8541868623707153,0.020413880107982466,0.8337729822627328,0.8746007424786978
imagenet,alibi,adversarial,0.0491625,0.8530061759764714,0.020549702172283378,0.8324564738041881,0.8735558781487548
imagenet,alibi,adversarial,0.0494,0.8518254895822275,0.020688653709204363,0.8311368358730231,0.8725141432914318
imagenet,alibi,adversarial,0.0496375,0.8506448031879836,0.02083067209315535,0.8298141310948283,0.871475475281139
imagenet,alibi,adversarial,0.049875,0.8494641167937399,0.02097569503089487,0.828488421762845,0.8704398118246348
imagenet,alibi,adversarial,0.0501125,0.848283430399496,0.02112366063988475,0.8271597697596113,0.8694070910393809
imagenet,alibi,adversarial,0.05035,0.8471027440052522,0.02127450752079317,0.825828236484459,0.8683772515260454
imagenet,alibi,adversarial,0.0505875,0.8459220576110084,0.021428174824256803,0.8244938827867515,0.8673502324352652
imagenet,alibi,adversarial,0.050825,0.8447413712167645,0.021584602312039514,0.823156768904725,0.866325973528804
imagenet,alibi,adversarial,0.0510625,0.8435606848225209,0.02174373041274777,0.8218169544097731,0.8653044152352687
imagenet,alibi,adversarial,0.0513,0.8423318364226545,0.021898923242569486,0.820432913180085,0.864230759665224
imagenet,alibi,adversarial,0.0515375,0.840983068727545,0.022061017233871938,0.818922051493673,0.863044085961417
imagenet,alibi,adversarial,0.051775,0.8395293813978055,0.022247033751509156,0.8172823476462964,0.8617764151493147
imagenet,alibi,adversarial,0.0520125,0.838075694068066,0.022439874729587136,0.815635819338479,0.8605155687976531
imagenet,alibi,adversarial,0.05225,0.8366220067383269,0.02263936577754598,0.8139826409607809,0.8592613725158729
imagenet,alibi,adversarial,0.0524875,0.8350967426211914,0.02294113026449021,0.8121556123567012,0.8580378728856816
imagenet,alibi,adversarial,0.052725,0.8335449445625819,0.02328269376867321,0.8102622507939087,0.8568276383312551
imagenet,alibi,adversarial,0.0529625,0.8319931465039727,0.023628056496818768,0.808365090007154,0.8556212030007915
imagenet,alibi,adversarial,0.0532,0.8303663081410438,0.02400553553027148,0.8063607726107723,0.8543718436713154
imagenet,alibi,adversarial,0.0534375,0.8286987111943188,0.02440001554292301,0.8042986956513958,0.8530987267372419
imagenet,alibi,adversarial,0.053675,0.8270311142475938,0.02479554656836347,0.8022355676792303,0.8518266608159573
imagenet,alibi,adversarial,0.0539125,0.8253635173008687,0.025192079102013775,0.8001714381988548,0.8505555964028825
imagenet,alibi,adversarial,0.05415,0.8236959203541437,0.025589566586200586,0.7981063537679431,0.8492854869403443
imagenet,alibi,adversarial,0.0543875,0.8220283234074186,0.02598796520288393,0.7960403582045347,0.8480162886103025
imagenet,alibi,adversarial,0.054625,0.8203607264606935,0.026387233682829594,0.7939734927778639,0.846747960143523
imagenet,alibi,adversarial,0.0548625,0.8186931295139684,0.026787333129810596,0.7919057963841578,0.8454804626437791
imagenet,alibi,adversarial,0.0551,0.8170255325672433,0.02718822685854807,0.7898373057086953,0.8442137594257914
imagenet,alibi,adversarial,0.0553375,0.8153579356205184,0.027589880245219297,0.7877680553752991,0.8429478158657376
imagenet,alibi,adversarial,0.055575,0.8136903386737931,0.02799226058946377,0.7856980780843293,0.841682599263257
imagenet,alibi,adversarial,0.0558125,0.8120227417270681,0.02839533698691724,0.7836274047401509,0.8404180787139853
imagenet,alibi,adversarial,0.05605,0.8103551447803431,0.0287990802113882,0.7815560645689549,0.8391542249917313
imagenet,alibi,adversarial,0.0562875,0.8086875478336181,0.029203462605872484,0.7794840852277456,0.8378910104394905
imagenet,alibi,adversarial,0.056525,0.807019950886893,0.029608457981672213,0.7774114929052208,0.8366284088685653
imagenet,alibi,adversarial,0.0567625,0.8053523539401679,0.030014041524952077,0.7753383124152158,0.83536639546512
imagenet,alibi,adversarial,0.057,0.803684756993443,0.03042018971012314,0.7732645672833198,0.8341049467035662
imagenet,alibi,adversarial,0.0572375,0.8020171600467177,0.0308268802195009,0.7711902798272169,0.8328440402662186
imagenet,alibi,adversarial,0.057475,0.8003495630999927,0.031234091868730027,0.7691154712312627,0.8315836549687228
imagenet,alibi,adversarial,0.0577125,0.7986819661532677,0.03164180453751523,0.7670401616157525,0.8303237706907829
imagenet,alibi,adversarial,0.05795,0.7970143692065426,0.03204999910523567,0.7649643701013069,0.8290643683117782
imagenet,alibi,adversarial,0.0581875,0.7953467722598174,0.032458657391058784,0.7628881148687586,0.8278054296508762
imagenet,alibi,adversarial,0.058425,0.7936791753130925,0.0328677620982004,0.7608114132148921,0.8265469374112929
imagenet,alibi,adversarial,0.0586625,0.7920115783663674,0.03327729676201036,0.758734281604357,0.8252888751283778
imagenet,alibi,adversarial,0.0589,0.7903335527443326,0.03366299724485888,0.7566705554994737,0.8239965499891915
imagenet,alibi,adversarial,0.0591375,0.7885658285937143,0.0338404725490266,0.7547253560446877,0.8224063011427408
imagenet,alibi,adversarial,0.059375,0.7867981044430961,0.034018230882866596,0.7527798735602295,0.8208163353259627
imagenet,alibi,adversarial,0.0596125,0.7850303802924777,0.034196267832662136,0.7508341124598156,0.8192266481251399
imagenet,alibi,adversarial,0.05985,0.7832626561418593,0.03437457906928994,0.7488880770725693,0.8176372352111493
imagenet,alibi,adversarial,0.0600875,0.781494931991241,0.03455316034638679,0.7469417716448542,0.8160480923376278
imagenet,alibi,adversarial,0.060325,0.7797272078406228,0.03473200749855844,0.7449952003420643,0.8144592153391812
imagenet,alibi,adversarial,0.0605625,0.7779594836900044,0.034911116439628194,0.7430483672503763,0.8128706001296326
imagenet,alibi,adversarial,0.0608,0.7761917595393862,0.03509048316092534,0.7411012763784609,0.8112822427003116
imagenet,alibi,adversarial,0.0610375,0.7744240353887678,0.0352701037296128,0.739153931659155,0.8096941391183806
imagenet,alibi,adversarial,0.061275,0.7726563112381495,0.03544997428705211,0.7372063369510974,0.8081062855252016
imagenet,alibi,adversarial,0.0615125,0.7708885870875313,0.03563009104720645,0.7352584960403248,0.8065186781347378
imagenet,alibi,adversarial,0.06175,0.769120862936913,0.03581045029507918,0.7333104126418337,0.8049313132319922
imagenet,alibi,adversarial,0.0619875,0.7673531387862947,0.03599104838518886,0.7313620904011059,0.8033441871714836
imagenet,alibi,adversarial,0.062225,0.7655854146356763,0.0361718817400785,0.7294135328955978,0.8017572963757548
imagenet,alibi,adversarial,0.0624625,0.763817690485058,0.03635294684885942,0.7274647436361986,0.8001706373339174
imagenet,alibi,adversarial,0.0627,0.7620499663344398,0.03653424026578797,0.7255157260686518,0.7985842066002278
imagenet,alibi,adversarial,0.0629375,0.7602822421838215,0.03671575860887532,0.7235664835749461,0.7969980007926968
imagenet,alibi,adversarial,0.063175,0.758514518033203,0.036897498558528724,0.7216170194746743,0.7954120165917318
imagenet,alibi,adversarial,0.0634125,0.7567467938825848,0.037079456856224456,0.7196673370263603,0.7938262507388093
imagenet,alibi,adversarial,0.06365,0.7549790697319665,0.0372616303032106,0.7177174394287559,0.7922407000351771
imagenet,alibi,adversarial,0.0638875,0.7531932294193275,0.03744420622718442,0.7157490231921431,0.790637435646512
imagenet,alibi,adversarial,0.064125,0.7513633277016779,0.0376365394075371,0.7137267882941408,0.788999867109215
imagenet,alibi,adversarial,0.0643625,0.7495189219188397,0.03783909460419637,0.7116798273146434,0.787358016523036
imagenet,alibi,adversarial,0.0646,0.7476745161360018,0.03804239772435944,0.7096321184116423,0.7857169138603612
imagenet,alibi,adversarial,0.0648375,0.7457979329808565,0.03824885204202312,0.7075490809388334,0.7840467850228796
imagenet,alibi,adversarial,0.065075,0.7437981192604189,0.03850904185716038,0.7052890774032585,0.7823071611175794
imagenet,alibi,adversarial,0.0653125,0.7417653648293591,0.0388051547576725,0.7029602100716865,0.7805705195870316
imagenet,alibi,adversarial,0.06555,0.7397326103982992,0.039102109824732854,0.7006305005735664,0.778834720223032
imagenet,alibi,adversarial,0.0657875,0.7376998559672395,0.03939988801623923,0.6982999679510002,0.7770997439834788
imagenet,alibi,adversarial,0.066025,0.7356671015361798,0.03969847080942904,0.6959686307267507,0.7753655723456088
imagenet,alibi,adversarial,0.0662625,0.7335906311998496,0.040016059702697976,0.6935745714971516,0.7736066909025475
imagenet,alibi,adversarial,0.0665,0.7315081778547227,0.04033649901919386,0.6911716788355288,0.7718446768739166
imagenet,alibi,adversarial,0.0667375,0.7294257245095959,0.040657260633277015,0.6887684638763188,0.7700829851428729
imagenet,alibi,adversarial,0.066975,0.727343271164469,0.040978336976508274,0.6863649341879606,0.7683216081409773
imagenet,alibi,adversarial,0.0672125,0.7252608178193422,0.04129972070849352,0.6839610971108486,0.7665605385278357
imagenet,alibi,adversarial,0.06745,0.7231783644742155,0.04162140470863671,0.6815569597655787,0.7647997691828522
imagenet,alibi,adversarial,0.0676875,0.7210959111290883,0.04194338206823507,0.6791525290608532,0.7630392931973234
imagenet,alibi,adversarial,0.067925,0.7190134577839616,0.04226564608290064,0.676747811701061,0.7612791038668623
imagenet,alibi,adversarial,0.0681625,0.7169310044388348,0.04258819024529386,0.674342814193541,0.7595191946841287
imagenet,alibi,adversarial,0.0684,0.7148485510937078,0.04291100823815406,0.6719375428555537,0.7577595593318619
imagenet,alibi,adversarial,0.0686375,0.712766097748581,0.04323409392761421,0.6695320038209668,0.7560001916761953
imagenet,alibi,adversarial,0.068875,0.7106836444034542,0.043557441356786096,0.6671262030466681,0.7542410857602403
imagenet,alibi,adversarial,0.0691125,0.7086011910583273,0.04388104473960497,0.6647201463187223,0.7524822357979323
imagenet,alibi,adversarial,0.06935,0.7065187377132004,0.04420489845492035,0.66231383925828,0.7507236361681208
imagenet,alibi,adversarial,0.0695875,0.7044362843680737,0.04452899704082369,0.65990728732725,0.7489652814088974
imagenet,alibi,adversarial,0.069825,0.7023538310229468,0.044853335189200864,0.6575004958337459,0.7472071662121477
imagenet,alibi,adversarial,0.0700625,0.7002713776778199,0.04517790774050057,0.6550934699373193,0.7454492854183205
imagenet,alibi,adversarial,0.0703,0.6981889243326931,0.04550270967870828,0.6526862146539848,0.7436916340114014
imagenet,alibi,adversarial,0.0705375,0.6961064709875662,0.04582773612651729,0.6502787348610489,0.7419342071140834
imagenet,alibi,adversarial,0.070775,0.6940240176424393,0.046152982340687834,0.6478710353017514,0.7401769999831271
imagenet,alibi,adversarial,0.0710125,0.6919415642973125,0.04647844370758606,0.6454631205897264,0.7384200080048985
imagenet,alibi,adversarial,0.07125,0.6898591109521856,0.046804115738895216,0.6430549952132903,0.7366632266910808
imagenet,alibi,adversarial,0.0714875,0.6877766576070589,0.04712999406749175,0.6406466635395671,0.7349066516745506
imagenet,alibi,adversarial,0.071725,0.685694204261932,0.04745607444347856,0.6382381298184534,0.7331502787054105
imagenet,alibi,adversarial,0.0719625,0.683611750916805,0.04778235273036899,0.635829398186436,0.731394103647174
imagenet,alibi,adversarial,0.0722,0.6815292975716781,0.04810882490141579,0.6334204726702624,0.7296381224730939
imagenet,alibi,adversarial,0.0724375,0.6794468442265512,0.04843548703607734,0.6310113571904739,0.7278823312626286
imagenet,alibi,adversarial,0.072675,0.6773643908814243,0.048762335316617174,0.6286020555648071,0.7261267261980415
imagenet,alibi,adversarial,0.0729125,0.6752819375362975,0.04908936602482921,0.6261925715114683,0.7243713035611267
imagenet,alibi,adversarial,0.07315,0.6731994841911706,0.04941657553888534,0.6237829086522853,0.7226160597300559
imagenet,alibi,adversarial,0.0733875,0.6711170308460438,0.04974396033029858,0.6213730705157452,0.7208609911763424
imagenet,alibi,adversarial,0.073625,0.6689067628537065,0.04977243204183418,0.6191343308118724,0.7186791948955407
imagenet,alibi,adversarial,0.0738625,0.6665651960540004,0.04949426967296165,0.6170709263810388,0.7160594657269621
imagenet,alibi,adversarial,0.0741,0.6642236292542947,0.049216868752897554,0.6150067605013971,0.7134404980071922
imagenet,alibi,adversarial,0.0743375,0.6618820624545887,0.04894024222967525,0.6129418202249134,0.710822304684264
imagenet,alibi,adversarial,0.074575,0.6595404956548828,0.04866440330917333,0.6108760923457095,0.7082048989640561
imagenet,alibi,adversarial,0.0748125,0.657198928855177,0.04838936546035413,0.6088095633948228,0.705588294315531
imagenet,alibi,adversarial,0.07505,0.6548573620554711,0.04811514242058105,0.6067422196348901,0.7029725044760521
imagenet,alibi,adversarial,0.0752875,0.6525157952557653,0.04784174820101297,0.6046740470547524,0.7003575434567783
imagenet,alibi,adversarial,0.075525,0.6501742284560595,0.04756919709207529,0.6026050313639842,0.6977434255481348
imagenet,alibi,adversarial,0.0757625,0.6478326616563534,0.04729750366900484,0.6005351579873486,0.6951301653253583
imagenet,alibi,adversarial,0.076,0.6454798455003973,0.04702548459469417,0.5984543609057031,0.6925053300950914
imagenet,alibi,adversarial,0.0762375,0.6431119295991615,0.04673996031613686,0.5963719692830247,0.6898518899152983
imagenet,alibi,adversarial,0.076475,0.6407497874234045,0.04645137814529185,0.5942984092781126,0.6872011655686964
imagenet,alibi,adversarial,0.0767125,0.6383876452476477,0.04616330860864118,0.5922243366390065,0.6845509538562888
imagenet,alibi,adversarial,0.07695,0.6360255030718908,0.045875761363200075,0.5901497417086907,0.6819012644350908
imagenet,alibi,adversarial,0.0771875,0.6336955611682114,0.04557828043116293,0.5881172807370484,0.6792738415993743
imagenet,alibi,adversarial,0.077425,0.6313692889723318,0.04528019375873123,0.5860890952136005,0.6766494827310631
imagenet,alibi,adversarial,0.0776625,0.6290430167764521,0.04498270817072166,0.5840603086057304,0.6740257249471738
imagenet,alibi,adversarial,0.0779,0.6267583750041533,0.04463752734068081,0.5821208476634725,0.6713959023448342
imagenet,alibi,adversarial,0.0781375,0.6245355746542658,0.044220827166856796,0.580314747487409,0.6687564018211226
imagenet,alibi,adversarial,0.078375,0.6223102452604987,0.043805125155392186,0.5785051201051066,0.6661153704158909
imagenet,alibi,adversarial,0.0786125,0.6200760866863114,0.04339274075711433,0.5766833459291971,0.6634688274434257
imagenet,alibi,adversarial,0.07885,0.617841928112124,0.042980506282758936,0.5748614218293651,0.660822434394883
imagenet,alibi,adversarial,0.0790875,0.6156077695379366,0.04256842608793549,0.5730393434500011,0.6581761956258722
imagenet,alibi,adversarial,0.079325,0.6133736109637494,0.04215650469689543,0.571217106266854,0.6555301156606449
imagenet,alibi,adversarial,0.0795625,0.6111394523895622,0.04174474681068624,0.569394705578876,0.6528841992002485
imagenet,alibi,adversarial,0.0798,0.6089052938153747,0.04133315731577767,0.567572136499597,0.6502384511311524
imagenet,alibi,adversarial,0.0800375,0.6066711352411874,0.040921741293192065,0.5657493939479954,0.6475928765343795
imagenet,alibi,adversarial,0.080275,0.604436976667,0.04051050402817339,0.5639264726388267,0.6449474806951734
imagenet,alibi,adversarial,0.0805125,0.6022028180928127,0.04009945102043113,0.5621033670723816,0.6423022691132438
imagenet,alibi,adversarial,0.08075,0.5999686595186252,0.039688587994999955,0.5602800715236252,0.6396572475136252
imagenet,alibi,adversarial,0.0809875,0.597734500944438,0.03927792091375697,0.5584565800306811,0.637012421858195
imagenet,alibi,adversarial,0.081225,0.5955003423702507,0.038867455987643865,0.5566328863826069,0.6343677983578946
imagenet,alibi,adversarial,0.0814625,0.5932661837960634,0.038457199689643444,0.55480898410642,0.6317233834857069
imagenet,alibi,adversarial,0.0817,0.591032025221876,0.03804715876856484,0.5529848664533112,0.6290791839904408
imagenet,alibi,adversarial,0.0819375,0.5887978666476887,0.037637340263696174,0.5511605263839926,0.6264352069113849
imagenet,alibi,adversarial,0.082175,0.5865637080735014,0.03722775152038737,0.5493359565531141,0.6237914595938888
imagenet,alibi,adversarial,0.0824125,0.5843295494993141,0.036818400206632455,0.5475111492926817,0.6211479497059466
imagenet,alibi,adversarial,0.08265,0.5820953909251266,0.03640929433072548,0.5456860965944011,0.6185046852558521
imagenet,alibi,adversarial,0.0828875,0.5798612323509394,0.03600044226007004,0.5438607900908694,0.6158616746110095
imagenet,alibi,adversarial,0.083125,0.5777202976273579,0.035808153171951754,0.5419121444554061,0.6135284507993096
imagenet,alibi,adversarial,0.0833625,0.5756139447583973,0.035696883493235444,0.5399170612651619,0.6113108282516327
imagenet,alibi,adversarial,0.0836,0.5735075918894368,0.03558648347778847,0.5379211084116483,0.6090940753672253
imagenet,alibi,adversarial,0.0838375,0.5714012390204762,0.03547696124447269,0.5359242777760036,0.6068782002649489
imagenet,alibi,adversarial,0.084075,0.5692948861515156,0.03536832494775998,0.5339265612037556,0.6046632110992756
imagenet,alibi,adversarial,0.0843125,0.567188533282555,0.03526058277624584,0.5319279505063091,0.6024491160588009
imagenet,alibi,adversarial,0.08455,0.5650821804135944,0.035153742951103274,0.5299284374624911,0.6002359233646977
imagenet,alibi,adversarial,0.0847875,0.5629758275446338,0.035047813724476795,0.527928013820157,0.5980236412691107
imagenet,alibi,adversarial,0.085025,0.5608694746756733,0.034942803377814746,0.5259266712978585,0.595812278053488
imagenet,alibi,adversarial,0.0852625,0.5587631218067126,0.03483872022014068,0.5239244015865719,0.5936018420268533
imagenet,alibi,adversarial,0.0855,0.5566567689377521,0.03473557258626199,0.52192119635149,0.5913923415240141
imagenet,alibi,adversarial,0.0857375,0.5545504160687916,0.034633368834915995,0.5199170472338757,0.5891837849037076
imagenet,alibi,adversarial,0.085975,0.552444063199831,0.034532117346852687,0.5179119458529783,0.5869761805466837
imagenet,alibi,adversarial,0.0862125,0.5503377103308704,0.03443182652285374,0.5159058838080167,0.5847695368537241
imagenet,alibi,adversarial,0.08645,0.5482313574619098,0.03433250478168763,0.5138988526802222,0.5825638622435974
imagenet,alibi,adversarial,0.0866875,0.5461250045929492,0.034234160558000166,0.511890844034949,0.5803591651509494
imagenet,alibi,adversarial,0.086925,0.5440186517239886,0.03413680230014057,0.509881849423848,0.5781554540241292
imagenet,alibi,adversarial,0.0871625,0.5419122988550281,0.03404043846792298,0.5078718603871052,0.575952737322951
imagenet,alibi,adversarial,0.0874,0.5398059459860673,0.03394507753032296,0.5058608684557444,0.5737510235163903
imagenet,alibi,adversarial,0.0876375,0.5376995931171069,0.033850727963109416,0.5038488651539975,0.5715503210802163
imagenet,alibi,adversarial,0.087875,0.5355932402481464,0.03375739824641203,0.5018358420017344,0.5693506384945584
imagenet,alibi,adversarial,0.0881125,0.5334868873791857,0.0336650968622237,0.499821790516962,0.5671519842414094
imagenet,alibi,adversarial,0.08835,0.5313805345102252,0.0335738322918395,0.49780670221838563,0.5649543668020647
imagenet,alibi,adversarial,0.0885875,0.5292741816412646,0.033483613013231474,0.4957905686280331,0.562757794654496
imagenet,alibi,adversarial,0.088825,0.527167828772304,0.03339444749836031,0.49377338127394366,0.5605622762706642
imagenet,alibi,adversarial,0.0890625,0.5250614759033433,0.033306344210424194,0.49175513169291907,0.5583678201137675
imagenet,alibi,adversarial,0.0893,0.5229551230343826,0.033219311601046055,0.48973581143333655,0.5561744346354287
imagenet,alibi,adversarial,0.0895375,0.5208487701654222,0.033133358107399064,0.48771541205802316,0.5539821282728212
imagenet,alibi,adversarial,0.089775,0.5187424172964616,0.03304849214927241,0.48569392514718923,0.5517909094457341
imagenet,alibi,adversarial,0.0900125,0.5166360644275011,0.03296472212607762,0.4836713423014235,0.5496007865535787
imagenet,alibi,adversarial,0.09025,0.5145297115585404,0.032882056413796906,0.4816476551447435,0.5474117679723374
imagenet,alibi,adversarial,0.0904875,0.5124233586895799,0.03280050336187468,0.4796228553277052,0.5452238620514546
imagenet,alibi,adversarial,0.090725,0.5103170058206192,0.032720071290053714,0.4775969345305655,0.543037077110673
imagenet,alibi,adversarial,0.0909625,0.5082106529516587,0.03264076848515769,0.475569884466501,0.5408514214368164
imagenet,alibi,adversarial,0.0912,0.506104300082698,0.0325626031978211,0.4735416968848769,0.5386669032805191
imagenet,alibi,adversarial,0.0914375,0.5039979472137375,0.03248558363916913,0.4715123635745683,0.5364835308529066
imagenet,alibi,adversarial,0.091675,0.5018915943447769,0.032409717977448925,0.469481876367328,0.5343013123222259
imagenet,alibi,adversarial,0.0919125,0.4997852414758164,0.03233501433461438,0.467450227141202,0.5321202558104308
imagenet,alibi,adversarial,0.09215,0.4976788886068558,0.03226148078286667,0.4654174078239891,0.5299403693897224
imagenet,alibi,adversarial,0.0923875,0.4955725357378952,0.03218912534115294,0.4633834103967423,0.5277616610790482
imagenet,alibi,adversarial,0.092625,0.4934661828689346,0.03211795597162516,0.4613482268973095,0.5255841388405598
imagenet,alibi,adversarial,0.0928625,0.49135982999997396,0.03204798057606234,0.4593118494239116,0.5234078105760362
imagenet,alibi,adversarial,0.0931,0.48925347713101347,0.03197920699225833,0.45727427013875516,0.5212326841232718
imagenet,alibi,adversarial,0.0933375,0.4871471242620528,0.03191164299037822,0.45523548127167457,0.519058767252431
imagenet,alibi,adversarial,0.093575,0.4850407713930922,0.03184529626928643,0.45319547512380576,0.5168860676623787
imagenet,alibi,adversarial,0.0938125,0.4829344185241317,0.031780174452849044,0.4511542440712827,0.5147145929769807
imagenet,alibi,adversarial,0.09405,0.4808280656551711,0.03171628508621445,0.4491117805689567,0.5125443507413856
imagenet,alibi,adversarial,0.0942875,0.4787217127862105,0.03165363563207483,0.44706807715413566,0.5103753484182854
imagenet,alibi,adversarial,0.094525,0.47661535991725,0.03159223346691248,0.44502312645033754,0.5082075933841625
imagenet,alibi,adversarial,0.0947625,0.47450900704828936,0.03153208587723418,0.4429769211710552,0.5060410929255236
imagenet,alibi,adversarial,0.095,0.4724026541793287,0.031473200055797526,0.4409294541235312,0.5038758542351263
cifar,learned,noise,0.0,1.0,0.0,1.0,1.0
cifar,learned,noise,0.0002375,0.9999994409008734,7.085357686714892e-06,0.9999923555431868,1.0000065262585602
cifar,learned,noise,0.000475,0.9999988818017466,1.4170715373343862e-05,0.9999847110863732,1.0000130525171198
cifar,learned,noise,0.0007125,0.99999832270262,2.12560730599879e-05,0.99997706662956,1.00001957877568
cifar,learned,noise,0.00095,0.9999977636034932,2.8341430746649624e-05,0.9999694221727465,1.0000261050342398
cifar,learned,noise,0.0011875,0.9999972045043665,3.542678843333176e-05,0.9999617777159331,1.0000326312927998
cifar,learned,noise,0.001425,0.9999966454052399,4.2512146120046654e-05,0.9999541332591199,1.0000391575513599
cifar,learned,noise,0.0016625,0.9999960863061131,4.959750380668814e-05,0.9999464888023064,1.0000456838099199
cifar,learned,noise,0.0019,0.9999955272069866,5.6682861493352415e-05,0.9999388443454932,1.0000522100684799
cifar,learned,noise,0.0021375,0.9999949681078598,6.376821918003456e-05,0.9999311998886797,1.00005873632704
cifar,learned,noise,0.002375,0.9999944090087332,7.085357686669629e-05,0.9999235554318665,1.0000652625856
cifar,learned,noise,0.0026125,0.9999938499096065,7.793893455340871e-05,0.9999159109750531,1.00007178884416
cifar,learned,noise,0.00285,0.9999932908104797,8.502429223999923e-05,0.9999082665182397,1.0000783151027197
cifar,learned,noise,0.0030875,0.9999927317113532,9.210964992668172e-05,0.9999006220614265,1.00008484136128
cifar,learned,noise,0.003325,0.9999921726122264,9.919500761339662e-05,0.999892977604613,1.0000913676198397
cifar,learned,noise,0.0035625,0.9999916135130996,0.00010628036530002559,0.9998853331477996,1.0000978938783995
cifar,learned,noise,0.0038,0.999991054413973,0.00011336572298674047,0.9998776886909863,1.0001044201369598
cifar,learned,noise,0.0040375,0.9999904953148463,0.00012045108067333134,0.9998700442341729,1.0001109463955196
cifar,learned,noise,0.004275,0.9999899362157197,0.0001275364383600135,0.9998623997773597,1.0001174726540798
cifar,learned,noise,0.0045125,0.999989377116593,0.0001346217960467284,0.9998547553205462,1.0001239989126396
cifar,learned,noise,0.00475,0.9999888180174663,0.00014170715373339012,0.9998471108637329,1.0001305251711996
cifar,learned,noise,0.0049875,0.9999882589183396,0.000148792511420052,0.9998394664069196,1.0001370514297596
cifar,learned,noise,0.005225,0.9999876998192129,0.0001558778691067163,0.9998318219501061,1.0001435776883196
cifar,learned,noise,0.0054625,0.9999871407200862,0.00016296322679337801,0.9998241774932928,1.0001501039468796
cifar,learned,noise,0.0057,0.9999865816209595,0.00017004858448009291,0.9998165330364794,1.0001566302054397
cifar,learned,noise,0.0059375,0.9999860225218328,0.00017713394216672186,0.9998088885796661,1.0001631564639994
cifar,learned,noise,0.006175,0.9999854634227061,0.00018421929985341652,0.9998012441228527,1.0001696827225595
cifar,learned,noise,0.0064125,0.9999849043235794,0.0001913046575400808,0.9997935996660394,1.0001762089811195
cifar,learned,noise,0.00665,0.9999843452244529,0.0001983900152267098,0.9997859552092262,1.0001827352396797
cifar,learned,noise,0.0068875,0.999983786125326,0.00020547537291342466,0.9997783107524126,1.0001892614982395
cifar,learned,noise,0.007125,0.9999832270261994,0.00021256073060006616,0.9997706662955993,1.0001957877567995
cifar,learned,noise,0.0073625,0.9999826679270725,0.0002196460882867276,0.9997630218387857,1.000202314015359
cifar,learned,noise,0.0076,0.9999821088279459,0.0002267314459734101,0.9997553773819725,1.0002088402739193
cifar,learned,noise,0.0078375,0.9999815497288194,0.0002338168036600718,0.9997477329251593,1.0002153665324793
cifar,learned,noise,0.008075,0.9999809906296925,0.00024090216134675394,0.9997400884683457,1.0002218927910391
cifar,learned,noise,0.0083125,0.9999804315305659,0.00024798751903339544,0.9997324440115325,1.0002284190495994
cifar,learned,noise,0.00855,0.9999798724314393,0.00025507287672009215,0.9997247995547192,1.0002349453081594
cifar,learned,noise,0.0087875,0.9999793133323126,0.00026215823440674187,0.9997171550979058,1.0002414715667194
cifar,learned,noise,0.009025,0.999978754233186,0.00026924359209340356,0.9997095106410927,1.0002479978252794
cifar,learned,noise,0.0092625,0.9999781951340591,0.00027632894978009827,0.9997018661842789,1.0002545240838392
cifar,learned,noise,0.0095,0.9999776360349325,0.00028341430746681314,0.9996942217274657,1.0002610503423994
cifar,learned,noise,0.0097375,0.999977076935806,0.0002904996651533915,0.9996865772706526,1.0002675766009594
cifar,learned,noise,0.009975,0.9999765178366792,0.0002975850228401064,0.9996789328138391,1.0002741028595192
cifar,learned,noise,0.0102125,0.9999759587375525,0.00030467038052676813,0.9996712883570258,1.0002806291180792
cifar,learned,noise,0.01045,0.9999753996384256,0.00031175573821343004,0.9996636439002122,1.000287155376639
cifar,learned,noise,0.0106875,0.9999748405392991,0.0003188410959001449,0.9996559994433989,1.0002936816351993
cifar,learned,noise,0.010925,0.9999742814401724,0.00032592645358675603,0.9996483549865857,1.0003002078937593
cifar,learned,noise,0.0111625,0.9999737223410455,0.00033301181127343816,0.9996407105297721,1.000306734152319
cifar,learned,noise,0.0114,0.9999731632419189,0.0003400971689600999,0.9996330660729588,1.0003132604108789
cifar,learned,noise,0.0116375,0.9999726041427923,0.0003471825266467945,0.9996254216161455,1.000319786669439
cifar,learned,noise,0.011875,0.9999720450436657,0.0003542678843334767,0.9996177771593322,1.0003263129279991
cifar,learned,noise,0.0121125,0.9999714859445389,0.0003613532420200853,0.9996101327025187,1.000332839186559
cifar,learned,noise,0.01235,0.9999709268454122,0.00036843859970680024,0.9996024882457054,1.000339365445119
cifar,learned,noise,0.0125875,0.9999703677462856,0.0003755239573934621,0.9995948437888921,1.000345891703679
cifar,learned,noise,0.012825,0.999969808647159,0.00038260931508012384,0.9995871993320788,1.0003524179622392
cifar,learned,noise,0.0130625,0.9999692495480321,0.0003896946727668205,0.9995795548752653,1.000358944220799
cifar,learned,noise,0.0133,0.9999686904489055,0.0003967800304534498,0.9995719104184521,1.000365470479359
cifar,learned,noise,0.0135375,0.9999681313497787,0.00040386538814013196,0.9995642659616386,1.0003719967379188
cifar,learned,noise,0.013775,0.9999675722506521,0.00041095074582682666,0.9995566215048253,1.000378522996479
cifar,learned,noise,0.0140125,0.9999670131515255,0.00041803610351348836,0.9995489770480119,1.000385049255039
cifar,learned,noise,0.01425,0.9999664540523988,0.00042512146120015227,0.9995413325911987,1.000391575513599
cifar,learned,noise,0.0144875,0.999965894953272,0.00043220681888678155,0.9995336881343853,1.0003981017721588
cifar,learned,noise,0.014725,0.9999644547174755,0.000438029694373833,0.9995264250231017,1.0004024844118493
cifar,learned,noise,0.0149625,0.9999617376558817,0.0004420522366968954,0.9995196854191848,1.0004037898925786
cifar,learned,noise,0.0152,0.9999590205942882,0.00044611518908436326,0.9995129054052039,1.0004051357833725
cifar,learned,noise,0.0154375,0.9999563048342909,0.0004502182109182729,0.9995060866233726,1.000406523045209
cifar,learned,noise,0.015675,0.9999538248394856,0.0004546032785727786,0.9994992215609128,1.0004084281180583
cifar,learned,noise,0.0159125,0.9999513194444808,0.00045903617235230714,0.9994922832721285,1.0004103556168331
cifar,learned,noise,0.01615,0.9999488140494761,0.00046351265930770984,0.9994853013901684,1.0004123267087839
cifar,learned,noise,0.0163875,0.9999463086544714,0.000468031488599902,0.9994782771658716,1.0004143401430714
cifar,learned,noise,0.016625,0.9999438032594666,0.00047259144562221146,0.9994712118138445,1.0004163947050888
cifar,learned,noise,0.0168625,0.9999412978644618,0.0004771913513482139,0.9994641065131137,1.0004184892158101
cifar,learned,noise,0.0171,0.9999389991728632,0.0004816255412701333,0.999457373631593,1.0004206247141334
cifar,learned,noise,0.0173375,0.9999367892890666,0.00048601030675937126,0.9994507789823073,1.000422799595826
cifar,learned,noise,0.017575,0.9999345794052701,0.0004904326113505194,0.9994441467939196,1.0004250120166207
cifar,learned,noise,0.0178125,0.999932369521474,0.0004948914487066352,0.9994374780727674,1.0004272609701808
cifar,learned,noise,0.01805,0.9999306946292498,0.0004984116430143807,0.9994322829862354,1.0004291062722641
cifar,learned,noise,0.0182875,0.9999301519659237,0.0004999049587522226,0.9994302470071715,1.000430056924676
cifar,learned,noise,0.018525,0.9999296093025976,0.0005014328168242342,0.9994281764857733,1.0004310421194218
cifar,learned,noise,0.0187625,0.9999293746308454,0.0005033183840473871,0.999426056246798,1.0004326930148928
cifar,learned,noise,0.019,0.999930221009732,0.000506400011714281,0.9994238209980176,1.0004366210214461
cifar,learned,noise,0.0192375,0.9999310673886187,0.0005095581766187713,0.9994215092119999,1.0004406255652374
cifar,learned,noise,0.019475,0.9999319137675057,0.0005127914646368267,0.9994191223028689,1.0004447052321426
cifar,learned,noise,0.0197125,0.9999327601463923,0.0005160984638616557,0.9994166616825306,1.000448858610254
cifar,learned,noise,0.01995,0.999933606525279,0.000519477766556863,0.9994141287587222,1.0004530842918358
cifar,learned,noise,0.0201875,0.9999344529041657,0.000522927970990341,0.9994115249331754,1.000457380875156
cifar,learned,noise,0.020425,0.9999352992830527,0.0005264476831478841,0.9994088515999048,1.0004617469662005
cifar,learned,noise,0.0206625,0.9999361456619392,0.0005300355183288676,0.9994061101436104,1.0004661811802682
cifar,learned,noise,0.0209,0.9999369920408259,0.0005336901026242149,0.9994033019382017,1.0004706821434501
cifar,learned,noise,0.0211375,0.9999378384197125,0.0005374100742808716,0.9994004283454316,1.0004752484939934
cifar,learned,noise,0.021375,0.9999386847985994,0.0005411940849535147,0.9993974907136458,1.000479878883553
cifar,learned,noise,0.0216125,0.999939531177486,0.0005450408008483094,0.9993944903766377,1.0004845719783344
cifar,learned,noise,0.02185,0.9999403775563729,0.0005489489037612543,0.9993914286526117,1.0004893264601342
cifar,learned,noise,0.0220875,0.9999412239352595,0.0005529170920152489,0.9993883068432443,1.0004941410272747
cifar,learned,noise,0.022325,0.9999420703141461,0.0005569440812999582,0.9993851262328461,1.000499014395446
cifar,learned,noise,0.0225625,0.999942916693033,0.000561028605418754,0.9993818880876143,1.0005039452984519
cifar,learned,noise,0.0228,0.9999437630719198,0.0005651694169466416,0.9993785936549732,1.0005089324888665
cifar,learned,noise,0.0230375,0.9999446094508064,0.0005693652878038986,0.9993752441630025,1.0005139747386103
cifar,learned,noise,0.023275,0.9999454558296931,0.000573615009750331,0.9993718408199428,1.0005190708394434
cifar,learned,noise,0.0235125,0.99994630220858,0.0005779173948034077,0.9993683848137767,1.0005242196033834
cifar,learned,noise,0.02375,0.9999471485874666,0.0005822712755858148,0.9993648773118807,1.0005294198630523
cifar,learned,noise,0.0239875,0.9999479949663534,0.0005866755056067841,0.9993613194607467,1.0005346704719602
cifar,learned,noise,0.024225,0.9999488413452401,0.0005911289594802711,0.9993577123857598,1.0005399703047204
cifar,learned,noise,0.0244625,0.999949687724127,0.0005956305330856995,0.9993540571910413,1.0005453182572126
cifar,learned,noise,0.0247,0.9999505341030135,0.0006001791436749522,0.9993503549593385,1.0005507132466884
cifar,learned,noise,0.0249375,0.9999513804819004,0.0006047737299282902,0.9993466067519721,1.0005561542118286
cifar,learned,noise,0.025175,0.9999522268607871,0.0006094132519653376,0.9993428136088218,1.0005616401127524
cifar,learned,noise,0.0254125,0.9999530732396739,0.000614096691312637,0.9993389765483612,1.0005671699309866
cifar,learned,noise,0.02565,0.9999539196185605,0.0006188230508327451,0.9993350965677278,1.0005727426693933
cifar,learned,noise,0.0258875,0.9999547659974471,0.0006235913546171498,0.99933117464283,1.0005783573520644
cifar,learned,noise,0.026125,0.9999556123763341,0.0006284006478475444,0.9993272117284866,1.0005840130241817
cifar,learned,noise,0.0263625,0.9999564587552207,0.0006332499966267554,0.9993232087585939,1.0005897087518474
cifar,learned,noise,0.0266,0.9999573051341075,0.0006381384877837196,0.9993191666463238,1.0005954436218913
cifar,learned,noise,0.0268375,0.999958151512994,0.0006430652286546364,0.9993150862843394,1.0006012167416487
cifar,learned,noise,0.027075,0.9999589978918809,0.000648029346842396,0.9993109685450385,1.0006070272387233
cifar,learned,noise,0.0273125,0.9999598442707677,0.0006530299899574853,0.9993068142808101,1.0006128742607252
cifar,learned,noise,0.02755,0.9999606906496544,0.0006580663253422011,0.9993026243243123,1.0006187569749967
cifar,learned,noise,0.0277875,0.999961537028541,0.0006631375397800297,0.999298399488761,1.000624674568321
cifar,learned,noise,0.028025,0.9999623834074279,0.0006682428391925919,0.9992941405682353,1.0006306262466205
cifar,learned,noise,0.0282625,0.9999632297863147,0.0006733814483258854,0.9992898483379888,1.0006366112346405
cifar,learned,noise,0.0285,0.9999640761652012,0.0006785526104270607,0.9992855235547742,1.0006426287756283
cifar,learned,noise,0.0287375,0.999964922544088,0.0006837555869138139,0.9992811669571742,1.0006486781310018
cifar,learned,noise,0.028975,0.9999657689229746,0.0006889896570376699,0.9992767792659369,1.0006547585800123
cifar,learned,noise,0.0292125,0.9999666153018616,0.0006942541175423946,0.9992723611843192,1.000660869419404
cifar,learned,noise,0.02945,0.9999674616807481,0.0006995482823185465,0.9992679133984296,1.0006670099630666
cifar,learned,noise,0.0296875,0.9999688309857641,0.0007050517503405901,0.9992637792354234,1.0006738827361046
cifar,learned,noise,0.029925,0.9999702259612983,0.0007105814785429738,0.9992596444827553,1.0006808074398412
cifar,learned,noise,0.0301625,0.9999716209368326,0.0007161279537514727,0.9992554929830811,1.000687748890584
cifar,learned,noise,0.0304,0.9999730159123669,0.0007216907898442489,0.9992513251225226,1.0006947067022112
cifar,learned,noise,0.0306375,0.9999744108879013,0.0007272696113917183,0.9992471412765096,1.000701680499293
cifar,learned,noise,0.030875,0.9999758058634356,0.000732864053332879,0.9992429418101028,1.0007086699167684
cifar,learned,noise,0.0311125,0.9999772008389698,0.000738473760662618,0.9992387270783072,1.0007156745996324
cifar,learned,noise,0.03135,0.9999758998825569,0.0007423400947165441,0.9992335597878403,1.0007182399772734
cifar,learned,noise,0.0315875,0.9999742105003712,0.0007459968300506537,0.9992282136703206,1.0007202073304218
cifar,learned,noise,0.031825,0.9999725211181855,0.0007497206303736022,0.9992228004878119,1.000722241748559
cifar,learned,noise,0.0320625,0.9999708317359998,0.000753510501393417,0.9992173212346064,1.0007243422373933
cifar,learned,noise,0.0323,0.9999691423538137,0.0007573654512536889,0.99921177690256,1.0007265078050673
cifar,learned,noise,0.0325375,0.999967452971628,0.0007612844913273851,0.9992061684803006,1.0007287374629554
cifar,learned,noise,0.032775,0.9999657635894422,0.0007652666369695207,0.9992004969524727,1.0007310302264119
cifar,learned,noise,0.0330125,0.9999640742072563,0.0007693109082301278,0.9991947632990261,1.0007333851154865
cifar,learned,noise,0.03325,0.9999623848250705,0.0007734163305267376,0.9991889684945437,1.0007358011555971
cifar,learned,noise,0.0334875,0.9999606954428848,0.0007775819352770558,0.9991831135076077,1.000738277378162
cifar,learned,noise,0.033725,0.999959006060699,0.0007818067604933788,0.9991771993002057,1.0007408128211923
cifar,learned,noise,0.0339625,0.9999573166785133,0.000786089851338545,0.9991712268271747,1.000743406529852
cifar,learned,noise,0.0342,0.9999559925663101,0.0007900177638682322,0.9991659748024418,1.0007460103301784
cifar,learned,noise,0.0344375,0.9999550116740236,0.0007936187154363757,0.9991613929585872,1.00074863038946
cifar,learned,noise,0.034675,0.9999540307817371,0.0007972808068041779,0.9991567499749329,1.0007513115885411
cifar,learned,noise,0.0349125,0.9999530498894506,0.0008010031994002404,0.9991520466900503,1.0007540530888508
cifar,learned,noise,0.03515,0.999952068997164,0.000804785056486719,0.9991472839406773,1.0007568540536507
cifar,learned,noise,0.0353875,0.9999510881048775,0.0008086255437364875,0.999142462561141,1.000759713648614
cifar,learned,noise,0.035625,0.999950107212591,0.0008125238297832396,0.9991375833828078,1.0007626310423743
cifar,learned,noise,0.0358625,0.9999491263203047,0.0008164790867449415,0.9991326472335598,1.0007656054070497
cifar,learned,noise,0.0361,0.9999481454280182,0.0008204904907200833,0.9991276549372982,1.0007686359187384
cifar,learned,noise,0.0363375,0.9999468978114544,0.000824883897296997,0.9991220139141574,1.0007717817087514
cifar,learned,noise,0.036575,0.9999453744362188,0.0008296657232892851,0.9991157087129295,1.0007750401595081
cifar,learned,noise,0.0368125,0.999943851060983,0.0008344960806278447,0.9991093549803552,1.000778347141611
cifar,learned,noise,0.03705,0.9999423276857473,0.0008393741314609747,0.9991029535542864,1.0007817018172083
cifar,learned,noise,0.0372875,0.9999408043105117,0.0008442990491224748,0.9990965052613893,1.0007851033596342
cifar,learned,noise,0.037525,0.9999392809352758,0.0008492700182705449,0.9990900109170053,1.0007885509535464
cifar,learned,noise,0.0377625,0.9999366140177811,0.0008519216793970119,0.9990846923383842,1.0007885356971782
cifar,learned,noise,0.038,0.999933612560771,0.0008539085814640362,0.9990797039793069,1.000787521142235
cifar,learned,noise,0.0382375,0.9999306111037604,0.0008559200193097585,0.9990746910844506,1.0007865311230701
cifar,learned,noise,0.038475,0.9999276096467501,0.0008579558203653034,0.9990696538263848,1.0007855654671154
cifar,learned,noise,0.0387125,0.9999246081897396,0.0008600158116153072,0.9990645923781243,1.000784624001355
cifar,learned,noise,0.03895,0.9999216067327293,0.0008620998196520403,0.9990595069130773,1.0007837065523815
cifar,learned,noise,0.0391875,0.9999186052757191,0.0008642076707284769,0.9990543976049906,1.0007828129464476
cifar,learned,noise,0.039425,0.9999156038187086,0.0008663391908102505,0.9990492646278983,1.0007819430095188
cifar,learned,noise,0.0396625,0.9999126023616984,0.0008684942056270935,0.9990441081560714,1.0007810965673256
cifar,learned,noise,0.0399,0.9999096009046881,0.0008706725407224094,0.9990389283639657,1.0007802734454105
cifar,learned,noise,0.0401375,0.9999065994476778,0.0008728740215026941,0.9990337254261751,1.0007794734691804
cifar,learned,noise,0.040375,0.9999035979906674,0.0008750984732854928,0.9990284995173819,1.000778696463953
cifar,learned,noise,0.0406125,0.999900596533657,0.0008773457213465697,0.9990232508123105,1.0007779422550036
cifar,learned,noise,0.04085,0.9998975950766468,0.0008796155909655774,0.9990179794856812,1.0007772106676123
cifar,learned,noise,0.0410875,0.9998945936196364,0.0008819079074713586,0.9990126857121651,1.0007765015271077
cifar,learned,noise,0.041325,0.999891592162626,0.0008842224962853912,0.9990073696663406,1.0007758146589114
cifar,learned,noise,0.0415625,0.9998885907056158,0.0008865591829653283,0.9990020315226504,1.000775149888581
cifar,learned,noise,0.0418,0.9998855892486053,0.0008889177932459226,0.9989966714553593,1.0007745070418512
cifar,learned,noise,0.0420375,0.999882587791595,0.000891298153080347,0.9989912896385147,1.0007738859446753
cifar,learned,noise,0.042275,0.9998795863345847,0.0008937000886794163,0.9989858862459053,1.0007732864232641
cifar,learned,noise,0.0425125,0.9998765848775744,0.0008961234265507116,0.9989804614510236,1.0007727083041251
cifar,learned,noise,0.04275,0.999873583420564,0.0008985679935355721,0.9989750154270284,1.0007721514140995
cifar,learned,noise,0.0429875,0.9998705819635537,0.0009010336168457676,0.9989695483467079,1.0007716155803994
cifar,learned,noise,0.043225,0.9998675805065433,0.0009035201240990341,0.9989640603824443,1.0007711006306423
cifar,learned,noise,0.0434625,0.999864579049533,0.0009060273433532149,0.9989585517061798,1.0007706063928863
cifar,learned,noise,0.0437,0.9998615775925227,0.0009085551031399459,0.9989530224893828,1.0007701326956626
cifar,learned,noise,0.0439375,0.9998585761355122,0.0009111032324965841,0.9989474729030157,1.0007696793680088
cifar,learned,noise,0.044175,0.999855574678502,0.0009136715609976786,0.9989419031175043,1.0007692462394997
cifar,learned,noise,0.0444125,0.9998525732214917,0.0009162599187851107,0.9989363133027066,1.0007688331402769
cifar,learned,noise,0.04465,0.9998495717644813,0.0009188681365977056,0.9989307036278836,1.000768439901079
cifar,learned,noise,0.0448875,0.9998465703074709,0.0009214960457989312,0.998925074261672,1.0007680663532699
cifar,learned,noise,0.045125,0.9998435688504607,0.0009241434784045888,0.998919425372056,1.0007677123288652
cifar,learned,noise,0.0453625,0.9998405673934503,0.0009268102671088094,0.9989137571263415,1.000767377660559
cifar,learned,noise,0.0456,0.9998375659364399,0.0009294962453099114,0.99890806969113,1.0007670621817497
cifar,learned,noise,0.0458375,0.9998345644794294,0.0009322012471340118,0.9989023632322954,1.0007667657265635
cifar,learned,noise,0.046075,0.9998315630224193,0.0009349251074590324,0.9988966379149602,1.0007664881298783
cifar,learned,noise,0.0463125,0.9998285615654088,0.0009376676619369822,0.9988908939034717,1.0007662292273458
cifar,learned,noise,0.04655,0.9998255601083986,0.0009404287470157784,0.9988851313613828,1.0007659888554143
cifar,learned,noise,0.0467875,0.9998225586513882,0.0009432081999596377,0.9988793504514286,1.0007657668513479
cifar,learned,noise,0.047025,0.9998195571943778,0.0009460058588691149,0.9988735513355086,1.0007655630532468
cifar,learned,noise,0.0472625,0.9998165557373677,0.0009488215626999152,0.9988677341746678,1.0007653773000675
cifar,learned,noise,0.0475,0.9998135542803572,0.000951655151281147,0.9988618991290761,1.0007652094316384
cifar,learned,noise,0.0477375,0.9998105528233467,0.0009545064653326503,0.9988560463580141,1.0007650592886794
cifar,learned,noise,0.047975,0.9998075513663367,0.0009573753464811092,0.9988501760198556,1.0007649267128178
cifar,learned,noise,0.0482125,0.9998045499093262,0.0009602616372759825,0.9988442882720502,1.0007648115466021
cifar,learned,noise,0.04845,0.9998015484523158,0.0009631651812041348,0.9988383832711117,1.00076471363352
cifar,learned,noise,0.0486875,0.9997985469953057,0.0009660858227043522,0.9988324611726014,1.00076463281801
cifar,learned,noise,0.048925,0.9997955455382951,0.0009690234071800058,0.9988265221311151,1.0007645689454752
cifar,learned,noise,0.0491625,0.9997925440812848,0.000971977781012172,0.9988205663002726,1.000764521862297
cifar,learned,noise,0.0494,0.9997895426242743,0.0009749487915710507,0.9988145938327033,1.0007644914158453
cifar,learned,noise,0.0496375,0.9997865411672642,0.0009779362872276557,0.9988086048800365,1.000764477454492
cifar,learned,noise,0.049875,0.9997835397102538,0.0009809401173637075,0.9988025995928901,1.0007644798276174
cifar,learned,noise,0.0501125,0.9997805382532435,0.0009839601323816472,0.9987965781208619,1.0007644983856252
cifar,learned,noise,0.05035,0.9997775367962332,0.000986996183713727,0.9987905406125195,1.0007645329799468
cifar,learned,noise,0.0505875,0.9997745353392228,0.000990048123830721,0.998784487215392,1.0007645834630534
cifar,learned,noise,0.050825,0.9997715338822125,0.0009931158062492056,0.9987784180759633,1.0007646496884617
cifar,learned,noise,0.0510625,0.9997685324252021,0.00099619908553937,0.9987723333396628,1.0007647315107415
cifar,learned,noise,0.0513,0.9997655309681918,0.000999297817331263,0.9987662331508605,1.000764828785523
cifar,learned,noise,0.0515375,0.9997625295111815,0.0010024118583209988,0.9987601176528605,1.0007649413695026
cifar,learned,noise,0.051775,0.999759528054171,0.0010055410662764296,0.9987539869878945,1.0007650691204475
cifar,learned,noise,0.0520125,0.9997565265971607,0.0010086853000417036,0.998747841297119,1.0007652118972024
cifar,learned,noise,0.05225,0.9997535251401505,0.0010118444195419867,0.9987416807206085,1.0007653695596925
cifar,learned,noise,0.0524875,0.9997505236831401,0.0010150182857871027,0.998735505397353,1.0007655419689272
cifar,learned,noise,0.052725,0.9997475222261297,0.0010182067608754367,0.9987293154652543,1.000765728987005
cifar,learned,noise,0.0529625,0.9997445207691195,0.0010214097079961713,0.9987231110611233,1.0007659304771157
cifar,learned,noise,0.0532,0.9997415193121091,0.0010246269914321296,0.998716892320677,1.000766146303541
cifar,learned,noise,0.0534375,0.9997385178550987,0.0010278584765616616,0.9987106593785371,1.0007663763316603
cifar,learned,noise,0.053675,0.9997355163980884,0.0010311040298603923,0.998704412368228,1.0007666204279488
cifar,learned,noise,0.0539125,0.9997325149410781,0.001034363518901909,0.9986981514221761,1.00076687845998
cifar,learned,noise,0.05415,0.9997295134840677,0.0010376368123587668,0.9986918766717089,1.0007671502964264
cifar,learned,noise,0.0543875,0.9997265120270574,0.001040923780002686,0.9986855882470548,1.0007674358070602
cifar,learned,noise,0.054625,0.999723510570047,0.0010442242927044228,0.9986792862773426,1.0007677348627515
cifar,learned,noise,0.0548625,0.9997205091130367,0.0010475382224335633,0.9986729708906031,1.0007680473354703
cifar,learned,noise,0.0551,0.9997175076560264,0.0010508654422573165,0.9986666422137691,1.0007683730982837
cifar,learned,noise,0.0553375,0.999714506199016,0.0010542058263394943,0.9986603003726765,1.0007687120253554
cifar,learned,noise,0.055575,0.9997115047420057,0.001057559249938987,0.9986539454920667,1.0007690639919447
cifar,learned,noise,0.0558125,0.9997085032849954,0.001060925589408251,0.9986475776955871,1.0007694288744036
cifar,learned,noise,0.05605,0.999705501827985,0.0010643047221905056,0.9986411971057945,1.0007698065501756
cifar,learned,noise,0.0562875,0.9997025003709746,0.0010676965268178698,0.9986348038441568,1.0007701968977925
cifar,learned,noise,0.056525,0.9996994989139641,0.0010711008829082489,0.9986283980310559,1.0007705997968723
cifar,learned,noise,0.0567625,0.999696497456954,0.0010745176711627084,0.9986219797857913,1.0007710151281166
cifar,learned,noise,0.057,0.9996934959999436,0.001077946773361839,0.9986155492265818,1.0007714427733054
cifar,learned,noise,0.0572375,0.9996904945429333,0.0010813880723623515,0.998609106470571,1.0007718826152956
cifar,learned,noise,0.057475,0.999687493085923,0.0010848414520932808,0.9986026516338297,1.0007723345380162
cifar,learned,noise,0.0577125,0.9996844916289125,0.0010883067975522636,0.9985961848313603,1.0007727984264647
cifar,learned,noise,0.05795,0.9996814901719024,0.001091783994800786,0.9985897061771016,1.0007732741667033
cifar,learned,noise,0.0581875,0.999678488714892,0.001095272930960122,0.9985832157839318,1.000773761645852
cifar,learned,noise,0.058425,0.9996754872578815,0.0010987734942065526,0.998576713763675,1.000774260752088
cifar,learned,noise,0.0586625,0.9996724858008713,0.001102285573766512,0.9985702002271049,1.0007747713746378
cifar,learned,noise,0.0589,0.9996694843438608,0.0011058090599117545,0.9985636752839491,1.0007752934037726
cifar,learned,noise,0.0591375,0.9996664828868506,0.001109343843953783,0.9985571390428968,1.0007758267308045
cifar,learned,noise,0.059375,0.9996634814298403,0.0011128898182387885,0.9985505916116015,1.000776371248079
cifar,learned,noise,0.0596125,0.9996604799728299,0.001116446876141824,0.998544033096688,1.0007769268489717
cifar,learned,noise,0.05985,0.9996574785158195,0.0011200149120616446,0.998537463603758,1.0007774934278812
cifar,learned,noise,0.0600875,0.9996544770588093,0.0011235938214142081,0.998530883237395,1.0007780708802234
cifar,learned,noise,0.060325,0.9996514756017989,0.0011271835006270976,0.9985242921011718,1.000778659102426
cifar,learned,noise,0.0605625,0.9996485979793661,0.0011308231817257811,0.9985177747976404,1.0007794211610919
cifar,learned,noise,0.0608,0.9996465657174155,0.0011347450634015483,0.998511820654014,1.000781310780817
cifar,learned,noise,0.0610375,0.9996445334554648,0.0011386828896580846,0.9985058505658067,1.000783216345123
cifar,learned,noise,0.061275,0.999642501193514,0.0011426364956477054,0.9984998646978663,1.0007851376891617
cifar,learned,noise,0.0615125,0.9996404689315636,0.0011466057181402517,0.9984938632134233,1.0007870746497038
cifar,learned,noise,0.06175,0.9996384366696129,0.0011505903955179309,0.998487846274095,1.000789027065131
cifar,learned,noise,0.0619875,0.9996364044076621,0.0011545903677687298,0.9984818140398933,1.0007909947754308
cifar,learned,noise,0.062225,0.9996343721457116,0.0011586054764805328,0.9984757666692311,1.0007929776221922
cifar,learned,noise,0.0624625,0.9996323398837609,0.0011626355648341217,0.9984697043189268,1.000794975448595
cifar,learned,noise,0.0627,0.9996303076218102,0.0011666804775959363,0.9984636271442142,1.000796988099406
cifar,learned,noise,0.0629375,0.9996282753598597,0.0011707400611109696,0.9984575352987487,1.0007990154209707
cifar,learned,noise,0.063175,0.9996262430979089,0.0011748141632942763,0.9984514289346147,1.0008010572612032
cifar,learned,noise,0.0634125,0.9996242108359582,0.0011789026336231838,0.998445308202335,1.0008031134695814
cifar,learned,noise,0.06365,0.9996221785740076,0.001183005323128513,0.998439173250879,1.0008051838971361
cifar,learned,noise,0.0638875,0.9996199640634501,0.0011872302612386673,0.9984327338022114,1.0008071943246888
cifar,learned,noise,0.064125,0.9996177235178938,0.0011914852270298723,0.998426238290864,1.0008092087449236
cifar,learned,noise,0.0643625,0.9996155925729334,0.0011956880592216479,0.9984199045137118,1.000811280632155
cifar,learned,noise,0.0646,0.9996141225825365,0.00119949966414593,0.9984146229183906,1.0008136222466824
cifar,learned,noise,0.0648375,0.9996126525921394,0.0012033186080069142,0.9984093339841325,1.0008159712001463
cifar,learned,noise,0.065075,0.9996111826017423,0.001207144821151793,0.9984040377805905,1.0008183274228941
cifar,learned,noise,0.0653125,0.9996097126113453,0.0012109782346763705,0.9983987343766689,1.0008206908460218
cifar,learned,noise,0.06555,0.9996082426209484,0.0012148187804171806,0.9983934238405312,1.0008230614013656
cifar,learned,noise,0.0657875,0.9996067726305512,0.0012186663909443652,0.9983881062396068,1.0008254390214955
cifar,learned,noise,0.066025,0.9996053026401542,0.00122252099955329,0.9983827816406009,1.0008278236397075
cifar,learned,noise,0.0662625,0.9996038326497572,0.0012263825402575362,0.9983774501094996,1.0008302151900148
cifar,learned,noise,0.0665,0.9996023626593601,0.0012302509477812665,0.9983721117115788,1.0008326136071413
cifar,learned,noise,0.0667375,0.9996008926689631,0.0012341261575515967,0.9983667665114115,1.0008350188265147
cifar,learned,noise,0.066975,0.9995994226785662,0.0012380081056915472,0.9983614145728746,1.0008374307842578
cifar,learned,noise,0.0672125,0.999597952688169,0.0012418967290122216,0.9983560559591568,1.0008398494171813
cifar,learned,noise,0.06745,0.9995964826977722,0.0012457919650057912,0.9983506907327665,1.000842274662778
cifar,learned,noise,0.0676875,0.999595012707375,0.0012496937518379548,0.9983453189555371,1.000844706459213
cifar,learned,noise,0.067925,0.999593542716978,0.0012536020283412217,0.9983399406886367,1.000847144745319
cifar,learned,noise,0.0681625,0.999592072726581,0.0012575167340071792,0.9983345559925738,1.0008495894605882
cifar,learned,noise,0.0684,0.9995906027361839,0.0012614378089796136,0.9983291649272044,1.0008520405451635
cifar,learned,noise,0.0686375,0.999589132745787,0.0012653651940474008,0.9983237675517396,1.0008544979398344
cifar,learned,noise,0.068875,0.9995876627553898,0.001269298830637861,0.9983183639247519,1.0008569615860277
cifar,learned,noise,0.0691125,0.9995861927649928,0.0012732386608090818,0.9983129541041837,1.000859431425802
cifar,learned,noise,0.06935,0.9995847227745959,0.0012771846272436856,0.9983075381473522,1.0008619074018394
cifar,learned,noise,0.0695875,0.9995832527841988,0.0012811366732415903,0.9983021161109572,1.0008643894574405
cifar,learned,noise,0.069825,0.9995812324315,0.001285311807143796,0.9982959206243562,1.0008665442386437
cifar,learned,noise,0.0700625,0.9995789380151009,0.0012896004692793226,0.9982893375458216,1.0008685384843803
cifar,learned,noise,0.0703,0.999576643598702,0.001293894409044419,0.9982827491896576,1.0008705380077465
cifar,learned,noise,0.0705375,0.999574349182303,0.0012981935740698932,0.9982761556082331,1.000872542756373
cifar,learned,noise,0.070775,0.999572054765904,0.0013024979126143783,0.9982695568532897,1.0008745526785183
cifar,learned,noise,0.0710125,0.9995697603495052,0.0013068073735567484,0.9982629529759485,1.000876567723062
cifar,learned,noise,0.07125,0.9995674659331063,0.0013111219063873232,0.998256344026719,1.0008785878394937
cifar,learned,noise,0.0714875,0.9995651715167072,0.0013154414611999503,0.9982497300555072,1.000880612977907
cifar,learned,noise,0.071725,0.9995628771003081,0.0013197659886842617,0.9982431111116239,1.0008826430889923
cifar,learned,noise,0.0719625,0.9995605826839095,0.0013240954401177712,0.9982364872437917,1.0008846781240273
cifar,learned,noise,0.0722,0.9995582882675104,0.0013284297673578286,0.9982298585001526,1.0008867180348682
cifar,learned,noise,0.0724375,0.9995559938511115,0.0013327689228343025,0.9982232249282772,1.0008887627739458
cifar,learned,noise,0.072675,0.9995536994347125,0.0013371128595418263,0.9982165865751707,1.0008908122942544
cifar,learned,noise,0.0729125,0.9995514050183135,0.001341461531032621,0.9982099434872809,1.0008928665493462
cifar,learned,noise,0.07315,0.9995491106019148,0.0013458148914087154,0.998203295710506,1.0008949254933235
cifar,learned,noise,0.0733875,0.9995468161855158,0.0013501728953150133,0.9981966432902007,1.0008969890808308
cifar,learned,noise,0.073625,0.9995445217691167,0.0013545354979320181,0.9981899862711847,1.0008990572670486
cifar,learned,noise,0.0738625,0.9995422273527178,0.001358902654968895,0.998183324697749,1.0009011300076867
cifar,learned,noise,0.0741,0.9995399329363188,0.0013632743226562785,0.9981766586136626,1.0009032072589752
cifar,learned,noise,0.0743375,0.9995376385199201,0.0013676504577395745,0.9981699880621805,1.0009052889776597
cifar,learned,noise,0.074575,0.9995353440664932,0.001372031053060553,0.9981633130134326,1.0009073751195539
cifar,learned,noise,0.0748125,0.9995320280541818,0.0013773983312774971,0.9981546297229044,1.0009094263854594
cifar,learned,noise,0.07505,0.9995287120418704,0.0013827708336746401,0.9981459412081958,1.000911482875545
cifar,learned,noise,0.0752875,0.999525396029559,0.0013881484995949388,0.9981372475299641,1.000913544529154
cifar,learned,noise,0.075525,0.9995220800172473,0.0013935312692600294,0.9981285487479873,1.0009156112865074
cifar,learned,noise,0.0757625,0.999518764004936,0.0013989190837551512,0.9981198449211809,1.0009176830886912
cifar,learned,noise,0.076,0.9995154479926245,0.0014043118850151353,0.9981111361076094,1.0009197598776396
cifar,learned,noise,0.0762375,0.9995121319803131,0.0014097096158097334,0.9981024223645033,1.0009218415961227
cifar,learned,noise,0.076475,0.9995088159680016,0.0014151122197300714,0.9980937037482714,1.0009239281877316
cifar,learned,noise,0.0767125,0.9995054999556902,0.0014205196411748709,0.9980849803145153,1.000926019596865
cifar,learned,noise,0.07695,0.9995023167576922,0.001426220587502432,0.9980760961701898,1.0009285373451946
cifar,learned,noise,0.0771875,0.9994992386935828,0.001432154126722521,0.9980670845668603,1.0009313928203054
cifar,learned,noise,0.077425,0.9994961606294734,0.0014380914334879826,0.9980580691959855,1.0009342520629614
cifar,learned,noise,0.0776625,0.999493082565364,0.0014440324613267277,0.9980490501040372,1.0009371150266906
cifar,learned,noise,0.0779,0.9994900045012546,0.0014499771644994003,0.9980400273367552,1.000939981665754
cifar,learned,noise,0.0781375,0.999486926437145,0.0014559254979856367,0.9980310009391593,1.0009428519351307
cifar,learned,noise,0.078375,0.9994838483730355,0.001461877417470549,0.998021970955565,1.0009457257905061
cifar,learned,noise,0.0786125,0.9994807703089261,0.0014678328793314896,0.9980129374295946,1.0009486031882575
cifar,learned,noise,0.07885,0.9994776922448168,0.0014737918406252945,0.9980039004041914,1.000951484085442
cifar,learned,noise,0.0790875,0.9994746141807073,0.0014797542590751765,0.9979948599216321,1.0009543684397824
cifar,learned,noise,0.079325,0.9994715361165977,0.0014857200930589864,0.9979858160235386,1.0009572562096567
cifar,learned,noise,0.0795625,0.9994684580524883,0.001491689301596658,0.9979767687508916,1.000960147354085
cifar,learned,noise,0.0798,0.9994653799883788,0.0014976618443384158,0.9979677181440404,1.0009630418327171
cifar,learned,noise,0.0800375,0.9994623019242693,0.0015036376815533235,0.997958664242716,1.0009659396058226
cifar,learned,noise,0.080275,0.99945922386016,0.0015096167741177008,0.9979496070860423,1.0009688406342776
cifar,learned,noise,0.0805125,0.9994561457960506,0.00151559908350417,0.9979405467125464,1.0009717448795548
cifar,learned,noise,0.08075,0.9994530677319412,0.0015215845717706118,0.9979314831601706,1.0009746523037117
cifar,learned,noise,0.0809875,0.9994499896678315,0.0015275732015496816,0.9979224164662818,1.000977562869381
cifar,learned,noise,0.081225,0.9994469116037221,0.001533564936038146,0.9979133466676839,1.0009804765397603
cifar,learned,noise,0.0814625,0.9994438335396126,0.0015395597389868485,0.9979042738006257,1.0009833932785994
cifar,learned,noise,0.0817,0.9994407554755033,0.001545557574690561,0.9978951979008127,1.000986313050194
cifar,learned,noise,0.0819375,0.9994376774113937,0.0015515584079783254,0.9978861190034154,1.000989235819372
cifar,learned,noise,0.082175,0.9994345993472843,0.0015575622042036,0.9978770371430807,1.0009921615514878
cifar,learned,noise,0.0824125,0.9994315212831748,0.001563568929235148,0.9978679523539397,1.0009950902124098
cifar,learned,noise,0.08265,0.9994284432190654,0.0015695785494476608,0.9978588646696178,1.000998021768513
cifar,learned,noise,0.0828875,0.999425365154956,0.0015755910317127356,0.9978497741232432,1.0010009561866686
cifar,learned,noise,0.083125,0.9994222870908466,0.0015816063433899989,0.9978406807474566,1.0010038934342367
cifar,learned,noise,0.0833625,0.999419209026737,0.0015876244523185873,0.9978315845744183,1.0010068334790556
cifar,learned,noise,0.0836,0.9994161309626276,0.001593645326808607,0.997822485635819,1.001009776289436
cifar,learned,noise,0.0838375,0.9994130528985181,0.0015996689356328026,0.9978133839628853,1.001012721834151
cifar,learned,noise,0.084075,0.9994099748344087,0.001605695248018398,0.9978042795863904,1.001015670082427
cifar,learned,noise,0.0843125,0.999406896770299,0.001611724233639184,0.9977951725366598,1.0010186210039382
cifar,learned,noise,0.08455,0.9994038187061899,0.0016177558626075859,0.9977860628435823,1.0010215745687974
cifar,learned,noise,0.0847875,0.9994007406420803,0.0016237901054672451,0.9977769505366131,1.0010245307475476
cifar,learned,noise,0.085025,0.9993976625779708,0.0016298269331852797,0.9977678356447856,1.0010274895111562
cifar,learned,noise,0.0852625,0.9993945845138615,0.001635866317144949,0.9977587181967166,1.0010304508310064
cifar,learned,noise,0.0855,0.9993915064497519,0.0016419082291386688,0.9977495982206133,1.0010334146788906
cifar,learned,noise,0.0857375,0.9993884283856426,0.0016479526413607517,0.9977404757442818,1.0010363810270033
cifar,learned,noise,0.085975,0.9993853503215329,0.0016539995264004696,0.9977313507951324,1.0010393498479333
cifar,learned,noise,0.0862125,0.9993822722574236,0.00166004885723545,0.9977222234001881,1.001042321114659
cifar,learned,noise,0.08645,0.9993791941933141,0.001666100607224905,0.9977130935860892,1.001045294800539
cifar,learned,noise,0.0866875,0.9993761161292047,0.0016721547501031143,0.9977039613791017,1.0010482708793078
cifar,learned,noise,0.086925,0.9993730380650953,0.0016782112599729355,0.9976948268051223,1.0010512493250683
cifar,learned,noise,0.0871625,0.9993699600009857,0.0016842701112998874,0.9976856898896858,1.0010542301122856
cifar,learned,noise,0.0874,0.9993668819368763,0.0016903312789057089,0.9976765506579706,1.001057213215782
cifar,learned,noise,0.0876375,0.9993638038727669,0.001696394737962358,0.9976674091348046,1.0010601986107293
cifar,learned,noise,0.087875,0.9993607258086574,0.0017024604639862798,0.9976582653446712,1.0010631862726438
cifar,learned,noise,0.0881125,0.9993576477445479,0.0017085284328325191,0.9976491193117154,1.0010661761773805
cifar,learned,noise,0.08835,0.9993545696804386,0.0017145986206889255,0.9976399710597497,1.0010691683011275
cifar,learned,noise,0.0885875,0.999351491616329,0.001720671004070846,0.9976308206122582,1.0010721626203998
cifar,learned,noise,0.088825,0.9993484135522195,0.0017267455598155483,0.9976216679924039,1.001075159112035
cifar,learned,noise,0.0890625,0.9993453354881102,0.001732822265076755,0.9976125132230335,1.0010781577531869
cifar,learned,noise,0.0893,0.9993422574240006,0.0017389010973196308,0.997603356326681,1.0010811585213202
cifar,learned,noise,0.0895375,0.9993391793598912,0.0017449820343154784,0.9975941973255757,1.0010841613942068
cifar,learned,noise,0.089775,0.9993361012957817,0.001751065054136685,0.997585036241645,1.0010871663499183
cifar,learned,noise,0.0900125,0.9993330232316723,0.0017571501351518332,0.9975758730965204,1.001090173366824
cifar,learned,noise,0.09025,0.9993299451675628,0.001763237256020952,0.9975667079115419,1.0010931824235838
cifar,learned,noise,0.0904875,0.9993268671034534,0.0017693263956904922,0.9975575407077629,1.0010961934991438
cifar,learned,noise,0.090725,0.9993237890393439,0.0017754175333889064,0.997548371505955,1.0010992065727329
cifar,learned,noise,0.0909625,0.9993207109752343,0.0017815106486217202,0.9975392003266126,1.001102221623856
cifar,learned,noise,0.0912,0.9993176329111252,0.0017876057211676257,0.9975300271899575,1.0011052386322927
cifar,learned,noise,0.0914375,0.9993145548470155,0.0017937027310734822,0.997520852115942,1.001108257578089
cifar,learned,noise,0.091675,0.9993114767829061,0.0017998016586502333,0.9975116751242559,1.0011112784415563
cifar,learned,noise,0.0919125,0.9993083987187967,0.001805902484468819,0.997502496234328,1.0011143012032655
cifar,learned,noise,0.09215,0.9993053206546872,0.0018120051893556032,0.9974933154653316,1.001117325844043
cifar,learned,noise,0.0923875,0.9993022425905776,0.0018181097543886746,0.997484132836189,1.0011203523449663
cifar,learned,noise,0.092625,0.9992991645264683,0.001824216160893639,0.9974749483655746,1.0011233806873618
cifar,learned,noise,0.0928625,0.9992960864623588,0.001830324390439667,0.9974657620719192,1.0011264108527984
cifar,learned,noise,0.0931,0.9992930083982493,0.0018364344248357487,0.9974565739734136,1.001129442823085
cifar,learned,noise,0.0933375,0.9992899303341399,0.0018425462461267882,0.9974473840880131,1.0011324765802667
cifar,learned,noise,0.093575,0.9992868522700306,0.0018486598365898956,0.9974381924334407,1.0011355121066206
cifar,learned,noise,0.0938125,0.999283774205921,0.0018547751787307892,0.9974289990271902,1.0011385493846519
cifar,learned,noise,0.09405,0.999280260804214,0.001860543512651032,0.9974197172915629,1.001140804316865
cifar,learned,noise,0.0942875,0.999275448288122,0.0018652739732930156,0.9974101743148289,1.001140722261415
cifar,learned,noise,0.094525,0.9992706357720298,0.0018700079034336453,0.9974006278685962,1.0011406436754635
cifar,learned,noise,0.0947625,0.9992658232559376,0.0018747452767902783,0.9973910779791473,1.001140568532728
cifar,learned,noise,0.095,0.9992610107398456,0.001879486067326306,0.9973815246725193,1.001140496807172
cifar,learned,adversarial,0.0,1.0,0.0,1.0,1.0
cifar,learned,adversarial,0.0002375,0.9999841633624365,9.242529141753748e-06,0.9999749208332946,0.9999934058915783
cifar,learned,adversarial,0.000475,0.9999683267248728,1.8485058283553585e-05,0.9999498416665893,0.9999868117831563
cifar,learned,adversarial,0.0007125,0.9999524900873092,2.7727587425307328e-05,0.9999247624998839,0.9999802176747346
cifar,learned,adversarial,0.00095,0.9999366534497455,3.6970116567036466e-05,0.9998996833331785,0.9999736235663125
cifar,learned,adversarial,0.0011875,0.9999208168121818,4.6212645708822664e-05,0.999874604166473,0.9999670294578906
cifar,learned,adversarial,0.001425,0.9999049801746183,5.5455174850585837e-05,0.9998495249997676,0.9999604353494689
cifar,learned,adversarial,0.0016625,0.9998891435370547,6.469770399233958e-05,0.9998244458330624,0.999953841241047
cifar,learned,adversarial,0.0019,0.999873306899491,7.394023313413941e-05,0.9997993666663569,0.9999472471326252
cifar,learned,adversarial,0.0021375,0.9998574702619276,8.318276227589317e-05,0.9997742874996517,0.9999406530242035
cifar,learned,adversarial,0.002375,0.9998416336243641,9.242529141762507e-05,0.9997492083329464,0.9999340589157817
cifar,learned,adversarial,0.0026125,0.9998257969868004,0.0001016678205594155,0.999724129166241,0.9999274648073598
cifar,learned,adversarial,0.00285,0.9998099603492369,0.00011091034970117587,0.9996990499995357,0.999920870698938
cifar,learned,adversarial,0.0030875,0.9997941237116731,0.00012015287884292962,0.9996739708328302,0.999914276590516
cifar,learned,adversarial,0.003325,0.9997782870741095,0.00012939540798468312,0.9996488916661248,0.9999076824820943
cifar,learned,adversarial,0.0035625,0.999762450436546,0.00013863793712647356,0.9996238124994196,0.9999010883736724
cifar,learned,adversarial,0.0038,0.9997466137989823,0.00014788046626820547,0.9995987333327141,0.9998944942652506
cifar,learned,adversarial,0.0040375,0.9997307771614188,0.0001571229954099592,0.9995736541660089,0.9998879001568287
cifar,learned,adversarial,0.004275,0.9997149405238551,0.00016636552455174964,0.9995485749993034,0.9998813060484069
cifar,learned,adversarial,0.0045125,0.9996991038862916,0.00017560805369351004,0.999523495832598,0.9998747119399851
cifar,learned,adversarial,0.00475,0.999683267248728,0.00018485058283526377,0.9994984166658928,0.9998681178315633
cifar,learned,adversarial,0.0049875,0.9996674306111643,0.0001940931119770636,0.9994733374991872,0.9998615237231413
cifar,learned,adversarial,0.005225,0.9996515939736007,0.0002033356411187861,0.999448258332482,0.9998549296147194
cifar,learned,adversarial,0.0054625,0.999635757336037,0.00021257817026054505,0.9994231791657765,0.9998483355062976
cifar,learned,adversarial,0.0057,0.9996199206984735,0.00022182069940233546,0.9993980999990711,0.9998417413978758
cifar,learned,adversarial,0.0059375,0.99960408406091,0.00023106322854409862,0.9993730208323659,0.999835147289454
cifar,learned,adversarial,0.006175,0.9995882474233463,0.00024030575768584962,0.9993479416656604,0.9998285531810321
cifar,learned,adversarial,0.0064125,0.9995724107857828,0.0002495482868276494,0.9993228624989552,0.9998219590726105
cifar,learned,adversarial,0.00665,0.9995565741482192,0.00025879081596937194,0.9992977833322498,0.9998153649641885
cifar,learned,adversarial,0.0068875,0.9995407375106556,0.0002680333451111351,0.9992727041655445,0.9998087708557668
cifar,learned,adversarial,0.007125,0.9995249008730919,0.00027727587425292554,0.9992476249988389,0.9998021767473448
cifar,learned,adversarial,0.0073625,0.9995090642355283,0.0002865184033946887,0.9992225458321337,0.999795582638923
cifar,learned,adversarial,0.0076,0.9994932275979647,0.00029576093253644244,0.9991974666654282,0.9997889885305011
cifar,learned,adversarial,0.0078375,0.9994773909604011,0.0003050034616782286,0.9991723874987228,0.9997823944220794
cifar,learned,adversarial,0.008075,0.9994615543228375,0.00031424599081998904,0.9991473083320175,0.9997758003136574
cifar,learned,adversarial,0.0083125,0.9994457176852739,0.0003234885199617116,0.9991222291653122,0.9997692062052356
cifar,learned,adversarial,0.00855,0.9994298810477101,0.00033273104910347466,0.9990971499986067,0.9997626120968136
cifar,learned,adversarial,0.0087875,0.9994140444101466,0.00034197357824526507,0.9990720708319013,0.9997560179883919
cifar,learned,adversarial,0.009025,0.999398207772583,0.00035121610738702826,0.9990469916651961,0.99974942387997
cifar,learned,adversarial,0.0092625,0.9993823711350194,0.000360458636528782,0.9990219124984906,0.9997428297715482
cifar,learned,adversarial,0.0095,0.9993665344974558,0.00036970116567058186,0.9989968333317852,0.9997362356631264
cifar,learned,adversarial,0.0097375,0.9993506978598923,0.0003789436948122961,0.99897175416508,0.9997296415547046
cifar,learned,adversarial,0.009975,0.9993322402641761,0.0003886320502393536,0.9989436082139368,0.9997208723144154
cifar,learned,adversarial,0.0102125,0.9993136906211362,0.0003984420149245878,0.9989152486062116,0.9997121326360607
cifar,learned,adversarial,0.01045,0.9992951409780964,0.0004083520794527802,0.9988867888986436,0.9997034930575491
cifar,learned,adversarial,0.0106875,0.9992746450567117,0.0004173363084326315,0.998857308748279,0.9996919813651444
cifar,learned,adversarial,0.010925,0.9992540815002199,0.0004264002892442024,0.9988276812109756,0.9996804817894641
cifar,learned,adversarial,0.0111625,0.9992335179437282,0.000435572710511757,0.9987979452332164,0.9996690906542399
cifar,learned,adversarial,0.0114,0.9992129543872365,0.0004448468643941493,0.9987681075228423,0.9996578012516306
cifar,learned,adversarial,0.0116375,0.9991899565370496,0.0004541297481419638,0.9987358267889076,0.9996440862851915
cifar,learned,adversarial,0.011875,0.9991615511619184,0.00046227958678701726,0.9986992715751314,0.9996238307487054
cifar,learned,adversarial,0.0121125,0.9991373053179992,0.0004632219743056931,0.9986740833436935,0.9996005272923049
cifar,learned,adversarial,0.01235,0.999114083282825,0.0004630498049398408,0.9986510334778852,0.9995771330877649
cifar,learned,adversarial,0.0125875,0.9990908612476508,0.00046367116656600385,0.9986271900810848,0.9995545324142168
cifar,learned,adversarial,0.012825,0.9990676392124769,0.00046508287866713256,0.9986025563338098,0.999532722091144
cifar,learned,adversarial,0.0130625,0.9990444171773026,0.00046727777801717444,0.9985771393992855,0.9995116949553198
cifar,learned,adversarial,0.0133,0.9990211951421286,0.0004702448980082025,0.9985509502441204,0.9994914400401368
cifar,learned,adversarial,0.0135375,0.9989979731069546,0.000473969736219072,0.9985240033707355,0.9994719428431736
cifar,learned,adversarial,0.013775,0.9989747510717805,0.0004784345953995557,0.9984963164763809,0.99945318566718
cifar,learned,adversarial,0.0140125,0.9989515290366063,0.00048361897995569423,0.9984679100566506,0.9994351480165621
cifar,learned,adversarial,0.01425,0.9989283070014322,0.0004895000285458745,0.9984388069728863,0.9994178070299781
cifar,learned,adversarial,0.0144875,0.9989050849662582,0.0004960529634970148,0.9984090320027612,0.9994011379297552
cifar,learned,adversarial,0.014725,0.9988815693215792,0.0005025915278430627,0.9983789777937362,0.9993841608494223
cifar,learned,adversarial,0.0149625,0.9988546723199846,0.0005021066261231361,0.9983525656938614,0.9993567789461077
cifar,learned,adversarial,0.0152,0.9988277753183898,0.0005021568422810551,0.9983256184761088,0.9993299321606709
cifar,learned,adversarial,0.0154375,0.9988008783167951,0.0005027420159669289,0.9982981363008282,0.999303620332762
cifar,learned,adversarial,0.015675,0.9987739813152002,0.0005038602833157842,0.9982701210318844,0.9992778415985161
cifar,learned,adversarial,0.0159125,0.9987470843136056,0.0005055081064665859,0.998241576207139,0.9992525924200721
cifar,learned,adversarial,0.01615,0.9987201873120108,0.0005076803289665961,0.9982125069830442,0.9992278676409775
cifar,learned,adversarial,0.0163875,0.9986932903104161,0.0005103702550616006,0.9981829200553545,0.9992036605654777
cifar,learned,adversarial,0.016625,0.9986663933088215,0.0005135697500821693,0.9981528235587392,0.9991799630589037
cifar,learned,adversarial,0.0168625,0.9986394963072266,0.0005172693585194895,0.9981222269487071,0.9991567656657461
cifar,learned,adversarial,0.0171,0.9986125993056318,0.0005214584359684003,0.9980911408696634,0.9991340577416002
cifar,learned,adversarial,0.0173375,0.9985857023040371,0.0005261252909125956,0.9980595770131245,0.9991118275949497
cifar,learned,adversarial,0.017575,0.9985588053024425,0.0005312573323248775,0.9980275479701176,0.9990900626347673
cifar,learned,adversarial,0.0178125,0.9985319083008477,0.0005368412192406852,0.997995067081607,0.9990687495200884
cifar,learned,adversarial,0.01805,0.9985050112992528,0.000542863008795569,0.9979621482904573,0.9990478743080484
cifar,learned,adversarial,0.0182875,0.9984781142976581,0.0005493082996616159,0.9979288059979965,0.9990274225973197
cifar,learned,adversarial,0.018525,0.9984512172960635,0.0005561623683345157,0.9978950549277289,0.999007379664398
cifar,learned,adversarial,0.0187625,0.9984243202944687,0.0005634102962687142,0.9978609099982,0.9989877305907374
cifar,learned,adversarial,0.019,0.9983974232928738,0.0005710370864029466,0.9978263862064709,0.9989684603792768
cifar,learned,adversarial,0.0192375,0.9983705262912791,0.0005790277681332495,0.9977914985231459,0.9989495540594123
cifar,learned,adversarial,0.019475,0.9983436292896845,0.0005873674902537301,0.9977562617994308,0.9989309967799381
cifar,learned,adversarial,0.0197125,0.9983167391985983,0.0005960358956219016,0.9977207033029765,0.9989127750942202
cifar,learned,adversarial,0.01995,0.9982899747012549,0.0006049206334096127,0.9976850540678452,0.9988948953346646
cifar,learned,adversarial,0.0201875,0.9982632102039117,0.0006141114917633565,0.9976490987121484,0.9988773216956751
cifar,learned,adversarial,0.020425,0.9982364457065686,0.000623594935549703,0.9976128507710188,0.9988600406421183
cifar,learned,adversarial,0.0206625,0.9982096812092252,0.000633357822014427,0.9975763233872107,0.9988430390312396
cifar,learned,adversarial,0.0209,0.9981838694042603,0.0006438128496627856,0.9975400565545975,0.998827682253923
cifar,learned,adversarial,0.0211375,0.9981611049965883,0.0006559610894609903,0.9975051439071273,0.9988170660860493
cifar,learned,adversarial,0.021375,0.9981383405889162,0.0006684712124962086,0.9974698693764199,0.9988068118014124
cifar,learned,adversarial,0.0216125,0.998115576181244,0.0006813232848939977,0.99743425289635,0.998796899466138
cifar,learned,adversarial,0.02185,0.998092811773572,0.0006944983230322733,0.9973983134505398,0.9987873100966043
cifar,learned,adversarial,0.0220875,0.9980700473658999,0.0007079782965627206,0.9973620690693371,0.9987780256624627
cifar,learned,adversarial,0.022325,0.9980472829582278,0.0007217461199524269,0.9973255368382753,0.9987690290781802
cifar,learned,adversarial,0.0225625,0.9980245185505557,0.0007357856348708051,0.997288732915685,0.9987603041854265
cifar,learned,adversarial,0.0228,0.998001754142884,0.0007500815854635094,0.9972516725574204,0.9987518357283475
cifar,learned,adversarial,0.0230375,0.9979833894510488,0.000757008727169113,0.9972263807238797,0.9987403981782179
cifar,learned,adversarial,0.023275,0.9979658995109482,0.0007614596146909585,0.9972044398962572,0.9987273591256391
cifar,learned,adversarial,0.0235125,0.9979481540805244,0.0007663068778817274,0.9971818472026427,0.9987144609584061
cifar,learned,adversarial,0.02375,0.9979304086501003,0.0007714441428521521,0.9971589645072482,0.9987018527929524
cifar,learned,adversarial,0.0239875,0.9979126632196765,0.0007768656564434977,0.997135797563233,0.9986895288761201
cifar,learned,adversarial,0.024225,0.9978874825623345,0.0007765527411994012,0.9971109298211351,0.9986640353035339
cifar,learned,adversarial,0.0244625,0.9978611736795934,0.0007757322767493769,0.9970854414028439,0.9986369059563428
cifar,learned,adversarial,0.0247,0.997834864796852,0.0007753269587508603,0.9970595378381012,0.9986101917556028
cifar,learned,adversarial,0.0249375,0.9978085559141109,0.0007753374382741521,0.9970332184758367,0.9985838933523851
cifar,learned,adversarial,0.025175,0.9977822470313695,0.0007757636984686961,0.9970064833329009,0.9985580107298382
cifar,learned,adversarial,0.0254125,0.9977559381486284,0.0007766050546981886,0.9969793330939302,0.9985325432033266
cifar,learned,adversarial,0.02565,0.997729629265887,0.0007778601600238311,0.9969517691058633,0.9985074894259108
cifar,learned,adversarial,0.0258875,0.9977033203831459,0.0007795270159336415,0.9969237933672123,0.9984828473990796
cifar,learned,adversarial,0.026125,0.9976770115004046,0.0007816029881193931,0.9968954085122852,0.9984586144885239
cifar,learned,adversarial,0.0263625,0.9976507026176634,0.0007840848270133096,0.9968666177906501,0.9984347874446767
cifar,learned,adversarial,0.0266,0.9976243937349221,0.0007869686927168674,0.9968374250422052,0.998411362427639
cifar,learned,adversarial,0.0268375,0.9975980848521809,0.0007902501838842014,0.9968078346682967,0.9983883350360652
cifar,learned,adversarial,0.027075,0.9975717759694399,0.0007939243700694692,0.9967778515993705,0.9983657003395093
cifar,learned,adversarial,0.0273125,0.9975454670866984,0.0007979858270044474,0.996747481259694,0.9983434529137029
cifar,learned,adversarial,0.02755,0.9975191582039574,0.0008024286742498488,0.9967167295297076,0.9983215868782073
cifar,learned,adversarial,0.0277875,0.997492849321216,0.0008072466146509395,0.996685602706565,0.9983000959358669
cifar,learned,adversarial,0.028025,0.9974665404384746,0.0008124329750330326,0.9966541074634415,0.9982789734135077
cifar,learned,adversarial,0.0282625,0.9974402315557335,0.0008179807475883732,0.9966222508081451,0.9982582123033218
cifar,learned,adversarial,0.0285,0.9974139226729924,0.0008238826314336705,0.9965900400415588,0.9982378053044261
cifar,learned,adversarial,0.0287375,0.997387613790251,0.0008301310738549073,0.9965574827163961,0.9982177448641059
cifar,learned,adversarial,0.028975,0.99736130490751,0.0008367183108009517,0.9965245865967091,0.9981980232183109
cifar,learned,adversarial,0.0292125,0.9973349960247685,0.0008436364062368437,0.9964913596185316,0.9981786324310054
cifar,learned,adversarial,0.02945,0.9973086871420271,0.0008508772900221942,0.9964578098520049,0.9981595644320493
cifar,learned,adversarial,0.0296875,0.997282378259286,0.0008584327940330322,0.9964239454652529,0.9981408110533191
cifar,learned,adversarial,0.029925,0.9972592051171224,0.000869621332002461,0.99638958378512,0.9981288264491248
cifar,learned,adversarial,0.0301625,0.9972400569601246,0.0008792534783370335,0.9963608034817876,0.9981193104384617
cifar,learned,adversarial,0.0304,0.9972209088031262,0.000889239200123162,0.996331669603003,0.9981101480032494
cifar,learned,adversarial,0.0306375,0.9972017606461284,0.0008995667227489581,0.9963021939233795,0.9981013273688774
cifar,learned,adversarial,0.030875,0.9971826124891304,0.0009102244119406682,0.9962723880771898,0.9980928369010711
cifar,learned,adversarial,0.0311125,0.9971634643321323,0.0009212008083376396,0.9962422635237946,0.99808466514047
cifar,learned,adversarial,0.03135,0.9971419027737537,0.0009285151168455678,0.9962133876569081,0.9980704178905992
cifar,learned,adversarial,0.0315875,0.9971174102930221,0.0009313456921516978,0.9961860646008704,0.9980487559851738
cifar,learned,adversarial,0.031825,0.9970929178122908,0.0009345239808248468,0.996158393831466,0.9980274417931156
cifar,learned,adversarial,0.0320625,0.9970684253315594,0.0009380464485045806,0.9961303788830548,0.998006471780064
cifar,learned,adversarial,0.0323,0.9970439328508278,0.0009419092338096138,0.9961020236170182,0.9979858420846375
cifar,learned,adversarial,0.0325375,0.9970194403700966,0.0009461081683865267,0.9960733322017101,0.9979655485384831
cifar,learned,adversarial,0.032775,0.9969949478893648,0.0009506387979711504,0.9960443090913936,0.997945586687336
cifar,learned,adversarial,0.0330125,0.9969704554086336,0.0009554964042300536,0.9960149590044035,0.9979259518128637
cifar,learned,adversarial,0.03325,0.9969459629279022,0.0009606760271566442,0.9959852869007455,0.9979066389550588
cifar,learned,adversarial,0.0334875,0.9969214704471708,0.0009661724877984032,0.9959552979593724,0.9978876429349692
cifar,learned,adversarial,0.033725,0.9968969779664393,0.0009719804111051152,0.9959249975553341,0.9978689583775444
cifar,learned,adversarial,0.0339625,0.9968724854857077,0.0009780942486967872,0.995894391237011,0.9978505797344045
cifar,learned,adversarial,0.0342,0.9968479930049764,0.0009845083013686584,0.9958634847036077,0.997832501306345
cifar,learned,adversarial,0.0344375,0.9968235005242448,0.000991216741163138,0.9958322837830818,0.9978147172654079
cifar,learned,adversarial,0.034675,0.9967990080435135,0.000998213632860594,0.995800794410653,0.9977972216763741
cifar,learned,adversarial,0.0349125,0.9967713931159669,0.0010085765686685796,0.9957628165472983,0.9977799696846354
cifar,learned,adversarial,0.03515,0.9967386796649252,0.0010229812327120997,0.9957156984322132,0.9977616608976373
cifar,learned,adversarial,0.0353875,0.996704571363627,0.001038575874742418,0.9956659954888846,0.9977431472383694
cifar,learned,adversarial,0.035625,0.9966704630623292,0.0010544438104772755,0.995616019251852,0.9977249068728065
cifar,learned,adversarial,0.0358625,0.996636354761031,0.001070572887781009,0.99556578187325,0.997706927648812
cifar,learned,adversarial,0.0361,0.9966028721381065,0.0010864156891372582,0.9955164564489692,0.9976892878272438
cifar,learned,adversarial,0.0363375,0.9965715023858065,0.001100689748637335,0.9954708126371692,0.9976721921344438
cifar,learned,adversarial,0.036575,0.9965401326335063,0.0011151961271381708,0.9954249365063681,0.9976553287606444
cifar,learned,adversarial,0.0368125,0.996508762881206,0.0011299258769006026,0.9953788370043054,0.9976386887581067
cifar,learned,adversarial,0.03705,0.9964773931289059,0.0011448703763623533,0.9953325227525436,0.9976222635052683
cifar,learned,adversarial,0.0372875,0.9964460233766057,0.0011600213257227246,0.995286002050883,0.9976060447023284
cifar,learned,adversarial,0.037525,0.9964146536243055,0.0011753707413696354,0.9952392828829358,0.9975900243656751
cifar,learned,adversarial,0.0377625,0.9963832838720054,0.0011909109493497072,0.9951923729226556,0.9975741948213551
cifar,learned,adversarial,0.038,0.9963519141197051,0.0012066345780604878,0.9951452795416447,0.9975585486977656
cifar,learned,adversarial,0.0382375,0.9963205443674048,0.0012225345503250023,0.9950980098170799,0.9975430789177298
cifar,learned,adversarial,0.038475,0.9962891746151049,0.0012386040749901973,0.9950505705401147,0.9975277786900951
cifar,learned,adversarial,0.0387125,0.9962578048628045,0.001254836638173793,0.9950029682246306,0.9975126415009783
cifar,learned,adversarial,0.03895,0.9962264351105045,0.0012712259942674236,0.994955209116237,0.9974976611047719
cifar,learned,adversarial,0.0391875,0.9961950653582042,0.001287766156790873,0.9949072992014134,0.9974828315149951
cifar,learned,adversarial,0.039425,0.9961636956059041,0.0013044513891777177,0.9948592442167264,0.9974681469950818
cifar,learned,adversarial,0.0396625,0.9961323258536039,0.0013212761955610367,0.9948110496580429,0.9974536020491649
cifar,learned,adversarial,0.0399,0.9961009561013036,0.0013382353116181878,0.9947627207896854,0.9974391914129217
cifar,learned,adversarial,0.0401375,0.9960695863490034,0.001355323695522306,0.9947142626534812,0.9974249100445257
cifar,learned,adversarial,0.040375,0.9960382165967032,0.0013725365190418917,0.9946656800776613,0.9974107531157451
cifar,learned,adversarial,0.0406125,0.9960052654368435,0.0013899017984779004,0.9946153636383657,0.9973951672353214
cifar,learned,adversarial,0.04085,0.9959693246601105,0.0014073992584129433,0.9945619254016975,0.9973767239185234
cifar,learned,adversarial,0.0410875,0.9959333838833776,0.001424943047143898,0.9945084408362337,0.9973583269305215
cifar,learned,adversarial,0.041325,0.9958974431066445,0.0014425314743461773,0.9944549116322984,0.9973399745809907
cifar,learned,adversarial,0.0415625,0.9958615023299116,0.001460162926939377,0.9944013394029722,0.997321665256851
cifar,learned,adversarial,0.0418,0.9958299026462089,0.0014820093650811544,0.9943478932811277,0.99731191201129
cifar,learned,adversarial,0.0420375,0.9957993061932092,0.0015048679369824656,0.9942944382562268,0.9973041741301917
cifar,learned,adversarial,0.042275,0.9957687097402097,0.00152777280735922,0.9942409369328504,0.997296482547569
cifar,learned,adversarial,0.0425125,0.9957381132872102,0.0015507219246639662,0.9941873913625462,0.9972888352118742
cifar,learned,adversarial,0.04275,0.9957075168342104,0.001573713353168114,0.9941338034810423,0.9972812301873786
cifar,learned,adversarial,0.0429875,0.9956769203812109,0.0015967452651642685,0.9940801751160466,0.9972736656463752
cifar,learned,adversarial,0.043225,0.9956463239282113,0.0016198159337678878,0.9940265079944434,0.9972661398619792
cifar,learned,adversarial,0.0434625,0.9956157274752119,0.0016429237262669584,0.9939728037489449,0.9972586512014788
cifar,learned,adversarial,0.0437,0.9955851310222122,0.0016660670979742537,0.993919063924238,0.9972511981201865
cifar,learned,adversarial,0.0439375,0.9955545345692127,0.0016892445865393769,0.9938652899826733,0.9972437791557521
cifar,learned,adversarial,0.044175,0.9955239381162131,0.0017124548066829854,0.9938114833095301,0.9972363929228961
cifar,learned,adversarial,0.0444125,0.9954933416632135,0.0017356964453180178,0.9937576452178954,0.9972290381085315
cifar,learned,adversarial,0.04465,0.9954627452102139,0.0017589682570263567,0.9937037769531876,0.9972217134672403
cifar,learned,adversarial,0.0448875,0.9954321487572143,0.0017822690598621597,0.9936498796973522,0.9972144178170764
cifar,learned,adversarial,0.045125,0.9954013249471755,0.001805193947121536,0.993596131000054,0.997206518894297
cifar,learned,adversarial,0.0453625,0.9953661660946941,0.0018204847926078047,0.9935456813020863,0.9971866508873019
cifar,learned,adversarial,0.0456,0.9953310072422127,0.001835873107970102,0.9934951341342426,0.9971668803501827
cifar,learned,adversarial,0.0458375,0.9952932583973442,0.0018533209147597628,0.9934399374825844,0.9971465793121039
cifar,learned,adversarial,0.046075,0.9952536456005349,0.0018723235668683578,0.9933813220336665,0.9971259691674033
cifar,learned,adversarial,0.0463125,0.9952134125333097,0.001892347746953645,0.9933210647863561,0.9971057602802634
cifar,learned,adversarial,0.04655,0.995169560222695,0.0019176231900094854,0.9932519370326856,0.9970871834127044
cifar,learned,adversarial,0.0467875,0.9951257079120803,0.0019430696142348348,0.9931826382978455,0.9970687775263152
cifar,learned,adversarial,0.047025,0.9950818556014657,0.0019686803895254882,0.9931131752119402,0.9970505359909911
cifar,learned,adversarial,0.0472625,0.9950380032908511,0.001994449184582291,0.9930435541062689,0.9970324524754334
cifar,learned,adversarial,0.0475,0.9949941509802364,0.0020203699530280763,0.9929737810272082,0.9970145209332645
cifar,learned,adversarial,0.0477375,0.9949502986696217,0.0020464369200528204,0.9929038617495689,0.9969967355896745
cifar,learned,adversarial,0.047975,0.99490415703649,0.002073745300215832,0.9928304117362742,0.9969779023367059
cifar,learned,adversarial,0.0482125,0.9948564673913368,0.0021018975971719076,0.9927545697941649,0.9969583649885088
cifar,learned,adversarial,0.04845,0.9948087777461838,0.002130136683108885,0.9926786410630749,0.9969389144292927
cifar,learned,adversarial,0.0486875,0.9947610881010308,0.002158459151653041,0.9926026289493778,0.9969195472526838
cifar,learned,adversarial,0.048925,0.9947133984558776,0.002186861763094102,0.9925265366927835,0.9969002602189717
cifar,learned,adversarial,0.0491625,0.9946657088107247,0.0022153414349284006,0.9924503673757963,0.9968810502456531
cifar,learned,adversarial,0.0494,0.9946180191655715,0.002243895232990583,0.9923741239325808,0.9968619143985621
cifar,learned,adversarial,0.0496375,0.9945703295204185,0.0022725203631352884,0.9922978091572832,0.9968428498835538
cifar,learned,adversarial,0.049875,0.9945226398752655,0.0023012141634343336,0.9922214257118311,0.9968238540386998
cifar,learned,adversarial,0.0501125,0.9944749502301122,0.0023299740968552585,0.992144976133257,0.9968049243269674
cifar,learned,adversarial,0.05035,0.9944272605849592,0.00235879774439051,0.9920684628405687,0.9967860583293497
cifar,learned,adversarial,0.0505875,0.9943795709398061,0.002387682798607542,0.9919918881411985,0.9967672537384137
cifar,learned,adversarial,0.050825,0.9943318812946531,0.00241662705759303,0.9919152542370601,0.9967485083522462
cifar,learned,adversarial,0.0510625,0.9942841916495001,0.0024456284192645346,0.9918385632302356,0.9967298200687646
cifar,learned,adversarial,0.0513,0.9942365020043469,0.002474684876027182,0.9917618171283197,0.9967111868803741
cifar,learned,adversarial,0.0515375,0.9941888123591937,0.0025037945097512422,0.9916850178494424,0.9966926068689449
cifar,learned,adversarial,0.051775,0.9941411227140408,0.002532955487051189,0.9916081672269895,0.996674078201092
cifar,learned,adversarial,0.0520125,0.9940050386447931,0.002447315811485147,0.9915577228333079,0.9964523544562782
cifar,learned,adversarial,0.05225,0.9937743588663194,0.002284268461199895,0.9914900904051195,0.9960586273275193
cifar,learned,adversarial,0.0524875,0.993542420680976,0.0021917855917996274,0.9913506350891763,0.9957342062727756
cifar,learned,adversarial,0.052725,0.9933104824956326,0.0021789393715663254,0.9911315431240663,0.9954894218671989
cifar,learned,adversarial,0.0529625,0.9930785443102894,0.0022470960185217654,0.9908314482917676,0.9953256403288112
cifar,learned,adversarial,0.0532,0.9928466061249459,0.0023893336466270115,0.9904572724783189,0.9952359397715729
cifar,learned,adversarial,0.0534375,0.9926146679396025,0.002593492059040314,0.9900211758805622,0.9952081599986429
cifar,learned,adversarial,0.053675,0.9923827297542592,0.00284627789800281,0.9895364518562564,0.9952290076522621
cifar,learned,adversarial,0.0539125,0.9921507915689157,0.0031359537164898595,0.9890148378524258,0.9952867452854056
cifar,learned,adversarial,0.05415,0.9919188533835724,0.0034532484095742924,0.9884656049739982,0.9953721017931467
cifar,learned,adversarial,0.0543875,0.9916869151982289,0.003791233898276574,0.9878956812999523,0.9954781490965056
cifar,learned,adversarial,0.054625,0.9914549770128857,0.004144851673052766,0.9873101253398329,0.9955998286859384
cifar,learned,adversarial,0.0548625,0.9912230388275421,0.004510426514059276,0.9867126123134828,0.9957334653416015
cifar,learned,adversarial,0.0551,0.9909911006421988,0.004885274845165044,0.9861058257970337,0.9958763754873639
cifar,learned,adversarial,0.0553375,0.9907591624568556,0.005267417233695201,0.9854917452231604,0.9960265796905508
cifar,learned,adversarial,0.055575,0.9905272242715121,0.005655375260918559,0.9848718490105935,0.9961825995324306
cifar,learned,adversarial,0.0558125,0.9902952860861688,0.006048029877302415,0.9842472562088663,0.9963433159634713
cifar,learned,adversarial,0.05605,0.9900628606007752,0.006444437470163481,0.9836184231306118,0.9965072980709386
cifar,learned,adversarial,0.0562875,0.9898303510507103,0.006843982979721298,0.9829863680709889,0.9966743340304316
cifar,learned,adversarial,0.056525,0.9895978415006454,0.007246158230405209,0.9823516832702403,0.9968439997310506
cifar,learned,adversarial,0.0567625,0.9893653319505805,0.007650548511506295,0.9817147834390743,0.9970158804620868
cifar,learned,adversarial,0.057,0.9891328224005155,0.008056820297564162,0.9810760021029513,0.9971896426980796
cifar,learned,adversarial,0.0572375,0.9889003128504505,0.008464702678834013,0.9804356101716165,0.9973650155292846
cifar,learned,adversarial,0.057475,0.988581052452323,0.008873493528189282,0.9797075589241336,0.9974545459805123
cifar,learned,adversarial,0.0577125,0.9882280383970876,0.009287514043540413,0.9789405243535472,0.9975155524406281
cifar,learned,adversarial,0.05795,0.9878750243418523,0.009706914022521539,0.9781681103193307,0.9975819383643738
cifar,learned,adversarial,0.0581875,0.9875220102866167,0.010131025396760788,0.9773909848898559,0.9976530356833775
cifar,learned,adversarial,0.058425,0.9871689962313813,0.010559280484792587,0.9766097157465887,0.9977282767161739
cifar,learned,adversarial,0.0586625,0.9868159821761459,0.01099119493689171,0.9758247872392541,0.9978071771130376
cifar,learned,adversarial,0.0589,0.9864629681209106,0.01142635379036148,0.9750366143305491,0.9978893219112721
cifar,learned,adversarial,0.0591375,0.9861099540656751,0.011864400059075277,0.9742455540065998,0.9979743541247504
cifar,learned,adversarial,0.059375,0.9857549766358996,0.012303967807881929,0.9734510088280177,0.9980589444437815
cifar,learned,adversarial,0.0596125,0.9853992487726244,0.012745403433105495,0.9726538453395189,0.9981446522057299
cifar,learned,adversarial,0.05985,0.9850435209093497,0.013188876814990546,0.9718546440943591,0.9982323977243402
cifar,learned,adversarial,0.0600875,0.9846877930460747,0.013634189111294,0.9710536039347807,0.9983219821573687
cifar,learned,adversarial,0.060325,0.9843321835210613,0.014081285017573712,0.9702508985034877,0.998413468538635
cifar,learned,adversarial,0.0605625,0.983980486636762,0.0145338170681106,0.9694466695686513,0.9985143037048726
cifar,learned,adversarial,0.0608,0.9836287897524625,0.014987697066034818,0.9686410926864276,0.9986164868184974
cifar,learned,adversarial,0.0610375,0.9832770928681631,0.015442806159112477,0.9678342867090506,0.9987198990272756
cifar,learned,adversarial,0.061275,0.9829253959838636,0.0158990387993547,0.9670263571845089,0.9988244347832184
cifar,learned,adversarial,0.0615125,0.9825736990995643,0.01635630096842241,0.9662173981311418,0.9989300000679867
cifar,learned,adversarial,0.06175,0.9822220022152649,0.016814508673958173,0.9654074935413067,0.9990365108892231
cifar,learned,adversarial,0.0619875,0.9818703053309655,0.01727358667082149,0.9645967186601441,0.999143892001787
cifar,learned,adversarial,0.062225,0.9815186084466659,0.017733467369719834,0.9637851410769461,0.9992520758163858
cifar,learned,adversarial,0.0624625,0.9811669115623665,0.018194089902554115,0.9629728216598124,0.9993610014649206
cifar,learned,adversarial,0.0627,0.9808152146780671,0.018655399319293477,0.9621598153587736,0.9994706139973606
cifar,learned,adversarial,0.0629375,0.9804635177937678,0.0191173458956293,0.9613461718981385,0.9995808636893971
cifar,learned,adversarial,0.063175,0.9801118209094682,0.019579884534254657,0.9605319363752136,0.9996917054437229
cifar,learned,adversarial,0.0634125,0.979760124025169,0.020042974245533588,0.9597171497796354,0.9998030982707026
cifar,learned,adversarial,0.06365,0.9794084271408695,0.020506577695711882,0.9589018494451577,0.9999150048365814
cifar,learned,adversarial,0.0638875,0.9790567302565701,0.02097066081276849,0.9580860694438017,1.0000273910693387
cifar,learned,adversarial,0.064125,0.9787050333722705,0.02143519244161029,0.9572698409306603,1.0001402258138807
cifar,learned,adversarial,0.0643625,0.9783533364879712,0.02190014404163404,0.9564531924463371,1.0002534805296053
cifar,learned,adversarial,0.0646,0.9780016396036718,0.022365489420769186,0.9556361501829026,1.000367129024441
cifar,learned,adversarial,0.0648375,0.9776499427193724,0.02283120450102286,0.9548187382183496,1.0004811472203954
cifar,learned,adversarial,0.065075,0.9772982458350731,0.023297267111300455,0.9540009787237727,1.0005955129463735
cifar,learned,adversarial,0.0653125,0.9769465489507736,0.023763656803905575,0.953182892146868,1.0007102057546793
cifar,learned,adversarial,0.06555,0.9765948520664742,0.02423035469164869,0.9523644973748255,1.000825206758123
cifar,learned,adversarial,0.0657875,0.9762431551821749,0.02469734330293771,0.9515458118792371,1.0009404984851125
cifar,learned,adversarial,0.066025,0.9758914582978754,0.02516460645259515,0.9507268518452803,1.0010560647504705
cifar,learned,adversarial,0.0662625,0.975539761413576,0.02563212912646145,0.9499076322871146,1.0011718905400375
cifar,learned,adversarial,0.0665,0.9751880645292764,0.02609989737811168,0.9490881671511647,1.001287961907388
cifar,learned,adversarial,0.0667375,0.974836367644977,0.026567898236237963,0.9482684694087391,1.001404265881215
cifar,learned,adversarial,0.066975,0.9744846707606776,0.02703611962144346,0.9474485511392341,1.001520790382121
cifar,learned,adversarial,0.0672125,0.9741329738763782,0.027504550271358202,0.94662842360502,1.0016375241477364
cifar,learned,adversarial,0.06745,0.9737812769920788,0.027973179673128196,0.9458080973189507,1.001754456665207
cifar,learned,adversarial,0.0676875,0.9734295801077794,0.028441998002449148,0.9449875821053302,1.0018715781102285
cifar,learned,adversarial,0.067925,0.97307788322348,0.028910996068421752,0.9441668871550583,1.0019888792919018
cifar,learned,adversarial,0.0681625,0.9727261863391804,0.029380165263593144,0.9433460210755873,1.0021063516027735
cifar,learned,adversarial,0.0684,0.972374489454881,0.029849497518627678,0.9425249919362534,1.0022239869735088
cifar,learned,adversarial,0.0686375,0.9720227925705816,0.030318985261117183,0.9417038073094643,1.0023417778316988
cifar,learned,adversarial,0.068875,0.9716710956862823,0.03078862137809834,0.940882474308184,1.0024597170643805
cifar,learned,adversarial,0.0691125,0.9713193988019829,0.03125839918189532,0.9400609996200876,1.0025777979838781
cifar,learned,adversarial,0.06935,0.9709677019176834,0.03172831237895107,0.9392393895387324,1.0026960142966346
cifar,learned,adversarial,0.0695875,0.9706160050333841,0.03219835504134735,0.9384176499920367,1.0028143600747315
cifar,learned,adversarial,0.069825,0.9702643081490846,0.03266852158074777,0.9375957865683369,1.0029328297298323
cifar,learned,adversarial,0.0700625,0.9699126112647852,0.03313880672452878,0.9367738045402565,1.003051417989314
cifar,learned,adversarial,0.0703,0.9695609143804859,0.033609205493887184,0.9359517088865987,1.003170119874373
cifar,learned,adversarial,0.0705375,0.9692092174961865,0.03407971318373685,0.9351295043124497,1.0032889306799233
cifar,learned,adversarial,0.070775,0.9688575206118869,0.034550325344227424,0.9343071952676595,1.0034078459561144
cifar,learned,adversarial,0.0710125,0.9685058237275874,0.0350210377637347,0.9334847859638528,1.0035268614913222
cifar,learned,adversarial,0.07125,0.9681541268432882,0.03549184645318793,0.9326622803901002,1.0036459732964762
cifar,learned,adversarial,0.0714875,0.9678024299589886,0.03596274763161415,0.9318396823273745,1.0037651775906027
cifar,learned,adversarial,0.071725,0.9674507330746893,0.03643373771279089,0.9310169953618984,1.00388447078748
cifar,learned,adversarial,0.0719625,0.96709903619039,0.036904813292909136,0.9301942228974808,1.004003849483299
cifar,learned,adversarial,0.0722,0.9667473393060905,0.0373759711391596,0.9293713681669309,1.00412331044525
cifar,learned,adversarial,0.0724375,0.966393917387853,0.0378487943474103,0.9285451230404427,1.0042427117352632
cifar,learned,adversarial,0.072675,0.9659854354539155,0.0383727217354497,0.9276127137184658,1.0043581571893652
cifar,learned,adversarial,0.0729125,0.965576953519978,0.0388974780340999,0.926679475485878,1.004474431554078
cifar,learned,adversarial,0.07315,0.9651684715860404,0.03942303014271803,0.9257454414433224,1.0045915017287583
cifar,learned,adversarial,0.0733875,0.9647599896521029,0.03994934665357308,0.9248106429985298,1.0047093363056758
cifar,learned,adversarial,0.073625,0.9643515077181655,0.040476397748001124,0.9238751099701643,1.0048279054661666
cifar,learned,adversarial,0.0738625,0.9639430257842277,0.04100415509987693,0.9229388706843509,1.0049471808841046
cifar,learned,adversarial,0.0741,0.9635345438502902,0.041532591785830957,0.9220019520644593,1.0050671356361212
cifar,learned,adversarial,0.0743375,0.9631260619163529,0.04206168220168464,0.9210643797146683,1.0051877441180375
cifar,learned,adversarial,0.074575,0.9625704292946757,0.04245557567241967,0.9201148536222561,1.0050260049670954
cifar,learned,adversarial,0.0748125,0.9619283224932746,0.042775666403258375,0.9191526560900163,1.004703988896533
cifar,learned,adversarial,0.07505,0.9612862156918732,0.04310285787320735,0.9181833578186659,1.0043890735650807
cifar,learned,adversarial,0.0752875,0.960650072837767,0.043425226147395815,0.9172248466903712,1.004075298985163
cifar,learned,adversarial,0.075525,0.9601903712003965,0.04340775513453286,0.9167826160658636,1.0035981263349294
cifar,learned,adversarial,0.0757625,0.959730669563026,0.04339972771068253,0.9163309418523434,1.0031303972737085
cifar,learned,adversarial,0.076,0.9592709679256556,0.04340114911586939,0.9158698188097862,1.002672117041525
cifar,learned,adversarial,0.0762375,0.958811266288285,0.04341201842196704,0.9153992478663179,1.002223284710252
cifar,learned,adversarial,0.076475,0.9583515646509144,0.043432328535725595,0.9149192361151888,1.00178389318664
cifar,learned,adversarial,0.0767125,0.9578918630135439,0.043462066221889764,0.9144297967916541,1.0013539292354336
cifar,learned,adversarial,0.07695,0.9574321613761733,0.04350121214623084,0.9139309492299424,1.0009333735224042
cifar,learned,adversarial,0.0771875,0.9569724597388028,0.04354974093816815,0.9134227188006347,1.000522200676971
cifar,learned,adversarial,0.077425,0.9565127581014323,0.04360762127250766,0.9129051368289247,1.00012037937394
cifar,learned,adversarial,0.0776625,0.9560530564640617,0.04367481596968775,0.9123782404943739,0.9997278724337495
cifar,learned,adversarial,0.0779,0.9555933548266914,0.043751282113790084,0.9118420727129013,0.9993446369404815
cifar,learned,adversarial,0.0781375,0.9551336531893208,0.043836971187452375,0.9112966820018684,0.9989706243767731
cifar,learned,adversarial,0.078375,0.9546739515519502,0.043931829222709814,0.9107421223292405,0.99860578077466
cifar,learned,adversarial,0.0786125,0.9542142499145797,0.04403579696669373,0.910178452947886,0.9982500468812734
cifar,learned,adversarial,0.07885,0.9537545482772091,0.04414881006103262,0.9096057382161764,0.9979033583382417
cifar,learned,adversarial,0.0790875,0.9532948466398387,0.04427079923372878,0.9090240474061099,0.9975656458735674
cifar,learned,adversarial,0.079325,0.9528351450024681,0.04440169050223014,0.9084334545002379,0.9972368355046983
cifar,learned,adversarial,0.0795625,0.9523754433650976,0.0445414053863736,0.907834037978724,0.9969168487514712
cifar,learned,adversarial,0.0798,0.951915741727727,0.04468986112985178,0.9072258805978752,0.9966056028575787
cifar,learned,adversarial,0.0800375,0.9514560400903566,0.0448469709288412,0.9066090691615154,0.9963030110191977
cifar,learned,adversarial,0.080275,0.950996338452986,0.04501264416643335,0.9059836942865527,0.9960089826194194
cifar,learned,adversarial,0.0805125,0.9505366368156155,0.045186786651523356,0.9053498501640922,0.9957234234671388
cifar,learned,adversarial,0.08075,0.9500769351782449,0.04536930086083934,0.9047076343174055,0.9954462360390842
cifar,learned,adversarial,0.0809875,0.9496172335408745,0.045560086182832825,0.9040571473580417,0.9951773197237073
cifar,learned,adversarial,0.081225,0.9491575319035039,0.04575903916219916,0.9033984927413048,0.9949165710657031
cifar,learned,adversarial,0.0814625,0.9486978302661334,0.045966053743854526,0.9027317765222789,0.994663884009988
cifar,learned,adversarial,0.0817,0.948238128628763,0.046181021515259914,0.9020571071135031,0.9944191501440229
cifar,learned,adversarial,0.0819375,0.9477784269913924,0.04640383194605374,0.9013745950453387,0.994182258937446
cifar,learned,adversarial,0.082175,0.9473187253540218,0.046634372624031556,0.9006843527299903,0.9939530979780534
cifar,learned,adversarial,0.0824125,0.9468590237166512,0.04687252948658924,0.8999864942300619,0.9937315532032405
cifar,learned,adversarial,0.08265,0.9463993220792807,0.047118187046829955,0.8992811350324508,0.9935175091261106
cifar,learned,adversarial,0.0828875,0.9459396204419103,0.047371228613618005,0.8985683918282923,0.9933108490555282
cifar,learned,adversarial,0.083125,0.9454799188045397,0.047631536504945865,0.8978483822995939,0.9931114553094856
cifar,learned,adversarial,0.0833625,0.9450202171671691,0.04789899225406572,0.8971212249131034,0.9929192094212348
cifar,learned,adversarial,0.0836,0.9445605155297986,0.04817347680791608,0.8963870387218825,0.9927339923377146
cifar,learned,adversarial,0.0838375,0.9441008138924282,0.04845487071745565,0.8956459431749725,0.9925556846098839
cifar,learned,adversarial,0.084075,0.9436411122550575,0.04874305431959075,0.8948980579354668,0.9923841665746482
cifar,learned,adversarial,0.0843125,0.943181410617687,0.04903790791045774,0.8941435027072293,0.9922193185281447
cifar,learned,adversarial,0.08455,0.9427217089803167,0.049339311909888085,0.8933823970704287,0.9920610208902048
cifar,learned,adversarial,0.0847875,0.9422620073429461,0.04964714701694989,0.8926148603259962,0.9919091543598959
cifar,learned,adversarial,0.085025,0.9418023057055755,0.049961294356519415,0.8918410113490561,0.991763600062095
cifar,learned,adversarial,0.0852625,0.9413426040682049,0.050281635616889406,0.8910609684513155,0.9916242396850943
cifar,learned,adversarial,0.0855,0.9408829024308344,0.05060805317847386,0.8902748492523606,0.9914909556093082
cifar,learned,adversarial,0.0857375,0.940423200793464,0.05094043023371074,0.8894827705597532,0.9913636310271747
cifar,learned,adversarial,0.085975,0.9399634991560935,0.0512786508983085,0.8886848482577849,0.991242150054402
cifar,learned,adversarial,0.0862125,0.9395037975187228,0.051622600314013306,0.8878811972047095,0.9911263978327362
cifar,learned,adversarial,0.08645,0.9390440958813525,0.05197216474310902,0.8870719311382435,0.9910162606244616
cifar,learned,adversarial,0.0866875,0.9385843942439817,0.05232723165488583,0.8862571625890958,0.9909116258988675
cifar,learned,adversarial,0.086925,0.9381246926066112,0.05268768980433701,0.8854370028022742,0.9908123824109483
cifar,learned,adversarial,0.0871625,0.9376649909692408,0.0530534293033609,0.88461156166588,0.9907184202726017
cifar,learned,adversarial,0.0874,0.9372052893318702,0.05342434168476117,0.883780947647109,0.9906296310166314
cifar,learned,adversarial,0.0876375,0.9367455876944998,0.05380031995934816,0.8829452677351516,0.990545907653848
cifar,learned,adversarial,0.087875,0.9362858860571293,0.05418125866645301,0.8821046273906763,0.9904671447235822
cifar,learned,adversarial,0.0881125,0.9358261844197587,0.05456705391817179,0.8812591305015869,0.9903932383379306
cifar,learned,adversarial,0.08835,0.9353664827823881,0.05495760343765888,0.8804088793447292,0.990324086220047
cifar,learned,adversarial,0.0885875,0.9349067811450177,0.05535280659178908,0.8795539745532286,0.9902595877368068
cifar,learned,adversarial,0.088825,0.934447079507647,0.055752564418506935,0.8786945150891401,0.990199643926154
cifar,learned,adversarial,0.0890625,0.9339873778702765,0.05615677964917728,0.8778305982210992,0.9901441575194538
cifar,learned,adversarial,0.0893,0.933527676232906,0.05656535672624596,0.87696231950666,0.990093032959152
cifar,learned,adversarial,0.0895375,0.9330679745955356,0.05697820181651395,0.8760897727790217,0.9900461764120495
cifar,learned,adversarial,0.089775,0.9326082729581651,0.0573952228203189,0.8752130501378461,0.990003495778484
cifar,learned,adversarial,0.0900125,0.9321485713207945,0.05781632937691087,0.8743322419438837,0.9899649006977054
cifar,learned,adversarial,0.09025,0.9316888696834239,0.05824143286629853,0.8734474368171253,0.9899303025497225
cifar,learned,adversarial,0.0904875,0.9312291680460535,0.058670446407833005,0.8725587216382205,0.9898996144538865
cifar,learned,adversarial,0.090725,0.930769466408683,0.059103284855784186,0.8716661815528988,0.9898727512644672
cifar,learned,adversarial,0.0909625,0.9303097647713123,0.05953986479215633,0.870769899979156,0.9898496295634687
cifar,learned,adversarial,0.0912,0.9298500631339418,0.05998010451697531,0.8698699586169665,0.9898301676509171
cifar,learned,adversarial,0.0914375,0.9293903614965714,0.06042392403627082,0.8689664374603006,0.9898142855328422
cifar,learned,adversarial,0.091675,0.9289306598592008,0.06087124504796579,0.8680594148112349,0.9898019049071666
cifar,learned,adversarial,0.0919125,0.9284709582218302,0.0613219909258717,0.8671489672959586,0.9897929491477019
cifar,learned,adversarial,0.09215,0.9280112565844597,0.061776086701980544,0.8662351698824792,0.9897873432864402
cifar,learned,adversarial,0.0923875,0.9275515549470893,0.06223345904723008,0.8653180958998592,0.9897850139943194
cifar,learned,adversarial,0.092625,0.9270918533097187,0.0626940362509118,0.8643978170588069,0.9897858895606304
cifar,learned,adversarial,0.0928625,0.9266321516723481,0.06315774819887696,0.8634744034734712,0.9897898998712251
cifar,learned,adversarial,0.0931,0.9261724500349775,0.0636245263506894,0.8625479236842881,0.9897969763856669
cifar,learned,adversarial,0.0933375,0.9257127483976072,0.06409430371586175,0.8616184446817454,0.989807052113469
cifar,learned,adversarial,0.093575,0.9252530467602366,0.0645670148293028,0.8606860319309337,0.9898200615895394
cifar,learned,adversarial,0.0938125,0.924793345122866,0.06504259572609636,0.8597507493967697,0.9898359408489624
cifar,learned,adversarial,0.09405,0.9243336434854955,0.06552098391572082,0.8588126595697747,0.9898546274012163
cifar,learned,adversarial,0.0942875,0.9238739418481251,0.0660021183558119,0.8578718234923132,0.989876060203937
cifar,learned,adversarial,0.094525,0.9234142402107546,0.06648593942556415,0.8569283007851904,0.9899001796363187
cifar,learned,adversarial,0.0947625,0.9229545385733839,0.06697238889885666,0.8559821496745272,0.9899269274722406
cifar,learned,adversarial,0.095,0.9224948369360134,0.06746140991718405,0.8550334270188293,0.9899562468531975
cifar,sinusoidal,noise,0.0,1.0,0.0,1.0,1.0
cifar,sinusoidal,noise,0.0002375,0.9999949299573448,9.936942565398654e-06,0.9999849930147795,1.0000048668999102
cifar,sinusoidal,noise,0.000475,0.9999898599146899,1.987388513079643e-05,0.9999699860295591,1.0000097337998206
cifar,sinusoidal,noise,0.0007125,0.9999847898720348,2.9810827696195085e-05,0.9999549790443386,1.000014600699731
cifar,sinusoidal,noise,0.00095,0.9999797198293795,3.974777026155651e-05,0.9999399720591179,1.000019467599641
cifar,sinusoidal,noise,0.0011875,0.9999746497867243,4.96847128269479e-05,0.9999249650738974,1.0000243344995512
cifar,sinusoidal,noise,0.001425,0.9999695797440694,5.962165539234655e-05,0.9999099580886771,1.0000292013994618
cifar,sinusoidal,noise,0.0016625,0.9999645097014143,6.955859795777478e-05,0.9998949511034565,1.000034068299372
cifar,sinusoidal,noise,0.0019,0.9999594396587591,7.949554052316617e-05,0.999879944118236,1.0000389351992822
cifar,sinusoidal,noise,0.0021375,0.9999543696161041,8.943248308857121e-05,0.9998649371330155,1.0000438020991926
cifar,sinusoidal,noise,0.002375,0.9999492995734487,9.936942565396988e-05,0.9998499301477948,1.0000486689991026
cifar,sinusoidal,noise,0.0026125,0.9999442295307938,0.00010930636821929457,0.9998349231625745,1.000053535899013
cifar,sinusoidal,noise,0.00285,0.9999391594881386,0.00011924331078469511,0.9998199161773539,1.0000584027989232
cifar,sinusoidal,noise,0.0030875,0.9999340894454836,0.00012918025335009376,0.9998049091921335,1.0000632696988336
cifar,sinusoidal,noise,0.003325,0.9999290194028284,0.00013911719591549156,0.9997899022069129,1.0000681365987438
cifar,sinusoidal,noise,0.0035625,0.9999239493601731,0.0001490541384808902,0.9997748952216923,1.000073003498654
cifar,sinusoidal,noise,0.0038,0.9999188793175183,0.00015899108104628886,0.999759888236472,1.0000778703985647
cifar,sinusoidal,noise,0.0040375,0.9999138092748631,0.00016892802361168663,0.9997448812512514,1.0000827372984749
cifar,sinusoidal,noise,0.004275,0.9999087392322079,0.00017886496617701859,0.9997298742660309,1.0000876041983848
cifar,sinusoidal,noise,0.0045125,0.9999036691895528,0.0001888019087424635,0.9997148672808103,1.0000924710982952
cifar,sinusoidal,noise,0.00475,0.9998985991468977,0.0001987388513078613,0.9996998602955899,1.0000973379982057
cifar,sinusoidal,noise,0.0049875,0.9998935291042427,0.00020867579387325993,0.9996848533103694,1.0001022048981159
cifar,sinusoidal,noise,0.005225,0.9998884590615876,0.000218612736438665,0.999669846325149,1.0001070717980263
cifar,sinusoidal,noise,0.0054625,0.9998833890189323,0.00022854967900405633,0.9996548393399282,1.0001119386979362
cifar,sinusoidal,noise,0.0057,0.9998783189762773,0.00023848662156938835,0.999639832354708,1.0001168055978467
cifar,sinusoidal,noise,0.0059375,0.9998732489336222,0.00024842356413479335,0.9996248253694874,1.000121672497757
cifar,sinusoidal,noise,0.006175,0.999868178890967,0.0002583605067001848,0.9996098183842669,1.0001265393976673
cifar,sinusoidal,noise,0.0064125,0.9998631088483118,0.0002682974492656129,0.9995948113990462,1.0001314062975775
cifar,sinusoidal,noise,0.00665,0.9998580388056569,0.0002782343918310115,0.9995798044138259,1.0001362731974879
cifar,sinusoidal,noise,0.0068875,0.9998529687630019,0.0002881713343964029,0.9995647974286055,1.0001411400973983
cifar,sinusoidal,noise,0.007125,0.9998478987203466,0.000298108276961808,0.9995497904433848,1.0001460069973085
cifar,sinusoidal,noise,0.0073625,0.9998428286776914,0.0003080452195271631,0.9995347834581642,1.0001508738972185
cifar,sinusoidal,noise,0.0076,0.9998377586350364,0.0003179821620925609,0.9995197764729439,1.000155740797129
cifar,sinusoidal,noise,0.0078375,0.9998326885923813,0.0003279191046579596,0.9995047694877233,1.0001606076970393
cifar,sinusoidal,noise,0.008075,0.999827618549726,0.0003378560472233537,0.9994897625025027,1.0001654745969493
cifar,sinusoidal,noise,0.0083125,0.999822548507071,0.00034779298978875154,0.9994747555172823,1.0001703414968597
cifar,sinusoidal,noise,0.00855,0.9998174784644158,0.0003577299323541501,0.9994597485320617,1.0001752083967699
cifar,sinusoidal,noise,0.0087875,0.9998124084217609,0.00036766687491955515,0.9994447415468414,1.0001800752966805
cifar,sinusoidal,noise,0.009025,0.9998073383791056,0.0003776038174848799,0.9994297345616208,1.0001849421965905
cifar,sinusoidal,noise,0.0092625,0.9998022683364506,0.00038754076005027854,0.9994147275764003,1.000189809096501
cifar,sinusoidal,noise,0.0095,0.9997971982937953,0.00039747770261568355,0.9993997205911797,1.000194675996411
cifar,sinusoidal,noise,0.0097375,0.9997921282511405,0.00040741464518107495,0.9993847136059594,1.0001995428963215
cifar,sinusoidal,noise,0.009975,0.9997870582084852,0.00041735158774650305,0.9993697066207388,1.0002044097962317
cifar,sinusoidal,noise,0.0102125,0.9997819881658301,0.0004272885303119017,0.9993546996355182,1.000209276696142
cifar,sinusoidal,noise,0.01045,0.9997769181231749,0.0004372254728773163,0.9993396926502977,1.0002141435960523
cifar,sinusoidal,noise,0.0106875,0.9997718480805199,0.00044716241544265464,0.9993246856650773,1.0002190104959625
cifar,sinusoidal,noise,0.010925,0.9997667780378646,0.0004570993580080533,0.9993096786798565,1.0002238773958727
cifar,sinusoidal,noise,0.0111625,0.9997617079952096,0.0004670363005734447,0.9992946716946361,1.0002287442957831
cifar,sinusoidal,noise,0.0114,0.9997566379525548,0.0004769732431388497,0.9992796647094159,1.0002336111956935
cifar,sinusoidal,noise,0.0116375,0.9997515679098994,0.00048691018570427147,0.9992646577241951,1.0002384780956037
cifar,sinusoidal,noise,0.011875,0.9997464978672443,0.0004968471282696692,0.9992496507389746,1.000243344995514
cifar,sinusoidal,noise,0.0121125,0.9997414278245892,0.0005067840708350679,0.9992346437537541,1.0002482118954243
cifar,sinusoidal,noise,0.01235,0.9997363577819339,0.0005167210134003926,0.9992196367685335,1.0002530787953343
cifar,sinusoidal,noise,0.0125875,0.9997312877392789,0.0005266579559657977,0.999204629783313,1.0002579456952447
cifar,sinusoidal,noise,0.012825,0.9997262176966238,0.0005365948985311963,0.9991896227980926,1.0002628125951551
cifar,sinusoidal,noise,0.0130625,0.9997211476539688,0.000546531841096594,0.9991746158128723,1.0002676794950653
cifar,sinusoidal,noise,0.0133,0.9997160776113138,0.0005564687836620159,0.9991596088276518,1.0002725463949758
cifar,sinusoidal,noise,0.0135375,0.9997110075686585,0.0005664057262274101,0.999144601842431,1.000277413294886
cifar,sinusoidal,noise,0.013775,0.9997059375260035,0.0005763426687928079,0.9991295948572106,1.0002822801947964
cifar,sinusoidal,noise,0.0140125,0.9997008674833482,0.0005862796113581398,0.99911458787199,1.0002871470947063
cifar,sinusoidal,noise,0.01425,0.999695797440693,0.0005962165539235448,0.9990995808867695,1.0002920139946165
cifar,sinusoidal,noise,0.0144875,0.9996910672762652,0.0006057302324106341,0.9990853370438546,1.0002967975086758
cifar,sinusoidal,noise,0.014725,0.9996866140789944,0.0006149011082556853,0.9990717129707387,1.00030151518725
cifar,sinusoidal,noise,0.0149625,0.9996821923530858,0.0006241314089398398,0.999058060944146,1.0003063237620256
cifar,sinusoidal,noise,0.0152,0.99967757256384,0.0006328983869137263,0.9990446741769263,1.0003104709507538
cifar,sinusoidal,noise,0.0154375,0.9996742276503738,0.0006395802381091405,0.9990346474122647,1.000313807888483
cifar,sinusoidal,noise,0.015675,0.9996711982386434,0.0006461705004667256,0.9990250277381766,1.00031736873911
cifar,sinusoidal,noise,0.0159125,0.999668168826913,0.0006527942570294501,0.9990153745698835,1.0003209630839425
cifar,sinusoidal,noise,0.01615,0.9996651394151826,0.0006594504985149011,0.9990056889166677,1.0003245899136974
cifar,sinusoidal,noise,0.0163875,0.9996621100034524,0.0006661382511282096,0.9989959717523242,1.0003282482545806
cifar,sinusoidal,noise,0.016625,0.999659080591722,0.0006728565752702571,0.9989862240164518,1.0003319371669923
cifar,sinusoidal,noise,0.0168625,0.9996560511799916,0.0006796045642844685,0.9989764466157071,1.000335655744276
cifar,sinusoidal,noise,0.0171,0.9996530217682612,0.000686381343242915,0.9989666404250183,1.000339403111504
cifar,sinusoidal,noise,0.0173375,0.9996499923565306,0.0006931860677704831,0.9989568062887602,1.000343178424301
cifar,sinusoidal,noise,0.017575,0.9996469629448005,0.0007000179229091181,0.9989469450218914,1.0003469808677097
cifar,sinusoidal,noise,0.0178125,0.9996439335330699,0.0007068761220189915,0.9989370574110509,1.0003508096550888
cifar,sinusoidal,noise,0.01805,0.9996409041213395,0.0007137599057181796,0.9989271442156213,1.0003546640270577
cifar,sinusoidal,noise,0.0182875,0.9996378747096092,0.000720668540859597,0.9989172061687496,1.0003585432504687
cifar,sinusoidal,noise,0.018525,0.9996348452978788,0.0007276013195440723,0.9989072439783347,1.0003624466174228
cifar,sinusoidal,noise,0.0187625,0.9996318158861485,0.0007345575581691859,0.9988972583279793,1.0003663734443176
cifar,sinusoidal,noise,0.019,0.999628786474418,0.0007415365965131545,0.9988872498779049,1.000370323070931
cifar,sinusoidal,noise,0.0192375,0.9996257570626877,0.0007485377968526013,0.9988772192658352,1.0003742948595404
cifar,sinusoidal,noise,0.019475,0.9996227276509573,0.00075556054311295,0.9988671671078443,1.0003782881940702
cifar,sinusoidal,noise,0.0197125,0.9996196982392269,0.00076260424005178,0.9988570939991751,1.0003823024792786
cifar,sinusoidal,noise,0.01995,0.9996166688274967,0.0007696683124726842,0.998847000515024,1.0003863371399693
cifar,sinusoidal,noise,0.0201875,0.9996136394157662,0.0007767522044691783,0.998836887211297,1.0003903916202355
cifar,sinusoidal,noise,0.020425,0.9996106100040358,0.00078385537869848,0.9988267546253373,1.0003944653827344
cifar,sinusoidal,noise,0.0206625,0.9996075805923055,0.0007909773156830214,0.9988166032766225,1.0003985579079886
cifar,sinusoidal,noise,0.0209,0.9996045511805751,0.000798117513139066,0.998806433667436,1.0004026686937142
cifar,sinusoidal,noise,0.0211375,0.9996015217688446,0.0008052754853323387,0.9987962462835123,1.000406797254177
cifar,sinusoidal,noise,0.021375,0.9995984923571143,0.0008124507624580678,0.9987860415946562,1.0004109431195725
cifar,sinusoidal,noise,0.0216125,0.9995954629453839,0.0008196428900465443,0.9987758200553374,1.0004151058354305
cifar,sinusoidal,noise,0.02185,0.9995924335336536,0.0008268514283912924,0.9987655821052622,1.0004192849620448
cifar,sinusoidal,noise,0.0220875,0.9995894041219233,0.0008340759520002972,0.9987553281699231,1.0004234800739236
cifar,sinusoidal,noise,0.022325,0.9995863747101928,0.0008413160490691581,0.9987450586611237,1.000427690759262
cifar,sinusoidal,noise,0.0225625,0.9995833452984625,0.0008485713209749893,0.9987347739774874,1.0004319166194375
cifar,sinusoidal,noise,0.0228,0.9995803158867319,0.0008558413817902633,0.9987244745049416,1.000436157268522
cifar,sinusoidal,noise,0.0230375,0.9995772864750015,0.0008631258578166734,0.9987141606171849,1.0004404123328183
cifar,sinusoidal,noise,0.023275,0.9995742570632714,0.0008704243871369256,0.9987038326761345,1.0004446814504084
cifar,sinusoidal,noise,0.0235125,0.9995712276515408,0.0008777366191843195,0.9986934910323565,1.000448964270725
cifar,sinusoidal,noise,0.02375,0.9995681982398104,0.0008850622143303109,0.9986831360254801,1.0004532604541407
cifar,sinusoidal,noise,0.0239875,0.9995651688280803,0.0008924008434874509,0.9986727679845929,1.0004575696715678
cifar,sinusoidal,noise,0.024225,0.9995621394163497,0.0008997521877286893,0.9986623872286211,1.0004618916040784
cifar,sinusoidal,noise,0.0244625,0.9995591100046193,0.0009071159379217408,0.9986519940666976,1.000466225942541
cifar,sinusoidal,noise,0.0247,0.999556080592889,0.0009144917943779198,0.9986415887985111,1.0004705723872669
cifar,sinusoidal,noise,0.0249375,0.9995530511811586,0.0009218794665144409,0.9986311717146441,1.000474930647673
cifar,sinusoidal,noise,0.025175,0.9995500217694283,0.0009292786725310332,0.9986207430968973,1.0004793004419594
cifar,sinusoidal,noise,0.0254125,0.9995469923576978,0.0009366891390984025,0.9986103032185994,1.0004836814967963
cifar,sinusoidal,noise,0.02565,0.9995439629459675,0.0009441106010591823,0.9985998523449083,1.0004880735470267
cifar,sinusoidal,noise,0.0258875,0.9995409335342371,0.0009515428011410644,0.998589390733096,1.0004924763353782
cifar,sinusoidal,noise,0.026125,0.9995379041225068,0.0009589854896807527,0.998578918632826,1.0004968896121875
cifar,sinusoidal,noise,0.0263625,0.9995348747107764,0.000966438424358537,0.9985684362864179,1.000501313135135
cifar,sinusoidal,noise,0.0266,0.9995318452990459,0.0009739013699439369,0.998557943929102,1.00050574666899
cifar,sinusoidal,noise,0.0268375,0.9995288158873156,0.0009813740980505706,0.998547441789265,1.0005101899853661
cifar,sinusoidal,noise,0.027075,0.999525786475585,0.000988856386900511,0.9985369300886845,1.0005146428624856
cifar,sinusoidal,noise,0.0273125,0.9995227570638548,0.00099634802109853,0.9985264090427564,1.0005191050849533
cifar,sinusoidal,noise,0.02755,0.9995197276521245,0.00100384879141422,0.9985158788607102,1.0005235764435387
cifar,sinusoidal,noise,0.0277875,0.9995166982403941,0.0010113584945726161,0.9985053397458216,1.0005280567349668
cifar,sinusoidal,noise,0.028025,0.9995136688286638,0.0010188769330533674,0.9984947918956104,1.0005325457617171
cifar,sinusoidal,noise,0.0282625,0.9995106394169332,0.0010264039148970862,0.9984842355020361,1.0005370433318304
cifar,sinusoidal,noise,0.0285,0.999507610005203,0.001033939253518986,0.998473670751684,1.000541549258722
cifar,sinusoidal,noise,0.0287375,0.9995045805934725,0.0010414827675302393,0.9984630978259422,1.0005460633610026
cifar,sinusoidal,noise,0.028975,0.9995015511817421,0.001049034280565354,0.9984525169011768,1.0005505854623076
cifar,sinusoidal,noise,0.0292125,0.9994985217700117,0.0010565936211162953,0.9984419281488954,1.000555115391128
cifar,sinusoidal,noise,0.02945,0.9994954923582814,0.001064160622373151,0.9984313317359083,1.0005596529806546
cifar,sinusoidal,noise,0.0296875,0.9994924629465513,0.0010717351220705027,0.9984207278244808,1.0005641980686217
cifar,sinusoidal,noise,0.029925,0.9994894335348207,0.0010793169623390488,0.9984101165724816,1.0005687504971597
cifar,sinusoidal,noise,0.0301625,0.9994864041230903,0.001086905989563871,0.9983994981335265,1.0005733101126542
cifar,sinusoidal,noise,0.0304,0.9994833747113598,0.0010945020542468698,0.998388872657113,1.0005778767656066
cifar,sinusoidal,noise,0.0306375,0.9994803452996295,0.001102105010874596,0.9983782402887549,1.000582450310504
cifar,sinusoidal,noise,0.030875,0.9994773158878992,0.0011097147177914933,0.9983676011701077,1.0005870306056908
cifar,sinusoidal,noise,0.0311125,0.9994742864761688,0.001117331037076633,0.9983569554390921,1.0005916175132454
cifar,sinusoidal,noise,0.03135,0.9994712570644384,0.00112495383442613,0.9983463032300123,1.0005962108988646
cifar,sinusoidal,noise,0.0315875,0.999468227652708,0.0011325829790391297,0.9983356446736689,1.0006008106317472
cifar,sinusoidal,noise,0.031825,0.9994651982409777,0.0011402183435078536,0.9983249798974698,1.0006054165844855
cifar,sinusoidal,noise,0.0320625,0.9994621688292472,0.0011478598037121513,0.9983143090255351,1.0006100286329593
cifar,sinusoidal,noise,0.0323,0.9994591394175169,0.0011555072387173671,0.9983036321787995,1.0006146466562342
cifar,sinusoidal,noise,0.0325375,0.9994561100057865,0.0011631605306757543,0.9982929494751107,1.0006192705364623
cifar,sinusoidal,noise,0.032775,0.9994530805940561,0.0011708195647319617,0.9982822610293242,1.000623900158788
cifar,sinusoidal,noise,0.0330125,0.9994500511823258,0.001178484228931502,0.9982715669533943,1.0006285354112572
cifar,sinusoidal,noise,0.03325,0.9994470217705954,0.0011861544141320147,0.9982608673564634,1.0006331761847274
cifar,sinusoidal,noise,0.0334875,0.999443992358865,0.0011938300139187087,0.9982501623449463,1.0006378223727839
cifar,sinusoidal,noise,0.033725,0.9994409629471347,0.0012015109245217944,0.9982394520226129,1.0006424738716564
cifar,sinusoidal,noise,0.0339625,0.9994379335354041,0.0012091970447370693,0.998228736490667,1.0006471305801412
cifar,sinusoidal,noise,0.0342,0.9994349041236738,0.001216888275849563,0.9982180158478242,1.0006517923995233
cifar,sinusoidal,noise,0.0344375,0.9994318747119434,0.0012245845215595546,0.9982072901903838,1.000656459233503
cifar,sinusoidal,noise,0.034675,0.999428845300213,0.0012322856879108197,0.9981965596123022,1.000661130988124
cifar,sinusoidal,noise,0.0349125,0.9994258158884827,0.0012399916832221253,0.9981858242052606,1.0006658075717048
cifar,sinusoidal,noise,0.03515,0.9994227864767523,0.0012477024180204764,0.9981750840587318,1.0006704888947728
cifar,sinusoidal,noise,0.0353875,0.9994197570650218,0.001255417804976401,0.9981643392600454,1.0006751748699982
cifar,sinusoidal,noise,0.035625,0.9994167276532916,0.0012631377588422474,0.9981535898944494,1.0006798654121338
cifar,sinusoidal,noise,0.0358625,0.9994136982415611,0.0012708621963919266,0.9981428360451692,1.000684560437953
cifar,sinusoidal,noise,0.0361,0.9994106688298308,0.0012785910363625349,0.9981320777934682,1.0006892598661934
cifar,sinusoidal,noise,0.0363375,0.9994080658360494,0.001285759544006152,0.9981223062920432,1.0006938253800555
cifar,sinusoidal,noise,0.036575,0.9994054835145173,0.0012929054640658222,0.9981125780504515,1.0006983889785832
cifar,sinusoidal,noise,0.0368125,0.9994029011929855,0.0013000561040939177,0.9981028450888916,1.0007029572970794
cifar,sinusoidal,noise,0.03705,0.9994003188714534,0.0013072113866336712,0.9980931074848197,1.000707530258087
cifar,sinusoidal,noise,0.0372875,0.9993977365499216,0.0013143712358653307,0.9980833653140563,1.000712107785787
cifar,sinusoidal,noise,0.037525,0.9993951542283895,0.0013215355775641512,0.9980736186508253,1.0007166898059536
cifar,sinusoidal,noise,0.0377625,0.9993904884256984,0.0013243219997254784,0.998066166425973,1.000714810425424
cifar,sinusoidal,noise,0.038,0.9993843125807524,0.0013226354645230276,0.9980616771162294,1.0007069480452755
cifar,sinusoidal,noise,0.0382375,0.9993784819360022,0.0013208534842692192,0.998057628451733,1.0006993354202713
cifar,sinusoidal,noise,0.038475,0.9993714548096962,0.0013189183983225107,0.9980525364113737,1.0006903732080188
cifar,sinusoidal,noise,0.0387125,0.9993628434036611,0.0013171415812840044,0.9980457018223771,1.000679984984945
cifar,sinusoidal,noise,0.03895,0.9993542319976259,0.001315373741878332,0.9980388582557476,1.0006696057395041
cifar,sinusoidal,noise,0.0391875,0.9993456205915909,0.0013136149163513447,0.9980320056752396,1.0006592355079422
cifar,sinusoidal,noise,0.039425,0.9993370091855557,0.0013118651409579122,0.9980251440445977,1.0006488743265136
cifar,sinusoidal,noise,0.0396625,0.9993283977795206,0.0013101244519596116,0.998018273327561,1.0006385222314802
cifar,sinusoidal,noise,0.0399,0.9993197863734854,0.00130839288562212,0.9980113934878633,1.0006281792591074
cifar,sinusoidal,noise,0.0401375,0.9993111749674503,0.001306670478212822,0.9980045044892374,1.0006178454456631
cifar,sinusoidal,noise,0.040375,0.9993025635614151,0.0013049572659980825,0.997997606295417,1.0006075208274132
cifar,sinusoidal,noise,0.0406125,0.99929395215538,0.001303253285241056,0.9979906988701389,1.000597205440621
cifar,sinusoidal,noise,0.04085,0.9992853407493448,0.0013015585721987545,0.9979837821771461,1.0005868993215437
cifar,sinusoidal,noise,0.0410875,0.9992767293433097,0.0012998731631196307,0.99797685618019,1.0005766025064293
cifar,sinusoidal,noise,0.041325,0.9992681179372745,0.0012981970942409294,0.9979699208430336,1.0005663150315154
cifar,sinusoidal,noise,0.0415625,0.9992595065312395,0.001296530401785615,0.997962976129454,1.000556036933025
cifar,sinusoidal,noise,0.0418,0.9992508951252043,0.001294873121960329,0.997956022003244,1.0005457682471646
cifar,sinusoidal,noise,0.0420375,0.9992422837191692,0.0012932252909521515,0.9979490584282171,1.0005355090101213
cifar,sinusoidal,noise,0.042275,0.9992336723131342,0.0012915869449260473,0.9979420853682082,1.0005252592580602
cifar,sinusoidal,noise,0.0425125,0.999225060907099,0.0012899581200220564,0.9979351027870769,1.000515019027121
cifar,sinusoidal,noise,0.04275,0.9992164495010637,0.0012883388523521903,0.9979281106487115,1.000504788353416
cifar,sinusoidal,noise,0.0429875,0.9992078380950286,0.0012867291779981005,0.9979211089170305,1.0004945672730265
cifar,sinusoidal,noise,0.043225,0.9991992266889936,0.001285129133007726,0.9979140975559859,1.0004843558220013
cifar,sinusoidal,noise,0.0434625,0.9991906152829585,0.0012835387533926747,0.9979070765295658,1.000474154036351
cifar,sinusoidal,noise,0.0437,0.9991820038769234,0.0012819580751252473,0.9979000458017981,1.0004639619520486
cifar,sinusoidal,noise,0.0439375,0.999173392470888,0.0012803871341350915,0.9978930053367528,1.000453779605023
cifar,sinusoidal,noise,0.044175,0.9991647810648528,0.0012788259663068502,0.997885955098546,1.0004436070311598
cifar,sinusoidal,noise,0.0444125,0.9991561696588177,0.0012772746074767095,0.997878895051341,1.0004334442662943
cifar,sinusoidal,noise,0.04465,0.9991475582527826,0.001275733093429415,0.9978718251593531,1.0004232913462119
cifar,sinusoidal,noise,0.0448875,0.9991389468467475,0.001274201459895339,0.9978647453868522,1.000413148306643
cifar,sinusoidal,noise,0.045125,0.9991303354407123,0.0012726797425471248,0.9978576556981652,1.0004030151832595
cifar,sinusoidal,noise,0.0453625,0.9991217240346772,0.0012711679769968939,0.9978505560576804,1.0003928920116743
cifar,sinusoidal,noise,0.0456,0.9991131126286422,0.0012696661987928156,0.9978434464298495,1.000382778827435
cifar,sinusoidal,noise,0.0458375,0.9991045012226071,0.0012681744434160829,0.997836326779191,1.0003726756660232
cifar,sinusoidal,noise,0.046075,0.9990958898165719,0.0012666927462777872,0.9978291970702942,1.0003625825628497
cifar,sinusoidal,noise,0.0463125,0.9990872784105367,0.0012652211427152478,0.9978220572678215,1.000352499553252
cifar,sinusoidal,noise,0.04655,0.9990786670045017,0.0012637596679894076,0.9978149073365122,1.000342426672491
cifar,sinusoidal,noise,0.0467875,0.9990700555984664,0.0012623083572811807,0.9978077472411853,1.0003323639557475
cifar,sinusoidal,noise,0.047025,0.9990614441924315,0.0012608672456881236,0.9978005769467434,1.0003223114381197
cifar,sinusoidal,noise,0.0472625,0.9990528327863961,0.0012594363682214048,0.9977933964181747,1.0003122691546176
cifar,sinusoidal,noise,0.0475,0.9990442213803611,0.0012580157598019728,0.9977862056205591,1.000302237140163
cifar,sinusoidal,noise,0.0477375,0.9990356099743259,0.0012566054552578334,0.9977790045190681,1.0002922154295837
cifar,sinusoidal,noise,0.047975,0.9990269985682906,0.0012552054893201533,0.9977717930789705,1.0002822040576107
cifar,sinusoidal,noise,0.0482125,0.9990183871622556,0.00125381589662008,0.9977645712656354,1.0002722030588755
cifar,sinusoidal,noise,0.04845,0.9990097757562203,0.001252436711685417,0.9977573390445349,1.0002622124679057
cifar,sinusoidal,noise,0.0486875,0.9990011643501854,0.0012510679689366811,0.9977500963812487,1.000252232319122
cifar,sinusoidal,noise,0.048925,0.9989925529441503,0.0012497097026843648,0.997742843241466,1.0002422626468348
cifar,sinusoidal,noise,0.0491625,0.998983941538115,0.0012483619471249942,0.99773557959099,1.00023230348524
cifar,sinusoidal,noise,0.0494,0.99897533013208,0.0012470247363376677,0.9977283053957423,1.0002223548684177
cifar,sinusoidal,noise,0.0496375,0.9989667187260448,0.0012456981042806665,0.9977210206217642,1.0002124168303255
cifar,sinusoidal,noise,0.049875,0.9989581073200097,0.0012443820847879558,0.9977137252352217,1.0002024894047976
cifar,sinusoidal,noise,0.0501125,0.9989494959139745,0.0012430767115652495,0.9977064192024093,1.0001925726255398
cifar,sinusoidal,noise,0.05035,0.9989408845079394,0.001241782018186992,0.9976991024897524,1.0001826665261264
cifar,sinusoidal,noise,0.0505875,0.9989322731019042,0.0012404980380925368,0.9976917750638117,1.0001727711399968
cifar,sinusoidal,noise,0.050825,0.9989236616958689,0.0012392248045824637,0.9976844368912864,1.0001628865004513
cifar,sinusoidal,noise,0.0510625,0.998915050289834,0.001237962350815127,0.9976770879390189,1.000153012640649
cifar,sinusoidal,noise,0.0513,0.9989064388837989,0.0012367107098027656,0.9976697281739961,1.0001431495936017
cifar,sinusoidal,noise,0.0515375,0.9988978274777636,0.0012354699144083445,0.9976623575633552,1.000133297392172
cifar,sinusoidal,noise,0.051775,0.9988892160717286,0.001234239997341509,0.9976549760743871,1.0001234560690702
cifar,sinusoidal,noise,0.0520125,0.9988806046656933,0.0012330209911550784,0.9976475836745382,1.0001136256568484
cifar,sinusoidal,noise,0.05225,0.9988719932596583,0.0012318129282415007,0.9976401803314168,1.0001038061878997
cifar,sinusoidal,noise,0.0524875,0.9988633818536233,0.0012306158408287283,0.9976327660127946,1.000093997694452
cifar,sinusoidal,noise,0.052725,0.9988547704475881,0.0012294297609771903,0.9976253406866109,1.0000842002085653
cifar,sinusoidal,noise,0.0529625,0.998846159041553,0.0012282547205756176,0.9976179043209774,1.0000744137621287
cifar,sinusoidal,noise,0.0532,0.9988375476355178,0.0012270907513376524,0.9976104568841802,1.0000646383868554
cifar,sinusoidal,noise,0.0534375,0.9988289362294825,0.0012259378847978822,0.9976029983446847,1.0000548741142805
cifar,sinusoidal,noise,0.053675,0.9988203248234475,0.0012247961523081858,0.9975955286711393,1.0000451209757557
cifar,sinusoidal,noise,0.0539125,0.9988117134174122,0.0012236655850343067,0.9975880478323779,1.0000353790024465
cifar,sinusoidal,noise,0.05415,0.9988031020113772,0.0012225462139517655,0.9975805557974254,1.000025648225329
cifar,sinusoidal,noise,0.0543875,0.998794490605342,0.0012214380698424075,0.9975730525354995,1.0000159286751844
cifar,sinusoidal,noise,0.054625,0.9987858791993068,0.0012203411832906593,0.9975655380160162,1.0000062203825975
cifar,sinusoidal,noise,0.0548625,0.9987772677932717,0.001219255584679448,0.9975580122085922,0.9999965233779512
cifar,sinusoidal,noise,0.0551,0.9987686563872367,0.0012181813041870632,0.9975504750830496,0.9999868376914237
cifar,sinusoidal,noise,0.0553375,0.9987600449812014,0.0012171183717830977,0.9975429266094183,0.9999771633529845
cifar,sinusoidal,noise,0.055575,0.9987514335751664,0.001216066817224705,0.9975353667579416,0.9999675003923911
cifar,sinusoidal,noise,0.0558125,0.9987428221691311,0.0012150266700531177,0.997527795499078,0.9999578488391843
cifar,sinusoidal,noise,0.05605,0.9987342107630961,0.0012139979595895947,0.9975202128035066,0.9999482087226856
cifar,sinusoidal,noise,0.0562875,0.9987255993570608,0.0012129807149320933,0.9975126186421287,0.999938580071993
cifar,sinusoidal,noise,0.056525,0.9987169879510259,0.001211974964951296,0.9975050129860746,0.9999289629159772
cifar,sinusoidal,noise,0.0567625,0.9987083765449908,0.0012109807382870768,0.9974973958067037,0.9999193572832779
cifar,sinusoidal,noise,0.057,0.9986997651389556,0.001209998063344847,0.9974897670756108,0.9999097632023005
cifar,sinusoidal,noise,0.0572375,0.9986911537329203,0.0012090269682914906,0.9974821267646288,0.9999001807012118
cifar,sinusoidal,noise,0.057475,0.9986825423268852,0.0012080674810522917,0.997474474845833,0.9998906098079375
cifar,sinusoidal,noise,0.0577125,0.99867393092085,0.001207119629306961,0.997466811291543,0.999881050550157
cifar,sinusoidal,noise,0.05795,0.998665319514815,0.00120618344048587,0.9974591360743291,0.9998715029553008
cifar,sinusoidal,noise,0.0581875,0.9986567081087799,0.001205258941766786,0.9974514491670131,0.9998619670505468
cifar,sinusoidal,noise,0.058425,0.9986480967027447,0.0012043461600707262,0.997443750542674,0.9998524428628154
cifar,sinusoidal,noise,0.0586625,0.9986394852967097,0.001203445122059031,0.9974360401746506,0.9998429304187687
cifar,sinusoidal,noise,0.0589,0.9986308738906744,0.0012025558541291378,0.9974283180365453,0.9998334297448035
cifar,sinusoidal,noise,0.0591375,0.9986222624846394,0.0012016783824114281,0.9974205841022279,0.9998239408670508
cifar,sinusoidal,noise,0.059375,0.9986136510786041,0.001200812732765528,0.9974128383458386,0.9998144638113696
cifar,sinusoidal,noise,0.0596125,0.9986050396725691,0.0011999589307767396,0.9974050807417923,0.9998049986033458
cifar,sinusoidal,noise,0.05985,0.9985964282665339,0.0011991170017524968,0.9973973112647815,0.9997955452682864
cifar,sinusoidal,noise,0.0600875,0.9985878168604988,0.0011982869707190561,0.9973895298897797,0.9997861038312179
cifar,sinusoidal,noise,0.060325,0.9985792054544637,0.0011974688624178528,0.9973817365920458,0.9997766743168816
cifar,sinusoidal,noise,0.0605625,0.9985705940484285,0.0011966627013021,0.9973739313471264,0.9997672567497307
cifar,sinusoidal,noise,0.0608,0.9985619826423934,0.001195868511533496,0.9973661141308598,0.9997578511539269
cifar,sinusoidal,noise,0.0610375,0.9985533712363582,0.0011950863169783272,0.99735828491938,0.9997484575533365
cifar,sinusoidal,noise,0.061275,0.998544759830323,0.0011943161412048611,0.9973504436891181,0.9997390759715279
cifar,sinusoidal,noise,0.0615125,0.998536148424288,0.0011935580074794291,0.9973425904168085,0.9997297064317674
cifar,sinusoidal,noise,0.06175,0.9985275370182527,0.001192811938763271,0.9973347250794894,0.999720348957016
cifar,sinusoidal,noise,0.0619875,0.9985189256122177,0.0011920779577092816,0.9973268476545084,0.9997110035699269
cifar,sinusoidal,noise,0.062225,0.9985103142061825,0.0011913560866585664,0.997318958119524,0.9997016702928411
cifar,sinusoidal,noise,0.0624625,0.9985017028001474,0.0011906463476375618,0.9973110564525098,0.9996923491477849
cifar,sinusoidal,noise,0.0627,0.9984930913941122,0.0011899487623544779,0.9973031426317578,0.9996830401564667
cifar,sinusoidal,noise,0.0629375,0.9984844799880771,0.0011892633521963587,0.9972952166358807,0.9996737433402735
cifar,sinusoidal,noise,0.063175,0.998475868582042,0.0011885901382259964,0.9972872784438159,0.999664458720268
cifar,sinusoidal,noise,0.0634125,0.9984672571760068,0.001187929141178337,0.9972793280348284,0.9996551863171852
cifar,sinusoidal,noise,0.06365,0.9984586457699717,0.001187280381458143,0.9972713653885136,0.9996459261514298
cifar,sinusoidal,noise,0.0638875,0.9984500343639366,0.0011866438791365399,0.9972633904848001,0.9996366782430732
cifar,sinusoidal,noise,0.064125,0.9984414229579013,0.0011860196539481354,0.9972554033039531,0.9996274426118494
cifar,sinusoidal,noise,0.0643625,0.9984328115518663,0.001185407725287991,0.9972474038265783,0.9996182192771542
cifar,sinusoidal,noise,0.0646,0.9984242001458311,0.0011848081122087229,0.9972393920336224,0.9996090082580398
cifar,sinusoidal,noise,0.0648375,0.998415588739796,0.0011842208334178737,0.9972313679063781,0.9995998095732138
cifar,sinusoidal,noise,0.065075,0.9984069773337608,0.0011836459072747428,0.9972233314264861,0.9995906232410355
cifar,sinusoidal,noise,0.0653125,0.9983983659277257,0.0011830833517879234,0.9972152825759377,0.9995814492795136
cifar,sinusoidal,noise,0.06555,0.9983897545216905,0.0011825331846123856,0.9972072213370782,0.9995722877063029
cifar,sinusoidal,noise,0.0657875,0.9983811431156555,0.0011819954230466517,0.9971991476926089,0.9995631385387022
cifar,sinusoidal,noise,0.066025,0.9983725317096203,0.0011814700840304911,0.9971910616255898,0.9995540017936507
cifar,sinusoidal,noise,0.0662625,0.9983639203035852,0.001180957184142172,0.9971829631194431,0.9995448774877274
cifar,sinusoidal,noise,0.0665,0.99835530889755,0.0011804567395957146,0.9971748521579542,0.9995357656371457
cifar,sinusoidal,noise,0.0667375,0.998346697491515,0.0011799687662388573,0.9971667287252761,0.9995266662577538
cifar,sinusoidal,noise,0.066975,0.9983380860854799,0.0011794932795499344,0.99715859280593,0.9995175793650298
cifar,sinusoidal,noise,0.0672125,0.9983294746794446,0.0011790302946361522,0.9971504443848084,0.9995085049740807
cifar,sinusoidal,noise,0.06745,0.9983208632734094,0.0011785798262308207,0.9971422834471786,0.9994994430996402
cifar,sinusoidal,noise,0.0676875,0.9983122518673743,0.001178141888691165,0.9971341099786831,0.9994903937560654
cifar,sinusoidal,noise,0.067925,0.9983036404613391,0.0011777164959962474,0.9971259239653428,0.9994813569573354
cifar,sinusoidal,noise,0.0681625,0.9982950290553041,0.0011773036617442377,0.9971177253935598,0.9994723327170484
cifar,sinusoidal,noise,0.0684,0.9982864176492688,0.001176903399151048,0.9971095142501178,0.9994633210484198
cifar,sinusoidal,noise,0.0686375,0.9982778062432337,0.0011765157210476681,0.997101290522186,0.9994543219642814
cifar,sinusoidal,noise,0.068875,0.9982691948371986,0.0011761406398783495,0.9970930541973202,0.9994453354770769
cifar,sinusoidal,noise,0.0691125,0.9982605834311635,0.0011757781676985676,0.997084805263465,0.9994363615988621
cifar,sinusoidal,noise,0.06935,0.9982519720251285,0.0011754283161732543,0.9970765437089553,0.9994274003413017
cifar,sinusoidal,noise,0.0695875,0.9982433606190932,0.0011750910965748383,0.9970682695225184,0.9994184517156681
cifar,sinusoidal,noise,0.069825,0.998234749213058,0.0011747665197812483,0.9970599826932768,0.9994095157328392
cifar,sinusoidal,noise,0.0700625,0.9982261378070231,0.0011744545962746379,0.9970516832107484,0.9994005924032977
cifar,sinusoidal,noise,0.0703,0.9982175264009879,0.0011741553361393068,0.9970433710648486,0.9993916817371272
cifar,sinusoidal,noise,0.0705375,0.9982089149949528,0.0011738687490602303,0.9970350462458926,0.999382783744013
cifar,sinusoidal,noise,0.070775,0.9982003035889176,0.0011735948443215918,0.9970267087445961,0.9993738984332392
cifar,sinusoidal,noise,0.0710125,0.9981916921828824,0.0011733336308051069,0.9970183585520773,0.9993650258136875
cifar,sinusoidal,noise,0.07125,0.9981830807768471,0.001173085116988731,0.9970099956598584,0.9993561658938359
cifar,sinusoidal,noise,0.0714875,0.9981744693708121,0.0011728493109452618,0.9970016200598668,0.9993473186817574
cifar,sinusoidal,noise,0.071725,0.9981658579647771,0.0011726262203409765,0.9969932317444361,0.9993384841851181
cifar,sinusoidal,noise,0.0719625,0.9981572465587418,0.0011724158524344958,0.9969848307063073,0.9993296624111764
cifar,sinusoidal,noise,0.0722,0.9981486351527068,0.0011722182140754774,0.9969764169386314,0.9993208533667822
cifar,sinusoidal,noise,0.0724375,0.9981400237466715,0.001172033311703625,0.9969679904349679,0.9993120570583752
cifar,sinusoidal,noise,0.072675,0.9981314123406365,0.0011718611513476512,0.9969595511892889,0.9993032734919841
cifar,sinusoidal,noise,0.0729125,0.9981228009346013,0.0011717017386241165,0.9969510991959771,0.9992945026732254
cifar,sinusoidal,noise,0.07315,0.9981141895285662,0.0011715550787367223,0.9969426344498296,0.9992857446073029
cifar,sinusoidal,noise,0.0733875,0.9981055781225311,0.0011714211764753983,0.9969341569460557,0.9992769992990065
cifar,sinusoidal,noise,0.073625,0.9980968664668954,0.0011714563085233661,0.9969254101583721,0.9992683227754188
cifar,sinusoidal,noise,0.0738625,0.9980873328119269,0.0011727875642808196,0.996914545247646,0.9992601203762077
cifar,sinusoidal,noise,0.0741,0.9980777991569582,0.0011741351533425832,0.9969036640036155,0.9992519343103008
cifar,sinusoidal,noise,0.0743375,0.9980682655019896,0.0011754990195353495,0.9968927664824542,0.999243764521525
cifar,sinusoidal,noise,0.074575,0.9980587318470208,0.0011768791062690947,0.9968818527407517,0.9992356109532898
cifar,sinusoidal,noise,0.0748125,0.9980491981920521,0.001178275356547638,0.9968709228355044,0.9992274735485998
cifar,sinusoidal,noise,0.07505,0.9980396645370835,0.0011796877129787084,0.9968599768241048,0.9992193522500622
cifar,sinusoidal,noise,0.0752875,0.9980301308821148,0.0011811161177838663,0.996849014764331,0.9992112469998986
cifar,sinusoidal,noise,0.075525,0.9980205972271462,0.0011825605128091617,0.996838036714337,0.9992031577399554
cifar,sinusoidal,noise,0.0757625,0.9980110635721776,0.0011840208395347267,0.9968270427326429,0.9991950844117123
cifar,sinusoidal,noise,0.076,0.9980015299172088,0.001185497039085353,0.9968160328781235,0.9991870269562941
cifar,sinusoidal,noise,0.0762375,0.9979919962622402,0.001186989052240337,0.9968050072099999,0.9991789853144806
cifar,sinusoidal,noise,0.076475,0.9979824626072716,0.0011884968194434537,0.9967939657878282,0.9991709594267151
cifar,sinusoidal,noise,0.0767125,0.9979729289523029,0.001190020280813151,0.9967829086714898,0.9991629492331161
cifar,sinusoidal,noise,0.07695,0.9979633952973344,0.001191559376152336,0.996771835921182,0.9991549546734867
cifar,sinusoidal,noise,0.0771875,0.9979537003634512,0.0011928630060624567,0.9967608373573887,0.9991465633695137
cifar,sinusoidal,noise,0.077425,0.9979433463365485,0.0011931631782833591,0.9967501831582651,0.9991365095148318
cifar,sinusoidal,noise,0.0776625,0.9979323815246053,0.0011931660990923403,0.9967392154255129,0.9991255476236977
cifar,sinusoidal,noise,0.0779,0.9979201845592437,0.0011925357012932427,0.9967276488579504,0.999112720260537
cifar,sinusoidal,noise,0.0781375,0.9979079875938823,0.0011919232334127866,0.9967160643604696,0.9990999108272951
cifar,sinusoidal,noise,0.078375,0.9978954682435716,0.0011910291503386995,0.9967044390932328,0.9990864973939103
cifar,sinusoidal,noise,0.0786125,0.9978815441419004,0.0011891818147848198,0.9966923623271157,0.9990707259566852
cifar,sinusoidal,noise,0.07885,0.9978669320950218,0.0011876996143265087,0.9966792324806952,0.9990546317093483
cifar,sinusoidal,noise,0.0790875,0.9978521602962585,0.0011863027730270826,0.9966658575232313,0.9990384630692856
cifar,sinusoidal,noise,0.079325,0.9978373884974955,0.0011849080252663731,0.9966524804722291,0.9990222965227619
cifar,sinusoidal,noise,0.0795625,0.9978226166987322,0.0011835153784458725,0.9966391013202863,0.999006132077178
cifar,sinusoidal,noise,0.0798,0.9978078448999691,0.001182124839990863,0.9966257200599782,0.99898996973996
cifar,sinusoidal,noise,0.0800375,0.9977930731012061,0.0011807364173503207,0.9966123366838558,0.9989738095185564
cifar,sinusoidal,noise,0.080275,0.9977783013024428,0.0011793501179970158,0.9965989511844459,0.9989576514204398
cifar,sinusoidal,noise,0.0805125,0.99776352950368,0.0011779659494273132,0.9965855635542527,0.9989414954531073
cifar,sinusoidal,noise,0.08075,0.9977487577049167,0.001176583919161372,0.9965721737857552,0.9989253416240781
cifar,sinusoidal,noise,0.0809875,0.9977339859061535,0.0011752040347430945,0.9965587818714103,0.9989091899408966
cifar,sinusoidal,noise,0.081225,0.9977192141073905,0.0011738263037400706,0.9965453878036504,0.9988930404111306
cifar,sinusoidal,noise,0.0814625,0.9977044423086273,0.001172450733743678,0.9965319915748836,0.998876893042371
cifar,sinusoidal,noise,0.0817,0.9976896705098642,0.0011710773323689995,0.9965185931774952,0.9988607478422332
cifar,sinusoidal,noise,0.0819375,0.9976748987111012,0.0011697061072548016,0.9965051926038464,0.9988446048183559
cifar,sinusoidal,noise,0.082175,0.9976601269123381,0.0011683370660636352,0.9964917898462744,0.9988284639784017
cifar,sinusoidal,noise,0.0824125,0.997645355113575,0.0011669702164818054,0.9964783848970932,0.9988123253300568
cifar,sinusoidal,noise,0.08265,0.9976305833148119,0.0011656055662192615,0.9964649777485927,0.9987961888810312
cifar,sinusoidal,noise,0.0828875,0.9976158115160487,0.001164243123009731,0.9964515683930389,0.9987800546390585
cifar,sinusoidal,noise,0.083125,0.9976010397172855,0.001162882894610597,0.9964381568226749,0.9987639226118962
cifar,sinusoidal,noise,0.0833625,0.9975862679185225,0.0011615248888029275,0.9964247430297195,0.9987477928073254
cifar,sinusoidal,noise,0.0836,0.9975714961197593,0.0011601691133915704,0.9964113270063677,0.9987316652331508
cifar,sinusoidal,noise,0.0838375,0.9975567243209963,0.0011588155762049907,0.9963979087447913,0.9987155398972013
cifar,sinusoidal,noise,0.084075,0.9975419525222331,0.0011574642850952978,0.9963844882371378,0.9986994168073284
cifar,sinusoidal,noise,0.0843125,0.9975271807234701,0.0011561152479382397,0.9963710654755319,0.9986832959714084
cifar,sinusoidal,noise,0.08455,0.9975124089247069,0.0011547684726332988,0.9963576404520736,0.9986671773973402
cifar,sinusoidal,noise,0.0847875,0.9974976371259437,0.0011534239671034663,0.9963442131588403,0.9986510610930472
cifar,sinusoidal,noise,0.085025,0.9974828653271807,0.001152081739295419,0.9963307835878853,0.998634947066476
cifar,sinusoidal,noise,0.0852625,0.9974680935284176,0.001150741797179347,0.9963173517312383,0.9986188353255969
cifar,sinusoidal,noise,0.0855,0.9974533217296543,0.001149404148749004,0.9963039175809053,0.9986027258784033
cifar,sinusoidal,noise,0.0857375,0.9974385499308913,0.0011480688020217757,0.9962904811288695,0.9985866187329131
cifar,sinusoidal,noise,0.085975,0.9974237781321281,0.0011467357650384727,0.9962770423670897,0.9985705138971666
cifar,sinusoidal,noise,0.0862125,0.997409006333365,0.0011454050458634109,0.9962636012875017,0.9985544113792284
cifar,sinusoidal,noise,0.08645,0.997394234534602,0.0011440766525843567,0.9962501578820177,0.9985383111871863
cifar,sinusoidal,noise,0.0866875,0.997379462735839,0.0011427505933126073,0.9962367121425264,0.9985222133291516
cifar,sinusoidal,noise,0.086925,0.9973646909370757,0.0011414268761827746,0.9962232640608929,0.9985061178132585
cifar,sinusoidal,noise,0.0871625,0.9973499191383125,0.0011401055093528724,0.9962098136289597,0.9984900246476653
cifar,sinusoidal,noise,0.0874,0.9973351473395495,0.001138786501004242,0.9961963608385452,0.9984739338405538
cifar,sinusoidal,noise,0.0876375,0.9973203755407866,0.0011374698593415375,0.9961829056814451,0.998457845400128
cifar,sinusoidal,noise,0.087875,0.9973056037420233,0.0011361555925928034,0.9961694481494304,0.9984417593346161
cifar,sinusoidal,noise,0.0881125,0.9972908319432602,0.0011348437090091766,0.996155988234251,0.9984256756522694
cifar,sinusoidal,noise,0.08835,0.9972760601444971,0.001133534216865028,0.9961425259276321,0.9984095943613621
cifar,sinusoidal,noise,0.0885875,0.9972612883457339,0.0011322271244579075,0.996129061221276,0.9983935154701918
cifar,sinusoidal,noise,0.088825,0.9972465165469707,0.0011309224401085446,0.9961155941068621,0.9983774389870793
cifar,sinusoidal,noise,0.0890625,0.9972317447482077,0.0011296201721606516,0.9961021245760471,0.9983613649203684
cifar,sinusoidal,noise,0.0893,0.9972169729494446,0.0011283203289809873,0.9960886526204635,0.9983452932784256
cifar,sinusoidal,noise,0.0895375,0.9972022011506813,0.0011270229189593124,0.996075178231722,0.9983292240696405
cifar,sinusoidal,noise,0.089775,0.9971874293519184,0.0011257279505083918,0.99606170140141,0.9983131573024268
cifar,sinusoidal,noise,0.0900125,0.9971726575531553,0.0011244354320637793,0.9960482221210916,0.9982970929852191
cifar,sinusoidal,noise,0.09025,0.9971578857543922,0.0011231453720838445,0.9960347403823084,0.998281031126476
cifar,sinusoidal,noise,0.0904875,0.9971431139556292,0.0011218577790498173,0.9960212561765793,0.998264971734679
cifar,sinusoidal,noise,0.090725,0.9971283421568659,0.001120572661465631,0.9960077694954003,0.9982489148183314
cifar,sinusoidal,noise,0.0909625,0.9971135703581028,0.0011192900278578994,0.9959942803302448,0.9982328603859607
cifar,sinusoidal,noise,0.0912,0.9970987985593397,0.0011180098867757979,0.9959807886725639,0.9982168084461155
cifar,sinusoidal,noise,0.0914375,0.9970840267605765,0.0011167322467911008,0.9959672945137854,0.9982007590073676
cifar,sinusoidal,noise,0.091675,0.9970692549618135,0.0011154571164980185,0.9959537978453156,0.9981847120783115
cifar,sinusoidal,noise,0.0919125,0.9970544831630503,0.0011141845045132515,0.9959402986585371,0.9981686676675636
cifar,sinusoidal,noise,0.09215,0.9970397113642872,0.0011129144194757883,0.9959267969448113,0.998152625783763
cifar,sinusoidal,noise,0.0923875,0.9970249395655242,0.001111646870046963,0.9959132926954772,0.9981365864355711
cifar,sinusoidal,noise,0.092625,0.9970101677667609,0.0011103818649102813,0.9958997859018506,0.9981205496316712
cifar,sinusoidal,noise,0.0928625,0.9969953959679979,0.0011091194127713772,0.9958862765552265,0.9981045153807693
cifar,sinusoidal,noise,0.0931,0.9969806241692348,0.001107859522358052,0.9958727646468768,0.9980884836915929
cifar,sinusoidal,noise,0.0933375,0.9969658523704715,0.0011066022024200227,0.9958592501680515,0.9980724545728915
cifar,sinusoidal,noise,0.093575,0.9969510805717086,0.001105347461728965,0.9958457331099796,0.9980564280334375
cifar,sinusoidal,noise,0.0938125,0.9969363087729454,0.0011040953090783205,0.9958322134638671,0.9980404040820237
cifar,sinusoidal,noise,0.09405,0.9969215369741823,0.0011028457532834019,0.9958186912208988,0.9980243827274657
cifar,sinusoidal,noise,0.0942875,0.9969067651754192,0.0011015988031811326,0.995805166372238,0.9980083639786004
cifar,sinusoidal,noise,0.094525,0.9968919933766561,0.0011003544676300085,0.9957916389090261,0.9979923478442861
cifar,sinusoidal,noise,0.0947625,0.9968772215778928,0.0010991127555100397,0.9957781088223828,0.9979763343334028
cifar,sinusoidal,noise,0.095,0.9968624497791297,0.0010978736757226186,0.9957645761034071,0.9979603234548524
cifar,sinusoidal,adversarial,0.0,1.0,0.0,1.0,1.0
cifar,sinusoidal,adversarial,0.0002375,0.9999252216129267,2.131343028523092e-05,0.9999039081826415,0.999946535043212
cifar,sinusoidal,adversarial,0.000475,0.9998504432258534,4.2626860570496206e-05,0.9998078163652828,0.9998930700864239
cifar,sinusoidal,adversarial,0.0007125,0.99977566483878,6.394029085572712e-05,0.9997117245479242,0.9998396051296358
cifar,sinusoidal,adversarial,0.00095,0.9997008864517066,8.525372114092674e-05,0.9996156327305658,0.9997861401728475
cifar,sinusoidal,adversarial,0.0011875,0.9996261080646334,0.00010656715142617753,0.9995195409132072,0.9997326752160596
cifar,sinusoidal,adversarial,0.001425,0.9995513296775599,0.00012788058171138062,0.9994234490958485,0.9996792102592713
cifar,sinusoidal,adversarial,0.0016625,0.9994765512904867,0.00014919401199661156,0.9993273572784901,0.9996257453024834
cifar,sinusoidal,adversarial,0.0019,0.9994017729034134,0.00017050744228186613,0.9992312654611315,0.9995722803456952
cifar,sinusoidal,adversarial,0.0021375,0.99932699451634,0.00019182087256710775,0.9991351736437729,0.9995188153889071
cifar,sinusoidal,adversarial,0.002375,0.9992522161292666,0.00021313430285233866,0.9990390818264143,0.9994653504321189
cifar,sinusoidal,adversarial,0.0026125,0.9991774377421935,0.00023444773313756196,0.998942990009056,0.999411885475331
cifar,sinusoidal,adversarial,0.00285,0.9991026593551201,0.000255761163422807,0.9988468981916973,0.999358420518543
cifar,sinusoidal,adversarial,0.0030875,0.9990278809680467,0.00027707459370803443,0.9987508063743387,0.9993049555617548
cifar,sinusoidal,adversarial,0.003325,0.9989531025809734,0.0002983880239932891,0.9986547145569801,0.9992514906049667
cifar,sinusoidal,adversarial,0.0035625,0.9988783241939,0.0003197014542785162,0.9985586227396215,0.9991980256481785
cifar,sinusoidal,adversarial,0.0038,0.9988035458068266,0.0003410148845637437,0.9984625309222629,0.9991445606913903
cifar,sinusoidal,adversarial,0.0040375,0.9987287674197534,0.0003623283148489983,0.9983664391049044,0.9990910957346023
cifar,sinusoidal,adversarial,0.004275,0.9986539890326801,0.0003836417451341876,0.9982703472875459,0.9990376307778143
cifar,sinusoidal,adversarial,0.0045125,0.9985792106456067,0.00040495517541941855,0.9981742554701873,0.9989841658210261
cifar,sinusoidal,adversarial,0.00475,0.9985044322585334,0.00042626860570466973,0.9980781636528286,0.9989307008642381
cifar,sinusoidal,adversarial,0.0049875,0.99842965387146,0.0004475820359899006,0.99798207183547,0.9988772359074499
cifar,sinusoidal,adversarial,0.005225,0.9983548754843867,0.0004688954662751422,0.9978859800181116,0.9988237709506619
cifar,sinusoidal,adversarial,0.0054625,0.9982800970973132,0.0004902088965603968,0.9977898882007529,0.9987703059938736
cifar,sinusoidal,adversarial,0.0057,0.99820531871024,0.0005115223268456099,0.9976937963833944,0.9987168410370856
cifar,sinusoidal,adversarial,0.0059375,0.9981305403231667,0.0005328357571308235,0.9975977045660359,0.9986633760802975
cifar,sinusoidal,adversarial,0.006175,0.9980557619360934,0.0005541491874160781,0.9975016127486773,0.9986099111235094
cifar,sinusoidal,adversarial,0.0064125,0.9979809835490201,0.0005754626177013057,0.9974055209313187,0.9985564461667215
cifar,sinusoidal,adversarial,0.00665,0.9979062051619466,0.0005967760479865507,0.99730942911396,0.9985029812099332
cifar,sinusoidal,adversarial,0.0068875,0.9978314267748735,0.0006180894782717775,0.9972133372966017,0.9984495162531453
cifar,sinusoidal,adversarial,0.007125,0.9977566483878001,0.0006394029085570085,0.9971172454792431,0.9983960512963571
cifar,sinusoidal,adversarial,0.0073625,0.9976818700007267,0.0006607163388422393,0.9970211536618845,0.998342586339569
cifar,sinusoidal,adversarial,0.0076,0.9976070916136535,0.0006820297691274767,0.996925061844526,0.9982891213827809
cifar,sinusoidal,adversarial,0.0078375,0.9975323132265802,0.0007033431994127076,0.9968289700271675,0.9982356564259929
cifar,sinusoidal,adversarial,0.008075,0.9974575348395066,0.0007246566296979171,0.9967328782098087,0.9981821914692045
cifar,sinusoidal,adversarial,0.0083125,0.9973827564524335,0.0007459700599831859,0.9966367863924502,0.9981287265124167
cifar,sinusoidal,adversarial,0.00855,0.9973079780653601,0.0007672834902684133,0.9965406945750916,0.9980752615556285
cifar,sinusoidal,adversarial,0.0087875,0.9972331996782867,0.0007885969205536444,0.9964446027577331,0.9980217965988404
cifar,sinusoidal,adversarial,0.009025,0.9971584212912136,0.0008099103508388851,0.9963485109403747,0.9979683316420525
cifar,sinusoidal,adversarial,0.0092625,0.9970836429041401,0.0008312237811241126,0.996252419123016,0.9979148666852642
cifar,sinusoidal,adversarial,0.0095,0.9970088645170668,0.0008525372114093435,0.9961563273056575,0.9978614017284761
cifar,sinusoidal,adversarial,0.0097375,0.9969340861299935,0.0008738506416945844,0.9960602354882989,0.997807936771688
cifar,sinusoidal,adversarial,0.009975,0.9968593077429202,0.0008951640719798154,0.9959641436709403,0.9977544718149001
cifar,sinusoidal,adversarial,0.0102125,0.9967845293558467,0.0009164775022650249,0.9958680518535817,0.9977010068581117
cifar,sinusoidal,adversarial,0.01045,0.9967097509687735,0.0009377909325502795,0.9957719600362231,0.9976475419013238
cifar,sinusoidal,adversarial,0.0106875,0.9966349725817,0.0009591043628354967,0.9956758682188644,0.9975940769445355
cifar,sinusoidal,adversarial,0.010925,0.9965601941946267,0.0009804177931207242,0.995579776401506,0.9975406119877475
cifar,sinusoidal,adversarial,0.0111625,0.9964854158075536,0.0010017312234059787,0.9954836845841476,0.9974871470309595
cifar,sinusoidal,adversarial,0.0114,0.9964106374204803,0.0010230446536912204,0.9953875927667891,0.9974336820741715
cifar,sinusoidal,adversarial,0.0116375,0.9963358590334069,0.0010443580839764514,0.9952915009494305,0.9973802171173833
cifar,sinusoidal,adversarial,0.011875,0.9962610806463336,0.0010656715142617025,0.9951954091320718,0.9973267521605953
cifar,sinusoidal,adversarial,0.0121125,0.9961863022592602,0.0010869849445469474,0.9950993173147132,0.9972732872038071
cifar,sinusoidal,adversarial,0.01235,0.9961115238721869,0.0011082983748321464,0.9950032254973548,0.9972198222470191
cifar,sinusoidal,adversarial,0.0125875,0.9960367454851135,0.0011296118051173593,0.9949071336799961,0.9971663572902308
cifar,sinusoidal,adversarial,0.012825,0.9959619670980402,0.0011509252354026044,0.9948110418626376,0.9971128923334428
cifar,sinusoidal,adversarial,0.0130625,0.9958871887109669,0.0011722386656878555,0.9947149500452791,0.9970594273766548
cifar,sinusoidal,adversarial,0.0133,0.9958124103238934,0.0011935520959730865,0.9946188582279204,0.9970059624198665
cifar,sinusoidal,adversarial,0.0135375,0.9957376319368202,0.001214865526258314,0.9945227664105619,0.9969524974630785
cifar,sinusoidal,adversarial,0.013775,0.995662853549747,0.0012361789565435827,0.9944266745932034,0.9968990325062906
cifar,sinusoidal,adversarial,0.0140125,0.9955880751626736,0.0012574923868287824,0.9943305827758447,0.9968455675495024
cifar,sinusoidal,adversarial,0.01425,0.9955132967756004,0.0012788058171140132,0.9942344909584864,0.9967921025927144
cifar,sinusoidal,adversarial,0.0144875,0.9954385183885268,0.0013001192473992818,0.9941383991411276,0.9967386376359261
cifar,sinusoidal,adversarial,0.014725,0.9953637400014537,0.0013214326776844916,0.9940423073237692,0.9966851726791381
cifar,sinusoidal,adversarial,0.0149625,0.9952889616143802,0.0013427461079697225,0.9939462155064105,0.9966317077223499
cifar,sinusoidal,adversarial,0.0152,0.9952141832273069,0.0013640595382549633,0.993850123689052,0.9965782427655618
cifar,sinusoidal,adversarial,0.0154375,0.9951394048402334,0.0013853729685401944,0.9937540318716932,0.9965247778087737
cifar,sinusoidal,adversarial,0.015675,0.9950646264531603,0.001406686398825394,0.9936579400543349,0.9964713128519856
cifar,sinusoidal,adversarial,0.0159125,0.9949758082638831,0.001446798625557272,0.9935290096383258,0.9964226068894404
cifar,sinusoidal,adversarial,0.01615,0.9948844444183331,0.0014910271185114338,0.9933934172998217,0.9963754715368446
cifar,sinusoidal,adversarial,0.0163875,0.994793080572783,0.0015359592903795506,0.9932571212824035,0.9963290398631626
cifar,sinusoidal,adversarial,0.016625,0.9947017167272331,0.0015815351667334634,0.9931201815604996,0.9962832518939665
cifar,sinusoidal,adversarial,0.0168625,0.9946103528816831,0.0016277006769890889,0.992982652204694,0.9962380535586722
cifar,sinusoidal,adversarial,0.0171,0.9945189890361328,0.0016744070510098159,0.9928445819851229,0.9961933960871426
cifar,sinusoidal,adversarial,0.0173375,0.9944215495402524,0.001729449974165123,0.9926920995660873,0.9961509995144175
cifar,sinusoidal,adversarial,0.017575,0.9943095956893705,0.0018036097320230599,0.9925059859573474,0.9961132054213936
cifar,sinusoidal,adversarial,0.0178125,0.9941976418384887,0.001878080344933789,0.9923195614935549,0.9960757221834224
cifar,sinusoidal,adversarial,0.01805,0.9940824008568835,0.0019497340389499716,0.9921326668179336,0.9960321348958334
cifar,sinusoidal,adversarial,0.0182875,0.9939545729778034,0.002010229616232765,0.9919443433615707,0.9959648025940362
cifar,sinusoidal,adversarial,0.018525,0.9938267450987232,0.002071625307717426,0.9917551197910057,0.9958983704064406
cifar,sinusoidal,adversarial,0.0187625,0.9936953536718566,0.0021309245706589777,0.9915644291011976,0.9958262782425156
cifar,sinusoidal,adversarial,0.019,0.9935637024516867,0.0021907023538350824,0.9913730000978516,0.9957544048055218
cifar,sinusoidal,adversarial,0.0192375,0.9934317346040862,0.0022507173611142598,0.9911810172429719,0.9956824519652004
cifar,sinusoidal,adversarial,0.019475,0.9932860830105791,0.0022942404844009754,0.9909918425261781,0.99558032349498
cifar,sinusoidal,adversarial,0.0197125,0.9931382494062055,0.0023380325465689766,0.9908002168596366,0.9954762819527745
cifar,sinusoidal,adversarial,0.01995,0.9929895062637873,0.002382159386585997,0.9906073468772013,0.9953716656503734
cifar,sinusoidal,adversarial,0.0201875,0.992840763121369,0.0024267439830358323,0.9904140191383332,0.9952675071044049
cifar,sinusoidal,adversarial,0.020425,0.9926920199789508,0.0024717615655879812,0.9902202584133629,0.9951637815445388
cifar,sinusoidal,adversarial,0.0206625,0.9925432768365324,0.0025171889036883443,0.9900260879328441,0.9950604657402208
cifar,sinusoidal,adversarial,0.0209,0.9923945336941141,0.002563004209595032,0.9898315294845191,0.9949575379037091
cifar,sinusoidal,adversarial,0.0211375,0.992245790551696,0.0026091870461445684,0.9896366035055515,0.9948549775978406
cifar,sinusoidal,adversarial,0.021375,0.9920970474092776,0.0026557182393755576,0.989441329169902,0.9947527656486532
cifar,sinusoidal,adversarial,0.0216125,0.9919483042668592,0.0027025797960377592,0.9892457244708215,0.9946508840628969
cifar,sinusoidal,adversarial,0.02185,0.991799561124441,0.0027497548259377367,0.9890498062985033,0.9945493159503788
cifar,sinusoidal,adversarial,0.0220875,0.9916508179820228,0.002797227469012986,0.9888535905130098,0.9944480454510358
cifar,sinusoidal,adversarial,0.022325,0.9915020748396045,0.002844982826986829,0.9886570920126176,0.9943470576665914
cifar,sinusoidal,adversarial,0.0225625,0.9913533316971862,0.002893006899424154,0.988460324797762,0.9942463385966104
cifar,sinusoidal,adversarial,0.0228,0.9912045885547679,0.0029412865239887972,0.9882633020307791,0.9941458750787567
cifar,sinusoidal,adversarial,0.0230375,0.9910558454123496,0.002989809320692051,0.9880660360916576,0.9940456547330416
cifar,sinusoidal,adversarial,0.023275,0.9909071022699312,0.0030385636399147967,0.9878685386300163,0.993945665909846
cifar,sinusoidal,adversarial,0.0235125,0.9907583591275131,0.003087538513985534,0.9876708206135275,0.9938458976414987
cifar,sinusoidal,adversarial,0.02375,0.9906096159850949,0.0031367236120978725,0.9874728923729971,0.9937463395971927
cifar,sinusoidal,adversarial,0.0239875,0.9904608728426765,0.0031861091983573235,0.9872747636443191,0.9936469820410339
cifar,sinusoidal,adversarial,0.024225,0.9903121297002581,0.00323568609275352,0.9870764436075046,0.9935478157930115
cifar,sinusoidal,adversarial,0.0244625,0.99016338655784,0.0032854456348624054,0.9868779409229775,0.9934488321927024
cifar,sinusoidal,adversarial,0.0247,0.9900146434154217,0.00333537965009246,0.9866792637653292,0.9933500230655141
cifar,sinusoidal,adversarial,0.0249375,0.9898659002730033,0.003385480418298368,0.9864804198547049,0.9932513806913016
cifar,sinusoidal,adversarial,0.025175,0.9897171571305851,0.0034357406445959804,0.9862814164859891,0.993152897775181
cifar,sinusoidal,adversarial,0.0254125,0.9895684139881666,0.003486153432221937,0.9860822605559447,0.9930545674203886
cifar,sinusoidal,adversarial,0.02565,0.9894196708457486,0.0035367122572911155,0.9858829585884574,0.9929563831030397
cifar,sinusoidal,adversarial,0.0258875,0.9892709277033301,0.003587410945315602,0.9856835167580146,0.9928583386486457
cifar,sinusoidal,adversarial,0.026125,0.9891221845609119,0.003638243649356588,0.9854839409115553,0.9927604282102686
cifar,sinusoidal,adversarial,0.0263625,0.9889734414184935,0.0036892048296907616,0.9852842365888028,0.9926626462481842
cifar,sinusoidal,adversarial,0.0266,0.9888246982760753,0.0037402892348800763,0.9850844090411952,0.9925649875109555
cifar,sinusoidal,adversarial,0.0268375,0.9886759551336571,0.0037914918841430692,0.9848844632495141,0.9924674470178002
cifar,sinusoidal,adversarial,0.027075,0.9885272119912388,0.0038428080509312675,0.9846844039403075,0.9923700200421701
cifar,sinusoidal,adversarial,0.0273125,0.9883784688488203,0.00389423324762374,0.9844842356011966,0.992272702096444
cifar,sinusoidal,adversarial,0.02755,0.9882297257064021,0.00394576321125718,0.9842839624951449,0.9921754889176593
cifar,sinusoidal,adversarial,0.0277875,0.988080982563984,0.003997393890216421,0.9840835886737676,0.9920783764542005
cifar,sinusoidal,adversarial,0.028025,0.9879322394215656,0.004049121431815182,0.9838831179897505,0.9919813608533807
cifar,sinusoidal,adversarial,0.0282625,0.9877834962791473,0.004100942170702582,0.9836825541084447,0.9918844384498499
cifar,sinusoidal,adversarial,0.0285,0.987634753136729,0.004152852618035637,0.9834819005186933,0.9917876057547647
cifar,sinusoidal,adversarial,0.0287375,0.9874860099943108,0.004204849451362128,0.9832811605429487,0.9916908594456729
cifar,sinusoidal,adversarial,0.028975,0.9873372668518926,0.0042569295051635295,0.9830803373467291,0.9915941963570561
cifar,sinusoidal,adversarial,0.0292125,0.9871885237094742,0.0043090897620100595,0.9828794339474641,0.9914976134714842
cifar,sinusoidal,adversarial,0.02945,0.9870397805670558,0.004361327344284561,0.9826784532227713,0.9914011079113403
cifar,sinusoidal,adversarial,0.0296875,0.9868910374246376,0.004413639506435176,0.9824773979182024,0.9913046769310727
cifar,sinusoidal,adversarial,0.029925,0.9867422942822192,0.004466023627718821,0.9822762706545003,0.991208317909938
cifar,sinusoidal,adversarial,0.0301625,0.9865935511398011,0.0045184772054019514,0.9820750739343991,0.9911120283452031
cifar,sinusoidal,adversarial,0.0304,0.9864448079973828,0.004570997848385771,0.981873810148997,0.9910158058457685
cifar,sinusoidal,adversarial,0.0306375,0.9862899013932124,0.00463194569034539,0.981657955702867,0.9909218470835578
cifar,sinusoidal,adversarial,0.030875,0.9861321831108544,0.0046967902360717005,0.9814353928747827,0.9908289733469261
cifar,sinusoidal,adversarial,0.0311125,0.9859744648284964,0.004761716916369898,0.9812127479121264,0.9907361817448663
cifar,sinusoidal,adversarial,0.03135,0.9858167465461385,0.004826722416740398,0.9809900241293981,0.9906434689628789
cifar,sinusoidal,adversarial,0.0315875,0.9856590282637803,0.004891803594945421,0.9807672246688348,0.9905508318587257
cifar,sinusoidal,adversarial,0.031825,0.9855013099814224,0.00495695747020424,0.9805443525112182,0.9904582674516266
cifar,sinusoidal,adversarial,0.0320625,0.9853435916990643,0.005022181213172445,0.9803214104858918,0.9903657729122367
cifar,sinusoidal,adversarial,0.0323,0.9851858734167064,0.005087472136641775,0.9800984012800646,0.9902733455533481
cifar,sinusoidal,adversarial,0.0325375,0.9850281551343483,0.005152827686902273,0.979875327447446,0.9901809828212506
cifar,sinusoidal,adversarial,0.032775,0.9848704368519904,0.005218245435713305,0.9796521914162771,0.9900886822877036
cifar,sinusoidal,adversarial,0.0330125,0.9847127185696323,0.005283723072835585,0.9794289954967967,0.9899964416424678
cifar,sinusoidal,adversarial,0.03325,0.984553956316244,0.005350917934796335,0.9792030383814476,0.9899048742510403
cifar,sinusoidal,adversarial,0.0334875,0.9843884264074769,0.00542891042280952,0.9789595159846673,0.9898173368302865
cifar,sinusoidal,adversarial,0.033725,0.9842228964987095,0.005506928725640088,0.9787159677730695,0.9897298252243496
cifar,sinusoidal,adversarial,0.0339625,0.9840573665899423,0.00558497176144113,0.9784723948285011,0.9896423383513834
cifar,sinusoidal,adversarial,0.0342,0.983891836681175,0.005663038507668404,0.9782287981735066,0.9895548751888433
cifar,sinusoidal,adversarial,0.0344375,0.9837059887069807,0.0057356829881799205,0.9779703057188007,0.9894416716951606
cifar,sinusoidal,adversarial,0.034675,0.9835100128047536,0.005806473929587457,0.9777035388751661,0.989316486734341
cifar,sinusoidal,adversarial,0.0349125,0.9833140369025264,0.005878259692445274,0.9774357772100811,0.9891922965949717
cifar,sinusoidal,adversarial,0.03515,0.9831180610002993,0.005951004275871552,0.9771670567244277,0.9890690652761709
cifar,sinusoidal,adversarial,0.0353875,0.9829220850980723,0.006024672948287135,0.9768974121497852,0.9889467580463595
cifar,sinusoidal,adversarial,0.035625,0.9827007676221905,0.006067354819398312,0.9766334128027921,0.9887681224415888
cifar,sinusoidal,adversarial,0.0358625,0.9824443797388889,0.0060681100647098,0.9763762696741791,0.9885124898035986
cifar,sinusoidal,adversarial,0.0361,0.9821879918555873,0.006071590783801351,0.9761164010717859,0.9882595826393886
cifar,sinusoidal,adversarial,0.0363375,0.9819316039722857,0.006077792294082005,0.9758538116782037,0.9880093962663677
cifar,sinusoidal,adversarial,0.036575,0.9816752160889841,0.00608670627922981,0.9755885098097543,0.9877619223682139
cifar,sinusoidal,adversarial,0.0368125,0.9813998686175819,0.006082452641574826,0.9753174159760071,0.9874823212591567
cifar,sinusoidal,adversarial,0.03705,0.9811008354952265,0.006060862986811361,0.9750399725084151,0.9871616984820379
cifar,sinusoidal,adversarial,0.0372875,0.9808018023728713,0.006041702661549353,0.9747600997113219,0.9868435050344206
cifar,sinusoidal,adversarial,0.037525,0.980502769250516,0.00602499484265492,0.9744777744078611,0.986527764093171
cifar,sinusoidal,adversarial,0.0377625,0.9802037361281607,0.006010759981502907,0.9741929761466578,0.9862144961096636
cifar,sinusoidal,adversarial,0.038,0.9799047030058055,0.005999015682112269,0.9739056873236932,0.9859037186879177
cifar,sinusoidal,adversarial,0.0382375,0.9796056698834503,0.005989776594414368,0.973615893289036,0.9855954464778647
cifar,sinusoidal,adversarial,0.038475,0.9793066367610951,0.005983054324133451,0.9733235824369616,0.9852896910852286
cifar,sinusoidal,adversarial,0.0387125,0.9790076036387397,0.005978857360553393,0.9730287462781864,0.9849864609992931
cifar,sinusoidal,adversarial,0.03895,0.9787085705163845,0.005977191023208836,0.9727313794931757,0.9846857615395933
cifar,sinusoidal,adversarial,0.0391875,0.9784095373940294,0.0059780574282776375,0.9724314799657517,0.984387594822307
cifar,sinusoidal,adversarial,0.039425,0.9779672424251231,0.005776223414153554,0.9721910190109696,0.9837434658392766
cifar,sinusoidal,adversarial,0.0396625,0.9774236910483948,0.0054495537586680175,0.9719741372897267,0.9828732448070628
cifar,sinusoidal,adversarial,0.0399,0.9768801396716663,0.005151766864464944,0.9717283728072014,0.9820319065361313
cifar,sinusoidal,adversarial,0.0401375,0.9763365882949383,0.0048881442185941095,0.9714484440763442,0.9812247325135324
cifar,sinusoidal,adversarial,0.040375,0.9757930369182098,0.004664482007312316,0.9711285549108976,0.9804575189255221
cifar,sinusoidal,adversarial,0.0406125,0.9752494855414816,0.004486760224270429,0.9707627253172112,0.979736245765752
cifar,sinusoidal,adversarial,0.04085,0.9747059341647533,0.004360599573732959,0.9703453345910203,0.9790665337384862
cifar,sinusoidal,adversarial,0.0410875,0.9741623827880249,0.004290550826359485,0.9698718319616655,0.9784529336143843
cifar,sinusoidal,adversarial,0.041325,0.9736188314112965,0.004279370346616176,0.9693394610646803,0.9778982017579126
cifar,sinusoidal,adversarial,0.0415625,0.9730752800345682,0.004327514431196182,0.9687477656033721,0.9774027944657644
cifar,sinusoidal,adversarial,0.0418,0.97253172865784,0.004433050660630186,0.9680986779972098,0.9769647793184701
cifar,sinusoidal,adversarial,0.0420375,0.9719881772811118,0.004592023691794941,0.9673961535893169,0.9765802009729067
cifar,sinusoidal,adversarial,0.042275,0.9714446259043834,0.004799126111188187,0.9666454997931953,0.9762437520155716
cifar,sinusoidal,adversarial,0.0425125,0.9709010745276551,0.005048438144115398,0.9658526363835397,0.9759495126717704
cifar,sinusoidal,adversarial,0.04275,0.9703575231509266,0.005334044467158155,0.9650234786837685,0.9756915676180847
cifar,sinusoidal,adversarial,0.0429875,0.9698139717741983,0.005650444184227555,0.9641635275899707,0.9754644159584258
cifar,sinusoidal,adversarial,0.043225,0.9692704203974701,0.005992761884082421,0.9632776585133878,0.9752631822815525
cifar,sinusoidal,adversarial,0.0434625,0.9687268690207418,0.006356811853306707,0.9623700571674351,0.9750836808740485
cifar,sinusoidal,adversarial,0.0437,0.9681833176440136,0.006739073029442529,0.961444244614571,0.9749223906734561
cifar,sinusoidal,adversarial,0.0439375,0.9676397662672852,0.007136619653082844,0.9605031466142023,0.9747763859203681
cifar,sinusoidal,adversarial,0.044175,0.9670962148905567,0.007547036588500576,0.9595491783020562,0.9746432514790573
cifar,sinusoidal,adversarial,0.0444125,0.9665526635138284,0.007968335389675514,0.9585843281241528,0.974520998903504
cifar,sinusoidal,adversarial,0.04465,0.9660091121371001,0.008398878670116176,0.9576102334669839,0.9744079908072162
cifar,sinusoidal,adversarial,0.0448875,0.9654655607603718,0.008837315393664485,0.9566282453667073,0.9743028761540363
cifar,sinusoidal,adversarial,0.045125,0.9649220093836437,0.009282527147154251,0.9556394822364894,0.974204536530798
cifar,sinusoidal,adversarial,0.0453625,0.9643784580069154,0.009733584310365926,0.9546448736965494,0.9741120423172813
cifar,sinusoidal,adversarial,0.0456,0.9638349066301869,0.010189710655123486,0.9536451959750634,0.9740246172853104
cifar,sinusoidal,adversarial,0.0458375,0.9632913552534585,0.010650254896576986,0.9526411003568815,0.9739416101500356
cifar,sinusoidal,adversarial,0.046075,0.9627478038767303,0.01111466787213081,0.9516331360045995,0.9738624717488611
cifar,sinusoidal,adversarial,0.0463125,0.962302588700712,0.01134907228205912,0.9509535164186528,0.9736516609827711
cifar,sinusoidal,adversarial,0.04655,0.9619632130912134,0.011333412006202623,0.9506298010850107,0.973296625097416
cifar,sinusoidal,adversarial,0.0467875,0.961623837481715,0.011318199044642232,0.9503056384370727,0.9729420365263572
cifar,sinusoidal,adversarial,0.047025,0.9612844618722162,0.011303435203459541,0.9499810266687566,0.9725878970756757
cifar,sinusoidal,adversarial,0.0472625,0.9609450862627177,0.011289122244724966,0.9496559640179927,0.9722342085074427
cifar,sinusoidal,adversarial,0.0475,0.9606057106532191,0.011275261885506049,0.949330448767713,0.9718809725387252
cifar,sinusoidal,adversarial,0.0477375,0.9602663350437205,0.011261855796893065,0.9490044792468274,0.9715281908406136
cifar,sinusoidal,adversarial,0.047975,0.959926959434222,0.011248905603041945,0.9486780538311801,0.9711758650372639
cifar,sinusoidal,adversarial,0.0482125,0.9595875838247233,0.011236412880236734,0.9483511709444866,0.97082399670496
cifar,sinusoidal,adversarial,0.04845,0.9592482082152248,0.011224379155971942,0.9480238290592529,0.9704725873711968
cifar,sinusoidal,adversarial,0.0486875,0.9589088326057262,0.01121280590805673,0.9476960266976695,0.970121638513783
cifar,sinusoidal,adversarial,0.048925,0.9585694569962276,0.01120169456374137,0.9473677624324863,0.969771151559969
cifar,sinusoidal,adversarial,0.0491625,0.9582300813867289,0.011191046498867726,0.9470390348878612,0.9694211278855966
cifar,sinusoidal,adversarial,0.0494,0.9578907057772303,0.011180863037044762,0.9467098427401855,0.9690715688142751
cifar,sinusoidal,adversarial,0.0496375,0.9575513301677318,0.011171145448849623,0.9463801847188821,0.9687224756165814
cifar,sinusoidal,adversarial,0.049875,0.957211954558233,0.011161894951056508,0.9460500596071766,0.9683738495092895
cifar,sinusoidal,adversarial,0.0501125,0.9568725789487346,0.01115311270589306,0.9457194662428415,0.9680256916546276
cifar,sinusoidal,adversarial,0.05035,0.956533203339236,0.011144799820326665,0.9453884035189093,0.9676780031595626
cifar,sinusoidal,adversarial,0.0505875,0.9561938277297375,0.011136957345380252,0.9450568703843573,0.9673307850751177
cifar,sinusoidal,adversarial,0.050825,0.9558544521202389,0.01112958627547997,0.9447248658447589,0.9669840383957189
cifar,sinusoidal,adversarial,0.0510625,0.9555150765107402,0.011122687547834407,0.9443923889629058,0.9666377640585746
cifar,sinusoidal,adversarial,0.0513,0.9551757009012416,0.011116262041847385,0.9440594388593943,0.966291962943089
cifar,sinusoidal,adversarial,0.0515375,0.9548363252917431,0.011110310578563891,0.9437260147131792,0.965946635870307
cifar,sinusoidal,adversarial,0.051775,0.9544969496822445,0.011104833920151515,0.943392115762093,0.965601783602396
cifar,sinusoidal,adversarial,0.0520125,0.9541575740727458,0.011099832769416495,0.9430577413033293,0.9652574068421623
cifar,sinusoidal,adversarial,0.05225,0.9538181984632472,0.011095307769356567,0.9427228906938907,0.9649135062326037
cifar,sinusoidal,adversarial,0.0524875,0.9534788228537487,0.011091259502749995,0.9423875633509987,0.9645700823564988
cifar,sinusoidal,adversarial,0.052725,0.9531394472442501,0.011087688491782533,0.9420517587524676,0.9642271357360327
cifar,sinusoidal,adversarial,0.0529625,0.9528000716347514,0.01108459519771188,0.9417154764370396,0.9638846668324633
cifar,sinusoidal,adversarial,0.0532,0.9524606960252529,0.011081980020571038,0.9413787160046818,0.9635426760458239
cifar,sinusoidal,adversarial,0.0534375,0.9521213204157544,0.011079843298909932,0.9410414771168444,0.9632011637146644
cifar,sinusoidal,adversarial,0.053675,0.9517819448062558,0.011078185309577118,0.9407037594966786,0.9628601301158329
cifar,sinusoidal,adversarial,0.0539125,0.9514425691967573,0.011077006267540334,0.9403655629292169,0.9625195754642977
cifar,sinusoidal,adversarial,0.05415,0.9511031935872585,0.011076306325747349,0.9400268872615112,0.9621794999130058
cifar,sinusoidal,adversarial,0.0543875,0.9507638179777599,0.011076085575026998,0.9396877324027328,0.9618399035527869
cifar,sinusoidal,adversarial,0.054625,0.9504244423682614,0.011076344044029945,0.9393480983242315,0.9615007864122913
cifar,sinusoidal,adversarial,0.0548625,0.9500850667587629,0.01107708169921037,0.9390079850595525,0.9611621484579733
cifar,sinusoidal,adversarial,0.0551,0.9497456911492642,0.011078298444847482,0.9386673927044167,0.9608239895941117
cifar,sinusoidal,adversarial,0.0553375,0.9494063155397656,0.011079994123107952,0.9383263214166576,0.9604863096628736
cifar,sinusoidal,adversarial,0.055575,0.9490669399302671,0.0110821685141478,0.9379847714161194,0.9601491084444149
cifar,sinusoidal,adversarial,0.0558125,0.9487275643207685,0.011084821336255199,0.9376427429845133,0.9598123856570238
cifar,sinusoidal,adversarial,0.05605,0.9483881887112697,0.011087952246032328,0.9373002364652374,0.959476140957302
cifar,sinusoidal,adversarial,0.0562875,0.9480488131017712,0.011091560838617606,0.9369572522631536,0.9591403739403889
cifar,sinusoidal,adversarial,0.056525,0.9477094374922727,0.011095646647946402,0.9366137908443263,0.958805084140219
cifar,sinusoidal,adversarial,0.0567625,0.9473675191666012,0.011099690351943355,0.9362678288146579,0.9584672095185446
cifar,sinusoidal,adversarial,0.057,0.9470176149911832,0.01110277046268162,0.9359148445285016,0.9581203854538648
cifar,sinusoidal,adversarial,0.0572375,0.9466489878694128,0.011096147612374907,0.9355528402570379,0.9577451354817876
cifar,sinusoidal,adversarial,0.057475,0.9462772246487651,0.011088970379300192,0.9351882542694648,0.9573661950280653
cifar,sinusoidal,adversarial,0.0577125,0.9459054614281172,0.01108302962928077,0.9348224317988364,0.9569884910573979
cifar,sinusoidal,adversarial,0.05795,0.9455336982074694,0.011078327351507815,0.9344553708559615,0.9566120255589772
cifar,sinusoidal,adversarial,0.0581875,0.9451619349868216,0.011074865123510585,0.9340870698633109,0.9562368001103322
cifar,sinusoidal,adversarial,0.058425,0.9447901717661736,0.01107264410851664,0.933717527657657,0.9558628158746902
cifar,sinusoidal,adversarial,0.0586625,0.944418408545526,0.011071665053501222,0.9333467434920247,0.9554900735990272
cifar,sinusoidal,adversarial,0.0589,0.944046645324878,0.011071928287931826,0.9329747170369462,0.9551185736128098
cifar,sinusoidal,adversarial,0.0591375,0.9436748821042302,0.011073433723214414,0.9326014483810158,0.9547483158274447
cifar,sinusoidal,adversarial,0.059375,0.9433031188835824,0.011076180852842418,0.93222693803074,0.9543792997364249
cifar,sinusoidal,adversarial,0.0596125,0.9429313556629347,0.011080168753248213,0.9318511869096865,0.954011524416183
cifar,sinusoidal,adversarial,0.05985,0.9425595924422868,0.011085396085353767,0.9314741963569331,0.9536449885276406
cifar,sinusoidal,adversarial,0.0600875,0.942187829221639,0.011091861096814502,0.9310959681248245,0.9532796903184535
cifar,sinusoidal,adversarial,0.060325,0.9418160660009911,0.011099561624947706,0.9307165043760434,0.9529156276259388
cifar,sinusoidal,adversarial,0.0605625,0.9414443027803433,0.011108495100333318,0.93033580768001,0.9525527978806766
cifar,sinusoidal,adversarial,0.0608,0.9410725395596957,0.01111865855107445,0.9299538810086213,0.9521911981107701
cifar,sinusoidal,adversarial,0.0610375,0.9407007763390477,0.011130048607700003,0.9295707277313477,0.9518308249467476
cifar,sinusoidal,adversarial,0.061275,0.9403290131184,0.011142661508691863,0.9291863516097082,0.9514716746270918
cifar,sinusoidal,adversarial,0.0615125,0.9399572498977521,0.01115649310661437,0.9288007567911377,0.9511137430043665
cifar,sinusoidal,adversarial,0.06175,0.9395854866771044,0.011171538874824676,0.9284139478022797,0.9507570255519291
cifar,sinusoidal,adversarial,0.0619875,0.9392137234564566,0.011187793914737457,0.9280259295417191,0.950401517371194
cifar,sinusoidal,adversarial,0.062225,0.9388419602358088,0.011205252963618798,0.9276367072721899,0.9500472131994276
cifar,sinusoidal,adversarial,0.0624625,0.9384701970151609,0.011223910402879744,0.9272462866122811,0.9496941074180406
cifar,sinusoidal,adversarial,0.0627,0.9380984337945132,0.011243760266840899,0.9268546735276723,0.9493421940613541
cifar,sinusoidal,adversarial,0.0629375,0.9376872554592057,0.011235994133620933,0.9264512613255848,0.9489232495928267
cifar,sinusoidal,adversarial,0.063175,0.9372755245384131,0.01122958306283134,0.9260459414755817,0.9485051076012445
cifar,sinusoidal,adversarial,0.0634125,0.9368637936176204,0.011224937855454097,0.9256388557621663,0.9480887314730745
cifar,sinusoidal,adversarial,0.06365,0.9364520626968279,0.01122206070434926,0.9252300019924786,0.9476741234011772
cifar,sinusoidal,adversarial,0.0638875,0.9360403317760353,0.011220952969552436,0.9248193788064829,0.9472612847455877
cifar,sinusoidal,adversarial,0.064125,0.9356286008552427,0.011221615175064186,0.9244069856801785,0.9468502160303068
cifar,sinusoidal,adversarial,0.0643625,0.9352168699344502,0.011224047007611326,0.9239928229268388,0.9464409169420616
cifar,sinusoidal,adversarial,0.0646,0.9348051390136575,0.011228247317387545,0.9235768916962699,0.9460333863310451
cifar,sinusoidal,adversarial,0.0648375,0.9343934080928649,0.011234214120769115,0.9231591939720958,0.945627622213634
cifar,sinusoidal,adversarial,0.065075,0.9339816771720723,0.011241944604990247,0.922739732567082,0.9452236217770625
cifar,sinusoidal,adversarial,0.0653125,0.9335699462512795,0.011251435134753558,0.922318511116526,0.9448213813860331
cifar,sinusoidal,adversarial,0.06555,0.9331582153304869,0.011262681260737945,0.921895534069749,0.9444208965912249
cifar,sinusoidal,adversarial,0.0657875,0.9327464844096945,0.011275677729959474,0.921470806679735,0.9440221621396541
cifar,sinusoidal,adversarial,0.066025,0.9323347534889016,0.011290418497927555,0.921044334990974,0.9436251719868292
cifar,sinusoidal,adversarial,0.0662625,0.9319230225681091,0.011306896742532884,0.9206161258255762,0.943229919310642
cifar,sinusoidal,adversarial,0.0665,0.9315112916473166,0.011325104879592532,0.9201861867677241,0.9428363965269091
cifar,sinusoidal,adversarial,0.0667375,0.9310995607265239,0.011345034579971831,0.9197545261465521,0.9424445953064957
cifar,sinusoidal,adversarial,0.066975,0.9306878298057315,0.011366676788193454,0.919321153017538,0.942054506593925
cifar,sinusoidal,adversarial,0.0672125,0.9302760988849389,0.011390021742440677,0.9188860771424983,0.9416661206273795
cifar,sinusoidal,adversarial,0.06745,0.9298643679641461,0.011415058995852819,0.9184493089682932,0.9412794269599989
cifar,sinusoidal,adversarial,0.0676875,0.9294526370433536,0.01144177743901029,0.9180108596043433,0.9408944144823639
cifar,sinusoidal,adversarial,0.067925,0.929040906122561,0.011470165323499218,0.9175707407990618,0.9405110714460602
cifar,sinusoidal,adversarial,0.0681625,0.9286291752017685,0.01150021028644597,0.9171289649153225,0.9401293854882145
cifar,sinusoidal,adversarial,0.0684,0.9282174442809757,0.011531899375907933,0.9166855449050678,0.9397493436568837
cifar,sinusoidal,adversarial,0.0686375,0.9278057133601832,0.011565219077007149,0.9162404942831761,0.9393709324371904
cifar,sinusoidal,adversarial,0.068875,0.9273939824393905,0.011600155338692162,0.9157938271006983,0.9389941377780827
cifar,sinusoidal,adversarial,0.0691125,0.926982251518598,0.011636693601015782,0.9153455579175822,0.9386189451196139
cifar,sinusoidal,adversarial,0.06935,0.9265705205978053,0.01167481882281556,0.9148957017749898,0.9382453394206208
cifar,sinusoidal,adversarial,0.0695875,0.9261587896770127,0.011714515509688448,0.9144442741673242,0.9378733051867012
cifar,sinusoidal,adversarial,0.069825,0.9257470587562202,0.011755767742151481,0.9139912910140687,0.9375028264983717
cifar,sinusoidal,adversarial,0.0700625,0.9253353278354277,0.011798559203885893,0.9135367686315419,0.9371338870393136
cifar,sinusoidal,adversarial,0.0703,0.9249235969146349,0.011842873209965037,0.9130807237046699,0.9367664701245999
cifar,sinusoidal,adversarial,0.0705375,0.9245118659938424,0.011888692734970025,0.9126231732588723,0.9364005587288124
cifar,sinusoidal,adversarial,0.070775,0.9241001350730498,0.011936000440904208,0.9121641346321455,0.936036135513954
cifar,sinusoidal,adversarial,0.0710125,0.9236884041522572,0.011984778704820374,0.9117036254474368,0.9356731828570776
cifar,sinusoidal,adversarial,0.07125,0.9232766732314647,0.012035009646081818,0.9112416635853828,0.9353116828775465
cifar,sinusoidal,adversarial,0.0714875,0.9228649423106718,0.012086675153182631,0.9107782671574892,0.9349516174638545
cifar,sinusoidal,adversarial,0.071725,0.9224532113898793,0.01213975691006035,0.910313454479819,0.9345929682999397
cifar,sinusoidal,adversarial,0.0719625,0.9220414804690868,0.012194236421837491,0.9098472440472494,0.9342357168909243
cifar,sinusoidal,adversarial,0.0722,0.9216297495482942,0.012250095039937162,0.9093796545083571,0.9338798445882314
cifar,sinusoidal,adversarial,0.0724375,0.9212180186275015,0.01230731398652168,0.9089107046409799,0.9335253326140232
cifar,sinusoidal,adversarial,0.072675,0.920806287706709,0.012365874378210677,0.9084404133284983,0.9331721620849197
cifar,sinusoidal,adversarial,0.0729125,0.9203945567859163,0.01242575724903943,0.9079687995368769,0.9328203140349557
cifar,sinusoidal,adversarial,0.07315,0.9199828258651238,0.012486943572625772,0.907495882292498,0.9324697694377496
cifar,sinusoidal,adversarial,0.0733875,0.9195710949443313,0.012549414283516929,0.9070216806608143,0.9321205092278483
cifar,sinusoidal,adversarial,0.073625,0.9191593640235386,0.01261315029769535,0.9065462137258432,0.931772514321234
cifar,sinusoidal,adversarial,0.0738625,0.918747633102746,0.012678132532225736,0.9060695005705203,0.9314257656349717
cifar,sinusoidal,adversarial,0.0741,0.9183212568412205,0.012721381862888594,0.9055998749783318,0.9310426387041091
cifar,sinusoidal,adversarial,0.0743375,0.9178036304884164,0.012623747854812588,0.9051798826336038,0.930427378343229
cifar,sinusoidal,adversarial,0.074575,0.9172860041356127,0.01252905963881372,0.904756944496799,0.9298150637744264
cifar,sinusoidal,adversarial,0.0748125,0.9167683777828087,0.012437384495730187,0.9043309932870786,0.9292057622785389
cifar,sinusoidal,adversarial,0.07505,0.9162507514300048,0.012348789531242303,0.9039019618987625,0.9285995409612471
cifar,sinusoidal,adversarial,0.0752875,0.915733125077201,0.012263341502617611,0.9034697835745833,0.9279964665798186
cifar,sinusoidal,adversarial,0.075525,0.9152154987243971,0.01218110663541444,0.9030343920889827,0.9273966053598115
cifar,sinusoidal,adversarial,0.0757625,0.9146978723715931,0.012102150430707136,0.9025957219408859,0.9268000228023002
cifar,sinusoidal,adversarial,0.076,0.9141802460187892,0.012026537463551304,0.9021537085552379,0.9262067834823405
cifar,sinusoidal,adversarial,0.0762375,0.9136626196659855,0.011954331173576967,0.9017082884924086,0.9256169508395624
cifar,sinusoidal,adversarial,0.076475,0.9131449933131814,0.01188559364876307,0.9012593996644184,0.9250305869619445
cifar,sinusoidal,adversarial,0.0767125,0.9126273669603776,0.011820385403619155,0.9008069815567584,0.9244477523639968
cifar,sinusoidal,adversarial,0.07695,0.9121097406075739,0.01175876515316467,0.9003509754544092,0.9238685057607385
cifar,sinusoidal,adversarial,0.0771875,0.9115921142547698,0.01170078958425796,0.8998913246705119,0.9232929038390277
cifar,sinusoidal,adversarial,0.077425,0.911074487901966,0.01164651312597428,0.8994279747759917,0.9227210010279403
cifar,sinusoidal,adversarial,0.0776625,0.910556861549162,0.011595987720867743,0.8989608738282943,0.9221528492700298
cifar,sinusoidal,adversarial,0.0779,0.9100392351963581,0.011549262599064537,0.8984899725972936,0.9215884977954226
cifar,sinusoidal,adversarial,0.0781375,0.9095216088435544,0.011506384057226633,0.8980152247863278,0.921027992900781
cifar,sinusoidal,adversarial,0.078375,0.9090039824907504,0.011467395244485958,0.8975365872462645,0.9204713777352364
cifar,sinusoidal,adversarial,0.0786125,0.9084863561379465,0.011432335957481827,0.8970540201804647,0.9199186920954283
cifar,sinusoidal,adversarial,0.07885,0.9079687297851425,0.011401242446629066,0.8965674873385134,0.9193699722317716
cifar,sinusoidal,adversarial,0.0790875,0.9074511034323388,0.011374147235705743,0.8960769561966331,0.9188252506680445
cifar,sinusoidal,adversarial,0.079325,0.9069334770795346,0.011351078956769766,0.8955823981227649,0.9182845560363044
cifar,sinusoidal,adversarial,0.0795625,0.9064158507267309,0.0113320622022976,0.8950837885244334,0.9177479129290285
cifar,sinusoidal,adversarial,0.0798,0.9058982243739271,0.011317117396284057,0.894581106977643,0.9172153417702111
cifar,sinusoidal,adversarial,0.0800375,0.905380598021123,0.011306260685850994,0.8940743373352721,0.916686858706974
cifar,sinusoidal,adversarial,0.080275,0.9048629716683192,0.011299503854691018,0.8935634678136282,0.9161624755230102
cifar,sinusoidal,adversarial,0.0805125,0.9043453453155154,0.011296854259418699,0.8930484910560966,0.9156421995749341
cifar,sinusoidal,adversarial,0.08075,0.9038277189627114,0.01129831478962805,0.8925294041730834,0.9151260337523395
cifar,sinusoidal,adversarial,0.0809875,0.9033100926099076,0.011303883852159897,0.8920062087577477,0.9146139764620674
cifar,sinusoidal,adversarial,0.081225,0.9027924662571037,0.011313555379779025,0.8914789108773247,0.9141060216368828
cifar,sinusoidal,adversarial,0.0814625,0.9022748399042997,0.01132731886415071,0.890947521040149,0.9136021587684504
cifar,sinusoidal,adversarial,0.0817,0.9017572135514959,0.01134515941269998,0.8904120541387959,0.9131023729641958
cifar,sinusoidal,adversarial,0.0819375,0.9012395871986921,0.011367057828638701,0.8898725293700535,0.9126066450273308
cifar,sinusoidal,adversarial,0.082175,0.9007219608458881,0.011392990713165307,0.8893289701327227,0.9121149515590534
cifar,sinusoidal,adversarial,0.0824125,0.9002043344930842,0.011422930588580883,0.8887814039045033,0.9116272650816651
cifar,sinusoidal,adversarial,0.08265,0.8996867081402803,0.011456846040835831,0.8882298620994444,0.9111435541811161
cifar,sinusoidal,adversarial,0.0828875,0.8991413705992967,0.011432661448049454,0.8877087091512472,0.9105740320473461
cifar,sinusoidal,adversarial,0.083125,0.8985470180334367,0.01130113229656111,0.8872458857368756,0.9098481503299979
cifar,sinusoidal,adversarial,0.0833625,0.8979526654675768,0.011171323624631574,0.8867813418429452,0.9091239890922084
cifar,sinusoidal,adversarial,0.0836,0.8973583129017167,0.011043296102674304,0.8863150167990425,0.908401609004391
cifar,sinusoidal,adversarial,0.0838375,0.896763960335857,0.01091711239475197,0.885846847941105,0.907681072730609
cifar,sinusoidal,adversarial,0.084075,0.8961696077699971,0.010792837171530352,0.8853767705984668,0.9069624449415274
cifar,sinusoidal,adversarial,0.0843125,0.895575255204137,0.010670537115155051,0.884904718088982,0.9062457923192921
cifar,sinusoidal,adversarial,0.08455,0.8949809026382772,0.010550280914925967,0.8844306217233513,0.9055311835532032
cifar,sinusoidal,adversarial,0.0847875,0.8943865500724172,0.010432139252570175,0.883954410819847,0.9048186893249873
cifar,sinusoidal,adversarial,0.085025,0.8937921975065574,0.010316184775845895,0.8834760127307114,0.9041083822824033
cifar,sinusoidal,adversarial,0.0852625,0.8931978449406975,0.010202492059148537,0.882995352881549,0.9034003369998461
cifar,sinusoidal,adversarial,0.0855,0.8926034923748375,0.01009113754974128,0.8825123548250962,0.9026946299245788
cifar,sinusoidal,adversarial,0.0857375,0.8920091398089776,0.009982199498197874,0.8820269403107797,0.9019913393071755
cifar,sinusoidal,adversarial,0.085975,0.8914147872431176,0.009875757871629944,0.8815390293714876,0.9012905451147476
cifar,sinusoidal,adversarial,0.0862125,0.8908204346772578,0.009771894248277268,0.8810485404289805,0.9005923289255351
cifar,sinusoidal,adversarial,0.08645,0.8902260821113979,0.009670691692075732,0.8805553904193222,0.8998967738034735
cifar,sinusoidal,adversarial,0.0866875,0.8896317295455379,0.009572234605883146,0.8800594949396547,0.8992039641514211
cifar,sinusoidal,adversarial,0.086925,0.8890373769796781,0.009476608562147354,0.8795607684175307,0.8985139855418255
cifar,sinusoidal,adversarial,0.0871625,0.8884430244138182,0.009383900109947774,0.8790591243038703,0.897826924523766
cifar,sinusoidal,adversarial,0.0874,0.8878486718479582,0.009294196557530155,0.8785544752904281,0.8971428684054884
cifar,sinusoidal,adversarial,0.0876375,0.8872543192820984,0.009207585729698575,0.8780467335523998,0.896461905011797
cifar,sinusoidal,adversarial,0.087875,0.8866599667162385,0.009124155699718545,0.8775358110165199,0.8957841224159571
cifar,sinusoidal,adversarial,0.0881125,0.8860656141503785,0.00904399449573466,0.8770216196546439,0.8951096086461132
cifar,sinusoidal,adversarial,0.08835,0.8854712615845185,0.00896718978210376,0.8765040718024147,0.8944384513666223
cifar,sinusoidal,adversarial,0.0885875,0.8848769090186587,0.008893828516497726,0.8759830805021609,0.8937707375351565
cifar,sinusoidal,adversarial,0.088825,0.8842825564527987,0.008823996584127006,0.8754585598686717,0.8931065530369258
cifar,sinusoidal,adversarial,0.0890625,0.8836882038869387,0.008757778410973704,0.874930425475965,0.8924459822979124
cifar,sinusoidal,adversarial,0.0893,0.883093851321079,0.00869525655849002,0.874398594762589,0.891789107879569
cifar,sinusoidal,adversarial,0.0895375,0.882499498755219,0.008636511302801967,0.8738629874524171,0.891136010058021
cifar,sinusoidal,adversarial,0.089775,0.881905146189359,0.008581620202042391,0.8733235259873167,0.8904867663914013
cifar,sinusoidal,adversarial,0.0900125,0.8813107936234991,0.008530657656007157,0.8727801359674919,0.8898414512795062
cifar,sinusoidal,adversarial,0.09025,0.8807081208974715,0.008487840626920248,0.8722202802705513,0.8891959615243917
cifar,sinusoidal,adversarial,0.0904875,0.8800975533411242,0.008452330765868559,0.8716452225752556,0.8885498841069928
cifar,sinusoidal,adversarial,0.090725,0.8794869857847769,0.008420014533843907,0.871066971250933,0.8879070003186208
cifar,sinusoidal,adversarial,0.0909625,0.8788764182284297,0.008390928830080855,0.8704854893983488,0.8872673470585105
cifar,sinusoidal,adversarial,0.0912,0.8782658506720823,0.008365107352548782,0.8699007433195335,0.8866309580246311
cifar,sinusoidal,adversarial,0.0914375,0.877655283115735,0.008342580411041559,0.8693127027046935,0.8859978635267766
cifar,sinusoidal,adversarial,0.091675,0.8770447155593878,0.008323374755264085,0.8687213408041237,0.8853680903146519
cifar,sinusoidal,adversarial,0.0919125,0.8764341480030403,0.00830751342010866,0.8681266345829316,0.884741661423149
cifar,sinusoidal,adversarial,0.09215,0.8758235804466931,0.008295015590150992,0.8675285648565421,0.8841185960368441
cifar,sinusoidal,adversarial,0.0923875,0.8752130128903458,0.00828589648518826,0.8669271164051575,0.8834989093755341
cifar,sinusoidal,adversarial,0.092625,0.8746024453339984,0.008280167268389392,0.866322278065609,0.8828826126023879
cifar,sinusoidal,adversarial,0.0928625,0.8739918777776512,0.008277834978338464,0.8657140427993127,0.8822697127559896
cifar,sinusoidal,adversarial,0.0931,0.8733813102213039,0.008278902485930422,0.8651024077353735,0.8816602127072344
cifar,sinusoidal,adversarial,0.0933375,0.8727707426649566,0.008283368476732854,0.8644873741882237,0.8810541111416894
cifar,sinusoidal,adversarial,0.093575,0.8721601751086093,0.00829122745906553,0.8638689476495438,0.8804514025676748
cifar,sinusoidal,adversarial,0.0938125,0.8715496075522621,0.008302469797682946,0.8632471377545792,0.879852077349945
cifar,sinusoidal,adversarial,0.09405,0.8709390399959146,0.008317081772578505,0.8626219582233361,0.8792561217684931
cifar,sinusoidal,adversarial,0.0942875,0.8703284724395673,0.008335045662077819,0.8619934267774896,0.8786635181016451
cifar,sinusoidal,adversarial,0.094525,0.8697179048832201,0.008356339849056664,0.8613615650341634,0.8780742447322768
cifar,sinusoidal,adversarial,0.0947625,0.8691073373268727,0.008380938948816318,0.8607263983780564,0.877488276275689
cifar,sinusoidal,adversarial,0.095,0.8684967697705255,0.008408813956883887,0.8600879558136416,0.8769055837274093
cifar,rope,noise,0.0,1.0,0.0,1.0,1.0
cifar,rope,noise,0.0002375,0.9999953018117319,4.190714308035178e-06,0.9999911110974239,0.9999994925260399
cifar,rope,noise,0.000475,0.9999906036234639,8.381428616134809e-06,0.9999822221948478,0.9999989850520801
cifar,rope,noise,0.0007125,0.9999859054351962,1.2572142924170919e-05,0.999973333292272,0.9999984775781203
cifar,rope,noise,0.00095,0.999981207246928,1.676285723217694e-05,0.9999644443896958,0.9999979701041601
cifar,rope,noise,0.0011875,0.99997650905866,2.095357154025204e-05,0.9999555554871197,0.9999974626302003
cifar,rope,noise,0.001425,0.999971810870392,2.5144285848311748e-05,0.9999466665845437,0.9999969551562403
cifar,rope,noise,0.0016625,0.999967112682124,2.9335000156369376e-05,0.9999377776819677,0.9999964476822804
cifar,rope,noise,0.0019,0.9999624144938558,3.352571446437539e-05,0.9999288887793915,0.9999959402083202
cifar,rope,noise,0.0021375,0.9999577163055879,3.771642877242898e-05,0.9999199998768155,0.9999954327343604
cifar,rope,noise,0.002375,0.9999530181173201,4.1907143080510205e-05,0.9999111109742396,0.9999949252604006
cifar,rope,noise,0.0026125,0.999948319929052,4.609785738854631e-05,0.9999022220716635,0.9999944177864405
cifar,rope,noise,0.00285,0.9999436217407841,5.028857169657074e-05,0.9998933331690876,0.9999939103124806
cifar,rope,noise,0.0030875,0.999938923552516,5.447928600462444e-05,0.9998844442665114,0.9999934028385207
cifar,rope,noise,0.003325,0.9999342253642479,5.867000031268714e-05,0.9998755553639352,0.9999928953645606
cifar,rope,noise,0.0035625,0.99992952717598,6.286071462074073e-05,0.9998666664613594,0.9999923878906007
cifar,rope,noise,0.0038,0.999924828987712,6.705142892876919e-05,0.9998577775587831,0.9999918804166408
cifar,rope,noise,0.0040375,0.999920130799444,7.124214323680137e-05,0.9998488886562071,0.9999913729426808
cifar,rope,noise,0.004275,0.9999154326111759,7.54328575448856e-05,0.999839999753631,0.9999908654687207
cifar,rope,noise,0.0045125,0.999910734422908,7.962357185293918e-05,0.999831110851055,0.999990357994761
cifar,rope,noise,0.00475,0.9999060362346399,8.381428616094613e-05,0.9998222219484789,0.9999898505208009
cifar,rope,noise,0.0049875,0.999901338046372,8.800500046899983e-05,0.999813333045903,0.9999893430468411
cifar,rope,noise,0.005225,0.999896639858104,9.219571477708094e-05,0.9998044441433269,0.999988835572881
cifar,rope,noise,0.0054625,0.9998919416698359,9.638642908511612e-05,0.9997955552407507,0.999988328098921
cifar,rope,noise,0.0057,0.9998872434815679,0.00010057714339314066,0.9997866663381747,0.999987820624961
cifar,rope,noise,0.0059375,0.9998825452932999,0.00010476785770119518,0.9997777774355987,0.9999873131510011
cifar,rope,noise,0.006175,0.999877847105032,0.0001089585720092794,0.9997688885330227,0.9999868056770413
cifar,rope,noise,0.0064125,0.9998731489167638,0.0001131492863173146,0.9997599996304465,0.9999862982030812
cifar,rope,noise,0.00665,0.999868450728496,0.000117340000625336,0.9997511107278706,0.9999857907291213
cifar,rope,noise,0.0068875,0.9998637525402279,0.00012153071493339364,0.9997422218252945,0.9999852832551612
cifar,rope,noise,0.007125,0.99985905435196,0.00012572142924145634,0.9997333329227185,0.9999847757812015
cifar,rope,noise,0.0073625,0.999854356163692,0.00012991214354949153,0.9997244440201425,0.9999842683072415
cifar,rope,noise,0.0076,0.999849657975424,0.00013410285785753445,0.9997155551175665,0.9999837608332816
cifar,rope,noise,0.0078375,0.9998449597871559,0.0001382935721655706,0.9997066662149904,0.9999832533593215
cifar,rope,noise,0.008075,0.9998402615988878,0.0001424842864736333,0.9996977773124142,0.9999827458853615
cifar,rope,noise,0.0083125,0.99983556341062,0.00014667500078170538,0.9996888884098383,0.9999822384114017
cifar,rope,noise,0.00855,0.9998308652223519,0.0001508657150897114,0.9996799995072622,0.9999817309374416
cifar,rope,noise,0.0087875,0.9998261670340839,0.00015505642939776812,0.9996711106046862,0.9999812234634816
cifar,rope,noise,0.009025,0.9998214688458159,0.00015924714370585015,0.99966222170211,0.9999807159895218
cifar,rope,noise,0.0092625,0.9998167706575479,0.00016343785801388233,0.9996533327995341,0.9999802085155618
cifar,rope,noise,0.0095,0.9998120724692798,0.00016762857232190985,0.999644443896958,0.9999797010416017
cifar,rope,noise,0.0097375,0.999807374281012,0.00017181928662994504,0.9996355549943821,0.9999791935676419
cifar,rope,noise,0.009975,0.999802676092744,0.0001760100009380271,0.999626666091806,0.999978686093682
cifar,rope,noise,0.0102125,0.9997979779044758,0.00018020071524608078,0.9996177771892297,0.9999781786197218
cifar,rope,noise,0.01045,0.9997932797162079,0.0001843914295540868,0.9996088882866538,0.999977671145762
cifar,rope,noise,0.0106875,0.9997885815279398,0.00018858214386214037,0.9995999993840776,0.999977163671802
cifar,rope,noise,0.010925,0.9997838833396719,0.0001927728581702216,0.9995911104815017,0.9999766561978422
cifar,rope,noise,0.0111625,0.9997791851514037,0.0001969635724782577,0.9995822215789255,0.999976148723882
cifar,rope,noise,0.0114,0.9997744869631359,0.00020115428678630365,0.9995733326763495,0.9999756412499222
cifar,rope,noise,0.0116375,0.9997697887748679,0.00020534500109433885,0.9995644437737735,0.9999751337759623
cifar,rope,noise,0.011875,0.9997650905865999,0.00020953571540239854,0.9995555548711975,0.9999746263020023
cifar,rope,noise,0.0121125,0.9997603923983319,0.00021372642971045615,0.9995466659686215,0.9999741188280423
cifar,rope,noise,0.01235,0.9997556942100639,0.0002179171440184806,0.9995377770660454,0.9999736113540825
cifar,rope,noise,0.0125875,0.9997509960217958,0.0002221078583265128,0.9995288881634693,0.9999731038801224
cifar,rope,noise,0.012825,0.999746297833528,0.000226298572634597,0.9995199992608934,0.9999725964061625
cifar,rope,noise,0.0130625,0.9997415996452599,0.0002304892869426515,0.9995111103583172,0.9999720889322026
cifar,rope,noise,0.0133,0.9997369014569918,0.00023468000125067905,0.9995022214557411,0.9999715814582425
cifar,rope,noise,0.0135375,0.9997322032687238,0.00023887071555871124,0.9994933325531651,0.9999710739842825
cifar,rope,noise,0.013775,0.9997275050804558,0.00024306142986679235,0.9994844436505891,0.9999705665103226
cifar,rope,noise,0.0140125,0.9997228068921878,0.00024725214417484903,0.999475554748013,0.9999700590363627
cifar,rope,noise,0.01425,0.9997181087039199,0.000251442858482856,0.999466665845437,0.9999695515624027
cifar,rope,noise,0.0144875,0.9997134105156517,0.0002556335727909066,0.9994577769428608,0.9999690440884426
cifar,rope,noise,0.014725,0.9997087123273839,0.0002598242870989908,0.9994488880402849,0.9999685366144829
cifar,rope,noise,0.0149625,0.9997040141391157,0.00026401500140702596,0.9994399991377086,0.9999680291405227
cifar,rope,noise,0.0152,0.9996993159508478,0.00026820571571503,0.9994311102351328,0.9999675216665629
cifar,rope,noise,0.0154375,0.99969461776258,0.00027239643002310507,0.9994222213325569,0.999967014192603
cifar,rope,noise,0.015675,0.9996899195743119,0.00027658714433116774,0.9994133324299806,0.9999665067186431
cifar,rope,noise,0.0159125,0.9996852213860438,0.00028077785863922446,0.9994044435274045,0.999965999244683
cifar,rope,noise,0.01615,0.9996805231977758,0.0002849685729472459,0.9993955546248285,0.999965491770723
cifar,rope,noise,0.0163875,0.9996758250095078,0.000289159287255282,0.9993866657222525,0.9999649842967631
cifar,rope,noise,0.016625,0.9996711268212399,0.0002933500015633662,0.9993777768196765,0.9999644768228033
cifar,rope,noise,0.0168625,0.9996664286329718,0.00029754071587141976,0.9993688879171004,0.9999639693488432
cifar,rope,noise,0.0171,0.9996617304447039,0.0003017314301794228,0.9993599990145244,0.9999634618748833
cifar,rope,noise,0.0173375,0.9996570322564359,0.00030592214448748044,0.9993511101119484,0.9999629544009233
cifar,rope,noise,0.017575,0.9996523340681679,0.0003101128587955431,0.9993422212093723,0.9999624469269635
cifar,rope,noise,0.0178125,0.9996476358798997,0.00031430357310359376,0.9993333323067961,0.9999619394530033
cifar,rope,noise,0.01805,0.9996429376916319,0.00031849428741162125,0.9993244434042203,0.9999614319790435
cifar,rope,noise,0.0182875,0.9996382395033637,0.00032268500171965737,0.9993155545016441,0.9999609245050833
cifar,rope,noise,0.018525,0.9996335413150957,0.00032687571602776,0.999306665599068,0.9999604170311235
cifar,rope,noise,0.0187625,0.9996288431268278,0.00033106643033579215,0.999297776696492,0.9999599095571635
cifar,rope,noise,0.019,0.9996241449385598,0.0003352571446437982,0.999288887793916,0.9999594020832036
cifar,rope,noise,0.0192375,0.9996194467502919,0.00033944785895187327,0.99927999889134,0.9999588946092438
cifar,rope,noise,0.019475,0.9996147485620237,0.000343638573259937,0.9992711099887638,0.9999583871352836
cifar,rope,noise,0.0197125,0.9996100503737559,0.00034782928756796913,0.999262221086188,0.9999578796613239
cifar,rope,noise,0.01995,0.9996053521854877,0.00035202000187601506,0.9992533321836117,0.9999573721873638
cifar,rope,noise,0.0201875,0.9996006539972199,0.00035621071618405025,0.9992444432810358,0.999956864713404
cifar,rope,noise,0.020425,0.9995959558089517,0.00036040143049213244,0.9992355543784596,0.9999563572394438
cifar,rope,noise,0.0206625,0.9995912576206837,0.0003645921448001675,0.9992266654758836,0.9999558497654838
cifar,rope,noise,0.0209,0.9995865594324158,0.000368782859108192,0.9992177765733076,0.999955342291524
cifar,rope,noise,0.0211375,0.9995818612441477,0.0003729735734162487,0.9992088876707315,0.999954834817564
cifar,rope,noise,0.021375,0.9995771630558798,0.0003771642877243084,0.9991999987681556,0.9999543273436041
cifar,rope,noise,0.0216125,0.9995724648676118,0.00038135500203236294,0.9991911098655794,0.9999538198696442
cifar,rope,noise,0.02185,0.9995677666793438,0.0003855457163403905,0.9991822209630034,0.9999533123956842
cifar,rope,noise,0.0220875,0.9995630684910757,0.0003897364306484256,0.9991733320604272,0.9999528049217241
cifar,rope,noise,0.022325,0.9995583703028078,0.00039392714495650375,0.9991644431578514,0.9999522974477643
cifar,rope,noise,0.0225625,0.9995536721145397,0.0003981178592645614,0.9991555542552751,0.9999517899738043
cifar,rope,noise,0.0228,0.9995489739262716,0.0004023085735725674,0.999146665352699,0.9999512824998442
cifar,rope,noise,0.0230375,0.9995442757380039,0.00040649928788062114,0.9991377764501232,0.9999507750258845
cifar,rope,noise,0.023275,0.9995395775497357,0.0004106900021887022,0.9991288875475469,0.9999502675519244
cifar,rope,noise,0.0235125,0.9995348793614678,0.0004148807164967383,0.999119998644971,0.9999497600779645
cifar,rope,noise,0.02375,0.9995294441641768,0.00041794495159471276,0.999111499212582,0.9999473891157715
cifar,rope,noise,0.0239875,0.9995237682453677,0.00041998277748127256,0.9991037854678865,0.9999437510228489
cifar,rope,noise,0.024225,0.9995181020780387,0.00042203387771761434,0.999096068200321,0.9999401359557564
cifar,rope,noise,0.0244625,0.9995126132285415,0.00042390133655968097,0.9990887118919818,0.9999365145651011
cifar,rope,noise,0.0247,0.9995071243790442,0.00042579196400222566,0.9990813324150419,0.9999329163430465
cifar,rope,noise,0.0249375,0.9995016355295469,0.00042770545280217364,0.9990739300767447,0.999929340982349
cifar,rope,noise,0.025175,0.9994960019236628,0.0004295032397137689,0.999066498683949,0.9999255051633766
cifar,rope,noise,0.0254125,0.9994899086827385,0.00043062718144415337,0.9990592815012943,0.9999205358641826
cifar,rope,noise,0.02565,0.999483834571584,0.0004317363936767743,0.9990520981779072,0.9999155709652607
cifar,rope,noise,0.0258875,0.9994777604604295,0.00043286161236180795,0.9990448988480677,0.9999106220727912
cifar,rope,noise,0.026125,0.999471686349275,0.00043400271300174815,0.9990376836362732,0.9999056890622767
cifar,rope,noise,0.0263625,0.9994656122381205,0.0004351595706568364,0.9990304526674636,0.9999007718087773
cifar,rope,noise,0.0266,0.9994595381269659,0.0004363320599962833,0.9990232060669696,0.9998958701869621
cifar,rope,noise,0.0268375,0.9994534640158115,0.00043752005534819976,0.9990159439604632,0.9998909840711597
cifar,rope,noise,0.027075,0.999447389904657,0.0004387234307489758,0.999008666473908,0.999886113335406
cifar,rope,noise,0.0273125,0.9994413157935025,0.0004399420599912714,0.9990013737335112,0.9998812578534938
cifar,rope,noise,0.02755,0.9994352416823481,0.0004411758166711957,0.9989940658656769,0.9998764174990193
cifar,rope,noise,0.0277875,0.9994291675711935,0.0004424245742345876,0.9989867429969589,0.9998715921454281
cifar,rope,noise,0.028025,0.9994230934600391,0.0004436882060216905,0.9989794052540174,0.9998667816660608
cifar,rope,noise,0.0282625,0.9994170193488846,0.00044496658531152536,0.998972052763573,0.9998619859341962
cifar,rope,noise,0.0285,0.9994109452377301,0.0004462595853646615,0.9989646856523654,0.9998572048230948
cifar,rope,noise,0.0287375,0.9994048711265758,0.00044756707946495676,0.9989573040471109,0.9998524382060408
cifar,rope,noise,0.028975,0.9993987970154211,0.0004488889409605943,0.9989499080744605,0.9998476859563817
cifar,rope,noise,0.0292125,0.9993927229042668,0.00045022504330346466,0.9989424978609633,0.9998429479475703
cifar,rope,noise,0.02945,0.9993866487931121,0.0004515752600879119,0.9989350735330242,0.9998382240532
cifar,rope,noise,0.0296875,0.9993805746819576,0.0004529394650881131,0.9989276352168696,0.9998335141470457
cifar,rope,noise,0.029925,0.9993745005708031,0.0004543175322944075,0.9989201830385087,0.9998288181030975
cifar,rope,noise,0.0301625,0.9993684264596489,0.0004557093359487047,0.9989127171237001,0.9998241357955976
cifar,rope,noise,0.0304,0.9993623523484944,0.00045711475057857336,0.9989052375979158,0.9998194670990729
cifar,rope,noise,0.0306375,0.9993562782373399,0.00045853365103029435,0.9988977445863095,0.9998148118883702
cifar,rope,noise,0.030875,0.9993502041261855,0.00045996591250085884,0.9988902382136846,0.9998101700386863
cifar,rope,noise,0.0311125,0.9993441300150309,0.00046141141056908405,0.9988827186044618,0.9998055414256
cifar,rope,noise,0.03135,0.9993380559038765,0.00046287002122505865,0.9988751858826515,0.9998009259251015
cifar,rope,noise,0.0315875,0.9993319817927219,0.00046434162089929135,0.9988676401718226,0.9997963234136211
cifar,rope,noise,0.031825,0.9993259076815675,0.00046582608649030523,0.9988600815950772,0.9997917337680577
cifar,rope,noise,0.0320625,0.9993198335704129,0.0004673232953911702,0.9988525102750218,0.999787156865804
cifar,rope,noise,0.0323,0.9993137594592585,0.0004688331255155385,0.998844926333743,0.999782592584774
cifar,rope,noise,0.0325375,0.999307685348104,0.0004703554553217876,0.9988373298927822,0.9997780408034258
cifar,rope,noise,0.032775,0.9993016112369495,0.00047189016383716853,0.9988297210731123,0.9997735014007867
cifar,rope,noise,0.0330125,0.999295537125795,0.0004734371306800484,0.998822099995115,0.999768974256475
cifar,rope,noise,0.03325,0.9992894630146406,0.00047499623608169097,0.9988144667785589,0.9997644592507223
cifar,rope,noise,0.0334875,0.999283388903486,0.0004765673609070913,0.9988068215425789,0.9997599562643931
cifar,rope,noise,0.033725,0.9992773147923316,0.0004781503866746292,0.998799164405657,0.9997554651790063
cifar,rope,noise,0.0339625,0.999271240681177,0.00047974519557487916,0.9987914954856021,0.9997509858767519
cifar,rope,noise,0.0342,0.9992651665700226,0.000481351670488685,0.9987838148995339,0.9997465182405113
cifar,rope,noise,0.0344375,0.9992590924588681,0.00048296969500400815,0.9987761227638641,0.9997420621538722
cifar,rope,noise,0.034675,0.9992530183477136,0.0004845991534322398,0.9987684191942814,0.9997376175011459
cifar,rope,noise,0.0349125,0.9992469442365591,0.00048623993082346986,0.9987607043057357,0.9997331841673825
cifar,rope,noise,0.03515,0.9992408701254049,0.0004878919129808569,0.998752978212424,0.9997287620383857
cifar,rope,noise,0.0353875,0.9992347960142501,0.0004895549864744087,0.9987452410277757,0.9997243510007245
cifar,rope,noise,0.035625,0.9992287219030956,0.0004912290386538549,0.9987374928644418,0.9997199509417495
cifar,rope,noise,0.0358625,0.9992226477919414,0.0004929139576605056,0.9987297338342809,0.9997155617496019
cifar,rope,noise,0.0361,0.9992165736807869,0.0004946096324388362,0.998721964048348,0.9997111833132257
cifar,rope,noise,0.0363375,0.9992104995696324,0.0004963159527468621,0.9987141836168855,0.9997068155223793
cifar,rope,noise,0.036575,0.9992044254584779,0.0004980328091659062,0.9987063926493119,0.9997024582676438
cifar,rope,noise,0.0368125,0.9991983513473234,0.00049976009311002,0.9986985912542133,0.9996981114404334
cifar,rope,noise,0.03705,0.999192277236169,0.0005014976968340891,0.9986907795393349,0.999693774933003
cifar,rope,noise,0.0372875,0.9991862031250144,0.0005032455134419262,0.9986829576115724,0.9996894486384563
cifar,rope,noise,0.037525,0.99918012901386,0.0005050034368931979,0.9986751255769668,0.9996851324507532
cifar,rope,noise,0.0377625,0.9991740549027054,0.000506771362009947,0.9986672835406954,0.9996808262647153
cifar,rope,noise,0.038,0.999167980791551,0.0005085491844825019,0.9986594316070685,0.9996765299760335
cifar,rope,noise,0.0382375,0.9991619066803964,0.0005103368008749042,0.9986515698795215,0.9996722434812713
cifar,rope,noise,0.038475,0.9991558325692421,0.0005121341086293548,0.9986436984606127,0.9996679666778715
cifar,rope,noise,0.0387125,0.9991497584580875,0.000513941006070605,0.9986358174520169,0.9996636994641581
cifar,rope,noise,0.03895,0.999143684346933,0.0005157573924095917,0.9986279269545234,0.9996594417393426
cifar,rope,noise,0.0391875,0.9991376102357786,0.0005175831677463477,0.9986200270680323,0.9996551934035249
cifar,rope,noise,0.039425,0.999131536124624,0.0005194182330729083,0.9986121178915511,0.9996509543576969
cifar,rope,noise,0.0396625,0.9991254620134696,0.0005212624902750154,0.9986041995231946,0.9996467245037447
cifar,rope,noise,0.0399,0.9991193879023151,0.0005231158421342365,0.9985962720601809,0.9996425037444494
cifar,rope,noise,0.0401375,0.9991133137911606,0.0005249781923288889,0.9985883355988318,0.9996382919834895
cifar,rope,noise,0.040375,0.9991072396800064,0.0005268494454347575,0.9985803902345716,0.9996340891254412
cifar,rope,noise,0.0406125,0.9991011655688516,0.0005287295069256808,0.9985724360619259,0.9996298950757774
cifar,rope,noise,0.04085,0.9990950914576974,0.0005306182831733635,0.998564473174524,0.9996257097408707
cifar,rope,noise,0.0410875,0.9990890173465427,0.0005325156814468216,0.9985565016650958,0.9996215330279895
cifar,rope,noise,0.041325,0.9990829432353884,0.0005344216099117039,0.9985485216254767,0.9996173648453001
cifar,rope,noise,0.0415625,0.9990768691242337,0.0005363359776291977,0.9985405331466045,0.9996132051018628
cifar,rope,noise,0.0418,0.9990707950130794,0.0005382586945542537,0.9985325363185251,0.9996090537076336
cifar,rope,noise,0.0420375,0.9990647209019249,0.0005401896715340146,0.9985245312303909,0.9996049105734589
cifar,rope,noise,0.042275,0.9990586467907704,0.0005421288203053862,0.998516517970465,0.9996007756110757
cifar,rope,noise,0.0425125,0.999052572679616,0.000544076053492851,0.9985084966261232,0.9995966487331088
cifar,rope,noise,0.04275,0.9990464985684614,0.0005460312846055978,0.9985004672838558,0.999592529853067
cifar,rope,noise,0.0429875,0.999040424457307,0.0005479944280342837,0.9984924300292727,0.9995884188853413
cifar,rope,noise,0.043225,0.9990343503461524,0.0005499653990481265,0.9984843849471042,0.9995843157452006
cifar,rope,noise,0.0434625,0.999028276234998,0.0005519441137911491,0.9984763321212069,0.9995802203487891
cifar,rope,noise,0.0437,0.9990222021238436,0.0005539304892783426,0.9984682716345653,0.999576132613122
cifar,rope,noise,0.0439375,0.999016128012689,0.0005559244433918587,0.9984602035692972,0.9995720524560808
cifar,rope,noise,0.044175,0.9990100539015346,0.0005579258948767036,0.998452128006658,0.9995679797964113
cifar,rope,noise,0.0444125,0.99900397979038,0.0005599347633361754,0.9984440450270439,0.9995639145537162
cifar,rope,noise,0.04465,0.9989979056792256,0.0005619509692274453,0.9984359547099982,0.999559856648453
cifar,rope,noise,0.0448875,0.998991831568071,0.0005639744338566507,0.9984278571342143,0.9995558060019277
cifar,rope,noise,0.045125,0.9989857574569166,0.0005660050793739877,0.9984197523775427,0.9995517625362906
cifar,rope,noise,0.0453625,0.9989796833457621,0.000568042828768527,0.9984116405169936,0.9995477261745307
cifar,rope,noise,0.0456,0.9989736092346077,0.0005700876058629017,0.9984035216287448,0.9995436968404705
cifar,rope,noise,0.0458375,0.9989675351234532,0.0005721393353079164,0.9983953957881453,0.999539674458761
cifar,rope,noise,0.046075,0.9989614610122987,0.0005741979425770467,0.9983872630697216,0.9995356589548757
cifar,rope,noise,0.0463125,0.9989553869011444,0.0005762633539604295,0.9983791235471839,0.9995316502551048
cifar,rope,noise,0.04655,0.9989493127899897,0.0005783354965595036,0.9983709772934302,0.9995276482865492
cifar,rope,noise,0.0467875,0.9989432386788354,0.0005804142982807176,0.9983628243805547,0.9995236529771161
cifar,rope,noise,0.047025,0.998937164567681,0.0005824996878296019,0.9983546648798514,0.9995196642555106
cifar,rope,noise,0.0472625,0.9989310904565264,0.0005845915947047814,0.9983464988618216,0.9995156820512312
cifar,rope,noise,0.0475,0.9989248279044022,0.0005865592854732383,0.9983382686189289,0.9995113871898754
cifar,rope,noise,0.0477375,0.9989168149174553,0.0005869481140703685,0.998329866803385,0.9995037630315257
cifar,rope,noise,0.047975,0.9989086433879275,0.000587209824844482,0.998321433563083,0.999495853212772
cifar,rope,noise,0.0482125,0.9989004718583995,0.0005874889958250113,0.9983129828625744,0.9994879608542245
cifar,rope,noise,0.04845,0.9988923001345039,0.000587785826221604,0.9983045143082823,0.9994800859607256
cifar,rope,noise,0.0486875,0.998884106945701,0.0005881247772298751,0.998295982168471,0.9994722317229309
cifar,rope,noise,0.048925,0.9988759137568982,0.0005884810377745222,0.9982874327191237,0.9994643947946728
cifar,rope,noise,0.0491625,0.9988677205680953,0.0005888545764384866,0.9982788659916567,0.9994565751445338
cifar,rope,noise,0.0494,0.9988595273792923,0.0005892453603625675,0.9982702820189298,0.9994487727396548
cifar,rope,noise,0.0496375,0.9988513341904897,0.0005896533552595708,0.99826168083523,0.9994409875457493
cifar,rope,noise,0.049875,0.9988431410016867,0.0005900785254293009,0.9982530624762574,0.999433219527116
cifar,rope,noise,0.0501125,0.998834907165377,0.0005904979580270347,0.99824440920735,0.999425405123404
cifar,rope,noise,0.05035,0.9988261470037707,0.0005905105525628284,0.9982356364512078,0.9994166575563336
cifar,rope,noise,0.0505875,0.9988166718732062,0.0005901196256547767,0.9982265522475514,0.999406791498861
cifar,rope,noise,0.050825,0.9988071143625756,0.0005898938417757784,0.9982172205207999,0.9993970082043514
cifar,rope,noise,0.0510625,0.998797556851945,0.0005896785814586201,0.9982078782704864,0.9993872354334037
cifar,rope,noise,0.0513,0.9987879993413143,0.0005894738562321174,0.9981985254850823,0.9993774731975464
cifar,rope,noise,0.0515375,0.9987784418306838,0.0005892796770764667,0.9981891621536073,0.9993677215077602
cifar,rope,noise,0.051775,0.998768884320053,0.0005890960544202925,0.9981797882656327,0.9993579803744732
cifar,rope,noise,0.0520125,0.9987593268094225,0.0005889229981379828,0.9981704038112845,0.9993482498075604
cifar,rope,noise,0.05225,0.9987497692987918,0.000588760517546955,0.9981610087812448,0.9993385298163387
cifar,rope,noise,0.0524875,0.998740211788161,0.0005886086214051896,0.9981516031667558,0.9993288204095662
cifar,rope,noise,0.052725,0.9987306542775305,0.0005884673179089276,0.9981421869596215,0.9993191215954395
cifar,rope,noise,0.0529625,0.9987210967668997,0.000588336614690408,0.9981327601522093,0.9993094333815901
cifar,rope,noise,0.0532,0.9987115392562692,0.000588216518815866,0.9981233227374533,0.9992997557750851
cifar,rope,noise,0.0534375,0.9987019817456385,0.0005881070367836226,0.9981138747088549,0.9992900887824221
cifar,rope,noise,0.053675,0.9986924242350078,0.0005880081745222888,0.9981044160604855,0.9992804324095301
cifar,rope,noise,0.0539125,0.9986828667243772,0.0005879199373891942,0.9980949467869881,0.9992707866617664
cifar,rope,noise,0.05415,0.9986733092137464,0.0005878423301688966,0.9980854668835776,0.9992611515439153
cifar,rope,noise,0.0543875,0.9986637517031159,0.0005877753570720302,0.998075976346044,0.9992515270601879
cifar,rope,noise,0.054625,0.9986541941924854,0.0005877190217340014,0.9980664751707513,0.9992419132142194
cifar,rope,noise,0.0548625,0.9986446366818545,0.0005876733272140263,0.9980569633546406,0.9992323100090685
cifar,rope,noise,0.0551,0.998635079171224,0.0005876382759944434,0.9980474408952296,0.9992227174472184
cifar,rope,noise,0.0553375,0.9986255216605934,0.0005876138699798507,0.9980379077906135,0.9992131355305732
cifar,rope,noise,0.055575,0.9986159641499627,0.0005876001104966694,0.998028364039466,0.9992035642604593
cifar,rope,noise,0.0558125,0.998606406639332,0.0005875969982928164,0.9980188096410392,0.9991940036376248
cifar,rope,noise,0.05605,0.9985968491287013,0.0005876045335375045,0.9980092445951638,0.9991844536622387
cifar,rope,noise,0.0562875,0.9985872916180708,0.0005876227158211105,0.9979996689022497,0.9991749143338919
cifar,rope,noise,0.056525,0.9985777341074401,0.0005876515441553887,0.9979900825632847,0.9991653856515955
cifar,rope,noise,0.0567625,0.9985681765968094,0.0005876910169735973,0.9979804855798358,0.999155867613783
cifar,rope,noise,0.057,0.9985586190861788,0.0005877411321311326,0.9979708779540477,0.9991463602183099
cifar,rope,noise,0.0572375,0.9985490615755482,0.0005878018869058966,0.9979612596886424,0.9991368634624541
cifar,rope,noise,0.057475,0.9985395040649174,0.0005878732779991862,0.9979516307869183,0.9991273773429166
cifar,rope,noise,0.0577125,0.9985299465542868,0.000587955301536566,0.9979419912527503,0.9991179018558234
cifar,rope,noise,0.05795,0.9985203890436564,0.00058804795306885,0.9979323410905875,0.9991084369967252
cifar,rope,noise,0.0581875,0.9985108315330256,0.0005881512275733076,0.9979226803054523,0.9990989827605988
cifar,rope,noise,0.058425,0.9985012740223947,0.0005882651194551506,0.9979130089029395,0.99908953914185
cifar,rope,noise,0.0586625,0.9984917165117643,0.0005883896225489093,0.9979033268892153,0.9990801061343132
cifar,rope,noise,0.0589,0.9984821590011337,0.0005885247301201033,0.9978936342710136,0.9990706837312537
cifar,rope,noise,0.0591375,0.9984726014905029,0.0005886704348671353,0.9978839310556358,0.99906127192537
cifar,rope,noise,0.059375,0.9984630439798723,0.0005888267289232618,0.997874217250949,0.9990518707087955
cifar,rope,noise,0.0596125,0.9984534864692417,0.0005889936038585884,0.9978644928653831,0.9990424800731003
cifar,rope,noise,0.05985,0.9984439289586112,0.0005891710506823954,0.9978547579079289,0.9990331000092936
cifar,rope,noise,0.0600875,0.9984343714479804,0.0005893590598456588,0.9978450123881347,0.9990237305078261
cifar,rope,noise,0.060325,0.9984248139373498,0.0005895576212433756,0.9978352563161065,0.9990143715585932
cifar,rope,noise,0.0605625,0.9984152564267191,0.0005897667242174533,0.9978254897025017,0.9990050231509365
cifar,rope,noise,0.0608,0.9984056989160884,0.000589986357559451,0.997815712558529,0.9989956852736479
cifar,rope,noise,0.0610375,0.998396141405458,0.0005902165095135896,0.9978059248959443,0.9989863579149716
cifar,rope,noise,0.061275,0.9983865838948272,0.0005904571677798325,0.9977961267270473,0.998977041062607
cifar,rope,noise,0.0615125,0.9983770263841963,0.0005907083195172218,0.9977863180646791,0.9989677347037136
cifar,rope,noise,0.06175,0.9983674688735658,0.0005909699513470604,0.9977764989222186,0.9989584388249129
cifar,rope,noise,0.0619875,0.9983579113629352,0.0005912420493567052,0.9977666693135785,0.9989491534122918
cifar,rope,noise,0.062225,0.9983483538523047,0.0005915245991029456,0.9977568292532017,0.9989398784514076
cifar,rope,noise,0.0624625,0.9983387963416739,0.0005918175856159685,0.9977469787560579,0.9989306139272899
cifar,rope,noise,0.0627,0.9983292388310433,0.0005921209934032037,0.9977371178376401,0.9989213598244465
cifar,rope,noise,0.0629375,0.9983196813204126,0.0005924348064532744,0.9977272465139593,0.9989121161268659
cifar,rope,noise,0.063175,0.998310123809782,0.0005927590082402211,0.9977173648015418,0.9989028828180222
cifar,rope,noise,0.0634125,0.9983005662991514,0.0005930935817276706,0.9977074727174238,0.9988936598808791
cifar,rope,noise,0.06365,0.9982910087885206,0.0005934385093733275,0.9976975702791473,0.9988844472978939
cifar,rope,noise,0.0638875,0.9982814512778898,0.0005937937731333718,0.9976876575047564,0.9988752450510232
cifar,rope,noise,0.064125,0.9982718937672593,0.0005941593544670702,0.9976777344127923,0.9988660531217264
cifar,rope,noise,0.0643625,0.9982623362566287,0.0005945352343415431,0.9976678010222872,0.9988568714909702
cifar,rope,noise,0.0646,0.9982527787459982,0.0005949213932364955,0.9976578573527617,0.9988477001392346
cifar,rope,noise,0.0648375,0.9982432212353674,0.0005953178111491501,0.9976479034242182,0.9988385390465165
cifar,rope,noise,0.065075,0.9982336637247368,0.0005957244675992185,0.9976379392571375,0.998829388192336
cifar,rope,noise,0.0653125,0.9982241062141063,0.0005961413416341719,0.9976279648724721,0.9988202475557405
cifar,rope,noise,0.06555,0.9982145487034755,0.0005965684118342719,0.9976179802916412,0.9988111171153098
cifar,rope,noise,0.0657875,0.9982049911928449,0.0005970056563179036,0.997607985536527,0.9988019968491628
cifar,rope,noise,0.066025,0.9981954336822141,0.0005974530527470294,0.997597980629467,0.9987928867349611
cifar,rope,noise,0.0662625,0.9981858761715836,0.0005979105783325656,0.997587965593251,0.9987837867499162
cifar,rope,noise,0.0665,0.998176318660953,0.0005983782098399597,0.997577940451113,0.998774696870793
cifar,rope,noise,0.0667375,0.9981667611503222,0.0005988559235948348,0.9975679052267273,0.9987656170739171
cifar,rope,noise,0.066975,0.9981572036396916,0.0005993436954886712,0.997557859944203,0.9987565473351803
cifar,rope,noise,0.0672125,0.9981476461290608,0.0005998415009845832,0.9975478046280762,0.9987474876300454
cifar,rope,noise,0.06745,0.9981380886184302,0.0006003493151231949,0.997537739303307,0.9987384379335534
cifar,rope,noise,0.0676875,0.9981285311077998,0.0006008671125285723,0.9975276639952712,0.9987293982203284
cifar,rope,noise,0.067925,0.998118973597169,0.0006013948674140905,0.9975175787297549,0.998720368464583
cifar,rope,noise,0.0681625,0.9981094160865384,0.0006019325535885475,0.9975074835329498,0.9987113486401269
cifar,rope,noise,0.0684,0.9980998585759077,0.0006024801444622707,0.9974973784314454,0.99870233872037
cifar,rope,noise,0.0686375,0.9980903010652771,0.0006030376130532781,0.9974872634522238,0.9986933386783303
cifar,rope,noise,0.068875,0.9980807435546465,0.0006036049319934033,0.9974771386226531,0.9986843484866399
cifar,rope,noise,0.0691125,0.9980711860440157,0.0006041820735346042,0.997467003970481,0.9986753681175503
cifar,rope,noise,0.06935,0.9980616285333852,0.0006047690095552675,0.9974568595238299,0.9986663975429405
cifar,rope,noise,0.0695875,0.9980520710227544,0.0006053657115664812,0.997446705311188,0.9986574367343208
cifar,rope,noise,0.069825,0.9980425135121237,0.0006059721507184597,0.9974365413614052,0.9986484856628421
cifar,rope,noise,0.0700625,0.9980329560014932,0.0006065882978069646,0.9974263677036863,0.9986395442993001
cifar,rope,noise,0.0703,0.9980233984908625,0.0006072141232797645,0.9974161843675827,0.9986306126141423
cifar,rope,noise,0.0705375,0.9980138409802319,0.0006078495972430518,0.9974059913829889,0.998621690577475
cifar,rope,noise,0.070775,0.9980042834696011,0.0006084946894679537,0.9973957887801331,0.9986127781590691
cifar,rope,noise,0.0710125,0.9979947259589705,0.0006091493693971225,0.9973855765895734,0.9986038753283677
cifar,rope,noise,0.07125,0.99798516844834,0.0006098136061512334,0.9973753548421888,0.9985949820544912
cifar,rope,noise,0.0714875,0.9979756109377093,0.0006104873685355666,0.9973651235691737,0.9985860983062448
cifar,rope,noise,0.071725,0.9979660534270787,0.0006111706250466124,0.9973548828020321,0.9985772240521252
cifar,rope,noise,0.0719625,0.9979564959164481,0.0006118633438786129,0.9973446325725694,0.9985683592603267
cifar,rope,noise,0.0722,0.9979469384058173,0.000612565492930164,0.9973343729128871,0.9985595038987475
cifar,rope,noise,0.0724375,0.9979373808951868,0.00061327703981095,0.9973241038553758,0.9985506579349978
cifar,rope,noise,0.072675,0.997927823384556,0.000613997951848243,0.9973138254327077,0.9985418213364042
cifar,rope,noise,0.0729125,0.9979182658739253,0.0006147281960935603,0.9973035376778318,0.9985329940700188
cifar,rope,noise,0.07315,0.9979087083632948,0.0006154677393292823,0.9972932406239655,0.9985241761026241
cifar,rope,noise,0.0733875,0.997899150852664,0.0006162165480752688,0.9972829343045887,0.9985153674007393
cifar,rope,noise,0.073625,0.9978895933420335,0.0006169745885954717,0.9972726187534381,0.998506567930629
cifar,rope,noise,0.0738625,0.9978800358314027,0.0006177418269045366,0.9972622940044982,0.9984977776583073
cifar,rope,noise,0.0741,0.9978704783207721,0.0006185182287743883,0.9972519600919978,0.9984889965495465
cifar,rope,noise,0.0743375,0.9978609208101415,0.0006193037597408371,0.9972416170504007,0.9984802245698824
cifar,rope,noise,0.074575,0.9978513632995107,0.0006200983851100464,0.9972312649144007,0.9984714616846208
cifar,rope,noise,0.0748125,0.9978418057888803,0.0006209020699652271,0.997220903718915,0.9984627078588455
cifar,rope,noise,0.07505,0.9978322482782495,0.0006217147791730036,0.9972105334990764,0.9984539630574225
cifar,rope,noise,0.0752875,0.997822690767619,0.0006225364773900688,0.9972001542902289,0.9984452272450091
cifar,rope,noise,0.075525,0.9978131332569883,0.0006233671290695268,0.9971897661279188,0.9984365003860578
cifar,rope,noise,0.0757625,0.9978035757463576,0.0006242066984674213,0.9971793690478902,0.998427782444825
cifar,rope,noise,0.076,0.997794018235727,0.0006250551496490757,0.9971689630860779,0.998419073385376
cifar,rope,noise,0.0762375,0.9977844607250964,0.0006259124464956268,0.9971585482786007,0.9984103731715921
cifar,rope,noise,0.076475,0.9977749032144656,0.000626778552710195,0.9971481246617554,0.9984016817671758
cifar,rope,noise,0.0767125,0.9977653457038351,0.0006276534318243721,0.9971376922720108,0.9983929991356595
cifar,rope,noise,0.07695,0.9977557881932043,0.0006285370472043685,0.997127251146,0.9983843252404087
cifar,rope,noise,0.0771875,0.9977462306825738,0.0006294293620573167,0.9971168013205165,0.9983756600446312
cifar,rope,noise,0.077425,0.9977366731719431,0.0006303303394375493,0.9971063428325055,0.9983670035113807
cifar,rope,noise,0.0776625,0.9977271156613124,0.000631239942252574,0.9970958757190599,0.998358355603565
cifar,rope,noise,0.0779,0.9977175581506817,0.000632158133269418,0.9970854000174123,0.9983497162839512
cifar,rope,noise,0.0781375,0.997708000640051,0.0006330848751205219,0.9970749157649306,0.9983410855151715
cifar,rope,noise,0.078375,0.9976984431294206,0.0006340201303098409,0.9970644229991107,0.9983324632597305
cifar,rope,noise,0.0786125,0.9976888856187899,0.0006349638612187953,0.9970539217575711,0.9983238494800086
cifar,rope,noise,0.07885,0.9976793281081594,0.0006359160301122605,0.9970434120780471,0.9983152441382717
cifar,rope,noise,0.0790875,0.9976697705975286,0.0006368765991443253,0.9970328939983842,0.998306647196673
cifar,rope,noise,0.079325,0.997660213086898,0.0006378455303642063,0.9970223675565338,0.9982980586172622
cifar,rope,noise,0.0795625,0.9976506555762673,0.0006388227857219741,0.9970118327905453,0.9982894783619893
cifar,rope,noise,0.0798,0.9976410980656367,0.0006398083270743047,0.9970012897385624,0.998280906392711
cifar,rope,noise,0.0800375,0.9976315405550059,0.0006408021161900971,0.9969907384388158,0.998272342671196
cifar,rope,noise,0.080275,0.9976219830443754,0.0006418041147560859,0.9969801789296193,0.9982637871591316
cifar,rope,noise,0.0805125,0.9976124255337447,0.0006428142843823891,0.9969696112493623,0.9982552398181271
cifar,rope,noise,0.08075,0.997602868023114,0.0006438325866079453,0.9969590354365061,0.998246700609722
cifar,rope,noise,0.0809875,0.9975933105124835,0.0006448589829059879,0.9969484515295775,0.9982381694953895
cifar,rope,noise,0.081225,0.9975837530018526,0.0006458934346894064,0.9969378595671632,0.9982296464365421
cifar,rope,noise,0.0814625,0.9975741954912222,0.0006469359033159784,0.9969272595879062,0.9982211313945382
cifar,rope,noise,0.0817,0.9975646379805915,0.000647986350093704,0.9969166516304978,0.9982126243306851
cifar,rope,noise,0.0819375,0.9975550804699608,0.0006490447362857663,0.996906035733675,0.9982041252062466
cifar,rope,noise,0.082175,0.9975455229593301,0.0006501110231159022,0.9968954119362142,0.9981956339824459
cifar,rope,noise,0.0824125,0.9975359654486996,0.0006511851717732716,0.9968847802769263,0.9981871506204729
cifar,rope,noise,0.08265,0.9975264079380689,0.0006522671434174799,0.9968741407946514,0.9981786750814864
cifar,rope,noise,0.0828875,0.9975168504274382,0.0006533568991835,0.9968634935282547,0.9981702073266218
cifar,rope,noise,0.083125,0.9975072929168075,0.0006544544001864629,0.9968528385166211,0.9981617473169939
cifar,rope,noise,0.0833625,0.9974977354061769,0.0006555596075264251,0.9968421757986505,0.9981532950137033
cifar,rope,noise,0.0836,0.9974881778955461,0.0006566724822931337,0.9968315054132529,0.9981448503778393
cifar,rope,noise,0.0838375,0.9974786203849156,0.0006577929855706142,0.9968208273993451,0.9981364133704862
cifar,rope,noise,0.084075,0.9974690628742849,0.0006589210784417415,0.9968101417958432,0.9981279839527267
cifar,rope,noise,0.0843125,0.9974595053636545,0.0006600567219927564,0.9967994486416617,0.9981195620856472
cifar,rope,noise,0.08455,0.9974499478530237,0.0006611998773176413,0.996788747975706,0.9981111477303413
cifar,rope,noise,0.0847875,0.9974403903423931,0.00066235050552252,0.9967780398368705,0.9981027408479156
cifar,rope,noise,0.085025,0.9974308328317624,0.0006635085677299585,0.9967673242640324,0.9980943413994924
cifar,rope,noise,0.0852625,0.9974212753211318,0.0006646740250831468,0.9967566012960486,0.998085949346215
cifar,rope,noise,0.0855,0.997411717810501,0.0006658468387500638,0.9967458709717509,0.998077564649251
cifar,rope,noise,0.0857375,0.9974021602998705,0.0006670269699275468,0.9967351333299429,0.9980691872697981
cifar,rope,noise,0.085975,0.9973926027892398,0.0006682143798453218,0.9967243884093945,0.9980608171690851
cifar,rope,noise,0.0862125,0.9973830452786091,0.0006694090297698585,0.9967136362488392,0.998052454308379
cifar,rope,noise,0.08645,0.9973734877679784,0.0006706108810083853,0.99670287688697,0.9980440986489868
cifar,rope,noise,0.0866875,0.9973639302573479,0.0006718198949125875,0.9966921103624353,0.9980357501522605
cifar,rope,noise,0.086925,0.9973543727467172,0.000673036032882277,0.996681336713835,0.9980274087795995
cifar,rope,noise,0.0871625,0.9973448152360865,0.0006742592563691514,0.9966705559797174,0.9980190744924556
cifar,rope,noise,0.0874,0.9973352577254558,0.0006754895268804059,0.9966597681985754,0.9980107472523363
cifar,rope,noise,0.0876375,0.9973257002148253,0.000676726805982134,0.9966489734088431,0.9980024270208074
cifar,rope,noise,0.087875,0.9973161427041948,0.0006779710553028662,0.9966381716488919,0.9979941137594976
cifar,rope,noise,0.0881125,0.997306585193564,0.000679222236536943,0.996627362957027,0.9979858074301009
cifar,rope,noise,0.08835,0.9972970276829334,0.0006804803114477842,0.9966165473714856,0.9979775079943811
cifar,rope,noise,0.0885875,0.9972874701723028,0.000681745241871128,0.9966057249304316,0.9979692154141739
cifar,rope,noise,0.088825,0.997277912661672,0.0006830169897183031,0.9965948956719537,0.9979609296513903
cifar,rope,noise,0.0890625,0.9972683551510414,0.0006842955169791885,0.9965840596340622,0.9979526506680206
cifar,rope,noise,0.0893,0.9972587976404107,0.0006855807857254062,0.9965732168546853,0.9979443784261361
cifar,rope,noise,0.0895375,0.9972492401297801,0.000686872758113111,0.996562367371667,0.9979361128878932
cifar,rope,noise,0.089775,0.9972396826191495,0.0006881713963861203,0.9965515112227634,0.9979278540155356
cifar,rope,noise,0.0900125,0.9972301251085187,0.0006894766628785946,0.9965406484456402,0.9979196017713973
cifar,rope,noise,0.09025,0.9972205675978882,0.0006907885200178241,0.9965297790778704,0.997911356117906
cifar,rope,noise,0.0904875,0.9972110100872574,0.0006921069303270084,0.9965189031569304,0.9979031170175845
cifar,rope,noise,0.090725,0.9972014525766268,0.0006934318564278558,0.996508020720199,0.9978948844330547
cifar,rope,noise,0.0909625,0.9971918950659964,0.0006947632610431699,0.9964971318049533,0.9978866583270395
cifar,rope,noise,0.0912,0.9971823375553656,0.0006961011069993588,0.9964862364483662,0.9978784386623649
cifar,rope,noise,0.0914375,0.9971727800447349,0.0006974453572289373,0.9964753346875059,0.9978702254019638
cifar,rope,noise,0.091675,0.9971632225341044,0.0006987959747729036,0.9964644265593314,0.9978620185088773
cifar,rope,noise,0.0919125,0.9971536650234736,0.0007001529227828402,0.9964535121006908,0.9978538179462564
cifar,rope,noise,0.09215,0.997144107512843,0.0007015161645236394,0.9964425913483194,0.9978456236773666
cifar,rope,noise,0.0923875,0.9971345500022123,0.0007028856633753541,0.9964316643388369,0.9978374356655877
cifar,rope,noise,0.092625,0.9971249924915816,0.0007042613828354601,0.9964207311087462,0.997829253874417
cifar,rope,noise,0.0928625,0.9971154349809511,0.000705643286520938,0.9964097916944302,0.997821078267472
cifar,rope,noise,0.0931,0.9971058774703203,0.0007070313381702985,0.99639884613215,0.9978129088084906
cifar,rope,noise,0.0933375,0.9970963199596898,0.0007084255016455393,0.9963878944580443,0.9978047454613354
cifar,rope,noise,0.093575,0.9970867624490592,0.0007098257409340836,0.9963769367081252,0.9977965881899933
cifar,rope,noise,0.0938125,0.9970772049384284,0.0007112320201506471,0.9963659729182778,0.9977884369585791
cifar,rope,noise,0.09405,0.9970676474277979,0.0007126443035389965,0.9963550031242588,0.9977802917313369
cifar,rope,noise,0.0942875,0.9970580899171672,0.0007140625554737408,0.9963440273616934,0.997772152472641
cifar,rope,noise,0.094525,0.9970485324065366,0.0007154867404618859,0.9963330456660747,0.9977640191469984
cifar,rope,noise,0.0947625,0.9970389748959058,0.0007169168231447296,0.9963220580727611,0.9977558917190504
cifar,rope,noise,0.095,0.9970281665742763,0.0007175443443274254,0.9963106222299488,0.9977457109186038
cifar,rope,adversarial,0.0,1.0,0.0,1.0,1.0
cifar,rope,adversarial,0.0002375,0.9999803889602862,2.023068183442115e-05,0.9999601582784517,1.0000006196421205
cifar,rope,adversarial,0.000475,0.9999607779205721,4.046136366882507e-05,0.9999203165569033,1.000001239284241
cifar,rope,adversarial,0.0007125,0.9999411668808583,6.069204550324622e-05,0.999880474835355,1.0000018589263615
cifar,rope,adversarial,0.00095,0.9999215558411446,8.092272733767271e-05,0.999840633113807,1.0000024785684822
cifar,rope,adversarial,0.0011875,0.9999019448014307,0.0001011534091720586,0.9998007913922586,1.0000030982106027
cifar,rope,adversarial,0.001425,0.9998823337617169,0.00012138409100649779,0.9997609496707104,1.0000037178527235
cifar,rope,adversarial,0.0016625,0.999862722722003,0.0001416147728409292,0.9997211079491621,1.000004337494844
cifar,rope,adversarial,0.0019,0.9998431116822891,0.00016184545467535567,0.9996812662276138,1.0000049571369645
cifar,rope,adversarial,0.0021375,0.9998235006425754,0.00018207613650974156,0.9996414245060656,1.0000055767790852
cifar,rope,adversarial,0.002375,0.9998038896028615,0.00020230681834418075,0.9996015827845173,1.0000061964212057
cifar,rope,adversarial,0.0026125,0.9997842785631476,0.0002225375001786019,0.9995617410629689,1.0000068160633262
cifar,rope,adversarial,0.00285,0.9997646675234336,0.00024276818201299314,0.9995218993414207,1.0000074357054467
cifar,rope,adversarial,0.0030875,0.9997450564837198,0.0002629988638474143,0.9994820576198724,1.0000080553475672
cifar,rope,adversarial,0.003325,0.999725445444006,0.00028322954568185346,0.9994422158983242,1.000008674989688
cifar,rope,adversarial,0.0035625,0.9997058344042921,0.0003034602275162394,0.9994023741767758,1.0000092946318082
cifar,rope,adversarial,0.0038,0.9996862233645781,0.0003236909093506658,0.9993625324552274,1.0000099142739287
cifar,rope,adversarial,0.0040375,0.9996666123248644,0.000343921591185087,0.9993226907336793,1.0000105339160494
cifar,rope,adversarial,0.004275,0.9996470012851505,0.00036415227301952617,0.9992828490121309,1.00001115355817
cifar,rope,adversarial,0.0045125,0.9996273902454367,0.00038438295485392234,0.9992430072905828,1.0000117732002907
cifar,rope,adversarial,0.00475,0.9996077792057227,0.0004046136366883488,0.9992031655690344,1.0000123928424112
cifar,rope,adversarial,0.0049875,0.9995881681660089,0.00042484431852276997,0.9991633238474862,1.0000130124845317
cifar,rope,adversarial,0.005225,0.999568557126295,0.0004450750003571739,0.9991234821259378,1.0000136321266522
cifar,rope,adversarial,0.0054625,0.9995489460865813,0.0004653056821915951,0.9990836404043897,1.000014251768773
cifar,rope,adversarial,0.0057,0.9995293350468671,0.0004855363640260215,0.9990437986828411,1.0000148714108932
cifar,rope,adversarial,0.0059375,0.9995097240071534,0.0005057670458604201,0.999003956961293,1.000015491053014
cifar,rope,adversarial,0.006175,0.9994901129674396,0.0005259977276948466,0.9989641152397448,1.0000161106951344
cifar,rope,adversarial,0.0064125,0.9994705019277257,0.0005462284095292678,0.9989242735181965,1.000016730337255
cifar,rope,adversarial,0.00665,0.9994508908880119,0.0005664590913636943,0.9988844317966482,1.0000173499793756
cifar,rope,adversarial,0.0068875,0.9994312798482979,0.0005866897731980928,0.9988445900750998,1.0000179696214961
cifar,rope,adversarial,0.007125,0.9994116688085842,0.0006069204550325193,0.9988047483535517,1.0000185892636166
cifar,rope,adversarial,0.0073625,0.9993920577688701,0.0006271511368669405,0.9987649066320031,1.000019208905737
cifar,rope,adversarial,0.0076,0.9993724467291565,0.000647381818701342,0.9987250649104551,1.0000198285478579
cifar,rope,adversarial,0.0078375,0.9993528356894426,0.0006676125005357757,0.9986852231889067,1.0000204481899784
cifar,rope,adversarial,0.008075,0.9993332246497286,0.0006878431823702023,0.9986453814673584,1.0000210678320989
cifar,rope,adversarial,0.0083125,0.9993136136100148,0.0007080738642045881,0.9986055397458102,1.0000216874742194
cifar,rope,adversarial,0.00855,0.9992940025703011,0.0007283045460390093,0.9985656980242621,1.00002230711634
cifar,rope,adversarial,0.0087875,0.999274391530587,0.0007485352278734486,0.9985258563027135,1.0000229267584604
cifar,rope,adversarial,0.009025,0.9992547804908732,0.0007687659097078696,0.9984860145811654,1.000023546400581
cifar,rope,adversarial,0.0092625,0.9992351694511594,0.0007889965915422608,0.9984461728596171,1.0000241660427016
cifar,rope,adversarial,0.0095,0.9992155584114456,0.000809227273376682,0.9984063311380689,1.0000247856848223
cifar,rope,adversarial,0.0097375,0.9991959473717316,0.0008294579552111213,0.9983664894165204,1.0000254053269426
cifar,rope,adversarial,0.009975,0.9991763363320177,0.0008496886370455071,0.9983266476949723,1.0000260249690633
cifar,rope,adversarial,0.0102125,0.999156725292304,0.0008699193188799336,0.9982868059734241,1.000026644611184
cifar,rope,adversarial,0.01045,0.9991371142525901,0.0008901500007143651,0.9982469642518758,1.0000272642533046
cifar,rope,adversarial,0.0106875,0.9991175032128762,0.0009103806825487689,0.9982071225303274,1.0000278838954249
cifar,rope,adversarial,0.010925,0.9990978921731624,0.0009306113643831901,0.9981672808087791,1.0000285035375456
cifar,rope,adversarial,0.0111625,0.9990782811334484,0.0009508420462176166,0.9981274390872308,1.000029123179666
cifar,rope,adversarial,0.0114,0.9990587718812759,0.0009711291833136702,0.9980876426979622,1.0000299010645897
cifar,rope,adversarial,0.0116375,0.9990393102909315,0.0009914428617412482,0.9980478674291903,1.0000307531526729
cifar,rope,adversarial,0.011875,0.9990198487005874,0.0010117566597814152,0.998008092040806,1.0000316053603688
cifar,rope,adversarial,0.0121125,0.9990003871102431,0.0010320705703713354,0.9979683165398717,1.0000324576806143
cifar,rope,adversarial,0.01235,0.9989809255198989,0.0010523845869934189,0.9979285409329055,1.0000333101068923
cifar,rope,adversarial,0.0125875,0.9989614639295548,0.0010726987036238308,0.997888765225931,1.0000341626331786
cifar,rope,adversarial,0.012825,0.9989420023392105,0.0010930129146864357,0.997848989424524,1.0000350152538968
cifar,rope,adversarial,0.0130625,0.9989225407488663,0.0011133272150120868,0.9978092135338542,1.0000358679638783
cifar,rope,adversarial,0.0133,0.998903079158522,0.0011336415998021954,0.9977694375587197,1.000036720758324
cifar,rope,adversarial,0.0135375,0.9988857139355015,0.0011499649474248416,0.9977357489880767,1.0000356788829263
cifar,rope,adversarial,0.013775,0.9988703177665369,0.0011625649112948968,0.997707752855242,1.0000328826778317
cifar,rope,adversarial,0.0140125,0.9988549215975723,0.0011751974007786939,0.9976797241967936,1.000030118998351
cifar,rope,adversarial,0.01425,0.9988395254286074,0.0011878613781812352,0.9976516640504262,1.0000273868067886
cifar,rope,adversarial,0.0144875,0.9988241292596428,0.0012005558470587364,0.9976235734125841,1.0000246851067016
cifar,rope,adversarial,0.014725,0.9988087330906782,0.0012132798503205538,0.9975954532403576,1.0000220129409987
cifar,rope,adversarial,0.0149625,0.9987933369217132,0.0012260324684263012,0.9975673044532869,1.0000193693901396
cifar,rope,adversarial,0.0152,0.9987779407527486,0.0012388128176733543,0.9975391279350753,1.000016753570422
cifar,rope,adversarial,0.0154375,0.998762544583784,0.0012516200485701407,0.9975109245352138,1.0000141646323542
cifar,rope,adversarial,0.015675,0.9987471484148193,0.0012644533442908521,0.9974826950705284,1.00001160175911
cifar,rope,adversarial,0.0159125,0.9987280064782521,0.001278652882027048,0.9974493535962251,1.0000066593602792
cifar,rope,adversarial,0.01615,0.9987083444207284,0.0012931796980463993,0.997415164722682,1.0000015241187747
cifar,rope,adversarial,0.0163875,0.9986886823632046,0.0013078503761365142,0.9973808319870681,0.9999965327393412
cifar,rope,adversarial,0.016625,0.9986690203056806,0.0013226601292392467,0.9973463601764414,0.9999916804349198
cifar,rope,adversarial,0.0168625,0.9986493582481568,0.0013376043379099971,0.9973117539102468,0.9999869625860668
cifar,rope,adversarial,0.0171,0.9986296961906329,0.0013526785458156676,0.9972770176448172,0.9999823747364486
cifar,rope,adversarial,0.0173375,0.998610034133109,0.0013678784551348342,0.9972421556779741,0.9999779125882439
cifar,rope,adversarial,0.017575,0.9985903720755852,0.001383199921895563,0.9972071721536896,0.9999735719974808
cifar,rope,adversarial,0.0178125,0.9985707100180613,0.0013986389512806818,0.9971720710667806,0.999969348969342
cifar,rope,adversarial,0.01805,0.9985510479605376,0.0014141916929273943,0.9971368562676102,0.9999652396534651
cifar,rope,adversarial,0.0182875,0.9985313859030137,0.0014298544362444606,0.9971015314667693,0.9999612403392582
cifar,rope,adversarial,0.018525,0.9985117238454898,0.0014456236057663286,0.9970661002397235,0.9999573474512561
cifar,rope,adversarial,0.0187625,0.998492061787966,0.0014614957565615855,0.9970305660314044,0.9999535575445276
cifar,rope,adversarial,0.019,0.998472399730442,0.0014774675697097114,0.9969949321607323,0.9999498673001517
cifar,rope,adversarial,0.0192375,0.9984527376729182,0.0014935358478583795,0.9969592018250598,0.9999462735207766
cifar,rope,adversarial,0.019475,0.9984330756153944,0.0015096975108709592,0.9969233781045235,0.9999427731262653
cifar,rope,adversarial,0.0197125,0.9984134135578705,0.0015259495915722792,0.9968874639662982,0.9999393631494428
cifar,rope,adversarial,0.01995,0.9983937515003466,0.0015422892315992641,0.9968514622687473,0.9999360407319459
cifar,rope,adversarial,0.0201875,0.9983740894428227,0.0015587136773610008,0.9968153757654616,0.9999328031201837
cifar,rope,adversarial,0.020425,0.998354427385299,0.0015752202761122602,0.9967792071091868,0.9999296476614112
cifar,rope,adversarial,0.0206625,0.9983347653277751,0.0015918064721428791,0.9967429588556322,0.999926571799918
cifar,rope,adversarial,0.0209,0.9983151032702512,0.0016084698030844244,0.9967066334671668,0.9999235730733356
cifar,rope,adversarial,0.0211375,0.9982959706665401,0.0016247898797342598,0.9966711807868058,0.9999207605462743
cifar,rope,adversarial,0.021375,0.9982769328931669,0.0016411083552526403,0.9966358245379142,0.9999180412484195
cifar,rope,adversarial,0.0216125,0.9982578951197936,0.0016574979977314198,0.9966003971220622,0.999915393117525
cifar,rope,adversarial,0.02185,0.9982388573464204,0.0016739567167934183,0.996564900629627,0.9999128140632138
cifar,rope,adversarial,0.0220875,0.9982198195730474,0.0016904824948287423,0.9965293370782187,0.9999103020678761
cifar,rope,adversarial,0.022325,0.9982007817996741,0.001707073384291784,0.9964937084153823,0.9999078551839659
cifar,rope,adversarial,0.0225625,0.9981817440263009,0.0017237275050897636,0.9964580165212111,0.9999054715313906
cifar,rope,adversarial,0.0228,0.9981627062529276,0.0017404430420611412,0.9964222632108665,0.9999031492949887
cifar,rope,adversarial,0.0230375,0.9981436684795546,0.0017572182425428958,0.9963864502370117,0.9999008867220975
cifar,rope,adversarial,0.023275,0.9981246307061813,0.0017740514140245993,0.9963505792921566,0.9998986821202059
cifar,rope,adversarial,0.0235125,0.9981055929328081,0.0017909409218872054,0.9963146520109208,0.9998965338546953
cifar,rope,adversarial,0.02375,0.998075912880055,0.0018014630700188257,0.9962744498100362,0.9998773759500739
cifar,rope,adversarial,0.0239875,0.998044102680696,0.0018112009572924933,0.9962329017234035,0.9998553036379885
cifar,rope,adversarial,0.024225,0.9980122924813369,0.0018214724693091488,0.9961908200120277,0.9998337649506461
cifar,rope,adversarial,0.0244625,0.997980482281978,0.0018322686317522963,0.9961482136502257,0.9998127509137303
cifar,rope,adversarial,0.0247,0.9979486720826188,0.0018435802274525334,0.9961050918551663,0.9997922523100714
cifar,rope,adversarial,0.0249375,0.9979168618832599,0.0018553978292815616,0.9960614640539783,0.9997722597125415
cifar,rope,adversarial,0.025175,0.9978850516839008,0.0018677118322829394,0.9960173398516179,0.9997527635161838
cifar,rope,adversarial,0.0254125,0.9978532414845419,0.0018805124848548793,0.995972728999687,0.9997337539693968
cifar,rope,adversarial,0.02565,0.9978214312851829,0.0018937899188238227,0.995927641366359,0.9997152212040067
cifar,rope,adversarial,0.0258875,0.9977896210858237,0.0019075341782732883,0.9958820869075504,0.999697155264097
cifar,rope,adversarial,0.026125,0.9977578108864648,0.0019217352470153072,0.9958360756394494,0.9996795461334801
cifar,rope,adversarial,0.0263625,0.9977260006871057,0.001936383074616055,0.9957896176124896,0.9996623837617218
cifar,rope,adversarial,0.0266,0.9976941904877467,0.0019514676009087005,0.995742722886838,0.9996456580886554
cifar,rope,adversarial,0.0268375,0.9976623802883878,0.0019669787789479286,0.9956954015094399,0.9996293590673357
cifar,rope,adversarial,0.027075,0.9976305700890288,0.0019829065963793886,0.9956476634926494,0.9996134766854081
cifar,rope,adversarial,0.0273125,0.9975987598896697,0.001999241095215044,0.9955995187944546,0.9995980009848848
cifar,rope,adversarial,0.02755,0.9975669496903108,0.002015972390020916,0.9955509773002899,0.9995829220803317
cifar,rope,adversarial,0.0277875,0.9975351394909516,0.0020330906845379363,0.9955020488064137,0.9995682301754896
cifar,rope,adversarial,0.028025,0.9975033292915927,0.0020505862867681093,0.9954527430048246,0.9995539155783608
cifar,rope,adversarial,0.0282625,0.9974715190922336,0.0020684496225691104,0.9954030694696645,0.9995399687148028
cifar,rope,adversarial,0.0285,0.9974397088928746,0.002086671247808218,0.9953530376450663,0.9995263801406828
cifar,rope,adversarial,0.0287375,0.9974078986935155,0.002105241859134232,0.9953026568343813,0.9995131405526497
cifar,rope,adversarial,0.028975,0.9973729732104092,0.0021278417263969115,0.9952451314840123,0.9995008149368061
cifar,rope,adversarial,0.0292125,0.9973263312377286,0.002164697593785026,0.9951616336439436,0.9994910288315136
cifar,rope,adversarial,0.02945,0.9972796892650481,0.002201948318551499,0.9950777409464966,0.9994816375835995
cifar,rope,adversarial,0.0296875,0.9972330472923673,0.002239574197854418,0.9949934730945129,0.9994726214902216
cifar,rope,adversarial,0.029925,0.9971864053196867,0.0022775566387927795,0.9949088486808939,0.9994639619584795
cifar,rope,adversarial,0.0301625,0.9971379659571612,0.002313216903388348,0.9948247490537728,0.9994511828605496
cifar,rope,adversarial,0.0304,0.9970869229074663,0.002345370080941815,0.9947415528265244,0.9994322929884081
cifar,rope,adversarial,0.0306375,0.9970358798577714,0.002377867063206661,0.9946580127945648,0.9994137469209781
cifar,rope,adversarial,0.030875,0.9969848368080764,0.0024106939464061485,0.9945741428616702,0.9993955307544825
cifar,rope,adversarial,0.0311125,0.9969337937583815,0.002443837436378694,0.9944899563220029,0.9993776311947602
cifar,rope,adversarial,0.03135,0.9968827507086867,0.002477284825550554,0.9944054658831362,0.9993600355342372
cifar,rope,adversarial,0.0315875,0.9968317076589917,0.002511023969939446,0.9943206836890522,0.9993427316289311
cifar,rope,adversarial,0.031825,0.9967806646092968,0.0025450432663450444,0.9942356213429517,0.9993257078756419
cifar,rope,adversarial,0.0320625,0.9967296215596019,0.0025793316298561627,0.9941502899297457,0.999308953189458
cifar,rope,adversarial,0.0323,0.9966785785099069,0.0026138784717799814,0.994064700038127,0.9992924569816869
cifar,rope,adversarial,0.0325375,0.996627535460212,0.0026486736780781304,0.9939788617821339,0.9992762091382901
cifar,rope,adversarial,0.032775,0.996576492410517,0.0026837075883752825,0.9938927848221417,0.9992601999988924
cifar,rope,adversarial,0.0330125,0.9965254493608221,0.0027189709755921945,0.99380647838523,0.9992444203364143
cifar,rope,adversarial,0.03325,0.9964744063111274,0.0027544550262389106,0.9937199512848884,0.9992288613373663
cifar,rope,adversarial,0.0334875,0.9964202035751173,0.0027925955568802057,0.9936276080182371,0.9992127991319975
cifar,rope,adversarial,0.033725,0.9963632204824725,0.0028330496840651997,0.9935301707984073,0.9991962701665377
cifar,rope,adversarial,0.0339625,0.9963062373898279,0.002873647415657478,0.9934325899741705,0.9991798848054854
cifar,rope,adversarial,0.0342,0.9962492542971831,0.0029143827503789244,0.9933348715468042,0.9991636370475621
cifar,rope,adversarial,0.0344375,0.9961922712045386,0.0029552499980468275,0.9932370212064917,0.9991475212025854
cifar,rope,adversarial,0.034675,0.9961352881118938,0.0029962437609886783,0.993139044350905,0.9991315318728825
cifar,rope,adversarial,0.0349125,0.9960783050192492,0.003037358916662557,0.9930409461025866,0.9991156639359118
cifar,rope,adversarial,0.03515,0.9960213219266043,0.0030785906014041634,0.9929427313252002,0.9990999125280084
cifar,rope,adversarial,0.0353875,0.9959643388339599,0.003119934195225342,0.9928444046387345,0.9990842730291852
cifar,rope,adversarial,0.035625,0.9959073557413151,0.0031613853075949665,0.99274597043372,0.9990687410489101
cifar,rope,adversarial,0.0358625,0.9958503726486704,0.0032029397641348406,0.9926474328845355,0.9990533124128053
cifar,rope,adversarial,0.0361,0.9957933895560256,0.0032445935941706862,0.9925487959618549,0.9990379831501963
cifar,rope,adversarial,0.0363375,0.995736406463381,0.003286343019078947,0.9924500634443021,0.99902274948246
cifar,rope,adversarial,0.036575,0.9956794233707363,0.003328184441376807,0.9923512389293595,0.9990076078121132
cifar,rope,adversarial,0.0368125,0.9956224402780917,0.003370114434504329,0.9922523258435874,0.998992554712596
cifar,rope,adversarial,0.03705,0.9955636907863719,0.0034097280145782304,0.9921539627717936,0.9989734188009501
cifar,rope,adversarial,0.0372875,0.9954985646364626,0.0034401612099925474,0.99205840342647,0.9989387258464552
cifar,rope,adversarial,0.037525,0.9954334384865535,0.003470725145179405,0.9919627133413741,0.998904163631733
cifar,rope,adversarial,0.0377625,0.9953683123366442,0.00350141639644999,0.9918668959401943,0.9988697287330942
cifar,rope,adversarial,0.038,0.9953031861867351,0.003532231645090994,0.9917709545416441,0.9988354178318261
cifar,rope,adversarial,0.0382375,0.9952380600368258,0.0035631676740143408,0.9916748923628115,0.9988012277108401
cifar,rope,adversarial,0.038475,0.9951729338869167,0.0035942213644966888,0.99157871252242,0.9987671552514135
cifar,rope,adversarial,0.0387125,0.9951078077370074,0.0036253896930086224,0.9914824180439987,0.998733197430016
cifar,rope,adversarial,0.03895,0.9950426815870981,0.0036566697281334576,0.9913860118589646,0.9986993513152316
cifar,rope,adversarial,0.0391875,0.9949775554371888,0.0036880586275744955,0.9912894968096143,0.9986656140647633
cifar,rope,adversarial,0.039425,0.9949124292872796,0.0037195536352513307,0.9911928756520283,0.998631982922531
cifar,rope,adversarial,0.0396625,0.9948473031373705,0.003751152078482128,0.9910961510588884,0.9985984552158526
cifar,rope,adversarial,0.0399,0.9947821769874613,0.00378285136525287,0.9909993256222084,0.9985650283527142
cifar,rope,adversarial,0.0401375,0.9947170508375521,0.00381464898157034,0.9909024018559818,0.9985316998191225
cifar,rope,adversarial,0.040375,0.9946519246876427,0.0038465424888984062,0.9908053821987444,0.9984984671765411
cifar,rope,adversarial,0.0406125,0.9945867985377336,0.0038785295216758153,0.9907082690160578,0.9984653280594094
cifar,rope,adversarial,0.04085,0.9945216723878243,0.003910607784913553,0.9906110646029107,0.9984322801727379
cifar,rope,adversarial,0.0410875,0.9944565462379152,0.003942775051869791,0.9905137711860454,0.998399321289785
cifar,rope,adversarial,0.041325,0.994391420088006,0.003975029161801592,0.9904163909262044,0.9983664492498076
cifar,rope,adversarial,0.0415625,0.9943262939380969,0.0040073680177897105,0.9903189259203072,0.9983336619558866
cifar,rope,adversarial,0.0418,0.9942611677881875,0.004039789584636816,0.9902213782035507,0.9983009573728243
cifar,rope,adversarial,0.0420375,0.9941960416382782,0.004072291886834907,0.9901237497514433,0.9982683335251131
cifar,rope,adversarial,0.042275,0.9941309154883688,0.004104873006601778,0.9900260424817671,0.9982357884949706
cifar,rope,adversarial,0.0425125,0.9940657893384598,0.004137531081983494,0.9899282582564763,0.9982033204204432
cifar,rope,adversarial,0.04275,0.9940006631885506,0.004170264305021514,0.9898303988835291,0.9981709274935722
cifar,rope,adversarial,0.0429875,0.9939355370386415,0.004203070919982,0.9897324661186595,0.9981386079586234
cifar,rope,adversarial,0.043225,0.9938704108887322,0.004235949221646283,0.9896344616670859,0.9981063601103785
cifar,rope,adversarial,0.0434625,0.9938052847388229,0.004268897553659245,0.9895363871851637,0.9980741822924821
cifar,rope,adversarial,0.0437,0.9937401585889137,0.004301914306935421,0.9894382442819784,0.9980420728958491
cifar,rope,adversarial,0.0439375,0.9936750324390046,0.0043349979181192535,0.9893400345208854,0.9980100303571238
cifar,rope,adversarial,0.044175,0.9936099062890952,0.004368146868099366,0.9892417594209958,0.9979780531571946
cifar,rope,adversarial,0.0444125,0.993544780139186,0.004401359680573615,0.9891434204586124,0.9979461398197597
cifar,rope,adversarial,0.04465,0.9934796539892767,0.004434634920664557,0.9890450190686122,0.9979142889099413
cifar,rope,adversarial,0.0448875,0.9934140567241433,0.004468723158287606,0.9889453335658557,0.9978827798824309
cifar,rope,adversarial,0.045125,0.9933467961635828,0.004505532765350323,0.9888412633982324,0.9978523289289332
cifar,rope,adversarial,0.0453625,0.9932795356030221,0.004542411644987938,0.9887371239580341,0.99782194724801
cifar,rope,adversarial,0.0456,0.9932122750424611,0.004579358123585212,0.9886329169188759,0.9977916331660464
cifar,rope,adversarial,0.0458375,0.9931450144819004,0.004616370578085924,0.9885286439038145,0.9977613850599863
cifar,rope,adversarial,0.046075,0.9930777539213397,0.004653447434218666,0.988424306487121,0.9977312013555584
cifar,rope,adversarial,0.0463125,0.993010493360779,0.004690587164791088,0.9883199061959879,0.99770108052557
cifar,rope,adversarial,0.04655,0.9929432328002182,0.004727788288049306,0.9882154445121689,0.9976710210882676
cifar,rope,adversarial,0.0467875,0.9928759722396577,0.004765049366100728,0.988110922873557,0.9976410216057585
cifar,rope,adversarial,0.047025,0.992808711679097,0.004802369003396715,0.9880063426757003,0.9976110806824937
cifar,rope,adversarial,0.0472625,0.9927414511185363,0.004839745845273392,0.9879017052732629,0.9975811969638096
cifar,rope,adversarial,0.0475,0.9926741905579753,0.004877178576548555,0.9877970119814268,0.9975513691345239
cifar,rope,adversarial,0.0477375,0.9926069299974146,0.004914665920171451,0.9876922640772432,0.997521595917586
cifar,rope,adversarial,0.047975,0.9925396694368541,0.0049522066359242835,0.9875874628009298,0.9974918760727784
cifar,rope,adversarial,0.0482125,0.9924724088762932,0.004989799519172858,0.9874826093571203,0.9974622083954661
cifar,rope,adversarial,0.04845,0.9924051483157327,0.005027443399664492,0.9873777049160681,0.9974325917153972
cifar,rope,adversarial,0.0486875,0.992337887755172,0.005065137140371443,0.9872727506148005,0.9974030248955434
cifar,rope,adversarial,0.048925,0.992270627194611,0.005102879636377669,0.9871677475582333,0.9973735068309887
cifar,rope,adversarial,0.0491625,0.9922033666340503,0.005140669813807572,0.9870626968202427,0.9973440364478579
cifar,rope,adversarial,0.0494,0.9921361060734898,0.005178506628795037,0.9869575994446947,0.9973146127022848
cifar,rope,adversarial,0.0496375,0.9920688455129291,0.005216389066490685,0.9868524564464384,0.9972852345794198
cifar,rope,adversarial,0.049875,0.9920015849523683,0.005254316140106221,0.9867472688122622,0.9972559010924745
cifar,rope,adversarial,0.0501125,0.9919343243918076,0.005292286889994248,0.9866420375018133,0.9972266112818019
cifar,rope,adversarial,0.05035,0.9918670638312469,0.0053303003827623405,0.9865367634484845,0.9971973642140093
cifar,rope,adversarial,0.0505875,0.9917975415195422,0.005369737545578054,0.9864278039739642,0.9971672790651203
cifar,rope,adversarial,0.050825,0.9917277562965889,0.005409384962335381,0.9863183713342536,0.9971371412589243
cifar,rope,adversarial,0.0510625,0.9916509036487374,0.005454379430297491,0.98619652421844,0.9971052830790349
cifar,rope,adversarial,0.0513,0.9915731270985123,0.005500144702819846,0.9860729823956924,0.9970732718013322
cifar,rope,adversarial,0.0515375,0.9914953505482872,0.005545988095241292,0.9859493624530459,0.9970413386435285
cifar,rope,adversarial,0.051775,0.9914175739980621,0.00559190768624214,0.9858256663118199,0.9970094816843043
cifar,rope,adversarial,0.0520125,0.991339797447837,0.005637901613955803,0.9857018958338811,0.9969776990617928
cifar,rope,adversarial,0.05225,0.991262020897612,0.005683968073813618,0.9855780528237983,0.9969459889714256
cifar,rope,adversarial,0.0524875,0.9911842443473867,0.0057301053164767425,0.98545413903091,0.9969143496638635
cifar,rope,adversarial,0.052725,0.9911064677971617,0.0057763116458509215,0.9853301561513108,0.9968827794430126
cifar,rope,adversarial,0.0529625,0.9910286912469366,0.005822585417180755,0.9852061058297559,0.9968512766641173
cifar,rope,adversarial,0.0532,0.9909509146967116,0.005868925035220215,0.9850819896614914,0.9968198397319318
cifar,rope,adversarial,0.0534375,0.9908731381464865,0.005915328952475886,0.9849578091940105,0.9967884670989624
cifar,rope,adversarial,0.053675,0.9907953615962614,0.005961795667519912,0.9848335659287415,0.9967571572637812
cifar,rope,adversarial,0.0539125,0.9907175850460362,0.006008323723370314,0.9847092613226659,0.9967259087694066
cifar,rope,adversarial,0.05415,0.9906398084958111,0.006054911705934696,0.9845848967898765,0.9966947202017458
cifar,rope,adversarial,0.0543875,0.990562031945586,0.006101558242515705,0.9844604737030703,0.9966635901881017
cifar,rope,adversarial,0.054625,0.9904842553953611,0.006148262000374849,0.9843359933949862,0.996632517395736
cifar,rope,adversarial,0.0548625,0.990406478845136,0.006195021685352693,0.9842114571597833,0.9966015005304887
cifar,rope,adversarial,0.0551,0.9903287022949109,0.006241836040543094,0.9840868662543678,0.996570538335454
cifar,rope,adversarial,0.0553375,0.9902509257446858,0.006288703845018561,0.9839622218996672,0.9965396295897043
cifar,rope,adversarial,0.055575,0.9901731491944608,0.006335623912605178,0.9838375252818555,0.996508773107066
cifar,rope,adversarial,0.0558125,0.9900953726442357,0.0063825950907051635,0.9837127775535306,0.9964779677349409
cifar,rope,adversarial,0.05605,0.9900175960940105,0.006429616259164165,0.9835879798348464,0.9964472123531747
cifar,rope,adversarial,0.0562875,0.9899398195437854,0.006476686329182398,0.983463133214603,0.9964165058729678
cifar,rope,adversarial,0.056525,0.9898620429935604,0.00652380424226723,0.9833382387512931,0.9963858472358277
cifar,rope,adversarial,0.0567625,0.9897842664433353,0.006570968969225499,0.9832132974741098,0.9963552354125608
cifar,rope,adversarial,0.057,0.9897064898931102,0.006618179509194425,0.9830883103839158,0.9963246694023046
cifar,rope,adversarial,0.0572375,0.9896287133428853,0.0066654348887085525,0.9829632784541767,0.9962941482315938
cifar,rope,adversarial,0.057475,0.9895509367926599,0.006712734160802148,0.9828382026318577,0.9962636709534621
cifar,rope,adversarial,0.0577125,0.989473160242435,0.006760076404145372,0.9827130838382897,0.9962332366465804
cifar,rope,adversarial,0.05795,0.9893953836922099,0.006807460722212187,0.9825879229699978,0.9962028444144221
cifar,rope,adversarial,0.0581875,0.9893176071419849,0.006854886242479534,0.9824627208995054,0.9961724933844645
cifar,rope,adversarial,0.058425,0.9892398305917598,0.0069023521156562845,0.9823374784761035,0.9961421827074161
cifar,rope,adversarial,0.0586625,0.9891620540415347,0.006949857514940089,0.9822121965265946,0.9961119115564747
cifar,rope,adversarial,0.0589,0.9890842774913096,0.006997401635302164,0.9820868758560074,0.9960816791266117
cifar,rope,adversarial,0.0591375,0.9890065009410844,0.007044983692797689,0.9819615172482867,0.9960514846338822
cifar,rope,adversarial,0.059375,0.9889287243908594,0.007092602923901508,0.981836121466958,0.9960213273147609
cifar,rope,adversarial,0.0596125,0.9888509478406343,0.007140258584868142,0.9817106892557662,0.9959912064255024
cifar,rope,adversarial,0.05985,0.9887731712904092,0.007187949951114395,0.9815852213392948,0.9959611212415236
cifar,rope,adversarial,0.0600875,0.9886953947401841,0.007235676316624627,0.9814597184235595,0.9959310710568087
cifar,rope,adversarial,0.060325,0.9886176181899592,0.007283436993377208,0.981334181196582,0.9959010551833364
cifar,rope,adversarial,0.0605625,0.9885398416397342,0.007331231310791092,0.9812086103289431,0.9958710729505252
cifar,rope,adversarial,0.0608,0.9884540501079728,0.007391645891917135,0.9810624042160557,0.9958456959998899
cifar,rope,adversarial,0.0610375,0.9883626468916827,0.007460936417765601,0.9809017104739172,0.9958235833094483
cifar,rope,adversarial,0.061275,0.9882639781517026,0.007522171210851538,0.9807418069408511,0.9957861493625542
cifar,rope,adversarial,0.0615125,0.9881477515460239,0.007564186762640614,0.9805835647833833,0.9957119383086644
cifar,rope,adversarial,0.06175,0.988031524940345,0.00760679996401254,0.9804247249763324,0.9956383249043576
cifar,rope,adversarial,0.0619875,0.9879152983346663,0.00765000082761726,0.980265297507049,0.9955652991622835
cifar,rope,adversarial,0.062225,0.9877990717289874,0.007693779454223975,0.9801052922747634,0.9954928511832114
cifar,rope,adversarial,0.0624625,0.9876828451233086,0.007738126037716294,0.9799447190855923,0.9954209711610249
cifar,rope,adversarial,0.0627,0.987547129966543,0.007794632159135104,0.9797524978074079,0.9953417621256782
cifar,rope,adversarial,0.0629375,0.9873951873705219,0.00786176231399043,0.9795334250565315,0.9952569496845123
cifar,rope,adversarial,0.063175,0.9872432447745007,0.007929953751983878,0.9793132910225167,0.9951731985264846
cifar,rope,adversarial,0.0634125,0.9870913021784795,0.00799917933146847,0.9790921228470111,0.9950904815099479
cifar,rope,adversarial,0.06365,0.9869393595824582,0.008069412437522752,0.9788699471449354,0.995008772019981
cifar,rope,adversarial,0.0638875,0.986787416986437,0.008140626992939002,0.978646789993498,0.9949280439793761
cifar,rope,adversarial,0.064125,0.9866354743904159,0.008212797466816819,0.9784226769235991,0.9948482718572327
cifar,rope,adversarial,0.0643625,0.9864835317943946,0.00828589888094252,0.9781976329134521,0.9947694306753372
cifar,rope,adversarial,0.0646,0.9863315891983735,0.008359906814129087,0.9779716823842444,0.9946914960125026
cifar,rope,adversarial,0.0648375,0.9861796466023524,0.008434797404686483,0.9777448491976659,0.9946144440070388
cifar,rope,adversarial,0.065075,0.9860277040063311,0.008510547351184545,0.9775171566551466,0.9945382513575156
cifar,rope,adversarial,0.0653125,0.98587576141031,0.008587133911665105,0.9772886274986449,0.9944628953219751
cifar,rope,adversarial,0.06555,0.9857238188142888,0.008664534901450237,0.9770592839128386,0.9943883537157391
cifar,rope,adversarial,0.0657875,0.985570110165965,0.008741154337534071,0.9768289558284309,0.994311264503499
cifar,rope,adversarial,0.066025,0.9854113684848005,0.008813999190993876,0.9765973692938066,0.9942253676757944
cifar,rope,adversarial,0.0662625,0.985252626803636,0.00888750354691315,0.9763651232567229,0.9941401303505492
cifar,rope,adversarial,0.0665,0.9850938851224714,0.00896165117739193,0.9761322339450795,0.9940555362998633
cifar,rope,adversarial,0.0667375,0.984935143441307,0.009036426247439323,0.9758987171938677,0.9939715696887462
cifar,rope,adversarial,0.066975,0.9847764017601423,0.009111813310031813,0.9756645884501104,0.9938882150701741
cifar,rope,adversarial,0.0672125,0.9846176600789781,0.009187797300748389,0.9754298627782297,0.9938054573797265
cifar,rope,adversarial,0.06745,0.9844562964819619,0.009266217873871382,0.9751900786080905,0.9937225143558333
cifar,rope,adversarial,0.0676875,0.9842944991295797,0.009345466822973738,0.9749490323066059,0.9936399659525534
cifar,rope,adversarial,0.067925,0.9841327017771975,0.009425220728392782,0.9747074810488047,0.9935579225055903
cifar,rope,adversarial,0.0681625,0.9839709044248153,0.009505466879902232,0.974465437544913,0.9934763713047176
cifar,rope,adversarial,0.0684,0.9838091070724331,0.009586192915713916,0.9742229141567191,0.993395299988147
cifar,rope,adversarial,0.0686375,0.9836473097200509,0.009667386814233793,0.973979922905817,0.9933146965342847
cifar,rope,adversarial,0.068875,0.9834855123676687,0.009749036885822668,0.973736475481846,0.9932345492534913
cifar,rope,adversarial,0.0691125,0.9833237150152865,0.009831131764583978,0.9734925832507025,0.9931548467798704
cifar,rope,adversarial,0.06935,0.9831619176629042,0.009913660400198553,0.9732482572627056,0.9930755780631028
cifar,rope,adversarial,0.0695875,0.9830001203105218,0.009996612049824175,0.9730035082606976,0.9929967323603459
cifar,rope,adversarial,0.069825,0.9828383229581398,0.010079976270075619,0.9727583466880642,0.9929182992282154
cifar,rope,adversarial,0.0700625,0.9826765256057574,0.010163742909098808,0.9725127826966585,0.9928402685148562
cifar,rope,adversarial,0.0703,0.9825147282533754,0.01024790209875153,0.9722668261546239,0.9927626303521269
cifar,rope,adversarial,0.0705375,0.982352930900993,0.01033244424690059,0.9720204866540924,0.9926853751478936
cifar,rope,adversarial,0.070775,0.982191133548611,0.01041736002984412,0.9717737735187668,0.9926084935784552
cifar,rope,adversarial,0.0710125,0.9820293361962286,0.010502640384867552,0.971526695811361,0.9925319765810962
cifar,rope,adversarial,0.07125,0.9818675388438466,0.01058827650293843,0.9712792623409081,0.9924558153467851
cifar,rope,adversarial,0.0714875,0.9817057414914642,0.010674259821546328,0.9710314816699178,0.9923800013130105
cifar,rope,adversarial,0.071725,0.9815439441390822,0.010760582017690831,0.9707833621213914,0.992304526156773
cifar,rope,adversarial,0.0719625,0.9813821467866998,0.010847235001021917,0.9705349117856779,0.9922293817877217
cifar,rope,adversarial,0.0722,0.9812203494343175,0.010934210907135037,0.9702861385271824,0.9921545603414526
cifar,rope,adversarial,0.0724375,0.9810585520819353,0.011021502091021831,0.9700370499909134,0.9920800541729571
cifar,rope,adversarial,0.072675,0.9808967547295531,0.011109101120678406,0.9697876536088746,0.9920058558502315
cifar,rope,adversarial,0.0729125,0.9807349573771709,0.011197000770871208,0.9695379566062997,0.991931958148042
cifar,rope,adversarial,0.07315,0.9805731600247886,0.011285194017060312,0.9692879660077283,0.9918583540418489
cifar,rope,adversarial,0.0733875,0.9804113626724065,0.011373674029480063,0.9690376886429264,0.9917850367018866
cifar,rope,adversarial,0.073625,0.980249076411759,0.011461671195256548,0.9687874052165024,0.9917107476070155
cifar,rope,adversarial,0.0738625,0.980082820832089,0.011543740980011546,0.9685390798520774,0.9916265618121005
cifar,rope,adversarial,0.0741,0.979916565252419,0.011626066636603519,0.9682904986158155,0.9915426318890225
cifar,rope,adversarial,0.0743375,0.979750309672749,0.011708642767785438,0.9680416669049636,0.9914589524405344
cifar,rope,adversarial,0.074575,0.9795508520646493,0.011835749408915297,0.967715102655734,0.9913866014735646
cifar,rope,adversarial,0.0748125,0.9793455350711909,0.011971063755031186,0.9673744713161597,0.9913165988262221
cifar,rope,adversarial,0.07505,0.9791402180777328,0.012106769690518522,0.9670334483872143,0.9912469877682513
cifar,rope,adversarial,0.0752875,0.9789349010842745,0.012242854193665333,0.9666920468906092,0.9911777552779398
cifar,rope,adversarial,0.075525,0.9787295840908162,0.012379304779804636,0.9663502793110116,0.9911088888706209
cifar,rope,adversarial,0.0757625,0.9785242670973578,0.012516109475835266,0.9660081576215226,0.9910403765731931
cifar,rope,adversarial,0.076,0.9783189501038997,0.012653256796048486,0.9656656933078512,0.9909722068999481
cifar,rope,adversarial,0.0762375,0.9781136331104414,0.012790735719193596,0.9653228973912478,0.9909043688296351
cifar,rope,adversarial,0.076475,0.977908316116983,0.012928535666718713,0.9649797804502643,0.9908368517837017
cifar,rope,adversarial,0.0767125,0.9777029991235248,0.013066646482125181,0.9646363526413996,0.99076964560565
cifar,rope,adversarial,0.07695,0.9774976821300666,0.013205058411377988,0.9642926237186886,0.9907027405414446
cifar,rope,adversarial,0.0771875,0.9772923651366082,0.013343762084316034,0.9639486030522922,0.9906361272209242
cifar,rope,adversarial,0.077425,0.97708704814315,0.013482748497009417,0.9636042996461406,0.9905697966401593
cifar,rope,adversarial,0.0776625,0.9768817311496917,0.013622008995014048,0.9632597221546776,0.9905037401447058
cifar,rope,adversarial,0.0779,0.9766764141562333,0.013761535257475163,0.9629148788987582,0.9904379494137084
cifar,rope,adversarial,0.0781375,0.9764710971627751,0.013901319282034832,0.9625697778807403,0.99037241644481
cifar,rope,adversarial,0.078375,0.9762657801693169,0.014041353370500673,0.9622244267988161,0.9903071335398176
cifar,rope,adversarial,0.0786125,0.9760604631758586,0.014181630115234307,0.9618788330606243,0.9902420932910929
cifar,rope,adversarial,0.07885,0.9758551461824002,0.014322142386222326,0.9615330037961779,0.9901772885686225
cifar,rope,adversarial,0.0790875,0.975649829188942,0.014462883318791801,0.9611869458701503,0.9901127125077338
cifar,rope,adversarial,0.079325,0.9754451778914605,0.014604120055562282,0.9608410578358981,0.9900492979470228
cifar,rope,adversarial,0.0795625,0.9752514918672497,0.01475007201073332,0.9605014198565164,0.990001563877983
cifar,rope,adversarial,0.0798,0.9750578058430389,0.014896215385850663,0.9601615904571883,0.9899540212288895
cifar,rope,adversarial,0.0800375,0.9748641198188279,0.015042544601787994,0.9598215752170399,0.9899066644206159
cifar,rope,adversarial,0.080275,0.9746704337946172,0.015189054287453265,0.9594813795071638,0.9898594880820705
cifar,rope,adversarial,0.0805125,0.9744767477704062,0.015335739270505234,0.9591410084999009,0.9898124870409114
cifar,rope,adversarial,0.08075,0.9742830617461955,0.01548259456854454,0.958800467177651,0.98976565631474
cifar,rope,adversarial,0.0809875,0.9740893757219845,0.015629615380751537,0.9584597603412329,0.9897189911027361
cifar,rope,adversarial,0.081225,0.9738956896977737,0.01577679707994676,0.958118892617827,0.9896724867777205
cifar,rope,adversarial,0.0814625,0.973702003673563,0.01592413520504973,0.9577778684685132,0.9896261388786127
cifar,rope,adversarial,0.0817,0.973508317649352,0.016071625453913597,0.9574366921954384,0.9895799431032656
cifar,rope,adversarial,0.0819375,0.9733146316251412,0.01621926367651614,0.957095367948625,0.9895338953016574
cifar,rope,adversarial,0.082175,0.9731209456009303,0.016367045868485867,0.9567538997324444,0.9894879914694162
cifar,rope,adversarial,0.0824125,0.9729272595767195,0.01651496816494598,0.9564122914117735,0.9894422277416656
cifar,rope,adversarial,0.08265,0.9726983128558704,0.01667206569466461,0.9560262471612058,0.989370378550535
cifar,rope,adversarial,0.0828875,0.9724680100221613,0.0168297317462441,0.9556382782759172,0.9892977417684055
cifar,rope,adversarial,0.083125,0.9722377071884524,0.01698761418801409,0.9552500930004383,0.9892253213764665
cifar,rope,adversarial,0.0833625,0.9720074043547434,0.01714570704223236,0.954861697312511,0.9891531113969758
cifar,rope,adversarial,0.0836,0.9717771015210345,0.017304004541788896,0.9544730969792455,0.9890811060628234
cifar,rope,adversarial,0.0838375,0.9715467986873253,0.017462501121357284,0.954084297565968,0.9890092998086826
cifar,rope,adversarial,0.084075,0.9713164958536166,0.01762119140896872,0.9536953044446479,0.9889376872625852
cifar,rope,adversarial,0.0843125,0.9710861930199074,0.017780070217987894,0.9533061228019195,0.9888662632378953
cifar,rope,adversarial,0.08455,0.9708558901861984,0.017939132539468158,0.9529167576467303,0.9887950227256666
cifar,rope,adversarial,0.0847875,0.9706255873524894,0.01809837353486734,0.9525272138176221,0.9887239608873567
cifar,rope,adversarial,0.085025,0.9703952845187804,0.01825778852910522,0.9521374959896752,0.9886530730478856
cifar,rope,adversarial,0.0852625,0.9701649816850716,0.018417373003944415,0.9517476086811272,0.988582354689016
cifar,rope,adversarial,0.0855,0.9699346788513625,0.018577122591679082,0.9513575562596834,0.9885118014430416
cifar,rope,adversarial,0.0857375,0.9697043760176535,0.018737033069114343,0.9509673429485391,0.9884414090867678
cifar,rope,adversarial,0.085975,0.9694740731839446,0.01889710035182252,0.9505769728321221,0.9883711735357672
cifar,rope,adversarial,0.0862125,0.9692437703502356,0.019057320488661968,0.9501864498615736,0.9883010908388975
cifar,rope,adversarial,0.08645,0.9690134675165266,0.01921768965654451,0.9497957778599821,0.9882311571730711
cifar,rope,adversarial,0.0866875,0.9687831646828177,0.019378204155439605,0.9494049605273781,0.9881613688382572
cifar,rope,adversarial,0.086925,0.9685528618491087,0.019538860403603222,0.9490140014455055,0.9880917222527119
cifar,rope,adversarial,0.0871625,0.9683225590153995,0.01969965493301966,0.9486229040823799,0.9880222139484192
cifar,rope,adversarial,0.0874,0.9680922561816906,0.019860584385046582,0.948231671796644,0.9879528405667372
cifar,rope,adversarial,0.0876375,0.9678619533479816,0.020021645506252086,0.9478403078417296,0.9878835988542337
cifar,rope,adversarial,0.087875,0.9676316505142727,0.020182835144435234,0.9474488153698375,0.9878144856587079
cifar,rope,adversarial,0.0881125,0.9674013476805636,0.020344150244820548,0.9470571974357431,0.9877454979253841
cifar,rope,adversarial,0.08835,0.9671710448468547,0.020505587846418136,0.9466654570004366,0.9876766326932728
cifar,rope,adversarial,0.0885875,0.9669407420131457,0.020667145078541126,0.9462735969346046,0.9876078870916869
cifar,rope,adversarial,0.088825,0.9667104391794368,0.020828819157473186,0.9458816200219636,0.9875392583369099
cifar,rope,adversarial,0.0890625,0.9664801363457279,0.02099060738327819,0.9454895289624498,0.9874707437290061
cifar,rope,adversarial,0.0893,0.9662498335120189,0.021152507136746195,0.9450973263752727,0.9874023406487651
cifar,rope,adversarial,0.0895375,0.96601953067831,0.02131451587646843,0.9447050148018417,0.9873340465547784
cifar,rope,adversarial,0.089775,0.965789227844601,0.021476631136035002,0.9443125967085659,0.987265858980636
cifar,rope,adversarial,0.0900125,0.9655589250108919,0.021638850521350422,0.9439200744895415,0.9871977755322423
cifar,rope,adversarial,0.09025,0.9653286221771827,0.021801171708060636,0.9435274504691221,0.9871297938852434
cifar,rope,adversarial,0.0904875,0.965098319343474,0.0219635924390865,0.9431347269043875,0.9870619117825605
cifar,rope,adversarial,0.090725,0.9648680165097648,0.022126110522258765,0.9427419059875061,0.9869941270320236
cifar,rope,adversarial,0.0909625,0.9646377136760561,0.022288723828049875,0.9423489898480062,0.986926437504106
cifar,rope,adversarial,0.0912,0.9644074108423469,0.02245143028739824,0.9419559805549487,0.9868588411297452
cifar,rope,adversarial,0.0914375,0.964177108008638,0.02261422788962043,0.9415628801190176,0.9867913358982584
cifar,rope,adversarial,0.091675,0.963946805174929,0.02277711468040731,0.9411696904945217,0.9867239198553364
cifar,rope,adversarial,0.0919125,0.9637165023412201,0.0229400887599007,0.9407764135813194,0.9866565911011208
cifar,rope,adversarial,0.09215,0.9634861995075111,0.023103148280846402,0.9403830512266648,0.9865893477883575
cifar,rope,adversarial,0.0923875,0.9632558966738021,0.023266291446820436,0.9399896052269816,0.9865221881206225
cifar,rope,adversarial,0.092625,0.9630255938400931,0.023429516510524873,0.9395960773295683,0.986455110350618
cifar,rope,adversarial,0.0928625,0.9627952910063842,0.023592821772151024,0.9392024692342331,0.9863881127785352
cifar,rope,adversarial,0.0931,0.9625649881726752,0.02375620557780572,0.9388087825948696,0.9863211937504809
cifar,rope,adversarial,0.0933375,0.9623346853389663,0.023919666317998824,0.9384150190209675,0.9862543516569651
cifar,rope,adversarial,0.093575,0.9621043825052572,0.024083202426189172,0.938021180079068,0.9861875849314464
cifar,rope,adversarial,0.0938125,0.9618740796715483,0.024246812377386018,0.9376272672941622,0.9861208920489343
cifar,rope,adversarial,0.09405,0.9616437768378391,0.024410494686803653,0.9372332821510354,0.9860542715246428
cifar,rope,adversarial,0.0942875,0.9614134740041304,0.024574247908567614,0.9368392260955627,0.985987721912698
cifar,rope,adversarial,0.094525,0.9611831711704212,0.02473807063446877,0.9364451005359524,0.9859212418048899
cifar,rope,adversarial,0.0947625,0.9609528683367122,0.02490196149276497,0.9360509068439472,0.9858548298294773
cifar,rope,adversarial,0.095,0.9607225655030033,0.025065919147026945,0.9356566463559763,0.9857884846500302
cifar,alibi,noise,0.0,1.0,0.0,1.0,1.0
cifar,alibi,noise,0.0002375,0.9999835701972651,5.003400265329753e-06,0.9999785667969998,0.9999885735975305
cifar,alibi,noise,0.000475,0.9999671403945305,1.0006800530641024e-05,0.9999571335939998,0.9999771471950611
cifar,alibi,noise,0.0007125,0.9999507105917954,1.5010200795929441e-05,0.9999357003909994,0.9999657207925914
cifar,alibi,noise,0.00095,0.9999342807890607,2.0013601061274235e-05,0.9999142671879994,0.999954294390122
cifar,alibi,noise,0.0011875,0.9999178509863258,2.5017001326591646e-05,0.9998928339849992,0.9999428679876524
cifar,alibi,noise,0.001425,0.9999014211835909,3.002040159191526e-05,0.999871400781999,0.9999314415851829
cifar,alibi,noise,0.0016625,0.9998849913808562,3.5023801857203676e-05,0.999849967578999,0.9999200151827133
cifar,alibi,noise,0.0019,0.9998685615781212,4.0027202122513274e-05,0.9998285343759987,0.9999085887802437
cifar,alibi,noise,0.0021375,0.9998521317753865,4.503060238784075e-05,0.9998071011729986,0.9998971623777743
cifar,alibi,noise,0.002375,0.9998357019726516,5.003400265316664e-05,0.9997856679699985,0.9998857359753047
cifar,alibi,noise,0.0026125,0.9998192721699168,5.503740291846557e-05,0.9997642347669984,0.9998743095728353
cifar,alibi,noise,0.00285,0.9998028423671818,6.004080318378751e-05,0.999742801563998,0.9998628831703655
cifar,alibi,noise,0.0030875,0.9997864125644469,6.504420344911499e-05,0.9997213683609978,0.999851456767896
cifar,alibi,noise,0.003325,0.9997699827617121,7.004760371442853e-05,0.9996999351579977,0.9998400303654266
cifar,alibi,noise,0.0035625,0.9997535529589774,7.505100397971696e-05,0.9996785019549976,0.9998286039629571
cifar,alibi,noise,0.0038,0.9997371231562425,8.005440424504442e-05,0.9996570687519974,0.9998171775604876
cifar,alibi,noise,0.0040375,0.9997206933535076,8.505780451037688e-05,0.9996356355489971,0.999805751158018
cifar,alibi,noise,0.004275,0.9997042635507728,9.006120477571058e-05,0.9996142023459971,0.9997943247555485
cifar,alibi,noise,0.0045125,0.9996878337480379,9.50646050409912e-05,0.999592769142997,0.9997828983530789
cifar,alibi,noise,0.00475,0.9996714039453031,0.00010006800530630633,0.9995713359399968,0.9997714719506093
cifar,alibi,noise,0.0049875,0.9996549741425681,0.00010507140557162827,0.9995499027369965,0.9997600455481397
cifar,alibi,noise,0.005225,0.9996385443398333,0.00011007480583696197,0.9995284695339964,0.9997486191456703
cifar,alibi,noise,0.0054625,0.9996221145370985,0.00011507820610222795,0.9995070363309962,0.9997371927432007
cifar,alibi,noise,0.0057,0.9996056847343637,0.00012008160636758055,0.9994856031279962,0.9997257663407313
cifar,alibi,noise,0.0059375,0.9995892549316289,0.0001250850066329025,0.999464169924996,0.9997143399382618
cifar,alibi,noise,0.006175,0.9995728251288941,0.00013008840689822385,0.9994427367219959,0.9997029135357923
cifar,alibi,noise,0.0064125,0.9995563953261591,0.00013509180716350219,0.9994213035189956,0.9996914871333227
cifar,alibi,noise,0.00665,0.9995399655234243,0.00014009520742883194,0.9993998703159954,0.9996800607308531
cifar,alibi,noise,0.0068875,0.9995235357206895,0.0001450986076941455,0.9993784371129953,0.9996686343283837
cifar,alibi,noise,0.007125,0.9995071059179548,0.00015010200795947297,0.9993570039099953,0.9996572079259143
cifar,alibi,noise,0.0073625,0.9994906761152197,0.00015510540822478422,0.9993355707069949,0.9996457815234445
cifar,alibi,noise,0.0076,0.9994742463124849,0.0001601088084900938,0.9993141375039949,0.999634355120975
cifar,alibi,noise,0.0078375,0.9994578165097501,0.00016511220875542752,0.9992927043009946,0.9996229287185056
cifar,alibi,noise,0.008075,0.9994413867070152,0.0001701156090207472,0.9992712710979945,0.9996115023160359
cifar,alibi,noise,0.0083125,0.9994249569042805,0.00017511900928606462,0.9992498378949944,0.9996000759135665
cifar,alibi,noise,0.00855,0.9994085271015457,0.00018012240955134524,0.9992284046919944,0.999588649511097
cifar,alibi,noise,0.0087875,0.999392097298811,0.00018512580981667662,0.9992069714889943,0.9995772231086276
cifar,alibi,noise,0.009025,0.9993756674960759,0.0001901292100820091,0.9991855382859939,0.9995657967061579
cifar,alibi,noise,0.0092625,0.999359237693341,0.00019513261034733885,0.9991641050829937,0.9995543703036883
cifar,alibi,noise,0.0095,0.9993428078906063,0.00020013601061261944,0.9991426718799936,0.9995429439012189
cifar,alibi,noise,0.0097375,0.9993263780878715,0.00020513941087793854,0.9991212386769935,0.9995315174987495
cifar,alibi,noise,0.009975,0.9993099482851364,0.00021014281114326046,0.9990998054739931,0.9995200910962797
cifar,alibi,noise,0.0102125,0.9992935184824017,0.00021514621140859022,0.999078372270993,0.9995086646938103
cifar,alibi,noise,0.01045,0.9992770886796668,0.00022014961167387908,0.999056939067993,0.9994972382913406
cifar,alibi,noise,0.0106875,0.9992606588769318,0.00022515301193921277,0.9990355058649926,0.9994858118888711
cifar,alibi,noise,0.010925,0.9992442290741971,0.00023015641220454252,0.9990140726619925,0.9994743854864017
cifar,alibi,noise,0.0111625,0.9992277992714622,0.00023515981246985211,0.9989926394589924,0.999462959083932
cifar,alibi,noise,0.0114,0.9992113694687275,0.00024016321273513826,0.9989712062559923,0.9994515326814626
cifar,alibi,noise,0.0116375,0.9991949396659926,0.00024516661300046414,0.9989497730529922,0.999440106278993
cifar,alibi,noise,0.011875,0.9991785098632576,0.00025017001326578157,0.9989283398499919,0.9994286798765234
cifar,alibi,noise,0.0121125,0.9991620800605229,0.0002551734135311241,0.9989069066469918,0.999417253474054
cifar,alibi,noise,0.01235,0.999145650257788,0.0002601768137964125,0.9988854734439916,0.9994058270715844
cifar,alibi,noise,0.0125875,0.9991292204550533,0.00026518021406172603,0.9988640402409915,0.999394400669115
cifar,alibi,noise,0.012825,0.9991127906523184,0.0002701836143270535,0.9988426070379913,0.9993829742666455
cifar,alibi,noise,0.0130625,0.9990963608495834,0.00027518701459237546,0.998821173834991,0.9993715478641758
cifar,alibi,noise,0.0133,0.9990799310468486,0.0002801904148576555,0.998799740631991,0.9993601214617062
cifar,alibi,noise,0.0135375,0.9990635012441138,0.0002851938151229774,0.9987783074289909,0.9993486950592367
cifar,alibi,noise,0.013775,0.999047071441379,0.00029019721538832774,0.9987568742259907,0.9993372686567674
cifar,alibi,noise,0.0140125,0.9990306416386442,0.00029520061565363736,0.9987354410229905,0.9993258422542979
cifar,alibi,noise,0.01425,0.9990142118359092,0.00030020401591892974,0.9987140078199903,0.9993144158518281
cifar,alibi,noise,0.0144875,0.9989977820331745,0.0003052074161842572,0.9986925746169902,0.9993029894493587
cifar,alibi,noise,0.014725,0.9989813522304396,0.0003102108164495668,0.99867114141399,0.9992915630468892
cifar,alibi,noise,0.0149625,0.9989649224277047,0.00031521421671489654,0.9986497082109899,0.9992801366444196
cifar,alibi,noise,0.0152,0.99894849262497,0.0003202176169801811,0.9986282750079898,0.9992687102419502
cifar,alibi,noise,0.0154375,0.998932062822235,0.0003252210172455191,0.9986068418049895,0.9992572838394805
cifar,alibi,noise,0.015675,0.9989156330195001,0.000330224417510841,0.9985854086019893,0.999245857437011
cifar,alibi,noise,0.0159125,0.9988992032167653,0.0003352278177761708,0.9985639753989891,0.9992344310345415
cifar,alibi,noise,0.01615,0.9988827734140305,0.00034023121804148203,0.998542542195989,0.999223004632072
cifar,alibi,noise,0.0163875,0.9988663436112958,0.00034523461830677046,0.998521108992989,0.9992115782296026
cifar,alibi,noise,0.016625,0.9988499138085608,0.00035023801857209243,0.9984996757899887,0.999200151827133
cifar,alibi,noise,0.0168625,0.998833484005826,0.00035524141883743263,0.9984782425869885,0.9991887254246634
cifar,alibi,noise,0.0171,0.9988170542030912,0.0003602448191027563,0.9984568093839884,0.999177299022194
cifar,alibi,noise,0.0173375,0.9988006244003561,0.0003652482193680447,0.9984353761809881,0.9991658726197241
cifar,alibi,noise,0.017575,0.9987841945976214,0.00037025161963335427,0.998413942977988,0.9991544462172547
cifar,alibi,noise,0.0178125,0.9987677647948866,0.00037525501989868183,0.998392509774988,0.9991430198147853
cifar,alibi,noise,0.01805,0.9987513349921517,0.00038025842016401547,0.9983710765719878,0.9991315934123157
cifar,alibi,noise,0.0182875,0.9987349051894169,0.0003852618204292837,0.9983496433689876,0.9991201670098462
cifar,alibi,noise,0.018525,0.9987184753866819,0.00039026522069463633,0.9983282101659873,0.9991087406073765
cifar,alibi,noise,0.0187625,0.9987020455839472,0.00039526862095995603,0.9983067769629872,0.9990973142049071
cifar,alibi,noise,0.019,0.9986856157812124,0.00040027202122527736,0.9982853437599871,0.9990858878024377
cifar,alibi,noise,0.0192375,0.9986691859784775,0.000405275421490558,0.9982639105569869,0.9990744613999681
cifar,alibi,noise,0.019475,0.9986527561757427,0.00041027882175588543,0.9982424773539867,0.9990630349974986
cifar,alibi,noise,0.0197125,0.9986363263730079,0.000415282222021199,0.9982210441509867,0.9990516085950292
cifar,alibi,noise,0.01995,0.9986198965702732,0.0004202856222865288,0.9981996109479866,0.9990401821925597
cifar,alibi,noise,0.0201875,0.9986034667675381,0.00042528902255183223,0.9981781777449863,0.9990287557900899
cifar,alibi,noise,0.020425,0.9985870369648033,0.0004302924228171473,0.9981567445419862,0.9990173293876204
cifar,alibi,noise,0.0206625,0.9985706071620686,0.00043529582308247326,0.9981353113389861,0.999005902985151
cifar,alibi,noise,0.0209,0.9985541773593335,0.000440299223347803,0.9981138781359857,0.9989944765826813
cifar,alibi,noise,0.0211375,0.9985377475565987,0.00044530262361306897,0.9980924449329857,0.9989830501802118
cifar,alibi,noise,0.021375,0.998521317753864,0.0004503060238783987,0.9980710117299856,0.9989716237777424
cifar,alibi,noise,0.0216125,0.9985040384352031,0.0004534124505204615,0.9980506259846826,0.9989574508857235
cifar,alibi,noise,0.02185,0.9984813568858225,0.00044973336371576233,0.9980316235221067,0.9989310902495383
cifar,alibi,noise,0.0220875,0.9984550622677753,0.0004468338074194888,0.9980082284603558,0.9989018960751948
cifar,alibi,noise,0.022325,0.9984273497475886,0.0004441445407364206,0.9979832052068522,0.998871494288325
cifar,alibi,noise,0.0225625,0.9983966596379711,0.000442438552229998,0.9979542210857411,0.9988390981902011
cifar,alibi,noise,0.0228,0.9983656650185463,0.0004409739021006097,0.9979246911164457,0.9988066389206469
cifar,alibi,noise,0.0230375,0.9983346703991215,0.00043955979584981624,0.9978951106032716,0.9987742301949714
cifar,alibi,noise,0.023275,0.9983036757796967,0.00043819672280895924,0.9978654790568877,0.9987418725025057
cifar,alibi,noise,0.0235125,0.9982726811602719,0.00043688516064603985,0.9978357959996259,0.9987095663209179
cifar,alibi,noise,0.02375,0.998241686540847,0.000435625574621375,0.9978060609662256,0.9986773121154684
cifar,alibi,noise,0.0239875,0.9982106919214222,0.0004344184168459337,0.9977762735045763,0.9986451103382681
cifar,alibi,noise,0.024225,0.9981796973019975,0.00043326412554577705,0.9977464331764517,0.9986129614275433
cifar,alibi,noise,0.0244625,0.9981487026825726,0.00043216312433408833,0.9977165395582385,0.9985808658069067
cifar,alibi,noise,0.0247,0.9981177080631477,0.00043111582149434036,0.9976865922416533,0.9985488238846421
cifar,alibi,noise,0.0249375,0.9980867134437229,0.00043012260927612506,0.9976565908344468,0.998516836052999
cifar,alibi,noise,0.025175,0.9980557188242981,0.0004291838632073063,0.9976265349610908,0.9984849026875054
cifar,alibi,noise,0.0254125,0.9980247242048733,0.00042829994142404103,0.9975964242634493,0.9984530241462973
cifar,alibi,noise,0.02565,0.9979937295854485,0.00042747118402228766,0.9975662584014262,0.9984212007694708
cifar,alibi,noise,0.0258875,0.9979627349660235,0.0004266979124325131,0.997536037053591,0.998389432878456
cifar,alibi,noise,0.026125,0.9979317403465987,0.00042598042882077355,0.9975057599177779,0.9983577207754195
cifar,alibi,noise,0.0263625,0.9979007457271739,0.0004253190155185568,0.9974754267116553,0.9983260647426925
cifar,alibi,noise,0.0266,0.9978697511077493,0.0004247139344832706,0.997445037173266,0.9982944650422326
cifar,alibi,noise,0.0268375,0.9978387564883243,0.0004241654267925887,0.9974145910615317,0.9982629219151169
cifar,alibi,noise,0.027075,0.9978077618688995,0.0004236737121739474,0.9973840881567255,0.9982314355810735
cifar,alibi,noise,0.0273125,0.9977767672494746,0.00042323898857223876,0.9973535282609024,0.9982000062380468
cifar,alibi,noise,0.02755,0.9977457726300498,0.0004228614317566425,0.9973229111982932,0.9981686340618064
cifar,alibi,noise,0.0277875,0.997714778010625,0.0004225411949694136,0.9972922368156556,0.9981373192055945
cifar,alibi,noise,0.028025,0.9976837833912002,0.0004222784086172605,0.9972615049825829,0.9981060617998175
cifar,alibi,noise,0.0282625,0.9976527887717753,0.00042207318000765133,0.9972307155917677,0.998074861951783
cifar,alibi,noise,0.0285,0.9976217941523505,0.00042192559313040636,0.9971998685592202,0.9980437197454809
cifar,alibi,noise,0.0287375,0.9975907995329257,0.00042183570848661417,0.9971689638244391,0.9980126352414124
cifar,alibi,noise,0.028975,0.9975598049135007,0.0004218035629645892,0.9971380013505361,0.9979816084764653
cifar,alibi,noise,0.0292125,0.9975288102940761,0.00042182916976431494,0.9971069811243118,0.9979506394638404
cifar,alibi,noise,0.02945,0.9974978156746511,0.00042191251837056146,0.9970759031562806,0.9979197281930217
cifar,alibi,noise,0.0296875,0.9974668210552263,0.00042205357457407726,0.9970447674806523,0.9978888746298004
cifar,alibi,noise,0.029925,0.9974358264358015,0.0004222522805421199,0.9970135741552594,0.9978580787163437
cifar,alibi,noise,0.0301625,0.9974048318163766,0.00042250855493647464,0.9969823232614401,0.9978273403713132
cifar,alibi,noise,0.0304,0.9973738371969518,0.0004228222930798004,0.9969510149038721,0.9977966594900316
cifar,alibi,noise,0.0306375,0.9973428425775271,0.0004231933671683361,0.9969196492103588,0.9977660359446955
cifar,alibi,noise,0.030875,0.9973118479581022,0.00042362162653078494,0.9968882263315715,0.997735469584633
cifar,alibi,noise,0.0311125,0.9972808533386774,0.0004241068979315423,0.9968567464407458,0.997704960236609
cifar,alibi,noise,0.03135,0.9972498587192525,0.00042464898591771066,0.9968252097333348,0.9976745077051703
cifar,alibi,noise,0.0315875,0.9972188640998277,0.00042524767320702416,0.9967936164266207,0.9976441117730348
cifar,alibi,noise,0.031825,0.997187869480403,0.00042590272111633665,0.9967619667592867,0.9976137722015194
cifar,alibi,noise,0.0320625,0.9971568748609781,0.0004266138700275739,0.9967302609909505,0.9975834887310058
cifar,alibi,noise,0.0323,0.9971258802415534,0.0004273808398895905,0.9966984994016638,0.9975532610814429
cifar,alibi,noise,0.0325375,0.9970948856221283,0.000428203330754035,0.9966666822913743,0.9975230889528823
cifar,alibi,noise,0.032775,0.9970638910027038,0.00042908102334198296,0.9966348099793618,0.9974929720260457
cifar,alibi,noise,0.0330125,0.997032896383279,0.0004300135796400398,0.996602882803639,0.997462909962919
cifar,alibi,noise,0.03325,0.997001901763854,0.00043100064352235933,0.9965709011203316,0.9974329024073763
cifar,alibi,noise,0.0334875,0.9969709071444292,0.0004320418413971558,0.996538865303032,0.9974029489858263
cifar,alibi,noise,0.033725,0.9969399125250044,0.00043313678287377675,0.9965067757421305,0.9973730493078782
cifar,alibi,noise,0.0339625,0.9969089179055795,0.0004342850614491872,0.9964746328441303,0.9973432029670286
cifar,alibi,noise,0.0342,0.9968779232861547,0.0004354862552100045,0.9964424370309447,0.9973134095413646
cifar,alibi,noise,0.0344375,0.9968469286667299,0.00043673992754842463,0.9964101887391814,0.9972836685942783
cifar,alibi,noise,0.034675,0.996815934047305,0.0004380456278887358,0.9963778884194162,0.9972539796751937
cifar,alibi,noise,0.0349125,0.9967849394278802,0.00043940289242238017,0.9963455365354578,0.9972243423203025
cifar,alibi,noise,0.03515,0.9967539448084555,0.0004408112448487796,0.9963131335636067,0.9971947560533042
cifar,alibi,noise,0.0353875,0.9967229501890306,0.0004422701971197519,0.9962806799919108,0.9971652203861503
cifar,alibi,noise,0.035625,0.9966919555696058,0.0004437792501850903,0.9962481763194206,0.9971357348197909
cifar,alibi,noise,0.0358625,0.996660960950181,0.0004453378947367296,0.9962156230554442,0.9971062988449177
cifar,alibi,noise,0.0361,0.996629966330756,0.00044694561195022706,0.9961830207188057,0.9970769119427062
cifar,alibi,noise,0.0363375,0.9965989717113312,0.00044860187422014454,0.996150369837111,0.9970475735855513
cifar,alibi,noise,0.036575,0.9965679770919064,0.00045030614588897097,0.9961176709460174,0.9970182832377953
cifar,alibi,noise,0.0368125,0.9965369824724816,0.0004520578839663712,0.9960849245885152,0.996989040356448
cifar,alibi,noise,0.03705,0.9965059878530567,0.0004538565388382214,0.9960521313142184,0.9969598443918949
cifar,alibi,noise,0.0372875,0.9964749932336319,0.0004557015549627539,0.9960192916786691,0.9969306947885946
cifar,alibi,noise,0.037525,0.9964439986142071,0.0004575923715536042,0.9959864062426534,0.9969015909857607
cifar,alibi,noise,0.0377625,0.9964130039947824,0.0004595284232469873,0.9959534755715354,0.9968725324180294
cifar,alibi,noise,0.038,0.9963820093753575,0.0004615091407534187,0.9959205002346041,0.9968435185161109
cifar,alibi,noise,0.0382375,0.9963510147559326,0.0004635339514914934,0.9958874808044411,0.996814548707424
cifar,alibi,noise,0.038475,0.9963200201365078,0.00046560228020369463,0.9958544178563041,0.9967856224167114
cifar,alibi,noise,0.0387125,0.996289025517083,0.0004677135495533093,0.9958213119675297,0.9967567390666363
cifar,alibi,noise,0.03895,0.9962580308976582,0.0004698671807009609,0.9957881637169572,0.9967278980783592
cifar,alibi,noise,0.0391875,0.9962270362782334,0.0004720625938615365,0.9957549736843718,0.996699098872095
cifar,alibi,noise,0.039425,0.9961960416588086,0.000474299208839645,0.9957217424499689,0.9966703408676483
cifar,alibi,noise,0.0396625,0.9961650470393836,0.00047657644554450194,0.995688470593839,0.9966416234849281
cifar,alibi,noise,0.0399,0.9961340524199587,0.00047889372448274277,0.9956551586954759,0.9966129461444414
cifar,alibi,noise,0.0401375,0.9961030578005342,0.00048125046723030947,0.9956218073333039,0.9965843082677646
cifar,alibi,noise,0.040375,0.9960720631811092,0.0004836460968818653,0.9955884170842273,0.9965557092779911
cifar,alibi,noise,0.0406125,0.9960410685616843,0.00048608003847928,0.995554988523205,0.9965271486001636
cifar,alibi,noise,0.04085,0.9960100739422595,0.000488551719417926,0.9955215222228415,0.9964986256616775
cifar,alibi,noise,0.0410875,0.9959790793228347,0.0004910605698319581,0.9954880187530027,0.9964701398926666
cifar,alibi,noise,0.041325,0.9959480847034099,0.0004936060229579783,0.9954544786804519,0.9964416907263679
cifar,alibi,noise,0.0415625,0.9959170900839851,0.000496187515478136,0.995420902568507,0.9964132775994632
cifar,alibi,noise,0.0418,0.9958860954645602,0.0004988044878423015,0.9953872909767179,0.9963848999524025
cifar,alibi,noise,0.0420375,0.9958551008451354,0.0005014563845701156,0.9953536444605653,0.9963565572297055
cifar,alibi,noise,0.042275,0.9958241062257104,0.0005041426545333257,0.995319963571177,0.9963282488802437
cifar,alibi,noise,0.0425125,0.9957931116062858,0.0005068627512186263,0.9952862488550672,0.9962999743575044
cifar,alibi,noise,0.04275,0.995762116986861,0.0005096161329718777,0.9952525008538892,0.9962717331198329
cifar,alibi,noise,0.0429875,0.995731122367436,0.0005124022632236749,0.9952187201042123,0.9962435246306597
cifar,alibi,noise,0.043225,0.9956992054583244,0.0005141477384911514,0.9951850577198332,0.9962133531968155
cifar,alibi,noise,0.0434625,0.9956603541588386,0.0005101674493415326,0.9951501867094971,0.9961705216081801
cifar,alibi,noise,0.0437,0.9956167224692916,0.0005099156606481727,0.9951068068086434,0.9961266381299397
cifar,alibi,noise,0.0439375,0.9955677636970618,0.0005088921307827347,0.995058871566279,0.9960766558278445
cifar,alibi,noise,0.044175,0.9955188049248318,0.0005082699489382798,0.9950105349758935,0.9960270748737701
cifar,alibi,noise,0.0444125,0.995469846152602,0.0005080505896440552,0.9949617955629579,0.9959778967422461
cifar,alibi,noise,0.04465,0.9954161548687619,0.0005127008990486281,0.9949034539697132,0.9959288557678105
cifar,alibi,noise,0.0448875,0.9953503212532837,0.0005194662199273687,0.9948308550333563,0.9958697874732111
cifar,alibi,noise,0.045125,0.995283355667323,0.0005263650856292826,0.9947569905816936,0.9958097207529523
cifar,alibi,noise,0.0453625,0.9952163900813621,0.0005336489373142802,0.9946827411440478,0.9957500390186764
cifar,alibi,noise,0.0456,0.9951494244954014,0.0005413022339017901,0.9946081222614996,0.9956907267293033
cifar,alibi,noise,0.0458375,0.9950824589094408,0.0005493095336518628,0.994533149375789,0.9956317684430926
cifar,alibi,noise,0.046075,0.9950154933234799,0.0005576555875249985,0.994457837735955,0.9955731489110049
cifar,alibi,noise,0.0463125,0.9949485277375193,0.0005663254188522605,0.994382202318667,0.9955148531563716
cifar,alibi,noise,0.04655,0.9948815621515584,0.0005753043898509555,0.9943062577617074,0.9954568665414094
cifar,alibi,noise,0.0467875,0.9948145965655977,0.0005845782557781664,0.9942300183098195,0.9953991748213759
cifar,alibi,noise,0.047025,0.9947476309796369,0.0005941332076890004,0.994153497771948,0.9953417641873259
cifar,alibi,noise,0.0472625,0.9946806653936761,0.0006039559048740869,0.994076709488802,0.9952846212985501
cifar,alibi,noise,0.0475,0.9946136998077154,0.0006140334981000903,0.9939996663096153,0.9952277333058155
cifar,alibi,noise,0.0477375,0.9945467342217545,0.000624353644779225,0.9939223805769754,0.9951710878665337
cifar,alibi,noise,0.047975,0.9944797686357939,0.0006349045171618037,0.9938448641186322,0.9951146731529557
cifar,alibi,noise,0.0482125,0.994412803049833,0.0006456748045874515,0.9937671282452456,0.9950584778544205
cifar,alibi,noise,0.04845,0.9943458374638722,0.0006566537107554899,0.9936891837531167,0.9950024911746277
cifar,alibi,noise,0.0486875,0.9942788718779115,0.0006678309468886182,0.9936110409310229,0.9949467028248001
cifar,alibi,noise,0.048925,0.9942119062919507,0.0006791967215752892,0.9935327095703754,0.9948911030135259
cifar,alibi,noise,0.0491625,0.9941449407059899,0.0006907417279840537,0.9934541989780059,0.9948356824339739
cifar,alibi,noise,0.0494,0.9940779751200292,0.0007024571290559215,0.9933755179909732,0.9947804322490851
cifar,alibi,noise,0.0496375,0.9940110095340685,0.0007143345411974703,0.993296674992871,0.994725344075266
cifar,alibi,noise,0.049875,0.9939440439481076,0.0007263660169208369,0.9932176779311868,0.9946704099650285
cifar,alibi,noise,0.0501125,0.9938770783621468,0.0007385440268057144,0.993138534335341,0.9946156223889525
cifar,alibi,noise,0.05035,0.9938101127761861,0.0007508614410972402,0.9930592513350889,0.9945609742172834
cifar,alibi,noise,0.0505875,0.9937431471902253,0.0007633115111971535,0.9929798356790281,0.9945064587014224
cifar,alibi,noise,0.050825,0.9936761816042646,0.0007758878512574385,0.9929002937530071,0.9944520694555221
cifar,alibi,noise,0.0510625,0.9936092160183039,0.0007885844200432836,0.9928206315982606,0.9943978004383471
cifar,alibi,noise,0.0513,0.993542250432343,0.0008013955031969688,0.992740854929146,0.99434364593554
cifar,alibi,noise,0.0515375,0.9934752848463825,0.0008143156960031024,0.9926609691503794,0.9942896005423856
cifar,alibi,noise,0.051775,0.9934083192604216,0.0008273398867291198,0.9925809793736925,0.9942356591471507
cifar,alibi,noise,0.0520125,0.9933413536744607,0.0008404632405954411,0.9925008904338654,0.9941818169150561
cifar,alibi,noise,0.05225,0.9932743880885,0.0008536811844094235,0.9924207069040906,0.9941280692729094
cifar,alibi,noise,0.0524875,0.9932074225025392,0.0008669893918846547,0.9923404331106546,0.9940744118944239
cifar,alibi,noise,0.052725,0.9931404569165786,0.0008803837696536814,0.9922600731469249,0.9940208406862323
cifar,alibi,noise,0.0529625,0.9930734913306177,0.0008938604439743357,0.9921796308866434,0.9939673517745921
cifar,alibi,noise,0.0532,0.9930065257446569,0.0009074157481208452,0.992099109996536,0.9939139414927777
cifar,alibi,noise,0.0534375,0.9929395601586961,0.0009210462104458205,0.9920185139482502,0.993860606369142
cifar,alibi,noise,0.053675,0.9928725945727352,0.0009347485430953755,0.9919378460296399,0.9938073431158306
cifar,alibi,noise,0.0539125,0.9928056289867747,0.0009485196313542768,0.9918571093554205,0.9937541486181289
cifar,alibi,noise,0.05415,0.9927386634008138,0.0009623565235988605,0.991776306877215,0.9937010199244127
cifar,alibi,noise,0.0543875,0.992671697814853,0.0009762564218305791,0.9916954413930223,0.9936479542366836
cifar,alibi,noise,0.054625,0.9926047322288922,0.0009902166727645183,0.9916145155561277,0.9935949489016568
cifar,alibi,noise,0.0548625,0.9925377666429315,0.0010042347594459745,0.9915335318834855,0.9935420014023775
cifar,alibi,noise,0.0551,0.9924708010569708,0.0010183082933677234,0.9914524927636031,0.9934891093503385
cifar,alibi,noise,0.0553375,0.99240383547101,0.0010324350070618487,0.9913714004639481,0.9934362704780718
cifar,alibi,noise,0.055575,0.9923368698850492,0.0010466127471396955,0.9912902571379095,0.9933834826321889
cifar,alibi,noise,0.0558125,0.9922699042990883,0.0010608394677552263,0.9912090648313331,0.9933307437668436
cifar,alibi,noise,0.05605,0.9922029387131276,0.0010751132244663161,0.9911278254886613,0.9932780519375939
cifar,alibi,noise,0.0562875,0.992135973127167,0.0010894321684715958,0.9910465409586954,0.9932254052956385
cifar,alibi,noise,0.056525,0.9920690075412062,0.0011037945411997738,0.9909652130000064,0.993172802082406
cifar,alibi,noise,0.0567625,0.9920020419552454,0.0011181986692298778,0.9908838432860155,0.9931202406244753
cifar,alibi,noise,0.057,0.9919350763692846,0.0011326429595224137,0.9908024334097622,0.993067719328807
cifar,alibi,noise,0.0572375,0.9918681107833237,0.001147125894942381,0.9907209848883813,0.9930152366782661
cifar,alibi,noise,0.057475,0.9918011451973631,0.0011616460300548795,0.9906394991673082,0.9929627912274179
cifar,alibi,noise,0.0577125,0.9917341796114023,0.001176201987177551,0.9905579776242247,0.9929103815985799
cifar,alibi,noise,0.05795,0.9916672140254414,0.0011907924526725236,0.9904764215727689,0.992858006478114
cifar,alibi,noise,0.0581875,0.9916002484394809,0.0012054161734631555,0.9903948322660178,0.9928056646129441
cifar,alibi,noise,0.058425,0.99153328285352,0.0012200719537611632,0.9903132108997589,0.9927533548072812
cifar,alibi,noise,0.0586625,0.9914663172675592,0.00123475865199069,0.9902315586155684,0.9927010759195499
cifar,alibi,noise,0.0589,0.9913993516815984,0.0012494751778969059,0.9901498765037016,0.9926488268594953
cifar,alibi,noise,0.0591375,0.9913323860956377,0.0012642204898269907,0.9900681656058107,0.9925966065854647
cifar,alibi,noise,0.059375,0.9912654205096768,0.001278993592173011,0.9899864269175038,0.9925444141018498
cifar,alibi,noise,0.0596125,0.9911984549237162,0.0012937935329657754,0.9899046613907504,0.9924922484566819
cifar,alibi,noise,0.05985,0.9911314893377554,0.001308619401610621,0.9898228699361448,0.9924401087393661
cifar,alibi,noise,0.0600875,0.9910645237517945,0.0013234703267556945,0.9897410534250388,0.9923879940785503
cifar,alibi,noise,0.060325,0.9909975581658338,0.0013383454742842485,0.9896592126915496,0.992335903640118
cifar,alibi,noise,0.0605625,0.9909305925798731,0.0013532440454237355,0.9895773485344495,0.9922838366252968
cifar,alibi,noise,0.0608,0.9908636269939123,0.0013681652749634311,0.9894954617189489,0.9922317922688757
cifar,alibi,noise,0.0610375,0.9907966614079515,0.0013831084295744891,0.9894135529783771,0.992179769837526
cifar,alibi,noise,0.061275,0.9907296958219907,0.0013980728062255607,0.989331623015765,0.9921277686282163
cifar,alibi,noise,0.0615125,0.9906627302360299,0.0014130577306883658,0.9892496725053416,0.9920757879667182
cifar,alibi,noise,0.06175,0.9905957646500694,0.0014280625561271009,0.9891677020939422,0.9920238272061965
cifar,alibi,noise,0.0619875,0.9905287990641084,0.0014430866617669003,0.9890857124023416,0.9919718857258752
cifar,alibi,noise,0.062225,0.9904618334781476,0.0014581294516366604,0.9890037040265109,0.9919199629297843
cifar,alibi,noise,0.0624625,0.9903948678921868,0.001473190353380789,0.988921677538806,0.9918680582455676
cifar,alibi,noise,0.0627,0.9903279023062262,0.0014882688171366845,0.9888396334890895,0.991816171123363
cifar,alibi,noise,0.0629375,0.9902609367202655,0.0015033643144733114,0.9887575724057922,0.9917643010347388
cifar,alibi,noise,0.063175,0.9901939711343046,0.0015184763373874686,0.9886754947969172,0.9917124474716921
cifar,alibi,noise,0.0634125,0.9901270055483439,0.001533604397353744,0.9885934011509901,0.9916606099456976
cifar,alibi,noise,0.06365,0.990060039962383,0.0015487480244258838,0.9885112919379572,0.9916087879868088
cifar,alibi,noise,0.0638875,0.9899930743764221,0.0015639067663856428,0.9884291676100365,0.9915569811428078
cifar,alibi,noise,0.064125,0.9899261087904616,0.0015790801879365718,0.988347028602525,0.9915051889783982
cifar,alibi,noise,0.0643625,0.9898591432045007,0.001594267869940307,0.9882648753345604,0.9914534110744411
cifar,alibi,noise,0.0646,0.98979217761854,0.001609469408692657,0.9881827082098473,0.9914016470272327
cifar,alibi,noise,0.0648375,0.9897252120325791,0.0016246844152370964,0.988100527617342,0.9913498964478162
cifar,alibi,noise,0.065075,0.9896582464466185,0.0016399125147136553,0.9880183339319049,0.9912981589613321
cifar,alibi,noise,0.0653125,0.9895912808606577,0.001655153345741058,0.9879361275149167,0.9912464342063988
cifar,alibi,noise,0.06555,0.9895243152746969,0.0016704065598304202,0.9878539087148664,0.9911947218345273
cifar,alibi,noise,0.0657875,0.9894573496887361,0.0016856718208282787,0.9877716778679079,0.9911430215095643
cifar,alibi,noise,0.066025,0.9893903841027752,0.001700948804387641,0.9876894352983876,0.9910913329071629
cifar,alibi,noise,0.0662625,0.9893234185168144,0.001716237197465486,0.9876071813193489,0.9910396557142799
cifar,alibi,noise,0.0665,0.9892564529308538,0.0017315366978450332,0.9875249162330089,0.9909879896286988
cifar,alibi,noise,0.0667375,0.989189487344893,0.001746847013681298,0.9874426403312117,0.9909363343585743
cifar,alibi,noise,0.066975,0.9891225217589322,0.0017621678630691151,0.9873603538958631,0.9908846896220014
cifar,alibi,noise,0.0672125,0.9890555561729714,0.0017774989736321469,0.9872780571993393,0.9908330551466035
cifar,alibi,noise,0.06745,0.9889885905870108,0.0017928400821312488,0.9871957505048796,0.990781430669142
cifar,alibi,noise,0.0676875,0.98892162500105,0.0018081909340920065,0.987113434066958,0.990729815935142
cifar,alibi,noise,0.067925,0.9888546594150892,0.0018235512834500031,0.9870311081316392,0.9906782106985392
cifar,alibi,noise,0.0681625,0.9887876938291283,0.0018389208922123513,0.986948772936916,0.9906266147213407
cifar,alibi,noise,0.0684,0.9887207282431678,0.0018542995301356468,0.9868664287130322,0.9905750277733034
cifar,alibi,noise,0.0686375,0.988653762657207,0.0018696869744186046,0.9867840756827884,0.9905234496316255
cifar,alibi,noise,0.068875,0.9885867970712462,0.0018850830094092365,0.9867017140618369,0.9904718800806555
cifar,alibi,noise,0.0691125,0.9885198314852853,0.0019004874263250102,0.9866193440589603,0.9904203189116103
cifar,alibi,noise,0.06935,0.9884528658993247,0.0019159000229862027,0.9865369658763384,0.9903687659223109
cifar,alibi,noise,0.0695875,0.9883859003133638,0.0019313206035615075,0.9864545797098023,0.9903172209169253
cifar,alibi,noise,0.069825,0.9883189347274032,0.0019467489783244068,0.9863721857490788,0.9902656837057275
cifar,alibi,noise,0.0700625,0.9882519691414423,0.001962184963421207,0.9862897841780212,0.9902141541048635
cifar,alibi,noise,0.0703,0.9881850035554814,0.0019776283806490756,0.9862073751748324,0.9901626319361305
cifar,alibi,noise,0.0705375,0.9881180379695208,0.0019930790572439652,0.9861249589122768,0.9901111170267648
cifar,alibi,noise,0.070775,0.98805107238356,0.0020085368256777185,0.9860425355578823,0.9900596092092377
cifar,alibi,noise,0.0710125,0.9879841067975992,0.002024001523464288,0.9859601052741349,0.9900081083210635
cifar,alibi,noise,0.07125,0.9879171412116384,0.0020394729929742723,0.9858776682186642,0.9899566142046127
cifar,alibi,noise,0.0714875,0.9878501756256776,0.002054951081257245,0.9857952245444204,0.9899051267069348
cifar,alibi,noise,0.071725,0.9877832100397169,0.002070435639872096,0.9857127743998448,0.989853645679589
cifar,alibi,noise,0.0719625,0.9877162444537562,0.0020859265247242073,0.985630317929032,0.9898021709784803
cifar,alibi,noise,0.0722,0.9876492788677954,0.0021014235959098677,0.9855478552718856,0.9897507024637052
cifar,alibi,noise,0.0724375,0.9875823132818345,0.0021169267175669445,0.9854653865642676,0.9896992399994015
cifar,alibi,noise,0.072675,0.9875153476958737,0.0021324357577319976,0.9853829119381416,0.9896477834536057
cifar,alibi,noise,0.0729125,0.987448382109913,0.002147950588203244,0.9853004315217098,0.9895963326981163
cifar,alibi,noise,0.07315,0.9873814165239524,0.0021634710844091838,0.9852179454395432,0.9895448876083616
cifar,alibi,noise,0.0733875,0.9873144509379915,0.002178997125282593,0.985135453812709,0.9894934480632741
cifar,alibi,noise,0.073625,0.9872474853520309,0.0021945285931398322,0.985052956758891,0.9894420139451707
cifar,alibi,noise,0.0738625,0.98718051976607,0.002210065373564805,0.9849704543925052,0.9893905851396348
cifar,alibi,noise,0.0741,0.9871135541801094,0.002225607355297685,0.9848879468248117,0.989339161535407
cifar,alibi,noise,0.0743375,0.9870465885941485,0.002241154430128249,0.9848054341640202,0.9892877430242768
cifar,alibi,noise,0.074575,0.9869796230081876,0.0022567064927932457,0.9847229165153945,0.9892363295009808
cifar,alibi,noise,0.0748125,0.986912657422227,0.002272263440877887,0.9846403939813491,0.9891849208631049
cifar,alibi,noise,0.07505,0.9868456918362661,0.002287825174721245,0.9845578666615449,0.9891335170109874
cifar,alibi,noise,0.0752875,0.9867787262503054,0.0023033915973255364,0.9844753346529799,0.9890821178476309
cifar,alibi,noise,0.075525,0.9867117606643446,0.0023189626142684485,0.9843927980500762,0.9890307232786131
cifar,alibi,noise,0.0757625,0.9866447950783838,0.0023345381336193046,0.9843102569447645,0.988979333212003
cifar,alibi,noise,0.076,0.9865778294924231,0.0023501180658584034,0.9842277114265647,0.9889279475582815
cifar,alibi,noise,0.0762375,0.9865108639064623,0.002365702323799167,0.9841451615826631,0.9888765662302614
cifar,alibi,noise,0.076475,0.9864438983205016,0.0023812908225134383,0.9840626074979881,0.9888251891430151
cifar,alibi,noise,0.0767125,0.9863769327345407,0.002396883479259663,0.983980049255281,0.9887738162138004
cifar,alibi,noise,0.07695,0.9863099671485801,0.0024124802134136807,0.9838974869351664,0.9887224473619938
cifar,alibi,noise,0.0771875,0.9862430015626192,0.00242808094640198,0.9838149206162172,0.9886710825090212
cifar,alibi,noise,0.077425,0.9861760359766585,0.002443685601637696,0.9837323503750208,0.9886197215782961
cifar,alibi,noise,0.0776625,0.9861090703906977,0.002459294104458783,0.983649776286239,0.9885683644951565
cifar,alibi,noise,0.0779,0.9860421048047369,0.0024749063820685238,0.9835671984226684,0.9885170111868053
cifar,alibi,noise,0.0781375,0.9859751392187762,0.002490522363478105,0.9834846168552981,0.9884656615822544
cifar,alibi,noise,0.078375,0.9859081736328154,0.0025061419794514374,0.9834020316533639,0.9884143156122668
cifar,alibi,noise,0.0786125,0.9858412080468546,0.002521765162451953,0.9833194428844027,0.9883629732093066
cifar,alibi,noise,0.07885,0.9857742424608941,0.002537391846591122,0.983236850614303,0.9883116343074851
cifar,alibi,noise,0.0790875,0.9857072768749332,0.00255302196757907,0.9831542549073541,0.9882602988425123
cifar,alibi,noise,0.079325,0.9856403112889724,0.0025686554626766452,0.9830716558262959,0.988208966751649
cifar,alibi,noise,0.0795625,0.9855733457030116,0.0025842922706496184,0.982989053432362,0.9881576379736612
cifar,alibi,noise,0.0798,0.9855063801170507,0.00259993233172393,0.9829064477853268,0.9881063124487747
cifar,alibi,noise,0.0800375,0.98543941453109,0.0026155755875429372,0.9828238389435471,0.9880549901186328
cifar,alibi,noise,0.080275,0.9853724489451293,0.002631221981126114,0.9827412269640032,0.9880036709262554
cifar,alibi,noise,0.0805125,0.9853054833591686,0.0026468714568288016,0.9826586119023397,0.9879523548159974
cifar,alibi,noise,0.08075,0.9852385177732077,0.0026625239603038325,0.9825759938129038,0.9879010417335116
cifar,alibi,noise,0.0809875,0.985171552187247,0.0026781794384642204,0.9824933727487827,0.9878497316257112
cifar,alibi,noise,0.081225,0.9851045866012863,0.002693837839446974,0.9824107487618393,0.9877984244407333
cifar,alibi,noise,0.0814625,0.9850376210153254,0.0027094991125784637,0.982328121902747,0.9877471201279039
cifar,alibi,noise,0.0817,0.9849706554293646,0.0027251632083406894,0.9822454922210239,0.9876958186377053
cifar,alibi,noise,0.0819375,0.9849036898434038,0.0027408300783389314,0.9821628597650649,0.9876445199217427
cifar,alibi,noise,0.082175,0.984836724257443,0.002756499675270089,0.9820802245821728,0.9875932239327131
cifar,alibi,noise,0.0824125,0.9847697586714824,0.00277217195289257,0.9819975867185898,0.987541930624375
cifar,alibi,noise,0.08265,0.9847027930855216,0.0027878468659967262,0.9819149462195248,0.9874906399515183
cifar,alibi,noise,0.0828875,0.9846358274995608,0.0028035243703764205,0.9818323031291843,0.9874393518699373
cifar,alibi,noise,0.083125,0.9845688619135999,0.002819204422801692,0.9817496574907982,0.9873880663364016
cifar,alibi,noise,0.0833625,0.9845018963276394,0.0028348869809919895,0.9816670093466474,0.9873367833086314
cifar,alibi,noise,0.0836,0.9844349307416785,0.0028505720035905623,0.981584358738088,0.987285502745269
cifar,alibi,noise,0.0838375,0.9843679651557178,0.0028662594501395536,0.9815017057055783,0.9872342246058573
cifar,alibi,noise,0.084075,0.9843009995697569,0.002881949281055695,0.9814190502887012,0.9871829488508126
cifar,alibi,noise,0.0843125,0.984234033983796,0.002897641457607186,0.9813363925261889,0.9871316754414032
cifar,alibi,noise,0.08455,0.9841670683978355,0.002913335941890972,0.9812537324559445,0.9870804043397265
cifar,alibi,noise,0.0847875,0.9841001028118748,0.002929032696810849,0.9811710701150639,0.9870291355086857
cifar,alibi,noise,0.085025,0.9840331372259139,0.002944731686056167,0.9810884055398578,0.98697786891197
cifar,alibi,noise,0.0852625,0.983966171639953,0.0029604328740815552,0.9810057387658715,0.9869266045140346
cifar,alibi,noise,0.0855,0.9838992060539923,0.002976136226086733,0.9809230698279056,0.986875342280079
cifar,alibi,noise,0.0857375,0.9838322404680316,0.0029918417079972353,0.9808403987600344,0.9868240821760289
cifar,alibi,noise,0.085975,0.9837652748820709,0.0030075492864459256,0.9807577255956249,0.9867728241685169
cifar,alibi,noise,0.0862125,0.98369830929611,0.0030232589287545776,0.9806750503673555,0.9867215682248646
cifar,alibi,noise,0.08645,0.9836313437101493,0.0030389706029164453,0.9805923731072328,0.9866703143130657
cifar,alibi,noise,0.0866875,0.9835643781241886,0.003054684277579215,0.9805096938466094,0.9866190624017679
cifar,alibi,noise,0.086925,0.9834974125382279,0.0030703999220284355,0.9804270126161995,0.9865678124602563
cifar,alibi,noise,0.0871625,0.983430446952267,0.0030861175061714908,0.9803443294460955,0.9865165644584385
cifar,alibi,noise,0.0874,0.9833634813663061,0.003101837000521996,0.9802616443657841,0.9864653183668282
cifar,alibi,noise,0.0876375,0.9832965157803454,0.0031175583761847837,0.9801789574041606,0.9864140741565302
cifar,alibi,noise,0.087875,0.9832295501943845,0.003133281604841117,0.9800962685895434,0.9863628317992257
cifar,alibi,noise,0.0881125,0.983162584608424,0.0031490066587345827,0.9800135779496894,0.9863115912671586
cifar,alibi,noise,0.08835,0.9830956190224631,0.0031647335106573127,0.9799308855118058,0.9862603525331204
cifar,alibi,noise,0.0885875,0.9830286534365024,0.0031804621339363475,0.9798481913025661,0.9862091155704387
cifar,alibi,noise,0.088825,0.9829616878505415,0.0031961925024209495,0.9797654953481205,0.9861578803529625
cifar,alibi,noise,0.0890625,0.982894722264581,0.0032119245904697158,0.9796827976741113,0.9861066468550507
cifar,alibi,noise,0.0893,0.9828277566786201,0.0032276583729384392,0.9796000983056816,0.9860554150515586
cifar,alibi,noise,0.0895375,0.9827607910926593,0.0032433938251680955,0.9795173972674912,0.9860041849178275
cifar,alibi,noise,0.089775,0.9826938255066985,0.003259130922973265,0.9794346945837252,0.9859529564296717
cifar,alibi,noise,0.0900125,0.9826268599207376,0.0032748696426309672,0.9793519902781066,0.9859017295633686
cifar,alibi,noise,0.09025,0.9825598943347771,0.003290609960869648,0.9792692843739075,0.9858505042956467
cifar,alibi,noise,0.0904875,0.9824929287488162,0.0033063518548585636,0.9791865768939576,0.9857992806036748
cifar,alibi,noise,0.090725,0.9824259631628555,0.003322095302197371,0.9791038678606581,0.9857480584650529
cifar,alibi,noise,0.0909625,0.9823589975768946,0.003337840280906261,0.9790211572959884,0.9856968378578008
cifar,alibi,noise,0.0912,0.982292031990934,0.003353586769416042,0.978938445221518,0.98564561876035
cifar,alibi,noise,0.0914375,0.9822250664049732,0.0033693347465586403,0.9788557316584146,0.9855944011515319
cifar,alibi,noise,0.091675,0.9821581008190123,0.0033850841915579804,0.9787730166274543,0.9855431850105704
cifar,alibi,noise,0.0919125,0.9820911352330515,0.003400835084020922,0.9786903001490306,0.9854919703170724
cifar,alibi,noise,0.09215,0.9820241696470907,0.003416587403928472,0.9786075822431622,0.9854407570510192
cifar,alibi,noise,0.0923875,0.9819572040611299,0.0034323411316273286,0.9785248629295025,0.9853895451927572
cifar,alibi,noise,0.092625,0.9818902384751693,0.0034480962478217535,0.9784421422273476,0.985338334722991
cifar,alibi,noise,0.0928625,0.9818232728892085,0.0034638527335652453,0.9783594201556433,0.9852871256227737
cifar,alibi,noise,0.0931,0.9817563073032477,0.00347961057025285,0.9782766967329949,0.9852359178735005
cifar,alibi,noise,0.0933375,0.9816893417172871,0.0034953697396136437,0.9781939719776734,0.9851847114569007
cifar,alibi,noise,0.093575,0.9816223761313263,0.0035111302237031284,0.9781112459076232,0.9851335063550294
cifar,alibi,noise,0.0938125,0.9815554105453654,0.0035268920048960365,0.9780285185404693,0.9850823025502615
cifar,alibi,noise,0.09405,0.9814884449594047,0.003542655065879376,0.9779457898935253,0.985031100025284
cifar,alibi,noise,0.0942875,0.9814214793734438,0.0035584193896455625,0.9778630599837983,0.9849798987630893
cifar,alibi,noise,0.094525,0.9813545137874832,0.003574184959485647,0.9777803288279975,0.9849286987469689
cifar,alibi,noise,0.0947625,0.9812875482015224,0.0035899517589828814,0.9776975964425395,0.9848774999605053
cifar,alibi,noise,0.095,0.9812205826155617,0.003605719772006534,0.9776148628435551,0.9848263023875682
cifar,alibi,adversarial,0.0,1.0,0.0,1.0,1.0
cifar,alibi,adversarial,0.0002375,0.9999496716500721,2.3283524456742727e-05,0.9999263881256153,0.9999729551745289
cifar,alibi,adversarial,0.000475,0.9998993433001444,4.656704891347871e-05,0.9998527762512309,0.9999459103490579
cifar,alibi,adversarial,0.0007125,0.9998490149502165,6.985057337018052e-05,0.9997791643768463,0.9999188655235867
cifar,alibi,adversarial,0.00095,0.9997986866002888,9.313409782689533e-05,0.999705552502462,0.9998918206981157
cifar,alibi,adversarial,0.0011875,0.9997483582503609,0.00011641762228365923,0.9996319406280773,0.9998647758726446
cifar,alibi,adversarial,0.001425,0.9996980299004331,0.0001397011467403906,0.9995583287536927,0.9998377310471736
cifar,alibi,adversarial,0.0016625,0.9996477015505053,0.00016298467119711844,0.9994847168793082,0.9998106862217024
cifar,alibi,adversarial,0.0019,0.9995973732005773,0.00018626819565383006,0.9994111050049235,0.9997836413962311
cifar,alibi,adversarial,0.0021375,0.9995470448506497,0.00020955172011055624,0.9993374931305392,0.9997565965707602
cifar,alibi,adversarial,0.002375,0.9994967165007217,0.0002328352445672876,0.9992638812561544,0.999729551745289
cifar,alibi,adversarial,0.0026125,0.9994463881507939,0.0002561187690240515,0.9991902693817698,0.999702506919818
cifar,alibi,adversarial,0.00285,0.9993960598008661,0.0002794022934807663,0.9991166575073853,0.9996754620943469
cifar,alibi,adversarial,0.0030875,0.9993457314509383,0.0003026858179374681,0.9990430456330008,0.9996484172688758
cifar,alibi,adversarial,0.003325,0.9992954031010105,0.00032596934239418295,0.9989694337586164,0.9996213724434047
cifar,alibi,adversarial,0.0035625,0.9992450747510827,0.00034925286685094685,0.9988958218842318,0.9995943276179337
cifar,alibi,adversarial,0.0038,0.9991947464011548,0.00037253639130768463,0.9988222100098472,0.9995672827924624
cifar,alibi,adversarial,0.0040375,0.9991444180512271,0.00039581991576440436,0.9987485981354627,0.9995402379669915
cifar,alibi,adversarial,0.004275,0.9990940897012992,0.0004191034402211274,0.9986749862610781,0.9995131931415203
cifar,alibi,adversarial,0.0045125,0.9990437613513715,0.00044238696467784213,0.9986013743866937,0.9994861483160493
cifar,alibi,adversarial,0.00475,0.9989934330014436,0.00046567048913458657,0.998527762512309,0.9994591034905782
cifar,alibi,adversarial,0.0049875,0.9989431046515159,0.0004889540135913391,0.9984541506379245,0.9994320586651073
cifar,alibi,adversarial,0.005225,0.998892776301588,0.0005122375380480653,0.9983805387635399,0.9994050138396361
cifar,alibi,adversarial,0.0054625,0.9988424479516601,0.0005355210625047557,0.9983069268891553,0.9993779690141649
cifar,alibi,adversarial,0.0057,0.9987921196017323,0.0005588045869615196,0.9982333150147708,0.9993509241886939
cifar,alibi,adversarial,0.0059375,0.9987417912518044,0.0005820881114182345,0.9981597031403862,0.9993238793632226
cifar,alibi,adversarial,0.006175,0.9986914629018765,0.0006053716358749771,0.9980860912660016,0.9992968345377514
cifar,alibi,adversarial,0.0064125,0.9986411345519488,0.0006286551603317132,0.9980124793916171,0.9992697897122805
cifar,alibi,adversarial,0.00665,0.9985908062020211,0.0006519386847884149,0.9979388675172327,0.9992427448868095
cifar,alibi,adversarial,0.0068875,0.9985404778520932,0.0006752222092451527,0.997865255642848,0.9992157000613384
cifar,alibi,adversarial,0.007125,0.9984901495021653,0.0006985057337018937,0.9977916437684634,0.9991886552358672
cifar,alibi,adversarial,0.0073625,0.9984398211522376,0.0007217892581586314,0.997718031894079,0.9991616104103962
cifar,alibi,adversarial,0.0076,0.9983894928023097,0.0007450727826153104,0.9976444200196944,0.999134565584925
cifar,alibi,adversarial,0.0078375,0.9983391644523819,0.0007683563070720759,0.9975708081453099,0.999107520759454
cifar,alibi,adversarial,0.008075,0.9982888361024541,0.0007916398315288073,0.9974971962709253,0.999080475933983
cifar,alibi,adversarial,0.0083125,0.9982385077525263,0.0008149233559855333,0.9974235843965408,0.9990534311085119
cifar,alibi,adversarial,0.00855,0.9981881794025985,0.0008382068804422648,0.9973499725221563,0.9990263862830407
cifar,alibi,adversarial,0.0087875,0.9981378510526707,0.0008614904048989711,0.9972763606477717,0.9989993414575697
cifar,alibi,adversarial,0.009025,0.9980875227027428,0.0008847739293557025,0.9972027487733871,0.9989722966320985
cifar,alibi,adversarial,0.0092625,0.9980371943528151,0.0009080574538124452,0.9971291368990027,0.9989452518066275
cifar,alibi,adversarial,0.0095,0.9979868660028872,0.0009313409782691813,0.997055525024618,0.9989182069811564
cifar,alibi,adversarial,0.0097375,0.9979365376529593,0.0009546245027259239,0.9969819131502334,0.9988911621556852
cifar,alibi,adversarial,0.009975,0.9978862093030315,0.0009779080271825977,0.996908301275849,0.9988641173302141
cifar,alibi,adversarial,0.0102125,0.9978358809531039,0.0010011915516393616,0.9968346894014646,0.9988370725047433
cifar,alibi,adversarial,0.01045,0.9977855526031759,0.0010244750760960996,0.9967610775270798,0.9988100276792721
cifar,alibi,adversarial,0.0106875,0.997735224253248,0.0010477586005528193,0.9966874656526952,0.9987829828538008
cifar,alibi,adversarial,0.010925,0.9976848959033203,0.0010710421250095799,0.9966138537783108,0.9987559380283298
cifar,alibi,adversarial,0.0111625,0.9976345675533924,0.0010943256494662587,0.9965402419039262,0.9987288932028586
cifar,alibi,adversarial,0.0114,0.9975842392034645,0.0011176091739229965,0.9964666300295415,0.9987018483773875
cifar,alibi,adversarial,0.0116375,0.9975339108535368,0.0011408926983797539,0.996393018155157,0.9986748035519166
cifar,alibi,adversarial,0.011875,0.9974835825036091,0.0011641762228364802,0.9963194062807726,0.9986477587264456
cifar,alibi,adversarial,0.0121125,0.9974332541536811,0.0011874597472932116,0.9962457944063879,0.9986207139009743
cifar,alibi,adversarial,0.01235,0.9973829258037533,0.001210743271749918,0.9961721825320033,0.9985936690755033
cifar,alibi,adversarial,0.0125875,0.9973325974538256,0.0012340267962066495,0.996098570657619,0.9985666242500323
cifar,alibi,adversarial,0.012825,0.9972822691038977,0.001257310320663392,0.9960249587832344,0.9985395794245611
cifar,alibi,adversarial,0.0130625,0.99723194075397,0.001280593845120128,0.9959513469088499,0.9985125345990902
cifar,alibi,adversarial,0.0133,0.9971816124040421,0.0013038773695768708,0.9958777350344653,0.998485489773619
cifar,alibi,adversarial,0.0135375,0.9971312840541143,0.0013271608940335512,0.9958041231600808,0.9984584449481478
cifar,alibi,adversarial,0.013775,0.9970809557041865,0.0013504444184903085,0.9957305112856962,0.9984314001226768
cifar,alibi,adversarial,0.0140125,0.9970306273542585,0.001373727942947048,0.9956568994113114,0.9984043552972056
cifar,alibi,adversarial,0.01425,0.9969802990043307,0.001397011467403768,0.9955832875369269,0.9983773104717345
cifar,alibi,adversarial,0.0144875,0.9969299706544029,0.0014202949918605053,0.9955096756625424,0.9983502656462634
cifar,alibi,adversarial,0.014725,0.9968796423044752,0.0014435785163172056,0.9954360637881581,0.9983232208207924
cifar,alibi,adversarial,0.0149625,0.9968293139545473,0.0014668620407739434,0.9953624519137734,0.9982961759953213
cifar,alibi,adversarial,0.0152,0.9967789856046195,0.0014901455652306795,0.9952888400393889,0.9982691311698502
cifar,alibi,adversarial,0.0154375,0.9967286572546917,0.0015134290896874221,0.9952152281650043,0.9982420863443792
cifar,alibi,adversarial,0.015675,0.9966783289047639,0.0015367126141441585,0.9951416162906198,0.998215041518908
cifar,alibi,adversarial,0.0159125,0.996628000554836,0.0015599961386008436,0.9950680044162352,0.9981879966934368
cifar,alibi,adversarial,0.01615,0.9965776722049083,0.0015832796630575962,0.9949943925418507,0.9981609518679659
cifar,alibi,adversarial,0.0163875,0.9965273438549804,0.0016065631875143388,0.9949207806674661,0.9981339070424947
cifar,alibi,adversarial,0.016625,0.9964770155050527,0.0016298467119710538,0.9948471687930817,0.9981068622170238
cifar,alibi,adversarial,0.0168625,0.9964266871551248,0.0016531302364278175,0.9947735569186971,0.9980798173915526
cifar,alibi,adversarial,0.0171,0.9963763588051969,0.0016764137608845163,0.9946999450443124,0.9980527725660815
cifar,alibi,adversarial,0.0173375,0.9963260304552692,0.001699697285341236,0.994626333169928,0.9980257277406105
cifar,alibi,adversarial,0.017575,0.9962757021053413,0.001722980809797995,0.9945527212955433,0.9979986829151394
cifar,alibi,adversarial,0.0178125,0.9962253737554135,0.0017462643342547146,0.9944791094211588,0.9979716380896683
cifar,alibi,adversarial,0.01805,0.9961750454054856,0.0017695478587114524,0.9944054975467742,0.997944593264197
cifar,alibi,adversarial,0.0182875,0.996124717055558,0.001792831383168169,0.9943318856723898,0.9979175484387263
cifar,alibi,adversarial,0.018525,0.99607438870563,0.0018161149076248901,0.9942582737980051,0.9978905036132549
cifar,alibi,adversarial,0.0187625,0.9960240603557021,0.0018393984320816267,0.9941846619236205,0.9978634587877837
cifar,alibi,adversarial,0.019,0.9959737320057744,0.0018626819565383693,0.9941110500492361,0.9978364139623128
cifar,alibi,adversarial,0.0192375,0.9959234036558465,0.0018859654809951054,0.9940374381748515,0.9978093691368416
cifar,alibi,adversarial,0.019475,0.9958730753059187,0.0019092490054518072,0.993963826300467,0.9977823243113705
cifar,alibi,adversarial,0.0197125,0.9958227469559909,0.0019325325299085218,0.9938902144260824,0.9977552794858995
cifar,alibi,adversarial,0.01995,0.9957724186060631,0.0019558160543652857,0.9938166025516979,0.9977282346604284
cifar,alibi,adversarial,0.0201875,0.9957220902561352,0.0019790995788220083,0.9937429906773132,0.9977011898349573
cifar,alibi,adversarial,0.020425,0.9956717619062075,0.002002383103278704,0.9936693788029288,0.9976741450094863
cifar,alibi,adversarial,0.0206625,0.9956214335562796,0.002025666627735463,0.9935957669285441,0.9976471001840151
cifar,alibi,adversarial,0.0209,0.995571105206352,0.002048950152192183,0.9935221550541598,0.9976200553585441
cifar,alibi,adversarial,0.0211375,0.995520776856424,0.0020722336766489206,0.9934485431797752,0.9975930105330729
cifar,alibi,adversarial,0.021375,0.9954704485064961,0.0020955172011056615,0.9933749313053905,0.9975659657076018
cifar,alibi,adversarial,0.0216125,0.9954201201565684,0.002118800725562358,0.9933013194310061,0.9975389208821308
cifar,alibi,adversarial,0.02185,0.9953697918066405,0.0021420842500190947,0.9932277075566215,0.9975118760566596
cifar,alibi,adversarial,0.0220875,0.9953191486106044,0.002165283876566152,0.9931538647340383,0.9974844324871706
cifar,alibi,adversarial,0.022325,0.9952669269724576,0.00218806854529226,0.9930788584271653,0.9974549955177499
cifar,alibi,adversarial,0.0225625,0.9952088491517087,0.002210336357667073,0.9929985127940416,0.9974191855093758
cifar,alibi,adversarial,0.0228,0.9951308110693216,0.0022151457662759116,0.9929156653030456,0.9973459568355975
cifar,alibi,adversarial,0.0230375,0.9950399450333722,0.0022324248216513236,0.9928075202117209,0.9972723698550235
cifar,alibi,adversarial,0.023275,0.9949338929307677,0.0022561707757771106,0.9926777221549906,0.9971900637065448
cifar,alibi,adversarial,0.0235125,0.9948278408281634,0.0022802195693493853,0.992547621258814,0.9971080603975129
cifar,alibi,adversarial,0.02375,0.9947217887255593,0.002304561721725991,0.9924172270038333,0.9970263504472853
cifar,alibi,adversarial,0.0239875,0.994615736622955,0.00232918803531887,0.9922865485876361,0.9969449246582739
cifar,alibi,adversarial,0.024225,0.9945096845203506,0.0023540895922474353,0.9921555949281031,0.9968637741125981
cifar,alibi,adversarial,0.0244625,0.9944036324177463,0.0023792577503520297,0.9920243746673942,0.9967828901680984
cifar,alibi,adversarial,0.0247,0.994297580315142,0.0024046841386594054,0.9918928961764827,0.9967022644538014
cifar,alibi,adversarial,0.0249375,0.9941915282125379,0.002430360652384168,0.9917611675601536,0.9966218888649221
cifar,alibi,adversarial,0.025175,0.9940854761099335,0.0024562794475429203,0.9916291966623906,0.9965417555574764
cifar,alibi,adversarial,0.0254125,0.9939794240073292,0.002482432935249932,0.9914969910720792,0.9964618569425792
cifar,alibi,adversarial,0.02565,0.9938733719047249,0.002508813775757951,0.991364558128967,0.9963821856804829
cifar,alibi,adversarial,0.0258875,0.9937673198021205,0.0025354148722998636,0.9912319049298206,0.9963027346744204
cifar,alibi,adversarial,0.026125,0.9936612676995162,0.00256222936478239,0.9910990383347339,0.9962234970642986
cifar,alibi,adversarial,0.0263625,0.993555215596912,0.00258925062337632,0.9909659649735356,0.9961444662202883
cifar,alibi,adversarial,0.0266,0.9934491634943076,0.0026164722420433145,0.9908326912522643,0.9960656357363509
cifar,alibi,adversarial,0.0268375,0.9933431113917033,0.0026438880320352,0.9906992233596681,0.9959869994237385
cifar,alibi,adversarial,0.027075,0.993237059289099,0.0026714920153955543,0.9905655672737035,0.9959085513044945
cifar,alibi,adversarial,0.0273125,0.9931310071864948,0.0026992784184912775,0.9904317287680036,0.9958302856049861
cifar,alibi,adversarial,0.02755,0.9930249550838904,0.002727241665597437,0.990297713418293,0.9957521967494879
cifar,alibi,adversarial,0.0277875,0.9929189029812862,0.002755376372555255,0.9901635266087309,0.9956742793538415
cifar,alibi,adversarial,0.028025,0.9928128508786819,0.002783677340520701,0.9900291735381612,0.9955965282192025
cifar,alibi,adversarial,0.0282625,0.9927067987760777,0.0028121395498175846,0.9898946592262601,0.9955189383258953
cifar,alibi,adversarial,0.0285,0.9926007466734731,0.0028407581539081246,0.9897599885195649,0.9954415048273813
cifar,alibi,adversarial,0.0287375,0.9924946945708689,0.002869528473490058,0.9896251660973788,0.995364223044359
cifar,alibi,adversarial,0.028975,0.9923886424682645,0.0028984459907288426,0.9894901964775357,0.9952870884589934
cifar,alibi,adversarial,0.0292125,0.9922825903656604,0.002927506343631275,0.9893550840220291,0.9952100967092916
cifar,alibi,adversarial,0.02945,0.9921765382630561,0.002956705320565083,0.9892198329424909,0.9951332435836212
cifar,alibi,adversarial,0.0296875,0.9920704861604518,0.0029860388549283402,0.9890844473055235,0.9950565250153801
cifar,alibi,adversarial,0.029925,0.9919644340578474,0.0030155030199707895,0.9889489310378766,0.9949799370778182
cifar,alibi,adversarial,0.0301625,0.9918583819552431,0.003045094023768651,0.9888132879314745,0.9949034759790117
cifar,alibi,adversarial,0.0304,0.9917523298526388,0.003074808204353136,0.9886775216482857,0.994827138056992
cifar,alibi,adversarial,0.0306375,0.9916462777500344,0.0031046420249926762,0.9885416357250417,0.9947509197750272
cifar,alibi,adversarial,0.030875,0.9915402256474303,0.0031345920696274386,0.9884056335778029,0.9946748177170577
cifar,alibi,adversarial,0.0311125,0.9914341735448259,0.003164655038455072,0.9882695185063708,0.994598828583281
cifar,alibi,adversarial,0.03135,0.9913281214422215,0.003194827743665462,0.9881332936985561,0.9945229491858869
cifar,alibi,adversarial,0.0315875,0.9912220693396172,0.0032251071053217843,0.9879969622342955,0.994447176444939
cifar,alibi,adversarial,0.031825,0.991116017237013,0.0032554901473859556,0.9878605270896271,0.994371507384399
cifar,alibi,adversarial,0.0320625,0.9910099651344088,0.003285973993884357,0.9877239911405244,0.9942959391282931
cifar,alibi,adversarial,0.0323,0.9909039130318044,0.003316555865211499,0.9875873571665928,0.9942204688970159
cifar,alibi,adversarial,0.0325375,0.9907978609292001,0.0033472330745678205,0.9874506278546322,0.9941450940037679
cifar,alibi,adversarial,0.032775,0.9906918088265959,0.003378003024527942,0.987313805802068,0.9940698118511239
cifar,alibi,adversarial,0.0330125,0.9905857567239916,0.0034088632037362044,0.9871768935202554,0.9939946199277279
cifar,alibi,adversarial,0.03325,0.9904797046213871,0.0034398111837251294,0.987039893437662,0.9939195158051123
cifar,alibi,adversarial,0.0334875,0.990373652518783,0.003470844615853849,0.9869028079029291,0.9938444971346369
cifar,alibi,adversarial,0.033725,0.9902676004161787,0.0035019612283619782,0.9867656391878167,0.9937695616445407
cifar,alibi,adversarial,0.0339625,0.9901615483135743,0.0035331588235354688,0.9866283894900388,0.9936947071371097
cifar,alibi,adversarial,0.0342,0.99005549621097,0.0035644352749811133,0.9864910609359889,0.9936199314859511
cifar,alibi,adversarial,0.0344375,0.9899494441083657,0.0035957885250053564,0.9863536555833604,0.993545232633371
cifar,alibi,adversarial,0.034675,0.9898433920057613,0.003627216582094085,0.9862161754236672,0.9934706085878554
cifar,alibi,adversarial,0.0349125,0.989737339903157,0.0036587175184897244,0.9860786223846674,0.9933960574216467
cifar,alibi,adversarial,0.03515,0.9896312878005528,0.0036902894678623745,0.9859409983326903,0.9933215772684152
cifar,alibi,adversarial,0.0353875,0.9895252356979486,0.0037219306230713038,0.9858033050748772,0.99324716632102
cifar,alibi,adversarial,0.035625,0.9894191835953442,0.0037536392340132077,0.985665544361331,0.9931728228293574
cifar,alibi,adversarial,0.0358625,0.9893131314927399,0.0037854136055545835,0.9855277178871853,0.9930985450982945
cifar,alibi,adversarial,0.0361,0.9892070793901356,0.0038172520955445984,0.985389827294591,0.9930243314856803
cifar,alibi,adversarial,0.0363375,0.9891010272875312,0.003849153112905404,0.9852518741746258,0.9929501804004367
cifar,alibi,adversarial,0.036575,0.9889949751849271,0.00388111511579675,0.9851138600691304,0.9928760903007238
cifar,alibi,adversarial,0.0368125,0.9888889230823227,0.003913136609852728,0.98497578647247,0.9928020596921754
cifar,alibi,adversarial,0.03705,0.9887828709797183,0.00394521614648691,0.9848376548332314,0.9927280871262052
cifar,alibi,adversarial,0.0372875,0.9886768188771141,0.003977352321263443,0.9846994665558507,0.9926541711983775
cifar,alibi,adversarial,0.037525,0.9885707667745098,0.004009543772331921,0.984561223002178,0.9925803105468417
cifar,alibi,adversarial,0.0377625,0.9884647146719056,0.004041789178922975,0.9844229254929826,0.9925065038508285
cifar,alibi,adversarial,0.038,0.9883586625693012,0.004074087259902465,0.9842845753093987,0.9924327498292036
cifar,alibi,adversarial,0.0382375,0.9882526104666969,0.00410643677238157,0.9841461736943153,0.9923590472390784
cifar,alibi,adversarial,0.038475,0.9881465583640926,0.004138836510380997,0.9840077218537115,0.9922853948744736
cifar,alibi,adversarial,0.0387125,0.9880405062614884,0.004171285303546802,0.9838692209579416,0.9922117915650353
cifar,alibi,adversarial,0.03895,0.987934454158884,0.004203782015915615,0.9837306721429684,0.9921382361747997
cifar,alibi,adversarial,0.0391875,0.9878284020562796,0.004236325544727753,0.9835920765115519,0.9920647276010074
cifar,alibi,adversarial,0.039425,0.9877223499536755,0.004268914819285759,0.9834534351343898,0.9919912647729612
cifar,alibi,adversarial,0.0396625,0.9876162978510711,0.004301548799856773,0.9833147490512143,0.9919178466509279
cifar,alibi,adversarial,0.0399,0.9875102457484667,0.00433422647661711,0.9831760192718496,0.9918444722250838
cifar,alibi,adversarial,0.0401375,0.9874041936458623,0.0043669468686366375,0.9830372467772257,0.9917711405144989
cifar,alibi,adversarial,0.040375,0.9872981415432581,0.004399709022902464,0.9828984325203557,0.9916978505661606
cifar,alibi,adversarial,0.0406125,0.9871920894406538,0.004432512013379157,0.9827595774272747,0.991624601454033
cifar,alibi,adversarial,0.04085,0.9870860373380496,0.0044653549401049,0.9826206823979446,0.9915513922781545
cifar,alibi,adversarial,0.0410875,0.9869799852354452,0.0044982369283215005,0.9824817483071236,0.9914782221637667
cifar,alibi,adversarial,0.041325,0.986873933132841,0.004531157127637327,0.9823427760052037,0.9914050902604783
cifar,alibi,adversarial,0.0415625,0.9867678810302367,0.004564114711221601,0.9822037663190151,0.9913319957414584
cifar,alibi,adversarial,0.0418,0.9866618289276324,0.004597108875028662,0.9820647200526038,0.991258937802661
cifar,alibi,adversarial,0.0420375,0.9865557768250279,0.0046301388370515095,0.9819256379879764,0.9911859156620795
cifar,alibi,adversarial,0.042275,0.9864497247224238,0.0046632038366026035,0.9817865208858212,0.9911129285590263
cifar,alibi,adversarial,0.0425125,0.9863436726198195,0.004696303133621729,0.9816473694861978,0.9910399757534412
cifar,alibi,adversarial,0.04275,0.9862376205172151,0.004729436008009057,0.9815081845092061,0.9909670565252241
cifar,alibi,adversarial,0.0429875,0.9861315684146108,0.0047626017589829156,0.9813689666556279,0.9908941701735937
cifar,alibi,adversarial,0.043225,0.9860255163120065,0.004795799704461105,0.9812297166075454,0.9908213160164676
cifar,alibi,adversarial,0.0434625,0.9859194642094024,0.004829029180464579,0.9810904350289378,0.9907484933898669
cifar,alibi,adversarial,0.0437,0.985813412106798,0.00486228954054313,0.9809511225662548,0.9906757016473411
cifar,alibi,adversarial,0.0439375,0.9857073600041937,0.004895580155221615,0.980811779848972,0.9906029401594153
cifar,alibi,adversarial,0.044175,0.9855820033268715,0.004905843824755814,0.9806761595021157,0.9904878471516273
cifar,alibi,adversarial,0.0444125,0.9854331853411277,0.004889107902242031,0.9805440774388856,0.9903222932433697
cifar,alibi,adversarial,0.04465,0.9852843673553839,0.004873780294398844,0.980410587060985,0.9901581476497828
cifar,alibi,adversarial,0.0448875,0.9851149903231823,0.004822300080062602,0.9802926902431197,0.9899372904032449
cifar,alibi,adversarial,0.045125,0.9848951821098382,0.004765680859660559,0.9801295012501776,0.9896608629694987
cifar,alibi,adversarial,0.0453625,0.984675077297332,0.0047112797443456976,0.9799637975529862,0.9893863570416777
cifar,alibi,adversarial,0.0456,0.9844275313052725,0.004688535521762182,0.9797389957835103,0.9891160668270347
cifar,alibi,adversarial,0.0458375,0.984177522084349,0.00467074954028606,0.979506772544063,0.9888482716246351
cifar,alibi,adversarial,0.046075,0.9838861767849489,0.004667985193159308,0.9792181915917896,0.9885541619781083
cifar,alibi,adversarial,0.0463125,0.9835786690330721,0.004672632275282297,0.9789060367577899,0.9882513013083544
cifar,alibi,adversarial,0.04655,0.9832711612811954,0.004679739508339775,0.9785914217728556,0.9879509007895352
cifar,alibi,adversarial,0.0467875,0.9829636535293188,0.004689295706315997,0.9782743578230028,0.9876529492356348
cifar,alibi,adversarial,0.047025,0.982656145777442,0.0047012859353672025,0.9779548598420748,0.9873574317128092
cifar,alibi,adversarial,0.0472625,0.9823486380255652,0.004715691629055128,0.97763294639651,0.9870643296546203
cifar,alibi,adversarial,0.0475,0.9820411302736884,0.004732490729420455,0.9773086395442679,0.986773621003109
cifar,alibi,adversarial,0.0477375,0.9817336225218117,0.004751657851446294,0.9769819646703655,0.986485280373258
cifar,alibi,adversarial,0.047975,0.9814261147699349,0.004773164468130444,0.9766529503018044,0.9861992792380654
cifar,alibi,adversarial,0.0482125,0.9810947082117406,0.004789906858764843,0.9763048013529758,0.9858846150705054
cifar,alibi,adversarial,0.04845,0.9807436815647996,0.004801850534692516,0.9759418310301071,0.9855455320994921
cifar,alibi,adversarial,0.0486875,0.9803926549178589,0.0048144236858352575,0.9755782312320236,0.9852070786036942
cifar,alibi,adversarial,0.048925,0.9800416282709179,0.004827621393943157,0.9752140068769748,0.984869249664861
cifar,alibi,adversarial,0.0491625,0.9796906016239769,0.004841438551412643,0.9748491630725643,0.9845320401753895
cifar,alibi,adversarial,0.0494,0.9793395749770362,0.004855869870401369,0.9744837051066348,0.9841954448474375
cifar,alibi,adversarial,0.0496375,0.9789885483300953,0.004870909892079767,0.9741176384380156,0.983859458222175
cifar,alibi,adversarial,0.049875,0.9786375216831543,0.004886552995984972,0.9737509686871694,0.9835240746791393
cifar,alibi,adversarial,0.0501125,0.9782864950362132,0.004902793409445257,0.973383701626768,0.9831892884456584
cifar,alibi,adversarial,0.05035,0.9779354683892726,0.00491962521704147,0.9730158431722311,0.9828550936063141
cifar,alibi,adversarial,0.0505875,0.9775844417423315,0.004937042370075641,0.9726473993722559,0.9825214841124071
cifar,alibi,adversarial,0.050825,0.9772334150953905,0.004955038696015858,0.9722783763993746,0.9821884537914064
cifar,alibi,adversarial,0.0510625,0.9768823884484498,0.004973607907890172,0.9719087805405596,0.9818559963563399
cifar,alibi,adversarial,0.0513,0.9765313618015088,0.004992743613601851,0.971538618187907,0.9815241054151106
cifar,alibi,adversarial,0.0515375,0.9761803351545678,0.005012439325140697,0.9711678958294271,0.9811927744797085
cifar,alibi,adversarial,0.051775,0.975829308507627,0.005032688467667401,0.9707966200399596,0.9808619969752943
cifar,alibi,adversarial,0.0520125,0.9754782818606861,0.005053484388448125,0.970424797472238,0.9805317662491342
cifar,alibi,adversarial,0.05225,0.9751272552137452,0.0050748203656195,0.9700524348481258,0.9802020755793647
cifar,alibi,adversarial,0.0524875,0.9747762285668041,0.0050966896167654275,0.9696795389500387,0.9798729181835696
cifar,alibi,adversarial,0.052725,0.9744252019198631,0.005119085307289135,0.969306116612574,0.9795442872271523
cifar,alibi,adversarial,0.0529625,0.9740741752729223,0.005142000558565044,0.9689321747143572,0.9792161758314873
cifar,alibi,adversarial,0.0532,0.9737231486259814,0.005165428455857635,0.9685577201701238,0.9788885770818391
cifar,alibi,adversarial,0.0534375,0.9733721219790405,0.0051893620559954005,0.9681827599230451,0.978561484035036
cifar,alibi,adversarial,0.053675,0.9730210953320996,0.005213794394790341,0.9678073009373093,0.9782348897268899
cifar,alibi,adversarial,0.0539125,0.9726700686851587,0.005238718494194009,0.9674313501909647,0.9779087871793527
cifar,alibi,adversarial,0.05415,0.9723190420382178,0.005264127369184204,0.9670549146690336,0.9775831694074021
cifar,alibi,adversarial,0.0543875,0.9719680153912768,0.005290014034376354,0.9666780013569004,0.9772580294256531
cifar,alibi,adversarial,0.054625,0.9716169887443358,0.005316371510355951,0.9663006172339799,0.9769333602546917
cifar,alibi,adversarial,0.0548625,0.971265962097395,0.005343192829729271,0.9659227692676657,0.9766091549271243
cifar,alibi,adversarial,0.0551,0.970914935450454,0.005370471042891634,0.9655444644075624,0.9762854064933457
cifar,alibi,adversarial,0.0553375,0.9705639088035132,0.005398199223511983,0.9651657095800011,0.9759621080270252
cifar,alibi,adversarial,0.055575,0.9702128821565722,0.005426370473736013,0.9647865116828361,0.9756392526303083
cifar,alibi,adversarial,0.0558125,0.9698618555096313,0.005454977929108747,0.9644068775805226,0.9753168334387401
cifar,alibi,adversarial,0.05605,0.9695108288626905,0.005484014763219899,0.9640268140994706,0.9749948436259104
cifar,alibi,adversarial,0.0562875,0.9691598022157494,0.005513474192075753,0.9636463280236737,0.9746732764078251
cifar,alibi,adversarial,0.056525,0.9688087755688087,0.0055433494782015065,0.9632654260906073,0.9743521250470102
cifar,alibi,adversarial,0.0567625,0.9684577489218676,0.005573633934480257,0.9628841149873874,0.9740313828563479
cifar,alibi,adversarial,0.057,0.9681067222749268,0.005604320927732759,0.962502401347194,0.9737110432026596
cifar,alibi,adversarial,0.0572375,0.9677556956279858,0.005635403882045902,0.9621202917459399,0.9733910995100317
cifar,alibi,adversarial,0.057475,0.9674046689810449,0.005666876281855179,0.9617377926991898,0.9730715452629001
cifar,alibi,adversarial,0.0577125,0.9670536423341041,0.005698731674789489,0.9613549106593146,0.9727523740088936
cifar,alibi,adversarial,0.05795,0.9667026156871632,0.00573096367428426,0.9609716520128789,0.9724335793614475
cifar,alibi,adversarial,0.0581875,0.9663515890402222,0.005763565961972089,0.9605880230782501,0.9721151550021944
cifar,alibi,adversarial,0.058425,0.9660005623932811,0.005796532289857584,0.9602040301034236,0.9717970946831387
cifar,alibi,adversarial,0.0586625,0.9656495357463405,0.005829856482285072,0.9598196792640554,0.9714793922286256
cifar,alibi,adversarial,0.0589,0.9652985090993994,0.005863532437706911,0.9594349766616925,0.9711620415371063
cifar,alibi,adversarial,0.0591375,0.9649474824524584,0.005897554130261312,0.9590499283221972,0.9708450365827197
cifar,alibi,adversarial,0.059375,0.9645964558055177,0.005931915611166756,0.9586645401943509,0.9705283714166845
cifar,alibi,adversarial,0.0596125,0.9642454291585767,0.005966611009942405,0.9582788181486342,0.9702120401685191
cifar,alibi,adversarial,0.05985,0.9638944025116357,0.006001634535461943,0.9578927679761737,0.9698960370470977
cifar,alibi,adversarial,0.0600875,0.9635433758646946,0.00603698047684881,0.9575063953878458,0.9695803563415435
cifar,alibi,adversarial,0.060325,0.9631923492177541,0.006072643204221608,0.9571197060135325,0.9692649924219757
cifar,alibi,adversarial,0.0605625,0.9628413225708131,0.006108617169296515,0.9567327054015166,0.9689499397401097
cifar,alibi,adversarial,0.0608,0.962490295923872,0.006144896905855377,0.9563453990180166,0.9686351928297274
cifar,alibi,adversarial,0.0610375,0.962139269276931,0.006181477030085793,0.9559577922468453,0.9683207463070168
cifar,alibi,adversarial,0.061275,0.9617882426299903,0.006218352240801949,0.9555698903891884,0.9680065948707922
cifar,alibi,adversarial,0.0615125,0.9614372159830493,0.006255517319552037,0.9551816986634973,0.9676927333026013
cifar,alibi,adversarial,0.06175,0.9610861893361085,0.006292967130620161,0.9547932222054883,0.9673791564667286
cifar,alibi,adversarial,0.0619875,0.9607351626891676,0.00633069662092852,0.954404466068239,0.9670658593100961
cifar,alibi,adversarial,0.062225,0.9603841360422267,0.0063687008198476,0.9540154352223791,0.9667528368620744
cifar,alibi,adversarial,0.0624625,0.9600331093952857,0.006406974838918883,0.9536261345563669,0.9664400842342046
cifar,alibi,adversarial,0.0627,0.9596820827483447,0.006445513871497959,0.9532365688768467,0.9661275966198426
cifar,alibi,adversarial,0.0629375,0.9593310561014038,0.006484313192322405,0.9528467429090813,0.9658153692937262
cifar,alibi,adversarial,0.063175,0.9589800294544629,0.006523368157010694,0.9524566612974522,0.9655033976114736
cifar,alibi,adversarial,0.0634125,0.958629002807522,0.006562674201497198,0.9520663286060247,0.9651916770090192
cifar,alibi,adversarial,0.06365,0.9582779761605811,0.0066022268414083355,0.9516757493191728,0.9648802030019894
cifar,alibi,adversarial,0.0638875,0.9579269495136403,0.0066420216713851815,0.9512849278422552,0.9645689711850255
cifar,alibi,adversarial,0.064125,0.9575759228666993,0.006682054364355937,0.9508938685023434,0.9642579772310553
cifar,alibi,adversarial,0.0643625,0.9572248962197584,0.006722320670764441,0.950502575548994,0.9639472168905228
cifar,alibi,adversarial,0.0646,0.9568738695728173,0.0067628164177572095,0.9501110531550601,0.9636366859905745
cifar,alibi,adversarial,0.0648375,0.9565228429258764,0.0068035375083339645,0.9497193054175425,0.9633263804342104
cifar,alibi,adversarial,0.065075,0.9561718162789355,0.006844479920464972,0.9493273363584706,0.9630162961994005
cifar,alibi,adversarial,0.0653125,0.9558207896319946,0.006885639706179093,0.9489351499258155,0.9627064293381736
cifar,alibi,adversarial,0.06555,0.9554697629850537,0.006927012990625382,0.9485427499944283,0.9623967759756791
cifar,alibi,adversarial,0.0657875,0.9551187363381128,0.00696859597111188,0.948150140367001,0.9620873323092247
cifar,alibi,adversarial,0.066025,0.954767709691172,0.007010384916124129,0.9477573247750478,0.9617780946072961
cifar,alibi,adversarial,0.0662625,0.954416683044231,0.007052376164326928,0.947364306879904,0.961469059208558
cifar,alibi,adversarial,0.0665,0.9540656563972899,0.007094566123550648,0.9469710902737393,0.9611602225208405
cifar,alibi,adversarial,0.0667375,0.9537146297503493,0.007136951269766332,0.9465776784805829,0.9608515810201156
cifar,alibi,adversarial,0.066975,0.9533636031034082,0.007179528146050185,0.946184074957358,0.9605431312494583
cifar,alibi,adversarial,0.0672125,0.9530125764564673,0.007222293361540721,0.9457902830949266,0.960234869818008
cifar,alibi,adversarial,0.06745,0.9526615498095264,0.007265243590390126,0.9453963062191363,0.9599267933999166
cifar,alibi,adversarial,0.0676875,0.9523105231625855,0.007308375570711661,0.9450021475918738,0.9596188987332971
cifar,alibi,adversarial,0.067925,0.9519594965156446,0.007351686103525217,0.9446078104121194,0.9593111826191698
cifar,alibi,adversarial,0.0681625,0.9516084698687036,0.007395172051702204,0.9442132978170014,0.9590036419204059
cifar,alibi,adversarial,0.0684,0.9512574432217628,0.007438830338911479,0.9438186128828513,0.9586962735606742
cifar,alibi,adversarial,0.0686375,0.9509064165748219,0.007482657948567714,0.9434237586262542,0.9583890745233896
cifar,alibi,adversarial,0.068875,0.950555389927881,0.007526651922783314,0.9430287380050977,0.9580820418506644
cifar,alibi,adversarial,0.0691125,0.9502043632809399,0.007570809361325413,0.9426335539196146,0.9577751726422653
cifar,alibi,adversarial,0.06935,0.9498533366339991,0.007615127420578638,0.9422382092134204,0.9574684640545778
cifar,alibi,adversarial,0.0695875,0.9495023099870582,0.007659603312514631,0.9418427066745436,0.9571619132995728
cifar,alibi,adversarial,0.069825,0.9491512833401172,0.007704234303669802,0.9414470490364474,0.9568555176437871
cifar,alibi,adversarial,0.0700625,0.9488002566931762,0.0077490177141312944,0.941051238979045,0.9565492744073075
cifar,alibi,adversarial,0.0703,0.9484492300462355,0.007793950916532643,0.9406552791297028,0.9562431809627682
cifar,alibi,adversarial,0.0705375,0.9480982033992945,0.007839031335059183,0.9402591720642354,0.9559372347343537
cifar,alibi,adversarial,0.070775,0.9477471767523534,0.00788425644446453,0.9398629203078889,0.955631433196818
cifar,alibi,adversarial,0.0710125,0.9473961501054126,0.007929623769097857,0.9394665263363147,0.9553257738745105
cifar,alibi,adversarial,0.07125,0.9470451234584719,0.007975130881943238,0.9390699925765287,0.9550202543404152
cifar,alibi,adversarial,0.0714875,0.9466940968115308,0.0080207754036706,0.9386733214078602,0.9547148722152015
cifar,alibi,adversarial,0.071725,0.9463430701645899,0.008066555001699982,0.9382765151628899,0.9544096251662898
cifar,alibi,adversarial,0.0719625,0.9459920435176491,0.008112467389277823,0.9378795761283713,0.9541045109069269
cifar,alibi,adversarial,0.0722,0.9456410168707081,0.008158510324566746,0.9374825065461414,0.9537995271952748
cifar,alibi,adversarial,0.0724375,0.9452899902237671,0.008204681609748667,0.9370853086140185,0.9534946718335158
cifar,alibi,adversarial,0.072675,0.9449389635768263,0.008250979090141662,0.9366879844866847,0.9531899426669679
cifar,alibi,adversarial,0.0729125,0.9445879369298854,0.008297400653330135,0.9362905362765552,0.9528853375832156
cifar,alibi,adversarial,0.07315,0.9442369102829445,0.008343944228309063,0.9358929660546355,0.9525808545112536
cifar,alibi,adversarial,0.0733875,0.9438858836360035,0.008390607784642394,0.935495275851361,0.9522764914206459
cifar,alibi,adversarial,0.073625,0.9435348569890625,0.008437389331635224,0.9350974676574273,0.9519722463206977
cifar,alibi,adversarial,0.0738625,0.9431838303421217,0.008484286917520144,0.9346995434246016,0.9516681172596418
cifar,alibi,adversarial,0.0741,0.9428328036951807,0.008531298628657617,0.9343015050665231,0.9513641023238384
cifar,alibi,adversarial,0.0743375,0.9424817770482399,0.008578422588750722,0.9339033544594891,0.9510601996369906
cifar,alibi,adversarial,0.074575,0.9421307504012989,0.008625656958073493,0.9335050934432254,0.9507564073593724
cifar,alibi,adversarial,0.0748125,0.9417797237543581,0.008672999932713974,0.9331067238216442,0.9504527236870721
cifar,alibi,adversarial,0.07505,0.9414286971074172,0.008720449743830405,0.9327082473635868,0.9501491468512475
cifar,alibi,adversarial,0.0752875,0.9410776704604761,0.008768004656922098,0.932309665803554,0.9498456751173981
cifar,alibi,adversarial,0.075525,0.9407266438135351,0.008815662971113658,0.9319109808424214,0.9495423067846488
cifar,alibi,adversarial,0.0757625,0.9403756171665943,0.008863423018453012,0.9315121941481413,0.9492390401850473
cifar,alibi,adversarial,0.076,0.9400245905196535,0.008911283163222962,0.9311133073564305,0.9489358736828765
cifar,alibi,adversarial,0.0762375,0.9396735638727125,0.00895924180126645,0.930714322071446,0.948632805673979
cifar,alibi,adversarial,0.076475,0.9393225372257715,0.009007297359324868,0.9303152398664467,0.9483298345850963
cifar,alibi,adversarial,0.0767125,0.9389715105788307,0.00905544829438953,0.9299160622844411,0.9480269588732202
cifar,alibi,adversarial,0.07695,0.9386204839318898,0.00910369309306632,0.9295167908388234,0.9477241770249561
cifar,alibi,adversarial,0.0771875,0.9382694572849487,0.009152030270953316,0.9291174270139954,0.947421487555902
cifar,alibi,adversarial,0.077425,0.9379184306380077,0.009200458372030694,0.9287179722659771,0.9471188890100384
cifar,alibi,adversarial,0.0776625,0.937567403991067,0.009248975968063369,0.9283184280230036,0.9468163799591304
cifar,alibi,adversarial,0.0779,0.937216377344126,0.009297581658016174,0.9279187956861098,0.9465139590021422
cifar,alibi,adversarial,0.0781375,0.9368653506971851,0.009346274067480821,0.9275190766297043,0.9462116247646659
cifar,alibi,adversarial,0.078375,0.9365143240502443,0.009395051848115137,0.9271192722021291,0.9459093758983594
cifar,alibi,adversarial,0.0786125,0.9361632974033034,0.009443913677093753,0.9267193837262097,0.9456072110803971
cifar,alibi,adversarial,0.07885,0.9358122707563624,0.009492858256570947,0.9263194124997914,0.9453051290129334
cifar,alibi,adversarial,0.0790875,0.9354612441094213,0.009541884313154109,0.9259193597962673,0.9450031284225754
cifar,alibi,adversarial,0.079325,0.9351102174624805,0.009590990597389116,0.9255192268650914,0.9447012080598696
cifar,alibi,adversarial,0.0795625,0.9347591908155396,0.009640175883256325,0.9251190149322833,0.9443993666987959
cifar,alibi,adversarial,0.0798,0.9344081641685987,0.009689438967677553,0.9247187252009211,0.9440976031362763
cifar,alibi,adversarial,0.0800375,0.9340571375216578,0.009738778670033582,0.9243183588516242,0.9437959161916913
cifar,alibi,adversarial,0.080275,0.933706110874717,0.00978819383169205,0.923917917043025,0.943494304706409
cifar,alibi,adversarial,0.0805125,0.933355084227776,0.009837683315545792,0.9235174009122302,0.9431927675433218
cifar,alibi,adversarial,0.08075,0.933004057580835,0.009887246005561033,0.923116811575274,0.9428913035863961
cifar,alibi,adversarial,0.0809875,0.9326530309338942,0.009936880806335471,0.9227161501275587,0.9425899117402297
cifar,alibi,adversarial,0.081225,0.9323020042869533,0.009986586642666011,0.9223154176442873,0.9422885909296194
cifar,alibi,adversarial,0.0814625,0.9319509776400122,0.010036362459125946,0.9219146151808862,0.9419873400991382
cifar,alibi,adversarial,0.0817,0.9315999509930712,0.010086207219651519,0.9215137437734198,0.9416861582127227
cifar,alibi,adversarial,0.0819375,0.9312489243461304,0.01013611990713751,0.9211128044389929,0.9413850442532679
cifar,alibi,adversarial,0.082175,0.9308978976991896,0.01018609952304162,0.920711798176148,0.9410839972222312
cifar,alibi,adversarial,0.0824125,0.9305468710522486,0.010236145086997826,0.9203107259652509,0.9407830161392464
cifar,alibi,adversarial,0.08265,0.9301958444053077,0.010286255636437893,0.9199095887688697,0.9404821000417456
cifar,alibi,adversarial,0.0828875,0.9298448177583669,0.010336430226221863,0.919508387532145,0.9401812479845888
cifar,alibi,adversarial,0.083125,0.9294937911114259,0.010386667928275924,0.91910712318315,0.9398804590397019
cifar,alibi,adversarial,0.0833625,0.9291427644644848,0.010436967831239081,0.9187057966332458,0.9395797322957239
cifar,alibi,adversarial,0.0836,0.9287917378175442,0.010487329040117108,0.9183044087774271,0.9392790668576613
cifar,alibi,adversarial,0.0838375,0.9284407111706033,0.010537750675944563,0.9179029604946588,0.9389784618465479
cifar,alibi,adversarial,0.084075,0.9280896845236623,0.010588231875453777,0.9175014526482085,0.938677916399116
cifar,alibi,adversarial,0.0843125,0.9277386578767213,0.010638771790752077,0.9170998860859692,0.9383774296674734
cifar,alibi,adversarial,0.08455,0.9273876312297804,0.01068936958900526,0.9166982616407752,0.9380770008187856
cifar,alibi,adversarial,0.0847875,0.9270366045828395,0.010740024452128549,0.916296580130711,0.9377766290349681
cifar,alibi,adversarial,0.085025,0.9266855779358986,0.010790735576484502,0.9158948423594141,0.937476313512383
cifar,alibi,adversarial,0.0852625,0.9263345512889577,0.010841502172587442,0.9154930491163703,0.9371760534615451
cifar,alibi,adversarial,0.0855,0.9259835246420168,0.010892323464814536,0.9150912011772023,0.9368758481068313
cifar,alibi,adversarial,0.0857375,0.925632497995076,0.01094319869112322,0.9146892993039527,0.9365756966861992
cifar,alibi,adversarial,0.085975,0.9252814713481349,0.010994127102775107,0.9142873442453597,0.93627559845091
cifar,alibi,adversarial,0.0862125,0.924930444701194,0.011045107964065713,0.9138853367371284,0.9359755526652597
cifar,alibi,adversarial,0.08645,0.924579418054253,0.011096140552060534,0.9134832775021925,0.9356755586063136
cifar,alibi,adversarial,0.0866875,0.9242283914073122,0.011147224156336727,0.9130811672509754,0.9353756155636489
cifar,alibi,adversarial,0.086925,0.9238773647603713,0.011198358078730718,0.9126790066816406,0.935075722839102
cifar,alibi,adversarial,0.0871625,0.9235263381134303,0.011249541633091076,0.9122767964803392,0.9347758797465214
cifar,alibi,adversarial,0.0874,0.9231753114664892,0.01130077414503748,0.9118745373214517,0.9344760856115267
cifar,alibi,adversarial,0.0876375,0.9228242848195486,0.01135205495172419,0.9114722298678244,0.9341763397712728
cifar,alibi,adversarial,0.087875,0.9224732581726077,0.011403383401609565,0.9110698747709982,0.9338766415742172
cifar,alibi,adversarial,0.0881125,0.9221222315256666,0.011454758854230179,0.9106674726714364,0.9335769903798968
cifar,alibi,adversarial,0.08835,0.9217712048787258,0.011506180679980047,0.9102650241987458,0.9332773855587058
cifar,alibi,adversarial,0.0885875,0.9214201782317848,0.011557648259894712,0.9098625299718901,0.9329778264916795
cifar,alibi,adversarial,0.088825,0.9210691515848439,0.011609160985440292,0.9094599905994036,0.9326783125702842
cifar,alibi,adversarial,0.0890625,0.920718124937903,0.011660718258306953,0.909057406679596,0.9323788431962099
cifar,alibi,adversarial,0.0893,0.9203670982909621,0.011712319490206789,0.9086547788007553,0.9320794177811689
cifar,alibi,adversarial,0.0895375,0.9200160716440212,0.01176396410267652,0.9082521075413447,0.9317800357466978
cifar,alibi,adversarial,0.089775,0.9196650449970801,0.011815651526884463,0.9078493934701957,0.9314806965239646
cifar,alibi,adversarial,0.0900125,0.9193140183501392,0.011867381203441402,0.9074466371466977,0.9311813995535806
cifar,alibi,adversarial,0.09025,0.9189629917031984,0.011919152582215788,0.9070438391209826,0.9308821442854142
cifar,alibi,adversarial,0.0904875,0.9186119650562574,0.011970965122153246,0.9066409999341042,0.9305829301784106
cifar,alibi,adversarial,0.090725,0.9182609384093166,0.012022818291099557,0.906238120118217,0.9302837567004161
cifar,alibi,adversarial,0.0909625,0.9179099117623756,0.01207471156562791,0.9058352001967477,0.9299846233280035
cifar,alibi,adversarial,0.0912,0.9175588851154348,0.012126644430869492,0.9054322406845653,0.9296855295463043
cifar,alibi,adversarial,0.0914375,0.9172078584684938,0.012178616380348409,0.9050292420881454,0.9293864748488423
cifar,alibi,adversarial,0.091675,0.9168568318215528,0.012230626915819255,0.9046262049057335,0.929087458737372
cifar,alibi,adversarial,0.0919125,0.9165058051746119,0.012282675547109271,0.9042231296275026,0.9287884807217212
cifar,alibi,adversarial,0.09215,0.916154778527671,0.012334761791962948,0.9038200167357081,0.9284895403196339
cifar,alibi,adversarial,0.0923875,0.9158037518807302,0.012386885175890839,0.9034168667048393,0.928190637056621
cifar,alibi,adversarial,0.092625,0.9154527252337892,0.0124390452320208,0.9030136800017684,0.92789177046581
cifar,alibi,adversarial,0.0928625,0.9151016985868484,0.01249124150095321,0.9026104570858953,0.9275929400878016
cifar,alibi,adversarial,0.0931,0.9147506719399074,0.012543473530618713,0.9022071984092888,0.9272941454705261
cifar,alibi,adversarial,0.0933375,0.9143996452929665,0.012595740876139482,0.901803904416827,0.9269953861691059
cifar,alibi,adversarial,0.093575,0.9140486186460256,0.012648043099692875,0.9014005755463327,0.9266966617457185
cifar,alibi,adversarial,0.0938125,0.9136975919990848,0.012700379770378845,0.900997212228706,0.9263979717694637
cifar,alibi,adversarial,0.09405,0.9133465653521439,0.012752750464089274,0.9005938148880546,0.9260993158162332
cifar,alibi,adversarial,0.0942875,0.9129955387052028,0.01280515476338062,0.9001903839418222,0.9258006934685834
cifar,alibi,adversarial,0.094525,0.9126445120582619,0.012857592257349428,0.8997869198009125,0.9255021043156113
cifar,alibi,adversarial,0.0947625,0.912293485411321,0.012910062541509795,0.8993834228698112,0.9252035479528309
cifar,alibi,adversarial,0.095,0.9119424587643801,0.012962565217674239,0.8989798935467058,0.9249050239820543
