dataset,family,seed,draw_seed,budget,rho,accuracy,source
cifar,learned,42,1712846226,0.0025,0.018012973953759708,0.9993127147766323,analysis/v18_canonical_pipeline/inputs/cifar_base/session_1_seeds_42_123/noise_all_families.json
cifar,learned,42,1712846226,0.005,0.036231674523921176,0.9993127147766323,analysis/v18_canonical_pipeline/inputs/cifar_base/session_1_seeds_42_123/noise_all_families.json
cifar,learned,42,1712846226,0.01,0.07454304284553821,0.9982817869415808,analysis/v18_canonical_pipeline/inputs/cifar_base/session_1_seeds_42_123/noise_all_families.json
cifar,learned,42,1712846226,0.015,0.1161160452010317,0.99553264604811,analysis/v18_canonical_pipeline/inputs/cifar_base/session_1_seeds_42_123/noise_all_families.json
cifar,learned,42,1712846226,0.02,0.15962774947763853,0.9945017182130584,analysis/v18_canonical_pipeline/inputs/cifar_base/session_1_seeds_42_123/noise_all_families.json
cifar,learned,42,1712846226,0.03,0.24394305148097523,0.9871134020618557,analysis/v18_canonical_pipeline/inputs/cifar_base/session_1_seeds_42_123/noise_all_families.json
cifar,learned,42,1712846226,0.04,0.31989965006860865,0.9766323024054981,analysis/v18_canonical_pipeline/inputs/cifar_base/session_1_seeds_42_123/noise_all_families.json
cifar,learned,42,1712846226,0.05,0.3875123066289122,0.9673539518900343,analysis/v18_canonical_pipeline/inputs/cifar_base/session_1_seeds_42_123/noise_all_families.json
cifar,learned,42,2059244268,0.0025,0.018404833646464527,0.9991408934707904,analysis/v18_canonical_pipeline/inputs/cifar_base/session_1_seeds_42_123/noise_all_families.json
cifar,learned,42,2059244268,0.005,0.037037944116664404,1.0,analysis/v18_canonical_pipeline/inputs/cifar_base/session_1_seeds_42_123/noise_all_families.json
cifar,learned,42,2059244268,0.01,0.0761815048045913,0.9970790378006873,analysis/v18_canonical_pipeline/inputs/cifar_base/session_1_seeds_42_123/noise_all_families.json
cifar,learned,42,2059244268,0.015,0.11820173897028467,0.9965635738831615,analysis/v18_canonical_pipeline/inputs/cifar_base/session_1_seeds_42_123/noise_all_families.json
cifar,learned,42,2059244268,0.02,0.1617961931671618,0.9939862542955327,analysis/v18_canonical_pipeline/inputs/cifar_base/session_1_seeds_42_123/noise_all_families.json
cifar,learned,42,2059244268,0.03,0.24623834442150622,0.9903780068728523,analysis/v18_canonical_pipeline/inputs/cifar_base/session_1_seeds_42_123/noise_all_families.json
cifar,learned,42,2059244268,0.04,0.32207447377238163,0.9785223367697595,analysis/v18_canonical_pipeline/inputs/cifar_base/session_1_seeds_42_123/noise_all_families.json
cifar,learned,42,2059244268,0.05,0.3892730004683158,0.9690721649484535,analysis/v18_canonical_pipeline/inputs/cifar_base/session_1_seeds_42_123/noise_all_families.json
cifar,learned,42,325141848,0.0025,0.01857830219502259,0.9998281786941581,analysis/v18_canonical_pipeline/inputs/cifar_base/session_1_seeds_42_123/noise_all_families.json
cifar,learned,42,325141848,0.005,0.037309028348065806,1.000171821305842,analysis/v18_canonical_pipeline/inputs/cifar_base/session_1_seeds_42_123/noise_all_families.json
cifar,learned,42,325141848,0.01,0.07644471671118183,0.9963917525773196,analysis/v18_canonical_pipeline/inputs/cifar_base/session_1_seeds_42_123/noise_all_families.json
cifar,learned,42,325141848,0.015,0.11830720272930821,0.9946735395189004,analysis/v18_canonical_pipeline/inputs/cifar_base/session_1_seeds_42_123/noise_all_families.json
cifar,learned,42,325141848,0.02,0.1613002864855589,0.9912371134020619,analysis/v18_canonical_pipeline/inputs/cifar_base/session_1_seeds_42_123/noise_all_families.json
cifar,learned,42,325141848,0.03,0.24467200206585327,0.986426116838488,analysis/v18_canonical_pipeline/inputs/cifar_base/session_1_seeds_42_123/noise_all_families.json
cifar,learned,42,325141848,0.04,0.3207163979131775,0.9798969072164949,analysis/v18_canonical_pipeline/inputs/cifar_base/session_1_seeds_42_123/noise_all_families.json
cifar,learned,42,325141848,0.05,0.3885373739660316,0.9659793814432989,analysis/v18_canonical_pipeline/inputs/cifar_base/session_1_seeds_42_123/noise_all_families.json
cifar,learned,42,366946340,0.0025,0.01721259404618582,0.9987972508591065,analysis/v18_canonical_pipeline/inputs/cifar_base/session_1_seeds_42_123/noise_all_families.json
cifar,learned,42,366946340,0.005,0.03469024285620508,0.9982817869415808,analysis/v18_canonical_pipeline/inputs/cifar_base/session_1_seeds_42_123/noise_all_families.json
cifar,learned,42,366946340,0.01,0.07156540404934536,0.9986254295532646,analysis/v18_canonical_pipeline/inputs/cifar_base/session_1_seeds_42_123/noise_all_families.json
cifar,learned,42,366946340,0.015,0.11171470691963292,0.997766323024055,analysis/v18_canonical_pipeline/inputs/cifar_base/session_1_seeds_42_123/noise_all_families.json
cifar,learned,42,366946340,0.02,0.15386924618288966,0.9970790378006873,analysis/v18_canonical_pipeline/inputs/cifar_base/session_1_seeds_42_123/noise_all_families.json
cifar,learned,42,366946340,0.03,0.2363462050278932,0.9919243986254296,analysis/v18_canonical_pipeline/inputs/cifar_base/session_1_seeds_42_123/noise_all_families.json
cifar,learned,42,366946340,0.04,0.31135260140503807,0.9845360824742269,analysis/v18_canonical_pipeline/inputs/cifar_base/session_1_seeds_42_123/noise_all_families.json
cifar,learned,42,366946340,0.05,0.3783396289205589,0.9718213058419243,analysis/v18_canonical_pipeline/inputs/cifar_base/session_1_seeds_42_123/noise_all_families.json
cifar,learned,42,342173717,0.0025,0.017029967894847092,0.9991408934707904,analysis/v18_canonical_pipeline/inputs/cifar_base/session_1_seeds_42_123/noise_all_families.json
cifar,learned,42,342173717,0.005,0.034439112287735156,0.9987972508591065,analysis/v18_canonical_pipeline/inputs/cifar_base/session_1_seeds_42_123/noise_all_families.json
cifar,learned,42,342173717,0.01,0.07121700066484253,0.997766323024055,analysis/v18_canonical_pipeline/inputs/cifar_base/session_1_seeds_42_123/noise_all_families.json
cifar,learned,42,342173717,0.015,0.11102555326752506,0.99553264604811,analysis/v18_canonical_pipeline/inputs/cifar_base/session_1_seeds_42_123/noise_all_families.json
cifar,learned,42,342173717,0.02,0.1529220368258268,0.9934707903780069,analysis/v18_canonical_pipeline/inputs/cifar_base/session_1_seeds_42_123/noise_all_families.json
cifar,learned,42,342173717,0.03,0.2359211377696169,0.9876288659793815,analysis/v18_canonical_pipeline/inputs/cifar_base/session_1_seeds_42_123/noise_all_families.json
cifar,learned,42,342173717,0.04,0.3120150018844132,0.976975945017182,analysis/v18_canonical_pipeline/inputs/cifar_base/session_1_seeds_42_123/noise_all_families.json
cifar,learned,42,342173717,0.05,0.38027014643931617,0.9687285223367696,analysis/v18_canonical_pipeline/inputs/cifar_base/session_1_seeds_42_123/noise_all_families.json
cifar,learned,42,780632440,0.0025,0.018202535620790754,0.9993127147766323,analysis/v18_canonical_pipeline/inputs/cifar_base/session_1_seeds_42_123/noise_all_families.json
cifar,learned,42,780632440,0.005,0.03679907495028923,0.9993127147766323,analysis/v18_canonical_pipeline/inputs/cifar_base/session_1_seeds_42_123/noise_all_families.json
cifar,learned,42,780632440,0.01,0.07593163087640882,0.9981099656357388,analysis/v18_canonical_pipeline/inputs/cifar_base/session_1_seeds_42_123/noise_all_families.json
cifar,learned,42,780632440,0.015,0.11786377632569611,0.9951890034364261,analysis/v18_canonical_pipeline/inputs/cifar_base/session_1_seeds_42_123/noise_all_families.json
cifar,learned,42,780632440,0.02,0.16134235610270647,0.9938144329896907,analysis/v18_canonical_pipeline/inputs/cifar_base/session_1_seeds_42_123/noise_all_families.json
cifar,learned,42,780632440,0.03,0.24554618673842102,0.988831615120275,analysis/v18_canonical_pipeline/inputs/cifar_base/session_1_seeds_42_123/noise_all_families.json
cifar,learned,42,780632440,0.04,0.32139533109830243,0.9792096219931272,analysis/v18_canonical_pipeline/inputs/cifar_base/session_1_seeds_42_123/noise_all_families.json
cifar,learned,42,780632440,0.05,0.38866649532628045,0.9647766323024054,analysis/v18_canonical_pipeline/inputs/cifar_base/session_1_seeds_42_123/noise_all_families.json
cifar,learned,42,460493296,0.0025,0.01802646722799846,0.9982817869415808,analysis/v18_canonical_pipeline/inputs/cifar_base/session_1_seeds_42_123/noise_all_families.json
cifar,learned,42,460493296,0.005,0.03622982172021547,0.9982817869415808,analysis/v18_canonical_pipeline/inputs/cifar_base/session_1_seeds_42_123/noise_all_families.json
cifar,learned,42,460493296,0.01,0.0744553666723197,1.000171821305842,analysis/v18_canonical_pipeline/inputs/cifar_base/session_1_seeds_42_123/noise_all_families.json
cifar,learned,42,460493296,0.015,0.11595832253882885,0.9970790378006873,analysis/v18_canonical_pipeline/inputs/cifar_base/session_1_seeds_42_123/noise_all_families.json
cifar,learned,42,460493296,0.02,0.1590762078796127,0.9960481099656358,analysis/v18_canonical_pipeline/inputs/cifar_base/session_1_seeds_42_123/noise_all_families.json
cifar,learned,42,460493296,0.03,0.24203247070263556,0.988659793814433,analysis/v18_canonical_pipeline/inputs/cifar_base/session_1_seeds_42_123/noise_all_families.json
cifar,learned,42,460493296,0.04,0.31687421739967936,0.9823024054982818,analysis/v18_canonical_pipeline/inputs/cifar_base/session_1_seeds_42_123/noise_all_families.json
cifar,learned,42,460493296,0.05,0.38351343020100254,0.9714776632302404,analysis/v18_canonical_pipeline/inputs/cifar_base/session_1_seeds_42_123/noise_all_families.json
cifar,learned,42,1456730185,0.0025,0.018072515029475725,0.9993127147766323,analysis/v18_canonical_pipeline/inputs/cifar_base/session_1_seeds_42_123/noise_all_families.json
cifar,learned,42,1456730185,0.005,0.03643730854679041,0.9986254295532646,analysis/v18_canonical_pipeline/inputs/cifar_base/session_1_seeds_42_123/noise_all_families.json
cifar,learned,42,1456730185,0.01,0.07489046098679554,0.9989690721649485,analysis/v18_canonical_pipeline/inputs/cifar_base/session_1_seeds_42_123/noise_all_families.json
cifar,learned,42,1456730185,0.015,0.11601583373859108,0.9982817869415808,analysis/v18_canonical_pipeline/inputs/cifar_base/session_1_seeds_42_123/noise_all_families.json
cifar,learned,42,1456730185,0.02,0.15875447404480483,0.9969072164948454,analysis/v18_canonical_pipeline/inputs/cifar_base/session_1_seeds_42_123/noise_all_families.json
cifar,learned,42,1456730185,0.03,0.24239111372571304,0.9914089347079038,analysis/v18_canonical_pipeline/inputs/cifar_base/session_1_seeds_42_123/noise_all_families.json
cifar,learned,42,1456730185,0.04,0.31845786420329864,0.9840206185567011,analysis/v18_canonical_pipeline/inputs/cifar_base/session_1_seeds_42_123/noise_all_families.json
cifar,learned,42,1456730185,0.05,0.3859644760301681,0.9721649484536081,analysis/v18_canonical_pipeline/inputs/cifar_base/session_1_seeds_42_123/noise_all_families.json
cifar,learned,42,1763599044,0.0025,0.01802353377564706,0.9991408934707904,analysis/v18_canonical_pipeline/inputs/cifar_base/session_1_seeds_42_123/noise_all_families.json
cifar,learned,42,1763599044,0.005,0.03638517772557367,0.997766323024055,analysis/v18_canonical_pipeline/inputs/cifar_base/session_1_seeds_42_123/noise_all_families.json
cifar,learned,42,1763599044,0.01,0.07509097642391684,0.9986254295532646,analysis/v18_canonical_pipeline/inputs/cifar_base/session_1_seeds_42_123/noise_all_families.json
cifar,learned,42,1763599044,0.015,0.11663075912465708,0.9972508591065292,analysis/v18_canonical_pipeline/inputs/cifar_base/session_1_seeds_42_123/noise_all_families.json
cifar,learned,42,1763599044,0.02,0.15954945144118748,0.9957044673539519,analysis/v18_canonical_pipeline/inputs/cifar_base/session_1_seeds_42_123/noise_all_families.json
cifar,learned,42,1763599044,0.03,0.24241541011868753,0.9879725085910653,analysis/v18_canonical_pipeline/inputs/cifar_base/session_1_seeds_42_123/noise_all_families.json
cifar,learned,42,1763599044,0.04,0.3169315897771258,0.981958762886598,analysis/v18_canonical_pipeline/inputs/cifar_base/session_1_seeds_42_123/noise_all_families.json
cifar,learned,42,1763599044,0.05,0.38315444818729577,0.9728522336769758,analysis/v18_canonical_pipeline/inputs/cifar_base/session_1_seeds_42_123/noise_all_families.json
cifar,learned,42,299045659,0.0025,0.018174166854712293,0.9994845360824742,analysis/v18_canonical_pipeline/inputs/cifar_base/session_1_seeds_42_123/noise_all_families.json
cifar,learned,42,299045659,0.005,0.03664789129502392,1.0005154639175258,analysis/v18_canonical_pipeline/inputs/cifar_base/session_1_seeds_42_123/noise_all_families.json
cifar,learned,42,299045659,0.01,0.0754298098831897,1.0003436426116838,analysis/v18_canonical_pipeline/inputs/cifar_base/session_1_seeds_42_123/noise_all_families.json
cifar,learned,42,299045659,0.015,0.11679384200527371,0.9986254295532646,analysis/v18_canonical_pipeline/inputs/cifar_base/session_1_seeds_42_123/noise_all_families.json
cifar,learned,42,299045659,0.02,0.15929601627928874,0.9970790378006873,analysis/v18_canonical_pipeline/inputs/cifar_base/session_1_seeds_42_123/noise_all_families.json
cifar,learned,42,299045659,0.03,0.24159580552278953,0.9903780068728523,analysis/v18_canonical_pipeline/inputs/cifar_base/session_1_seeds_42_123/noise_all_families.json
cifar,learned,42,299045659,0.04,0.3167392263978711,0.9823024054982818,analysis/v18_canonical_pipeline/inputs/cifar_base/session_1_seeds_42_123/noise_all_families.json
cifar,learned,42,299045659,0.05,0.38405508255177884,0.9706185567010308,analysis/v18_canonical_pipeline/inputs/cifar_base/session_1_seeds_42_123/noise_all_families.json
cifar,learned,123,1129524128,0.0025,0.015098649519254055,0.9991326973113617,analysis/v18_canonical_pipeline/inputs/cifar_base/session_1_seeds_42_123/noise_all_families.json
cifar,learned,123,1129524128,0.005,0.030495492333354895,0.999479618386817,analysis/v18_canonical_pipeline/inputs/cifar_base/session_1_seeds_42_123/noise_all_families.json
cifar,learned,123,1129524128,0.01,0.06318179551262143,0.9960104076322637,analysis/v18_canonical_pipeline/inputs/cifar_base/session_1_seeds_42_123/noise_all_families.json
cifar,learned,123,1129524128,0.015,0.09874186408166613,0.9951431049436253,analysis/v18_canonical_pipeline/inputs/cifar_base/session_1_seeds_42_123/noise_all_families.json
cifar,learned,123,1129524128,0.02,0.13622987955464091,0.9908065915004337,analysis/v18_canonical_pipeline/inputs/cifar_base/session_1_seeds_42_123/noise_all_families.json
cifar,learned,123,1129524128,0.03,0.21046438015924449,0.9842150910667822,analysis/v18_canonical_pipeline/inputs/cifar_base/session_1_seeds_42_123/noise_all_families.json
cifar,learned,123,1129524128,0.04,0.27834767562136786,0.9764093668690372,analysis/v18_canonical_pipeline/inputs/cifar_base/session_1_seeds_42_123/noise_all_families.json
cifar,learned,123,1129524128,0.05,0.33956539289769244,0.9640936686903729,analysis/v18_canonical_pipeline/inputs/cifar_base/session_1_seeds_42_123/noise_all_families.json
cifar,learned,123,1618910425,0.0025,0.015471707017539648,1.0006938421509106,analysis/v18_canonical_pipeline/inputs/cifar_base/session_1_seeds_42_123/noise_all_families.json
cifar,learned,123,1618910425,0.005,0.031159713031371068,1.0013876843018212,analysis/v18_canonical_pipeline/inputs/cifar_base/session_1_seeds_42_123/noise_all_families.json
cifar,learned,123,1618910425,0.01,0.0640860493401715,1.0013876843018212,analysis/v18_canonical_pipeline/inputs/cifar_base/session_1_seeds_42_123/noise_all_families.json
cifar,learned,123,1618910425,0.015,0.09962284942018704,0.9998265394622723,analysis/v18_canonical_pipeline/inputs/cifar_base/session_1_seeds_42_123/noise_all_families.json
cifar,learned,123,1618910425,0.02,0.13707291620007325,0.9972246313963573,analysis/v18_canonical_pipeline/inputs/cifar_base/session_1_seeds_42_123/noise_all_families.json
cifar,learned,123,1618910425,0.03,0.21115910533790969,0.9913269731136167,analysis/v18_canonical_pipeline/inputs/cifar_base/session_1_seeds_42_123/noise_all_families.json
cifar,learned,123,1618910425,0.04,0.2786588977709368,0.9887250650477017,analysis/v18_canonical_pipeline/inputs/cifar_base/session_1_seeds_42_123/noise_all_families.json
cifar,learned,123,1618910425,0.05,0.33955391622888254,0.9750216825672159,analysis/v18_canonical_pipeline/inputs/cifar_base/session_1_seeds_42_123/noise_all_families.json
cifar,learned,123,179672207,0.0025,0.015339999161563363,1.0,analysis/v18_canonical_pipeline/inputs/cifar_base/session_1_seeds_42_123/noise_all_families.json
cifar,learned,123,179672207,0.005,0.030990068814346218,1.0,analysis/v18_canonical_pipeline/inputs/cifar_base/session_1_seeds_42_123/noise_all_families.json
cifar,learned,123,179672207,0.01,0.06423660035882553,0.9982653946227233,analysis/v18_canonical_pipeline/inputs/cifar_base/session_1_seeds_42_123/noise_all_families.json
cifar,learned,123,179672207,0.015,0.10058034154806486,0.9956634865568084,analysis/v18_canonical_pipeline/inputs/cifar_base/session_1_seeds_42_123/noise_all_families.json
cifar,learned,123,179672207,0.02,0.1389770814567877,0.993235039028621,analysis/v18_canonical_pipeline/inputs/cifar_base/session_1_seeds_42_123/noise_all_families.json
cifar,learned,123,179672207,0.03,0.21439210081339702,0.9864700780572421,analysis/v18_canonical_pipeline/inputs/cifar_base/session_1_seeds_42_123/noise_all_families.json
cifar,learned,123,179672207,0.04,0.2825524035504496,0.9750216825672159,analysis/v18_canonical_pipeline/inputs/cifar_base/session_1_seeds_42_123/noise_all_families.json
cifar,learned,123,179672207,0.05,0.343903956764256,0.9656548135299219,analysis/v18_canonical_pipeline/inputs/cifar_base/session_1_seeds_42_123/noise_all_families.json
cifar,learned,123,193161432,0.0025,0.016159208669525058,1.0001734605377277,analysis/v18_canonical_pipeline/inputs/cifar_base/session_1_seeds_42_123/noise_all_families.json
cifar,learned,123,193161432,0.005,0.03250419983789449,0.9996530789245447,analysis/v18_canonical_pipeline/inputs/cifar_base/session_1_seeds_42_123/noise_all_families.json
cifar,learned,123,193161432,0.01,0.06672162116684624,0.9982653946227233,analysis/v18_canonical_pipeline/inputs/cifar_base/session_1_seeds_42_123/noise_all_families.json
cifar,learned,123,193161432,0.015,0.10352089455658174,0.9961838681699914,analysis/v18_canonical_pipeline/inputs/cifar_base/session_1_seeds_42_123/noise_all_families.json
cifar,learned,123,193161432,0.02,0.1420469027203061,0.993235039028621,analysis/v18_canonical_pipeline/inputs/cifar_base/session_1_seeds_42_123/noise_all_families.json
cifar,learned,123,193161432,0.03,0.21825872784527045,0.989071986123157,analysis/v18_canonical_pipeline/inputs/cifar_base/session_1_seeds_42_123/noise_all_families.json
cifar,learned,123,193161432,0.04,0.28751085112266106,0.9800520381613181,analysis/v18_canonical_pipeline/inputs/cifar_base/session_1_seeds_42_123/noise_all_families.json
cifar,learned,123,193161432,0.05,0.3496497348543493,0.9701647875108412,analysis/v18_canonical_pipeline/inputs/cifar_base/session_1_seeds_42_123/noise_all_families.json
cifar,learned,123,1322018208,0.0025,0.015514590961732124,1.0008673026886383,analysis/v18_canonical_pipeline/inputs/cifar_base/session_1_seeds_42_123/noise_all_families.json
cifar,learned,123,1322018208,0.005,0.03123885632389028,1.001561144839549,analysis/v18_canonical_pipeline/inputs/cifar_base/session_1_seeds_42_123/noise_all_families.json
cifar,learned,123,1322018208,0.01,0.06421108906119563,1.0012142237640937,analysis/v18_canonical_pipeline/inputs/cifar_base/session_1_seeds_42_123/noise_all_families.json
cifar,learned,123,1322018208,0.015,0.09974495326792956,1.0019080659150044,analysis/v18_canonical_pipeline/inputs/cifar_base/session_1_seeds_42_123/noise_all_families.json
cifar,learned,123,1322018208,0.02,0.1372906103424728,1.0019080659150044,analysis/v18_canonical_pipeline/inputs/cifar_base/session_1_seeds_42_123/noise_all_families.json
cifar,learned,123,1322018208,0.03,0.21206056627857928,0.9970511708586297,analysis/v18_canonical_pipeline/inputs/cifar_base/session_1_seeds_42_123/noise_all_families.json
cifar,learned,123,1322018208,0.04,0.28019459602847974,0.9861231569817865,analysis/v18_canonical_pipeline/inputs/cifar_base/session_1_seeds_42_123/noise_all_families.json
cifar,learned,123,1322018208,0.05,0.3416765224291263,0.9758889852558542,analysis/v18_canonical_pipeline/inputs/cifar_base/session_1_seeds_42_123/noise_all_families.json
cifar,learned,123,1910794309,0.0025,0.015423571550498767,0.9993061578490894,analysis/v18_canonical_pipeline/inputs/cifar_base/session_1_seeds_42_123/noise_all_families.json
cifar,learned,123,1910794309,0.005,0.03111541612725377,1.0,analysis/v18_canonical_pipeline/inputs/cifar_base/session_1_seeds_42_123/noise_all_families.json
cifar,learned,123,1910794309,0.01,0.06432729415143801,0.9982653946227233,analysis/v18_canonical_pipeline/inputs/cifar_base/session_1_seeds_42_123/noise_all_families.json
cifar,learned,123,1910794309,0.015,0.1006347496717657,0.9956634865568084,analysis/v18_canonical_pipeline/inputs/cifar_base/session_1_seeds_42_123/noise_all_families.json
cifar,learned,123,1910794309,0.02,0.13914818702452883,0.9930615784908934,analysis/v18_canonical_pipeline/inputs/cifar_base/session_1_seeds_42_123/noise_all_families.json
cifar,learned,123,1910794309,0.03,0.21532567489687487,0.989071986123157,analysis/v18_canonical_pipeline/inputs/cifar_base/session_1_seeds_42_123/noise_all_families.json
cifar,learned,123,1910794309,0.04,0.28470434919948084,0.9840416305290545,analysis/v18_canonical_pipeline/inputs/cifar_base/session_1_seeds_42_123/noise_all_families.json
cifar,learned,123,1910794309,0.05,0.3470603530409821,0.9732870771899392,analysis/v18_canonical_pipeline/inputs/cifar_base/session_1_seeds_42_123/noise_all_families.json
cifar,learned,123,1432882998,0.0025,0.016158107223862246,1.000520381613183,analysis/v18_canonical_pipeline/inputs/cifar_base/session_1_seeds_42_123/noise_all_families.json
cifar,learned,123,1432882998,0.005,0.032587061652279856,1.0003469210754554,analysis/v18_canonical_pipeline/inputs/cifar_base/session_1_seeds_42_123/noise_all_families.json
cifar,learned,123,1432882998,0.01,0.06710172890615651,0.9987857762359064,analysis/v18_canonical_pipeline/inputs/cifar_base/session_1_seeds_42_123/noise_all_families.json
cifar,learned,123,1432882998,0.015,0.10429213130995975,0.9980919340849956,analysis/v18_canonical_pipeline/inputs/cifar_base/session_1_seeds_42_123/noise_all_families.json
cifar,learned,123,1432882998,0.02,0.1431476155458609,0.9960104076322637,analysis/v18_canonical_pipeline/inputs/cifar_base/session_1_seeds_42_123/noise_all_families.json
cifar,learned,123,1432882998,0.03,0.21966864007696243,0.9909800520381613,analysis/v18_canonical_pipeline/inputs/cifar_base/session_1_seeds_42_123/noise_all_families.json
cifar,learned,123,1432882998,0.04,0.28917612579508684,0.9830008673026885,analysis/v18_canonical_pipeline/inputs/cifar_base/session_1_seeds_42_123/noise_all_families.json
cifar,learned,123,1432882998,0.05,0.3515204556982851,0.9724197745013009,analysis/v18_canonical_pipeline/inputs/cifar_base/session_1_seeds_42_123/noise_all_families.json
cifar,learned,123,4050907,0.0025,0.015048583730142907,1.0001734605377277,analysis/v18_canonical_pipeline/inputs/cifar_base/session_1_seeds_42_123/noise_all_families.json
cifar,learned,123,4050907,0.005,0.030399214138040226,1.0001734605377277,analysis/v18_canonical_pipeline/inputs/cifar_base/session_1_seeds_42_123/noise_all_families.json
cifar,learned,123,4050907,0.01,0.06291711916047171,1.000520381613183,analysis/v18_canonical_pipeline/inputs/cifar_base/session_1_seeds_42_123/noise_all_families.json
cifar,learned,123,4050907,0.015,0.09838729661305484,1.0006938421509106,analysis/v18_canonical_pipeline/inputs/cifar_base/session_1_seeds_42_123/noise_all_families.json
cifar,learned,123,4050907,0.02,0.13603887833176426,0.9993061578490894,analysis/v18_canonical_pipeline/inputs/cifar_base/session_1_seeds_42_123/noise_all_families.json
cifar,learned,123,4050907,0.03,0.21098665405601444,0.990633130962706,analysis/v18_canonical_pipeline/inputs/cifar_base/session_1_seeds_42_123/noise_all_families.json
cifar,learned,123,4050907,0.04,0.27927059832854134,0.9835212489158716,analysis/v18_canonical_pipeline/inputs/cifar_base/session_1_seeds_42_123/noise_all_families.json
cifar,learned,123,4050907,0.05,0.340542329937238,0.9708586296617518,analysis/v18_canonical_pipeline/inputs/cifar_base/session_1_seeds_42_123/noise_all_families.json
cifar,learned,123,815771577,0.0025,0.01526495941638456,1.0,analysis/v18_canonical_pipeline/inputs/cifar_base/session_1_seeds_42_123/noise_all_families.json
cifar,learned,123,815771577,0.005,0.030850347356565076,1.0006938421509106,analysis/v18_canonical_pipeline/inputs/cifar_base/session_1_seeds_42_123/noise_all_families.json
cifar,learned,123,815771577,0.01,0.06395843449206405,0.997918473547268,analysis/v18_canonical_pipeline/inputs/cifar_base/session_1_seeds_42_123/noise_all_families.json
cifar,learned,123,815771577,0.015,0.10021589012097322,0.997398091934085,analysis/v18_canonical_pipeline/inputs/cifar_base/session_1_seeds_42_123/noise_all_families.json
cifar,learned,123,815771577,0.02,0.13862177288808636,0.995316565481353,analysis/v18_canonical_pipeline/inputs/cifar_base/session_1_seeds_42_123/noise_all_families.json
cifar,learned,123,815771577,0.03,0.214143184934874,0.9878577623590634,analysis/v18_canonical_pipeline/inputs/cifar_base/session_1_seeds_42_123/noise_all_families.json
cifar,learned,123,815771577,0.04,0.2821923598979417,0.9835212489158716,analysis/v18_canonical_pipeline/inputs/cifar_base/session_1_seeds_42_123/noise_all_families.json
cifar,learned,123,815771577,0.05,0.34306339112615963,0.9661751951431049,analysis/v18_canonical_pipeline/inputs/cifar_base/session_1_seeds_42_123/noise_all_families.json
cifar,learned,123,1821774437,0.0025,0.014887609377380082,1.0008673026886383,analysis/v18_canonical_pipeline/inputs/cifar_base/session_1_seeds_42_123/noise_all_families.json
cifar,learned,123,1821774437,0.005,0.030097434836509278,1.0017346053772767,analysis/v18_canonical_pipeline/inputs/cifar_base/session_1_seeds_42_123/noise_all_families.json
cifar,learned,123,1821774437,0.01,0.062545457620652,0.999479618386817,analysis/v18_canonical_pipeline/inputs/cifar_base/session_1_seeds_42_123/noise_all_families.json
cifar,learned,123,1821774437,0.015,0.0982660453582631,1.0003469210754554,analysis/v18_canonical_pipeline/inputs/cifar_base/session_1_seeds_42_123/noise_all_families.json
cifar,learned,123,1821774437,0.02,0.13617975088869708,0.998438855160451,analysis/v18_canonical_pipeline/inputs/cifar_base/session_1_seeds_42_123/noise_all_families.json
cifar,learned,123,1821774437,0.03,0.21125600748965048,0.9908065915004337,analysis/v18_canonical_pipeline/inputs/cifar_base/session_1_seeds_42_123/noise_all_families.json
cifar,learned,123,1821774437,0.04,0.2797035393735358,0.9783174327840415,analysis/v18_canonical_pipeline/inputs/cifar_base/session_1_seeds_42_123/noise_all_families.json
cifar,learned,123,1821774437,0.05,0.3417504229722516,0.9703382480485688,analysis/v18_canonical_pipeline/inputs/cifar_base/session_1_seeds_42_123/noise_all_families.json
cifar,sinusoidal,42,1712846226,0.01,0.015596898228828954,0.9992968887326418,analysis/v18_canonical_pipeline/inputs/cifar_base/session_1_seeds_42_123/noise_all_families.json
cifar,sinusoidal,42,1712846226,0.025,0.039280009185079165,0.9966602214800491,analysis/v18_canonical_pipeline/inputs/cifar_base/session_1_seeds_42_123/noise_all_families.json
cifar,sinusoidal,42,1712846226,0.05,0.08029504484946778,0.9949024433116539,analysis/v18_canonical_pipeline/inputs/cifar_base/session_1_seeds_42_123/noise_all_families.json
cifar,sinusoidal,42,1712846226,0.075,0.12283710848296292,0.9917384426085426,analysis/v18_canonical_pipeline/inputs/cifar_base/session_1_seeds_42_123/noise_all_families.json
cifar,sinusoidal,42,1712846226,0.1,0.16462922830710425,0.9820706626823693,analysis/v18_canonical_pipeline/inputs/cifar_base/session_1_seeds_42_123/noise_all_families.json
cifar,sinusoidal,42,1712846226,0.15,0.2396173970748077,0.9650202144489365,analysis/v18_canonical_pipeline/inputs/cifar_base/session_1_seeds_42_123/noise_all_families.json
cifar,sinusoidal,42,1712846226,0.2,0.3038176367470448,0.9360168746704165,analysis/v18_canonical_pipeline/inputs/cifar_base/session_1_seeds_42_123/noise_all_families.json
cifar,sinusoidal,42,1712846226,0.25,0.3611696724653136,0.9001582000351555,analysis/v18_canonical_pipeline/inputs/cifar_base/session_1_seeds_42_123/noise_all_families.json
cifar,sinusoidal,42,2059244268,0.01,0.015122220004060312,0.9998242221831605,analysis/v18_canonical_pipeline/inputs/cifar_base/session_1_seeds_42_123/noise_all_families.json
cifar,sinusoidal,42,2059244268,0.025,0.03833343032019863,0.9992968887326418,analysis/v18_canonical_pipeline/inputs/cifar_base/session_1_seeds_42_123/noise_all_families.json
cifar,sinusoidal,42,2059244268,0.05,0.07931162261836197,1.0,analysis/v18_canonical_pipeline/inputs/cifar_base/session_1_seeds_42_123/noise_all_families.json
cifar,sinusoidal,42,2059244268,0.075,0.12202253630618498,1.0,analysis/v18_canonical_pipeline/inputs/cifar_base/session_1_seeds_42_123/noise_all_families.json
cifar,sinusoidal,42,2059244268,0.1,0.16371534630276877,0.9957813323958514,analysis/v18_canonical_pipeline/inputs/cifar_base/session_1_seeds_42_123/noise_all_families.json
cifar,sinusoidal,42,2059244268,0.15,0.2379705494045269,0.9757426612761468,analysis/v18_canonical_pipeline/inputs/cifar_base/session_1_seeds_42_123/noise_all_families.json
cifar,sinusoidal,42,2059244268,0.2,0.30152991562334724,0.9462119880471084,analysis/v18_canonical_pipeline/inputs/cifar_base/session_1_seeds_42_123/noise_all_families.json
cifar,sinusoidal,42,2059244268,0.25,0.35834178194570476,0.9191422042538231,analysis/v18_canonical_pipeline/inputs/cifar_base/session_1_seeds_42_123/noise_all_families.json
cifar,sinusoidal,42,325141848,0.01,0.01578753373657472,0.9994726665494812,analysis/v18_canonical_pipeline/inputs/cifar_base/session_1_seeds_42_123/noise_all_families.json
cifar,sinusoidal,42,325141848,0.025,0.039843221678252716,0.9984179996484441,analysis/v18_canonical_pipeline/inputs/cifar_base/session_1_seeds_42_123/noise_all_families.json
cifar,sinusoidal,42,325141848,0.05,0.08186098149466149,0.9975391105642466,analysis/v18_canonical_pipeline/inputs/cifar_base/session_1_seeds_42_123/noise_all_families.json
cifar,sinusoidal,42,325141848,0.075,0.1258496506410264,0.995957110212691,analysis/v18_canonical_pipeline/inputs/cifar_base/session_1_seeds_42_123/noise_all_families.json
cifar,sinusoidal,42,325141848,0.1,0.16881634388519698,0.9854104412023201,analysis/v18_canonical_pipeline/inputs/cifar_base/session_1_seeds_42_123/noise_all_families.json
cifar,sinusoidal,42,325141848,0.15,0.24411078987363077,0.965195992265776,analysis/v18_canonical_pipeline/inputs/cifar_base/session_1_seeds_42_123/noise_all_families.json
cifar,sinusoidal,42,325141848,0.2,0.3079373575059184,0.9360168746704165,analysis/v18_canonical_pipeline/inputs/cifar_base/session_1_seeds_42_123/noise_all_families.json
cifar,sinusoidal,42,325141848,0.25,0.3652349187444255,0.9066619792582176,analysis/v18_canonical_pipeline/inputs/cifar_base/session_1_seeds_42_123/noise_all_families.json
cifar,sinusoidal,42,366946340,0.01,0.014404366583809867,0.9984179996484441,analysis/v18_canonical_pipeline/inputs/cifar_base/session_1_seeds_42_123/noise_all_families.json
cifar,sinusoidal,42,366946340,0.025,0.036296978206607246,0.9985937774652837,analysis/v18_canonical_pipeline/inputs/cifar_base/session_1_seeds_42_123/noise_all_families.json
cifar,sinusoidal,42,366946340,0.05,0.0745923850037843,0.9985937774652837,analysis/v18_canonical_pipeline/inputs/cifar_base/session_1_seeds_42_123/noise_all_families.json
cifar,sinusoidal,42,366946340,0.075,0.11511389181998685,0.9929688873264192,analysis/v18_canonical_pipeline/inputs/cifar_base/session_1_seeds_42_123/noise_all_families.json
cifar,sinusoidal,42,366946340,0.1,0.15560724580789145,0.9882228862717524,analysis/v18_canonical_pipeline/inputs/cifar_base/session_1_seeds_42_123/noise_all_families.json
cifar,sinusoidal,42,366946340,0.15,0.22938866519256063,0.9746879943751098,analysis/v18_canonical_pipeline/inputs/cifar_base/session_1_seeds_42_123/noise_all_families.json
cifar,sinusoidal,42,366946340,0.2,0.29353921714300557,0.9608015468447881,analysis/v18_canonical_pipeline/inputs/cifar_base/session_1_seeds_42_123/noise_all_families.json
cifar,sinusoidal,42,366946340,0.25,0.35138079569600833,0.930040428897873,analysis/v18_canonical_pipeline/inputs/cifar_base/session_1_seeds_42_123/noise_all_families.json
cifar,sinusoidal,42,342173717,0.01,0.015136784105302978,0.9975391105642466,analysis/v18_canonical_pipeline/inputs/cifar_base/session_1_seeds_42_123/noise_all_families.json
cifar,sinusoidal,42,342173717,0.025,0.038405527058400835,0.9975391105642466,analysis/v18_canonical_pipeline/inputs/cifar_base/session_1_seeds_42_123/noise_all_families.json
cifar,sinusoidal,42,342173717,0.05,0.07952014023655486,0.9949024433116539,analysis/v18_canonical_pipeline/inputs/cifar_base/session_1_seeds_42_123/noise_all_families.json
cifar,sinusoidal,42,342173717,0.075,0.12288225911576092,0.9936719985937773,analysis/v18_canonical_pipeline/inputs/cifar_base/session_1_seeds_42_123/noise_all_families.json
cifar,sinusoidal,42,342173717,0.1,0.1655125147841945,0.990156442256987,analysis/v18_canonical_pipeline/inputs/cifar_base/session_1_seeds_42_123/noise_all_families.json
cifar,sinusoidal,42,342173717,0.15,0.24113176379541026,0.9731059940235541,analysis/v18_canonical_pipeline/inputs/cifar_base/session_1_seeds_42_123/noise_all_families.json
cifar,sinusoidal,42,342173717,0.2,0.305746551072193,0.9455088767797504,analysis/v18_canonical_pipeline/inputs/cifar_base/session_1_seeds_42_123/noise_all_families.json
cifar,sinusoidal,42,342173717,0.25,0.36322456552756893,0.9124626472139215,analysis/v18_canonical_pipeline/inputs/cifar_base/session_1_seeds_42_123/noise_all_families.json
cifar,sinusoidal,42,780632440,0.01,0.015353111862339962,0.9978906661979257,analysis/v18_canonical_pipeline/inputs/cifar_base/session_1_seeds_42_123/noise_all_families.json
cifar,sinusoidal,42,780632440,0.025,0.038837493165513326,0.9989453330989627,analysis/v18_canonical_pipeline/inputs/cifar_base/session_1_seeds_42_123/noise_all_families.json
cifar,sinusoidal,42,780632440,0.05,0.08017829589824789,0.9980664440147652,analysis/v18_canonical_pipeline/inputs/cifar_base/session_1_seeds_42_123/noise_all_families.json
cifar,sinusoidal,42,780632440,0.075,0.12386073872317664,0.9985937774652837,analysis/v18_canonical_pipeline/inputs/cifar_base/session_1_seeds_42_123/noise_all_families.json
cifar,sinusoidal,42,780632440,0.1,0.1669205886609956,0.9922657760590612,analysis/v18_canonical_pipeline/inputs/cifar_base/session_1_seeds_42_123/noise_all_families.json
cifar,sinusoidal,42,780632440,0.15,0.24372171489029426,0.9748637721919493,analysis/v18_canonical_pipeline/inputs/cifar_base/session_1_seeds_42_123/noise_all_families.json
cifar,sinusoidal,42,780632440,0.2,0.30916632152121104,0.9504306556512567,analysis/v18_canonical_pipeline/inputs/cifar_base/session_1_seeds_42_123/noise_all_families.json
cifar,sinusoidal,42,780632440,0.25,0.3674249739091183,0.9237124274916505,analysis/v18_canonical_pipeline/inputs/cifar_base/session_1_seeds_42_123/noise_all_families.json
cifar,sinusoidal,42,460493296,0.01,0.015239446627064487,0.9996484443663209,analysis/v18_canonical_pipeline/inputs/cifar_base/session_1_seeds_42_123/noise_all_families.json
cifar,sinusoidal,42,460493296,0.025,0.038540943379042986,0.9977148883810861,analysis/v18_canonical_pipeline/inputs/cifar_base/session_1_seeds_42_123/noise_all_families.json
cifar,sinusoidal,42,460493296,0.05,0.0794956781965959,0.995253998945333,analysis/v18_canonical_pipeline/inputs/cifar_base/session_1_seeds_42_123/noise_all_families.json
cifar,sinusoidal,42,460493296,0.075,0.12240588642557428,0.9917384426085426,analysis/v18_canonical_pipeline/inputs/cifar_base/session_1_seeds_42_123/noise_all_families.json
cifar,sinusoidal,42,460493296,0.1,0.16429125694312383,0.9855862190191597,analysis/v18_canonical_pipeline/inputs/cifar_base/session_1_seeds_42_123/noise_all_families.json
cifar,sinusoidal,42,460493296,0.15,0.23862961923178852,0.9681842151520478,analysis/v18_canonical_pipeline/inputs/cifar_base/session_1_seeds_42_123/noise_all_families.json
cifar,sinusoidal,42,460493296,0.2,0.3023723946270537,0.9432237651608366,analysis/v18_canonical_pipeline/inputs/cifar_base/session_1_seeds_42_123/noise_all_families.json
cifar,sinusoidal,42,460493296,0.25,0.35956316937710964,0.9100017577781683,analysis/v18_canonical_pipeline/inputs/cifar_base/session_1_seeds_42_123/noise_all_families.json
cifar,sinusoidal,42,1456730185,0.01,0.01483195011132692,0.9996484443663209,analysis/v18_canonical_pipeline/inputs/cifar_base/session_1_seeds_42_123/noise_all_families.json
cifar,sinusoidal,42,1456730185,0.025,0.03741516134910961,0.9998242221831605,analysis/v18_canonical_pipeline/inputs/cifar_base/session_1_seeds_42_123/noise_all_families.json
cifar,sinusoidal,42,1456730185,0.05,0.07685639737047802,0.9975391105642466,analysis/v18_canonical_pipeline/inputs/cifar_base/session_1_seeds_42_123/noise_all_families.json
cifar,sinusoidal,42,1456730185,0.075,0.11849995260470868,0.9954297767621724,analysis/v18_canonical_pipeline/inputs/cifar_base/session_1_seeds_42_123/noise_all_families.json
cifar,sinusoidal,42,1456730185,0.1,0.1600718734399883,0.9899806644401475,analysis/v18_canonical_pipeline/inputs/cifar_base/session_1_seeds_42_123/noise_all_families.json
cifar,sinusoidal,42,1456730185,0.15,0.23508259216540006,0.9741606609245912,analysis/v18_canonical_pipeline/inputs/cifar_base/session_1_seeds_42_123/noise_all_families.json
cifar,sinusoidal,42,1456730185,0.2,0.2997090075230524,0.9470908771313059,analysis/v18_canonical_pipeline/inputs/cifar_base/session_1_seeds_42_123/noise_all_families.json
cifar,sinusoidal,42,1456730185,0.25,0.35767372046325524,0.9191422042538231,analysis/v18_canonical_pipeline/inputs/cifar_base/session_1_seeds_42_123/noise_all_families.json
cifar,sinusoidal,42,1763599044,0.01,0.014770703041862005,1.0001757778168394,analysis/v18_canonical_pipeline/inputs/cifar_base/session_1_seeds_42_123/noise_all_families.json
cifar,sinusoidal,42,1763599044,0.025,0.03722802429542682,0.9994726665494812,analysis/v18_canonical_pipeline/inputs/cifar_base/session_1_seeds_42_123/noise_all_families.json
cifar,sinusoidal,42,1763599044,0.05,0.0762470512972566,0.9956055545790119,analysis/v18_canonical_pipeline/inputs/cifar_base/session_1_seeds_42_123/noise_all_families.json
cifar,sinusoidal,42,1763599044,0.075,0.11720567257507014,0.9940235542274564,analysis/v18_canonical_pipeline/inputs/cifar_base/session_1_seeds_42_123/noise_all_families.json
cifar,sinusoidal,42,1763599044,0.1,0.15815056357877735,0.9883986640885919,analysis/v18_canonical_pipeline/inputs/cifar_base/session_1_seeds_42_123/noise_all_families.json
cifar,sinusoidal,42,1763599044,0.15,0.23247285302855947,0.971348215855159,analysis/v18_canonical_pipeline/inputs/cifar_base/session_1_seeds_42_123/noise_all_families.json
cifar,sinusoidal,42,1763599044,0.2,0.29572768735911775,0.9437510986113552,analysis/v18_canonical_pipeline/inputs/cifar_base/session_1_seeds_42_123/noise_all_families.json
cifar,sinusoidal,42,1763599044,0.25,0.35221182064442125,0.9161539813675513,analysis/v18_canonical_pipeline/inputs/cifar_base/session_1_seeds_42_123/noise_all_families.json
cifar,sinusoidal,42,299045659,0.01,0.015103326039424315,0.9982422218316046,analysis/v18_canonical_pipeline/inputs/cifar_base/session_1_seeds_42_123/noise_all_families.json
cifar,sinusoidal,42,299045659,0.025,0.03807460381024828,0.9985937774652837,analysis/v18_canonical_pipeline/inputs/cifar_base/session_1_seeds_42_123/noise_all_families.json
cifar,sinusoidal,42,299045659,0.05,0.0782149812192013,1.0012304447178766,analysis/v18_canonical_pipeline/inputs/cifar_base/session_1_seeds_42_123/noise_all_families.json
cifar,sinusoidal,42,299045659,0.075,0.12052681586399479,0.9984179996484441,analysis/v18_canonical_pipeline/inputs/cifar_base/session_1_seeds_42_123/noise_all_families.json
cifar,sinusoidal,42,299045659,0.1,0.16252627078853757,0.9889259975391104,analysis/v18_canonical_pipeline/inputs/cifar_base/session_1_seeds_42_123/noise_all_families.json
cifar,sinusoidal,42,299045659,0.15,0.23811162214396758,0.971348215855159,analysis/v18_canonical_pipeline/inputs/cifar_base/session_1_seeds_42_123/noise_all_families.json
cifar,sinusoidal,42,299045659,0.2,0.3028758227694299,0.9469150993144665,analysis/v18_canonical_pipeline/inputs/cifar_base/session_1_seeds_42_123/noise_all_families.json
cifar,sinusoidal,42,299045659,0.25,0.36086092902565486,0.9150993144665142,analysis/v18_canonical_pipeline/inputs/cifar_base/session_1_seeds_42_123/noise_all_families.json
cifar,sinusoidal,123,1129524128,0.01,0.01548437224241449,0.9983937176512583,analysis/v18_canonical_pipeline/inputs/cifar_base/session_1_seeds_42_123/noise_all_families.json
cifar,sinusoidal,123,1129524128,0.025,0.03898170879044885,0.9978582902016777,analysis/v18_canonical_pipeline/inputs/cifar_base/session_1_seeds_42_123/noise_all_families.json
cifar,sinusoidal,123,1129524128,0.05,0.07956957698815785,0.9983937176512583,analysis/v18_canonical_pipeline/inputs/cifar_base/session_1_seeds_42_123/noise_all_families.json
cifar,sinusoidal,123,1129524128,0.075,0.12183898834556543,0.993574870605033,analysis/v18_canonical_pipeline/inputs/cifar_base/session_1_seeds_42_123/noise_all_families.json
cifar,sinusoidal,123,1129524128,0.1,0.16398350645145868,0.988577547742281,analysis/v18_canonical_pipeline/inputs/cifar_base/session_1_seeds_42_123/noise_all_families.json
cifar,sinusoidal,123,1129524128,0.15,0.24020409120022465,0.9689452079243264,analysis/v18_canonical_pipeline/inputs/cifar_base/session_1_seeds_42_123/noise_all_families.json
cifar,sinusoidal,123,1129524128,0.2,0.30493760361471467,0.9436016419775121,analysis/v18_canonical_pipeline/inputs/cifar_base/session_1_seeds_42_123/noise_all_families.json
cifar,sinusoidal,123,1129524128,0.25,0.36212774508680406,0.9114759950026772,analysis/v18_canonical_pipeline/inputs/cifar_base/session_1_seeds_42_123/noise_all_families.json
cifar,sinusoidal,123,1618910425,0.01,0.015749130476549685,0.9996430483669463,analysis/v18_canonical_pipeline/inputs/cifar_base/session_1_seeds_42_123/noise_all_families.json
cifar,sinusoidal,123,1618910425,0.025,0.03949257086809336,0.9991076209173657,analysis/v18_canonical_pipeline/inputs/cifar_base/session_1_seeds_42_123/noise_all_families.json
cifar,sinusoidal,123,1618910425,0.05,0.08011916375814832,0.9989291451008389,analysis/v18_canonical_pipeline/inputs/cifar_base/session_1_seeds_42_123/noise_all_families.json
cifar,sinusoidal,123,1618910425,0.075,0.12211254964307607,0.9939318222380867,analysis/v18_canonical_pipeline/inputs/cifar_base/session_1_seeds_42_123/noise_all_families.json
cifar,sinusoidal,123,1618910425,0.1,0.1638546572488304,0.9889344993753347,analysis/v18_canonical_pipeline/inputs/cifar_base/session_1_seeds_42_123/noise_all_families.json
cifar,sinusoidal,123,1618910425,0.15,0.24027400929868958,0.9764411922184545,analysis/v18_canonical_pipeline/inputs/cifar_base/session_1_seeds_42_123/noise_all_families.json
cifar,sinusoidal,123,1618910425,0.2,0.3056323801095502,0.9528823844369088,analysis/v18_canonical_pipeline/inputs/cifar_base/session_1_seeds_42_123/noise_all_families.json
cifar,sinusoidal,123,1618910425,0.25,0.3634046214242927,0.9200428341959664,analysis/v18_canonical_pipeline/inputs/cifar_base/session_1_seeds_42_123/noise_all_families.json
cifar,sinusoidal,123,179672207,0.01,0.015014437135459255,0.9994645725504194,analysis/v18_canonical_pipeline/inputs/cifar_base/session_1_seeds_42_123/noise_all_families.json
cifar,sinusoidal,123,179672207,0.025,0.03785169863632968,0.9989291451008389,analysis/v18_canonical_pipeline/inputs/cifar_base/session_1_seeds_42_123/noise_all_families.json
cifar,sinusoidal,123,179672207,0.05,0.07739562719512362,0.9937533464215599,analysis/v18_canonical_pipeline/inputs/cifar_base/session_1_seeds_42_123/noise_all_families.json
cifar,sinusoidal,123,179672207,0.075,0.11868031949573926,0.9921470640728182,analysis/v18_canonical_pipeline/inputs/cifar_base/session_1_seeds_42_123/noise_all_families.json
cifar,sinusoidal,123,179672207,0.1,0.16007787174491064,0.9878636444761736,analysis/v18_canonical_pipeline/inputs/cifar_base/session_1_seeds_42_123/noise_all_families.json
cifar,sinusoidal,123,179672207,0.15,0.23591770748298438,0.9701945386400144,analysis/v18_canonical_pipeline/inputs/cifar_base/session_1_seeds_42_123/noise_all_families.json
cifar,sinusoidal,123,179672207,0.2,0.30095994456507014,0.9455648759593075,analysis/v18_canonical_pipeline/inputs/cifar_base/session_1_seeds_42_123/noise_all_families.json
cifar,sinusoidal,123,179672207,0.25,0.3585289581466211,0.9182580760306979,analysis/v18_canonical_pipeline/inputs/cifar_base/session_1_seeds_42_123/noise_all_families.json
cifar,sinusoidal,123,193161432,0.01,0.015048705236518765,0.9994645725504194,analysis/v18_canonical_pipeline/inputs/cifar_base/session_1_seeds_42_123/noise_all_families.json
cifar,sinusoidal,123,193161432,0.025,0.037862506982091565,1.0,analysis/v18_canonical_pipeline/inputs/cifar_base/session_1_seeds_42_123/noise_all_families.json
cifar,sinusoidal,123,193161432,0.05,0.07719901983336536,0.9980367660182046,analysis/v18_canonical_pipeline/inputs/cifar_base/session_1_seeds_42_123/noise_all_families.json
cifar,sinusoidal,123,193161432,0.075,0.11827370078436843,0.9967874353025166,analysis/v18_canonical_pipeline/inputs/cifar_base/session_1_seeds_42_123/noise_all_families.json
cifar,sinusoidal,123,193161432,0.1,0.15978987009342305,0.9925040157058719,analysis/v18_canonical_pipeline/inputs/cifar_base/session_1_seeds_42_123/noise_all_families.json
cifar,sinusoidal,123,193161432,0.15,0.23647753241045544,0.9759057647688739,analysis/v18_canonical_pipeline/inputs/cifar_base/session_1_seeds_42_123/noise_all_families.json
cifar,sinusoidal,123,193161432,0.2,0.30203265642530663,0.957879707299661,analysis/v18_canonical_pipeline/inputs/cifar_base/session_1_seeds_42_123/noise_all_families.json
cifar,sinusoidal,123,193161432,0.25,0.3600432941425491,0.9330715688024274,analysis/v18_canonical_pipeline/inputs/cifar_base/session_1_seeds_42_123/noise_all_families.json
cifar,sinusoidal,123,1322018208,0.01,0.015847341474961318,0.9998215241834731,analysis/v18_canonical_pipeline/inputs/cifar_base/session_1_seeds_42_123/noise_all_families.json
cifar,sinusoidal,123,1322018208,0.025,0.03977256714497838,1.0010708548991611,analysis/v18_canonical_pipeline/inputs/cifar_base/session_1_seeds_42_123/noise_all_families.json
cifar,sinusoidal,123,1322018208,0.05,0.0806239353774399,0.996252007852936,analysis/v18_canonical_pipeline/inputs/cifar_base/session_1_seeds_42_123/noise_all_families.json
cifar,sinusoidal,123,1322018208,0.075,0.12262820294952674,0.9939318222380867,analysis/v18_canonical_pipeline/inputs/cifar_base/session_1_seeds_42_123/noise_all_families.json
cifar,sinusoidal,123,1322018208,0.1,0.1644363220570113,0.988577547742281,analysis/v18_canonical_pipeline/inputs/cifar_base/session_1_seeds_42_123/noise_all_families.json
cifar,sinusoidal,123,1322018208,0.15,0.24173674797714656,0.9773335713010888,analysis/v18_canonical_pipeline/inputs/cifar_base/session_1_seeds_42_123/noise_all_families.json
cifar,sinusoidal,123,1322018208,0.2,0.30820985435999726,0.9557379975013386,analysis/v18_canonical_pipeline/inputs/cifar_base/session_1_seeds_42_123/noise_all_families.json
cifar,sinusoidal,123,1322018208,0.25,0.36650952034384787,0.9271818668570408,analysis/v18_canonical_pipeline/inputs/cifar_base/session_1_seeds_42_123/noise_all_families.json
cifar,sinusoidal,123,1910794309,0.01,0.015746660514997433,0.998750669284312,analysis/v18_canonical_pipeline/inputs/cifar_base/session_1_seeds_42_123/noise_all_families.json
cifar,sinusoidal,123,1910794309,0.025,0.039607842547810884,0.9973228627520971,analysis/v18_canonical_pipeline/inputs/cifar_base/session_1_seeds_42_123/noise_all_families.json
cifar,sinusoidal,123,1910794309,0.05,0.08080341190758752,0.9978582902016777,analysis/v18_canonical_pipeline/inputs/cifar_base/session_1_seeds_42_123/noise_all_families.json
cifar,sinusoidal,123,1910794309,0.075,0.12358153306865462,0.994824201320721,analysis/v18_canonical_pipeline/inputs/cifar_base/session_1_seeds_42_123/noise_all_families.json
cifar,sinusoidal,123,1910794309,0.1,0.16607038309295966,0.991076209173657,analysis/v18_canonical_pipeline/inputs/cifar_base/session_1_seeds_42_123/noise_all_families.json
cifar,sinusoidal,123,1910794309,0.15,0.24256488003879242,0.9755488131358202,analysis/v18_canonical_pipeline/inputs/cifar_base/session_1_seeds_42_123/noise_all_families.json
cifar,sinusoidal,123,1910794309,0.2,0.30699716721928033,0.9505621988220596,analysis/v18_canonical_pipeline/inputs/cifar_base/session_1_seeds_42_123/noise_all_families.json
cifar,sinusoidal,123,1910794309,0.25,0.36364005329132526,0.9209352132786008,analysis/v18_canonical_pipeline/inputs/cifar_base/session_1_seeds_42_123/noise_all_families.json
cifar,sinusoidal,123,1432882998,0.01,0.014676668845114758,1.0008923790826343,analysis/v18_canonical_pipeline/inputs/cifar_base/session_1_seeds_42_123/noise_all_families.json
cifar,sinusoidal,123,1432882998,0.025,0.03696138135786367,1.0003569516330537,analysis/v18_canonical_pipeline/inputs/cifar_base/session_1_seeds_42_123/noise_all_families.json
cifar,sinusoidal,123,1432882998,0.05,0.07561737542875034,0.9969659111190434,analysis/v18_canonical_pipeline/inputs/cifar_base/session_1_seeds_42_123/noise_all_families.json
cifar,sinusoidal,123,1432882998,0.075,0.11622168395081714,0.993574870605033,analysis/v18_canonical_pipeline/inputs/cifar_base/session_1_seeds_42_123/noise_all_families.json
cifar,sinusoidal,123,1432882998,0.1,0.15716934178103265,0.989826878457969,analysis/v18_canonical_pipeline/inputs/cifar_base/session_1_seeds_42_123/noise_all_families.json
cifar,sinusoidal,123,1432882998,0.15,0.2326146561336285,0.9764411922184545,analysis/v18_canonical_pipeline/inputs/cifar_base/session_1_seeds_42_123/noise_all_families.json
cifar,sinusoidal,123,1432882998,0.2,0.2971149895678792,0.9573442798500804,analysis/v18_canonical_pipeline/inputs/cifar_base/session_1_seeds_42_123/noise_all_families.json
cifar,sinusoidal,123,1432882998,0.25,0.35404160668284895,0.9293235766553632,analysis/v18_canonical_pipeline/inputs/cifar_base/session_1_seeds_42_123/noise_all_families.json
cifar,sinusoidal,123,4050907,0.01,0.014883275092373935,0.9998215241834731,analysis/v18_canonical_pipeline/inputs/cifar_base/session_1_seeds_42_123/noise_all_families.json
cifar,sinusoidal,123,4050907,0.025,0.037468157030021834,0.9989291451008389,analysis/v18_canonical_pipeline/inputs/cifar_base/session_1_seeds_42_123/noise_all_families.json
cifar,sinusoidal,123,4050907,0.05,0.07655046133450709,0.9969659111190434,analysis/v18_canonical_pipeline/inputs/cifar_base/session_1_seeds_42_123/noise_all_families.json
cifar,sinusoidal,123,4050907,0.075,0.117436372205604,0.9971443869355703,analysis/v18_canonical_pipeline/inputs/cifar_base/session_1_seeds_42_123/noise_all_families.json
cifar,sinusoidal,123,4050907,0.1,0.15856002357445032,0.9926824915223987,analysis/v18_canonical_pipeline/inputs/cifar_base/session_1_seeds_42_123/noise_all_families.json
cifar,sinusoidal,123,4050907,0.15,0.23409334690841563,0.9742994824201322,analysis/v18_canonical_pipeline/inputs/cifar_base/session_1_seeds_42_123/noise_all_families.json
cifar,sinusoidal,123,4050907,0.2,0.29832314914214525,0.9516330537212208,analysis/v18_canonical_pipeline/inputs/cifar_base/session_1_seeds_42_123/noise_all_families.json
cifar,sinusoidal,123,4050907,0.25,0.35487806276377104,0.9291451008388363,analysis/v18_canonical_pipeline/inputs/cifar_base/session_1_seeds_42_123/noise_all_families.json
cifar,sinusoidal,123,815771577,0.01,0.015488883864090577,0.9985721934677851,analysis/v18_canonical_pipeline/inputs/cifar_base/session_1_seeds_42_123/noise_all_families.json
cifar,sinusoidal,123,815771577,0.025,0.03898679716191283,0.9978582902016777,analysis/v18_canonical_pipeline/inputs/cifar_base/session_1_seeds_42_123/noise_all_families.json
cifar,sinusoidal,123,815771577,0.05,0.07954568336330643,0.9978582902016777,analysis/v18_canonical_pipeline/inputs/cifar_base/session_1_seeds_42_123/noise_all_families.json
cifar,sinusoidal,123,815771577,0.075,0.12190793946147693,0.9950026771372479,analysis/v18_canonical_pipeline/inputs/cifar_base/session_1_seeds_42_123/noise_all_families.json
cifar,sinusoidal,123,815771577,0.1,0.1643244968806273,0.9926824915223987,analysis/v18_canonical_pipeline/inputs/cifar_base/session_1_seeds_42_123/noise_all_families.json
cifar,sinusoidal,123,815771577,0.15,0.24116962341269227,0.9776905229341425,analysis/v18_canonical_pipeline/inputs/cifar_base/session_1_seeds_42_123/noise_all_families.json
cifar,sinusoidal,123,815771577,0.2,0.3064731686258377,0.9607353203640907,analysis/v18_canonical_pipeline/inputs/cifar_base/session_1_seeds_42_123/noise_all_families.json
cifar,sinusoidal,123,815771577,0.25,0.36409984142114304,0.9337854720685348,analysis/v18_canonical_pipeline/inputs/cifar_base/session_1_seeds_42_123/noise_all_families.json
cifar,sinusoidal,123,1821774437,0.01,0.01489437117906047,0.9998215241834731,analysis/v18_canonical_pipeline/inputs/cifar_base/session_1_seeds_42_123/noise_all_families.json
cifar,sinusoidal,123,1821774437,0.025,0.037425872169921,1.0003569516330537,analysis/v18_canonical_pipeline/inputs/cifar_base/session_1_seeds_42_123/noise_all_families.json
cifar,sinusoidal,123,1821774437,0.05,0.0762533026181165,0.9953596287703016,analysis/v18_canonical_pipeline/inputs/cifar_base/session_1_seeds_42_123/noise_all_families.json
cifar,sinusoidal,123,1821774437,0.075,0.11681832377098328,0.994824201320721,analysis/v18_canonical_pipeline/inputs/cifar_base/session_1_seeds_42_123/noise_all_families.json
cifar,sinusoidal,123,1821774437,0.1,0.1575385577510154,0.9928609673389256,analysis/v18_canonical_pipeline/inputs/cifar_base/session_1_seeds_42_123/noise_all_families.json
cifar,sinusoidal,123,1821774437,0.15,0.2318036836636513,0.9791183294663574,analysis/v18_canonical_pipeline/inputs/cifar_base/session_1_seeds_42_123/noise_all_families.json
cifar,sinusoidal,123,1821774437,0.2,0.2954350326327953,0.959129038015349,analysis/v18_canonical_pipeline/inputs/cifar_base/session_1_seeds_42_123/noise_all_families.json
cifar,sinusoidal,123,1821774437,0.25,0.35215421579207934,0.9346778511511691,analysis/v18_canonical_pipeline/inputs/cifar_base/session_1_seeds_42_123/noise_all_families.json
cifar,rope,42,1712846226,0.025,0.02422797946255806,0.9985427461139896,analysis/v18_canonical_pipeline/inputs/cifar_base/session_1_seeds_42_123/noise_all_families.json
cifar,rope,42,1712846226,0.05,0.04847995645452326,0.9978950777202072,analysis/v18_canonical_pipeline/inputs/cifar_base/session_1_seeds_42_123/noise_all_families.json
cifar,rope,42,1712846226,0.1,0.09715041404332775,0.9941709844559585,analysis/v18_canonical_pipeline/inputs/cifar_base/session_1_seeds_42_123/noise_all_families.json
cifar,rope,42,1712846226,0.2,0.1956027801467755,0.98639896373057,analysis/v18_canonical_pipeline/inputs/cifar_base/session_1_seeds_42_123/noise_all_families.json
cifar,rope,42,1712846226,0.3,0.2959556550908071,0.9614637305699482,analysis/v18_canonical_pipeline/inputs/cifar_base/session_1_seeds_42_123/noise_all_families.json
cifar,rope,42,1712846226,0.4,0.3973719601516778,0.9230893782383421,analysis/v18_canonical_pipeline/inputs/cifar_base/session_1_seeds_42_123/noise_all_families.json
cifar,rope,42,1712846226,0.5,0.4977755620934753,0.8552461139896373,analysis/v18_canonical_pipeline/inputs/cifar_base/session_1_seeds_42_123/noise_all_families.json
cifar,rope,42,2059244268,0.025,0.02632859330230797,0.9995142487046632,analysis/v18_canonical_pipeline/inputs/cifar_base/session_1_seeds_42_123/noise_all_families.json
cifar,rope,42,2059244268,0.05,0.05267245201162509,1.0003238341968912,analysis/v18_canonical_pipeline/inputs/cifar_base/session_1_seeds_42_123/noise_all_families.json
cifar,rope,42,2059244268,0.1,0.1054314150532497,0.999190414507772,analysis/v18_canonical_pipeline/inputs/cifar_base/session_1_seeds_42_123/noise_all_families.json
cifar,rope,42,2059244268,0.2,0.21122247704645122,0.9914183937823835,analysis/v18_canonical_pipeline/inputs/cifar_base/session_1_seeds_42_123/noise_all_families.json
cifar,rope,42,2059244268,0.3,0.3171029067506069,0.9721502590673576,analysis/v18_canonical_pipeline/inputs/cifar_base/session_1_seeds_42_123/noise_all_families.json
cifar,rope,42,2059244268,0.4,0.422054623537718,0.9365284974093265,analysis/v18_canonical_pipeline/inputs/cifar_base/session_1_seeds_42_123/noise_all_families.json
cifar,rope,42,2059244268,0.5,0.5243920756104212,0.8852007772020727,analysis/v18_canonical_pipeline/inputs/cifar_base/session_1_seeds_42_123/noise_all_families.json
cifar,rope,42,325141848,0.025,0.02457871183131719,1.0006476683937824,analysis/v18_canonical_pipeline/inputs/cifar_base/session_1_seeds_42_123/noise_all_families.json
cifar,rope,42,325141848,0.05,0.0491852467928616,1.0001619170984455,analysis/v18_canonical_pipeline/inputs/cifar_base/session_1_seeds_42_123/noise_all_families.json
cifar,rope,42,325141848,0.1,0.09857386779858487,0.997571243523316,analysis/v18_canonical_pipeline/inputs/cifar_base/session_1_seeds_42_123/noise_all_families.json
cifar,rope,42,325141848,0.2,0.19824239214113457,0.9899611398963731,analysis/v18_canonical_pipeline/inputs/cifar_base/session_1_seeds_42_123/noise_all_families.json
cifar,rope,42,325141848,0.3,0.29876908673923014,0.9794365284974094,analysis/v18_canonical_pipeline/inputs/cifar_base/session_1_seeds_42_123/noise_all_families.json
cifar,rope,42,325141848,0.4,0.3992349379134565,0.9601683937823834,analysis/v18_canonical_pipeline/inputs/cifar_base/session_1_seeds_42_123/noise_all_families.json
cifar,rope,42,325141848,0.5,0.49825469539853706,0.9290803108808291,analysis/v18_canonical_pipeline/inputs/cifar_base/session_1_seeds_42_123/noise_all_families.json
cifar,rope,42,366946340,0.025,0.025173502070910642,0.9995142487046632,analysis/v18_canonical_pipeline/inputs/cifar_base/session_1_seeds_42_123/noise_all_families.json
cifar,rope,42,366946340,0.05,0.050350601576461554,0.9988665803108808,analysis/v18_canonical_pipeline/inputs/cifar_base/session_1_seeds_42_123/noise_all_families.json
cifar,rope,42,366946340,0.1,0.1008011090119985,0.9977331606217616,analysis/v18_canonical_pipeline/inputs/cifar_base/session_1_seeds_42_123/noise_all_families.json
cifar,rope,42,366946340,0.2,0.20236129967796873,0.9919041450777203,analysis/v18_canonical_pipeline/inputs/cifar_base/session_1_seeds_42_123/noise_all_families.json
cifar,rope,42,366946340,0.3,0.30472375674948715,0.9778173575129535,analysis/v18_canonical_pipeline/inputs/cifar_base/session_1_seeds_42_123/noise_all_families.json
cifar,rope,42,366946340,0.4,0.406794413761091,0.9519106217616581,analysis/v18_canonical_pipeline/inputs/cifar_base/session_1_seeds_42_123/noise_all_families.json
cifar,rope,42,366946340,0.5,0.5065734570466616,0.9180699481865284,analysis/v18_canonical_pipeline/inputs/cifar_base/session_1_seeds_42_123/noise_all_families.json
cifar,rope,42,342173717,0.025,0.024430932164661242,0.999190414507772,analysis/v18_canonical_pipeline/inputs/cifar_base/session_1_seeds_42_123/noise_all_families.json
cifar,rope,42,342173717,0.05,0.0488685028909201,0.9974093264248705,analysis/v18_canonical_pipeline/inputs/cifar_base/session_1_seeds_42_123/noise_all_families.json
cifar,rope,42,342173717,0.1,0.0978645694119714,0.9940090673575129,analysis/v18_canonical_pipeline/inputs/cifar_base/session_1_seeds_42_123/noise_all_families.json
cifar,rope,42,342173717,0.2,0.1967567032018457,0.9885038860103628,analysis/v18_canonical_pipeline/inputs/cifar_base/session_1_seeds_42_123/noise_all_families.json
cifar,rope,42,342173717,0.3,0.2969793074125263,0.9739313471502592,analysis/v18_canonical_pipeline/inputs/cifar_base/session_1_seeds_42_123/noise_all_families.json
cifar,rope,42,342173717,0.4,0.3977315618045908,0.9425194300518135,analysis/v18_canonical_pipeline/inputs/cifar_base/session_1_seeds_42_123/noise_all_families.json
cifar,rope,42,342173717,0.5,0.4974448278910081,0.89264896373057,analysis/v18_canonical_pipeline/inputs/cifar_base/session_1_seeds_42_123/noise_all_families.json
cifar,rope,42,780632440,0.025,0.025054200770422707,1.0001619170984455,analysis/v18_canonical_pipeline/inputs/cifar_base/session_1_seeds_42_123/noise_all_families.json
cifar,rope,42,780632440,0.05,0.05012246706467821,0.9998380829015544,analysis/v18_canonical_pipeline/inputs/cifar_base/session_1_seeds_42_123/noise_all_families.json
cifar,rope,42,780632440,0.1,0.10038049485871198,0.9978950777202072,analysis/v18_canonical_pipeline/inputs/cifar_base/session_1_seeds_42_123/noise_all_families.json
cifar,rope,42,780632440,0.2,0.20165299245283083,0.9925518134715027,analysis/v18_canonical_pipeline/inputs/cifar_base/session_1_seeds_42_123/noise_all_families.json
cifar,rope,42,780632440,0.3,0.3039658029802688,0.9783031088082903,analysis/v18_canonical_pipeline/inputs/cifar_base/session_1_seeds_42_123/noise_all_families.json
cifar,rope,42,780632440,0.4,0.40647171457084363,0.9514248704663213,analysis/v18_canonical_pipeline/inputs/cifar_base/session_1_seeds_42_123/noise_all_families.json
cifar,rope,42,780632440,0.5,0.5070829156625394,0.9094883419689119,analysis/v18_canonical_pipeline/inputs/cifar_base/session_1_seeds_42_123/noise_all_families.json
cifar,rope,42,460493296,0.025,0.024514601576544986,1.001133419689119,analysis/v18_canonical_pipeline/inputs/cifar_base/session_1_seeds_42_123/noise_all_families.json
cifar,rope,42,460493296,0.05,0.049075394623511834,1.0001619170984455,analysis/v18_canonical_pipeline/inputs/cifar_base/session_1_seeds_42_123/noise_all_families.json
cifar,rope,42,460493296,0.1,0.09839968619144057,0.9969235751295337,analysis/v18_canonical_pipeline/inputs/cifar_base/session_1_seeds_42_123/noise_all_families.json
cifar,rope,42,460493296,0.2,0.1979001110614603,0.9915803108808291,analysis/v18_canonical_pipeline/inputs/cifar_base/session_1_seeds_42_123/noise_all_families.json
cifar,rope,42,460493296,0.3,0.29838598614952744,0.9768458549222799,analysis/v18_canonical_pipeline/inputs/cifar_base/session_1_seeds_42_123/noise_all_families.json
cifar,rope,42,460493296,0.4,0.39924303086286167,0.9511010362694301,analysis/v18_canonical_pipeline/inputs/cifar_base/session_1_seeds_42_123/noise_all_families.json
cifar,rope,42,460493296,0.5,0.49897989779096724,0.9124028497409327,analysis/v18_canonical_pipeline/inputs/cifar_base/session_1_seeds_42_123/noise_all_families.json
cifar,rope,42,1456730185,0.025,0.025886613521401515,1.0003238341968912,analysis/v18_canonical_pipeline/inputs/cifar_base/session_1_seeds_42_123/noise_all_families.json
cifar,rope,42,1456730185,0.05,0.05179926311374784,0.9995142487046632,analysis/v18_canonical_pipeline/inputs/cifar_base/session_1_seeds_42_123/noise_all_families.json
cifar,rope,42,1456730185,0.1,0.10378795286921637,0.9980569948186528,analysis/v18_canonical_pipeline/inputs/cifar_base/session_1_seeds_42_123/noise_all_families.json
cifar,rope,42,1456730185,0.2,0.2085244824595347,0.9893134715025907,analysis/v18_canonical_pipeline/inputs/cifar_base/session_1_seeds_42_123/noise_all_families.json
cifar,rope,42,1456730185,0.3,0.3134386108952871,0.9774935233160623,analysis/v18_canonical_pipeline/inputs/cifar_base/session_1_seeds_42_123/noise_all_families.json
cifar,rope,42,1456730185,0.4,0.41741431374525184,0.9561204663212435,analysis/v18_canonical_pipeline/inputs/cifar_base/session_1_seeds_42_123/noise_all_families.json
cifar,rope,42,1456730185,0.5,0.5190382362086072,0.91985103626943,analysis/v18_canonical_pipeline/inputs/cifar_base/session_1_seeds_42_123/noise_all_families.json
cifar,rope,42,1763599044,0.025,0.024873410321751478,0.999190414507772,analysis/v18_canonical_pipeline/inputs/cifar_base/session_1_seeds_42_123/noise_all_families.json
cifar,rope,42,1763599044,0.05,0.04972949368519667,0.9985427461139896,analysis/v18_canonical_pipeline/inputs/cifar_base/session_1_seeds_42_123/noise_all_families.json
cifar,rope,42,1763599044,0.1,0.09949493034993905,0.9965997409326425,analysis/v18_canonical_pipeline/inputs/cifar_base/session_1_seeds_42_123/noise_all_families.json
cifar,rope,42,1763599044,0.2,0.19967882713730759,0.9899611398963731,analysis/v18_canonical_pipeline/inputs/cifar_base/session_1_seeds_42_123/noise_all_families.json
cifar,rope,42,1763599044,0.3,0.300836110007348,0.9776554404145079,analysis/v18_canonical_pipeline/inputs/cifar_base/session_1_seeds_42_123/noise_all_families.json
cifar,rope,42,1763599044,0.4,0.40219349808200405,0.9566062176165803,analysis/v18_canonical_pipeline/inputs/cifar_base/session_1_seeds_42_123/noise_all_families.json
cifar,rope,42,1763599044,0.5,0.5022002625159602,0.918231865284974,analysis/v18_canonical_pipeline/inputs/cifar_base/session_1_seeds_42_123/noise_all_families.json
cifar,rope,42,299045659,0.025,0.02621624931130817,1.0004857512953367,analysis/v18_canonical_pipeline/inputs/cifar_base/session_1_seeds_42_123/noise_all_families.json
cifar,rope,42,299045659,0.05,0.0524538293894895,1.0004857512953367,analysis/v18_canonical_pipeline/inputs/cifar_base/session_1_seeds_42_123/noise_all_families.json
cifar,rope,42,299045659,0.1,0.10508217480420709,0.9985427461139896,analysis/v18_canonical_pipeline/inputs/cifar_base/session_1_seeds_42_123/noise_all_families.json
cifar,rope,42,299045659,0.2,0.21130918075289198,0.993199481865285,analysis/v18_canonical_pipeline/inputs/cifar_base/session_1_seeds_42_123/noise_all_families.json
cifar,rope,42,299045659,0.3,0.31834734738286596,0.9836463730569949,analysis/v18_canonical_pipeline/inputs/cifar_base/session_1_seeds_42_123/noise_all_families.json
cifar,rope,42,299045659,0.4,0.42435171039974345,0.9600064766839378,analysis/v18_canonical_pipeline/inputs/cifar_base/session_1_seeds_42_123/noise_all_families.json
cifar,rope,42,299045659,0.5,0.527536550290673,0.9238989637305701,analysis/v18_canonical_pipeline/inputs/cifar_base/session_1_seeds_42_123/noise_all_families.json
cifar,rope,123,1129524128,0.025,0.023855420320206672,0.999515503875969,analysis/v18_canonical_pipeline/inputs/cifar_base/session_1_seeds_42_123/noise_all_families.json
cifar,rope,123,1129524128,0.05,0.04771022427099229,0.9991925064599483,analysis/v18_canonical_pipeline/inputs/cifar_base/session_1_seeds_42_123/noise_all_families.json
cifar,rope,123,1129524128,0.1,0.09554245458854026,0.9964470284237726,analysis/v18_canonical_pipeline/inputs/cifar_base/session_1_seeds_42_123/noise_all_families.json
cifar,rope,123,1129524128,0.2,0.1922667358709808,0.9843346253229975,analysis/v18_canonical_pipeline/inputs/cifar_base/session_1_seeds_42_123/noise_all_families.json
cifar,rope,123,1129524128,0.3,0.2905225318685996,0.9630167958656333,analysis/v18_canonical_pipeline/inputs/cifar_base/session_1_seeds_42_123/noise_all_families.json
cifar,rope,123,1129524128,0.4,0.3896239181849827,0.9379844961240311,analysis/v18_canonical_pipeline/inputs/cifar_base/session_1_seeds_42_123/noise_all_families.json
cifar,rope,123,1129524128,0.5,0.48837073419937693,0.8851744186046513,analysis/v18_canonical_pipeline/inputs/cifar_base/session_1_seeds_42_123/noise_all_families.json
cifar,rope,123,1618910425,0.025,0.022856688252746248,0.9991925064599483,analysis/v18_canonical_pipeline/inputs/cifar_base/session_1_seeds_42_123/noise_all_families.json
cifar,rope,123,1618910425,0.05,0.04573669075105183,1.0001614987080103,analysis/v18_canonical_pipeline/inputs/cifar_base/session_1_seeds_42_123/noise_all_families.json
cifar,rope,123,1618910425,0.1,0.09169105805903144,0.9977390180878553,analysis/v18_canonical_pipeline/inputs/cifar_base/session_1_seeds_42_123/noise_all_families.json
cifar,rope,123,1618910425,0.2,0.18505687242248398,0.9919250645994833,analysis/v18_canonical_pipeline/inputs/cifar_base/session_1_seeds_42_123/noise_all_families.json
cifar,rope,123,1618910425,0.3,0.2808508725443246,0.9825581395348838,analysis/v18_canonical_pipeline/inputs/cifar_base/session_1_seeds_42_123/noise_all_families.json
cifar,rope,123,1618910425,0.4,0.3783922485475943,0.9643087855297159,analysis/v18_canonical_pipeline/inputs/cifar_base/session_1_seeds_42_123/noise_all_families.json
cifar,rope,123,1618910425,0.5,0.47620810825834997,0.9386304909560724,analysis/v18_canonical_pipeline/inputs/cifar_base/session_1_seeds_42_123/noise_all_families.json
cifar,rope,123,179672207,0.025,0.0227166602915979,1.000484496124031,analysis/v18_canonical_pipeline/inputs/cifar_base/session_1_seeds_42_123/noise_all_families.json
cifar,rope,123,179672207,0.05,0.045463322641631124,0.9998385012919897,analysis/v18_canonical_pipeline/inputs/cifar_base/session_1_seeds_42_123/noise_all_families.json
cifar,rope,123,179672207,0.1,0.09115218217156222,0.9979005167958657,analysis/v18_canonical_pipeline/inputs/cifar_base/session_1_seeds_42_123/noise_all_families.json
cifar,rope,123,179672207,0.2,0.18380610584417945,0.9888565891472869,analysis/v18_canonical_pipeline/inputs/cifar_base/session_1_seeds_42_123/noise_all_families.json
cifar,rope,123,179672207,0.3,0.2784762736542806,0.9790051679586564,analysis/v18_canonical_pipeline/inputs/cifar_base/session_1_seeds_42_123/noise_all_families.json
cifar,rope,123,179672207,0.4,0.37465291867370176,0.9554263565891473,analysis/v18_canonical_pipeline/inputs/cifar_base/session_1_seeds_42_123/noise_all_families.json
cifar,rope,123,179672207,0.5,0.47101624734025094,0.921996124031008,analysis/v18_canonical_pipeline/inputs/cifar_base/session_1_seeds_42_123/noise_all_families.json
cifar,rope,123,193161432,0.025,0.023852437287810203,0.9991925064599483,analysis/v18_canonical_pipeline/inputs/cifar_base/session_1_seeds_42_123/noise_all_families.json
cifar,rope,123,193161432,0.05,0.04771131175180499,1.0008074935400517,analysis/v18_canonical_pipeline/inputs/cifar_base/session_1_seeds_42_123/noise_all_families.json
cifar,rope,123,193161432,0.1,0.09557497006894758,0.9987080103359173,analysis/v18_canonical_pipeline/inputs/cifar_base/session_1_seeds_42_123/noise_all_families.json
cifar,rope,123,193161432,0.2,0.19254668817734036,0.9912790697674418,analysis/v18_canonical_pipeline/inputs/cifar_base/session_1_seeds_42_123/noise_all_families.json
cifar,rope,123,193161432,0.3,0.29174583922990494,0.9767441860465117,analysis/v18_canonical_pipeline/inputs/cifar_base/session_1_seeds_42_123/noise_all_families.json
cifar,rope,123,193161432,0.4,0.39250970659312734,0.9505813953488372,analysis/v18_canonical_pipeline/inputs/cifar_base/session_1_seeds_42_123/noise_all_families.json
cifar,rope,123,193161432,0.5,0.4929940062920653,0.9179586563307494,analysis/v18_canonical_pipeline/inputs/cifar_base/session_1_seeds_42_123/noise_all_families.json
cifar,rope,123,1322018208,0.025,0.023498731183214456,0.9987080103359173,analysis/v18_canonical_pipeline/inputs/cifar_base/session_1_seeds_42_123/noise_all_families.json
cifar,rope,123,1322018208,0.05,0.047042947656904345,0.9962855297157623,analysis/v18_canonical_pipeline/inputs/cifar_base/session_1_seeds_42_123/noise_all_families.json
cifar,rope,123,1322018208,0.1,0.09439164966975255,0.9937015503875969,analysis/v18_canonical_pipeline/inputs/cifar_base/session_1_seeds_42_123/noise_all_families.json
cifar,rope,123,1322018208,0.2,0.19059958619208334,0.9857881136950905,analysis/v18_canonical_pipeline/inputs/cifar_base/session_1_seeds_42_123/noise_all_families.json
cifar,rope,123,1322018208,0.3,0.2886202963762457,0.9723837209302327,analysis/v18_canonical_pipeline/inputs/cifar_base/session_1_seeds_42_123/noise_all_families.json
cifar,rope,123,1322018208,0.4,0.3870797542024092,0.9476744186046512,analysis/v18_canonical_pipeline/inputs/cifar_base/session_1_seeds_42_123/noise_all_families.json
cifar,rope,123,1322018208,0.5,0.4843607467089273,0.9068152454780362,analysis/v18_canonical_pipeline/inputs/cifar_base/session_1_seeds_42_123/noise_all_families.json
cifar,rope,123,1910794309,0.025,0.023141470470440156,0.9991925064599483,analysis/v18_canonical_pipeline/inputs/cifar_base/session_1_seeds_42_123/noise_all_families.json
cifar,rope,123,1910794309,0.05,0.04627925681417824,0.9988695090439277,analysis/v18_canonical_pipeline/inputs/cifar_base/session_1_seeds_42_123/noise_all_families.json
cifar,rope,123,1910794309,0.1,0.09269780030698102,0.997577519379845,analysis/v18_canonical_pipeline/inputs/cifar_base/session_1_seeds_42_123/noise_all_families.json
cifar,rope,123,1910794309,0.2,0.18679509128567695,0.9912790697674418,analysis/v18_canonical_pipeline/inputs/cifar_base/session_1_seeds_42_123/noise_all_families.json
cifar,rope,123,1910794309,0.3,0.2831447189985382,0.9788436692506461,analysis/v18_canonical_pipeline/inputs/cifar_base/session_1_seeds_42_123/noise_all_families.json
cifar,rope,123,1910794309,0.4,0.38127866357643314,0.9546188630490956,analysis/v18_canonical_pipeline/inputs/cifar_base/session_1_seeds_42_123/noise_all_families.json
cifar,rope,123,1910794309,0.5,0.4800613702343476,0.9213501291989665,analysis/v18_canonical_pipeline/inputs/cifar_base/session_1_seeds_42_123/noise_all_families.json
cifar,rope,123,1432882998,0.025,0.02470089930351197,0.9998385012919897,analysis/v18_canonical_pipeline/inputs/cifar_base/session_1_seeds_42_123/noise_all_families.json
cifar,rope,123,1432882998,0.05,0.049410428108526805,0.9991925064599483,analysis/v18_canonical_pipeline/inputs/cifar_base/session_1_seeds_42_123/noise_all_families.json
cifar,rope,123,1432882998,0.1,0.09898931304711023,0.9987080103359173,analysis/v18_canonical_pipeline/inputs/cifar_base/session_1_seeds_42_123/noise_all_families.json
cifar,rope,123,1432882998,0.2,0.19900697459301692,0.9869186046511629,analysis/v18_canonical_pipeline/inputs/cifar_base/session_1_seeds_42_123/noise_all_families.json
cifar,rope,123,1432882998,0.3,0.29969716181354805,0.970607235142119,analysis/v18_canonical_pipeline/inputs/cifar_base/session_1_seeds_42_123/noise_all_families.json
cifar,rope,123,1432882998,0.4,0.40059760861734145,0.9384689922480621,analysis/v18_canonical_pipeline/inputs/cifar_base/session_1_seeds_42_123/noise_all_families.json
cifar,rope,123,1432882998,0.5,0.499800815238223,0.9026162790697675,analysis/v18_canonical_pipeline/inputs/cifar_base/session_1_seeds_42_123/noise_all_families.json
cifar,rope,123,4050907,0.025,0.025005169385511093,0.999031007751938,analysis/v18_canonical_pipeline/inputs/cifar_base/session_1_seeds_42_123/noise_all_families.json
cifar,rope,123,4050907,0.05,0.050033277560107614,0.998546511627907,analysis/v18_canonical_pipeline/inputs/cifar_base/session_1_seeds_42_123/noise_all_families.json
cifar,rope,123,4050907,0.1,0.10026678537407059,0.9949935400516796,analysis/v18_canonical_pipeline/inputs/cifar_base/session_1_seeds_42_123/noise_all_families.json
cifar,rope,123,4050907,0.2,0.20188525559420933,0.9848191214470285,analysis/v18_canonical_pipeline/inputs/cifar_base/session_1_seeds_42_123/noise_all_families.json
cifar,rope,123,4050907,0.3,0.3045388685477512,0.9657622739018089,analysis/v18_canonical_pipeline/inputs/cifar_base/session_1_seeds_42_123/noise_all_families.json
cifar,rope,123,4050907,0.4,0.4058609722124463,0.929263565891473,analysis/v18_canonical_pipeline/inputs/cifar_base/session_1_seeds_42_123/noise_all_families.json
cifar,rope,123,4050907,0.5,0.5041369204496939,0.8846899224806203,analysis/v18_canonical_pipeline/inputs/cifar_base/session_1_seeds_42_123/noise_all_families.json
cifar,rope,123,815771577,0.025,0.02379139225575619,1.000484496124031,analysis/v18_canonical_pipeline/inputs/cifar_base/session_1_seeds_42_123/noise_all_families.json
cifar,rope,123,815771577,0.05,0.04760632622543158,1.000484496124031,analysis/v18_canonical_pipeline/inputs/cifar_base/session_1_seeds_42_123/noise_all_families.json
cifar,rope,123,815771577,0.1,0.09540858843715869,0.9953165374677003,analysis/v18_canonical_pipeline/inputs/cifar_base/session_1_seeds_42_123/noise_all_families.json
cifar,rope,123,815771577,0.2,0.19211385612727302,0.9870801033591732,analysis/v18_canonical_pipeline/inputs/cifar_base/session_1_seeds_42_123/noise_all_families.json
cifar,rope,123,815771577,0.3,0.29046339357614376,0.9751291989664084,analysis/v18_canonical_pipeline/inputs/cifar_base/session_1_seeds_42_123/noise_all_families.json
cifar,rope,123,815771577,0.4,0.38966173138306287,0.9525193798449613,analysis/v18_canonical_pipeline/inputs/cifar_base/session_1_seeds_42_123/noise_all_families.json
cifar,rope,123,815771577,0.5,0.48834374369409717,0.9165051679586563,analysis/v18_canonical_pipeline/inputs/cifar_base/session_1_seeds_42_123/noise_all_families.json
cifar,rope,123,1821774437,0.025,0.02408157670340655,0.9998385012919897,analysis/v18_canonical_pipeline/inputs/cifar_base/session_1_seeds_42_123/noise_all_families.json
cifar,rope,123,1821774437,0.05,0.04820568607054806,1.0003229974160206,analysis/v18_canonical_pipeline/inputs/cifar_base/session_1_seeds_42_123/noise_all_families.json
cifar,rope,123,1821774437,0.1,0.09669915810884676,0.9962855297157623,analysis/v18_canonical_pipeline/inputs/cifar_base/session_1_seeds_42_123/noise_all_families.json
cifar,rope,123,1821774437,0.2,0.19499506026653532,0.9911175710594315,analysis/v18_canonical_pipeline/inputs/cifar_base/session_1_seeds_42_123/noise_all_families.json
cifar,rope,123,1821774437,0.3,0.2944958626529485,0.9777131782945737,analysis/v18_canonical_pipeline/inputs/cifar_base/session_1_seeds_42_123/noise_all_families.json
cifar,rope,123,1821774437,0.4,0.39401703261219484,0.9534883720930233,analysis/v18_canonical_pipeline/inputs/cifar_base/session_1_seeds_42_123/noise_all_families.json
cifar,rope,123,1821774437,0.5,0.4925080320688345,0.9231266149870803,analysis/v18_canonical_pipeline/inputs/cifar_base/session_1_seeds_42_123/noise_all_families.json
cifar,alibi,42,1712846226,0.005,0.02150581667654732,0.9991184767277856,analysis/v18_canonical_pipeline/inputs/cifar_base/session_1_seeds_42_123/noise_all_families.json
cifar,alibi,42,1712846226,0.01,0.042997273205981866,0.9952397743300423,analysis/v18_canonical_pipeline/inputs/cifar_base/session_1_seeds_42_123/noise_all_families.json
cifar,alibi,42,1712846226,0.025,0.10747572973665352,0.9779619181946404,analysis/v18_canonical_pipeline/inputs/cifar_base/session_1_seeds_42_123/noise_all_families.json
cifar,alibi,42,1712846226,0.05,0.21499002357524064,0.9159026798307476,analysis/v18_canonical_pipeline/inputs/cifar_base/session_1_seeds_42_123/noise_all_families.json
cifar,alibi,42,1712846226,0.075,0.3222607848746503,0.7813822284908323,analysis/v18_canonical_pipeline/inputs/cifar_base/session_1_seeds_42_123/noise_all_families.json
cifar,alibi,42,1712846226,0.1,0.42919745733480313,0.6059590973201693,analysis/v18_canonical_pipeline/inputs/cifar_base/session_1_seeds_42_123/noise_all_families.json
cifar,alibi,42,1712846226,0.15,0.6418819352188686,0.3744710860366714,analysis/v18_canonical_pipeline/inputs/cifar_base/session_1_seeds_42_123/noise_all_families.json
cifar,alibi,42,1712846226,0.2,0.8534134747218887,0.25969675599435826,analysis/v18_canonical_pipeline/inputs/cifar_base/session_1_seeds_42_123/noise_all_families.json
cifar,alibi,42,2059244268,0.005,0.021722487223756425,0.9982369534555713,analysis/v18_canonical_pipeline/inputs/cifar_base/session_1_seeds_42_123/noise_all_families.json
cifar,alibi,42,2059244268,0.01,0.04344362265974211,0.9975317348377998,analysis/v18_canonical_pipeline/inputs/cifar_base/session_1_seeds_42_123/noise_all_families.json
cifar,alibi,42,2059244268,0.025,0.10849831138907101,0.9783145275035262,analysis/v18_canonical_pipeline/inputs/cifar_base/session_1_seeds_42_123/noise_all_families.json
cifar,alibi,42,2059244268,0.05,0.2161071566588505,0.9159026798307476,analysis/v18_canonical_pipeline/inputs/cifar_base/session_1_seeds_42_123/noise_all_families.json
cifar,alibi,42,2059244268,0.075,0.3225838748728771,0.8060648801128351,analysis/v18_canonical_pipeline/inputs/cifar_base/session_1_seeds_42_123/noise_all_families.json
cifar,alibi,42,2059244268,0.1,0.42855100912251165,0.7032792665726376,analysis/v18_canonical_pipeline/inputs/cifar_base/session_1_seeds_42_123/noise_all_families.json
cifar,alibi,42,2059244268,0.15,0.6403857663487562,0.5527150916784204,analysis/v18_canonical_pipeline/inputs/cifar_base/session_1_seeds_42_123/noise_all_families.json
cifar,alibi,42,2059244268,0.2,0.8523435749957419,0.4474612129760226,analysis/v18_canonical_pipeline/inputs/cifar_base/session_1_seeds_42_123/noise_all_families.json
cifar,alibi,42,325141848,0.005,0.021646026090275206,0.9992947813822285,analysis/v18_canonical_pipeline/inputs/cifar_base/session_1_seeds_42_123/noise_all_families.json
cifar,alibi,42,325141848,0.01,0.04334509241738658,0.9978843441466855,analysis/v18_canonical_pipeline/inputs/cifar_base/session_1_seeds_42_123/noise_all_families.json
cifar,alibi,42,325141848,0.025,0.10904499684314072,0.9876586741889987,analysis/v18_canonical_pipeline/inputs/cifar_base/session_1_seeds_42_123/noise_all_families.json
cifar,alibi,42,325141848,0.05,0.2211927686130796,0.9097320169252469,analysis/v18_canonical_pipeline/inputs/cifar_base/session_1_seeds_42_123/noise_all_families.json
cifar,alibi,42,325141848,0.075,0.33005433131860246,0.7766220028208745,analysis/v18_canonical_pipeline/inputs/cifar_base/session_1_seeds_42_123/noise_all_families.json
cifar,alibi,42,325141848,0.1,0.435555316107646,0.6539139633286319,analysis/v18_canonical_pipeline/inputs/cifar_base/session_1_seeds_42_123/noise_all_families.json
cifar,alibi,42,325141848,0.15,0.6453841388500406,0.48025387870239783,analysis/v18_canonical_pipeline/inputs/cifar_base/session_1_seeds_42_123/noise_all_families.json
cifar,alibi,42,325141848,0.2,0.8553298288723318,0.3737658674188999,analysis/v18_canonical_pipeline/inputs/cifar_base/session_1_seeds_42_123/noise_all_families.json
cifar,alibi,42,366946340,0.005,0.0218956195942815,0.9984132581100141,analysis/v18_canonical_pipeline/inputs/cifar_base/session_1_seeds_42_123/noise_all_families.json
cifar,alibi,42,366946340,0.01,0.0439032028090829,0.9927715091678421,analysis/v18_canonical_pipeline/inputs/cifar_base/session_1_seeds_42_123/noise_all_families.json
cifar,alibi,42,366946340,0.025,0.11044048588648472,0.9650916784203104,analysis/v18_canonical_pipeline/inputs/cifar_base/session_1_seeds_42_123/noise_all_families.json
cifar,alibi,42,366946340,0.05,0.22167613830231792,0.8769393511988718,analysis/v18_canonical_pipeline/inputs/cifar_base/session_1_seeds_42_123/noise_all_families.json
cifar,alibi,42,366946340,0.075,0.3317170696367884,0.7618124118476729,analysis/v18_canonical_pipeline/inputs/cifar_base/session_1_seeds_42_123/noise_all_families.json
cifar,alibi,42,366946340,0.1,0.4395276975863461,0.646685472496474,analysis/v18_canonical_pipeline/inputs/cifar_base/session_1_seeds_42_123/noise_all_families.json
cifar,alibi,42,366946340,0.15,0.6499887351839101,0.43952750352609316,analysis/v18_canonical_pipeline/inputs/cifar_base/session_1_seeds_42_123/noise_all_families.json
cifar,alibi,42,366946340,0.2,0.8574714600369635,0.31893511988716505,analysis/v18_canonical_pipeline/inputs/cifar_base/session_1_seeds_42_123/noise_all_families.json
cifar,alibi,42,342173717,0.005,0.021433708795851974,0.9992947813822285,analysis/v18_canonical_pipeline/inputs/cifar_base/session_1_seeds_42_123/noise_all_families.json
cifar,alibi,42,342173717,0.01,0.04293350232293811,0.9962976022566996,analysis/v18_canonical_pipeline/inputs/cifar_base/session_1_seeds_42_123/noise_all_families.json
cifar,alibi,42,342173717,0.025,0.10797896439147518,0.9869534555712272,analysis/v18_canonical_pipeline/inputs/cifar_base/session_1_seeds_42_123/noise_all_families.json
cifar,alibi,42,342173717,0.05,0.21854596821721273,0.9479901269393514,analysis/v18_canonical_pipeline/inputs/cifar_base/session_1_seeds_42_123/noise_all_families.json
cifar,alibi,42,342173717,0.075,0.32843504115313477,0.866361071932299,analysis/v18_canonical_pipeline/inputs/cifar_base/session_1_seeds_42_123/noise_all_families.json
cifar,alibi,42,342173717,0.1,0.43449065570586515,0.7792665726375176,analysis/v18_canonical_pipeline/inputs/cifar_base/session_1_seeds_42_123/noise_all_families.json
cifar,alibi,42,342173717,0.15,0.6446725142016236,0.6197108603667137,analysis/v18_canonical_pipeline/inputs/cifar_base/session_1_seeds_42_123/noise_all_families.json
cifar,alibi,42,342173717,0.2,0.8549640671882907,0.5149858956276446,analysis/v18_canonical_pipeline/inputs/cifar_base/session_1_seeds_42_123/noise_all_families.json
cifar,alibi,42,780632440,0.005,0.021478807833589048,0.997179125528914,analysis/v18_canonical_pipeline/inputs/cifar_base/session_1_seeds_42_123/noise_all_families.json
cifar,alibi,42,780632440,0.01,0.042901412850933546,0.9980606488011283,analysis/v18_canonical_pipeline/inputs/cifar_base/session_1_seeds_42_123/noise_all_families.json
cifar,alibi,42,780632440,0.025,0.10687547421665385,0.982898448519041,analysis/v18_canonical_pipeline/inputs/cifar_base/session_1_seeds_42_123/noise_all_families.json
cifar,alibi,42,780632440,0.05,0.21319917838222388,0.92401269393512,analysis/v18_canonical_pipeline/inputs/cifar_base/session_1_seeds_42_123/noise_all_families.json
cifar,alibi,42,780632440,0.075,0.3197745040442254,0.8231664315937941,analysis/v18_canonical_pipeline/inputs/cifar_base/session_1_seeds_42_123/noise_all_families.json
cifar,alibi,42,780632440,0.1,0.4262228600600725,0.7276093088857546,analysis/v18_canonical_pipeline/inputs/cifar_base/session_1_seeds_42_123/noise_all_families.json
cifar,alibi,42,780632440,0.15,0.6391010591724573,0.5260930888575459,analysis/v18_canonical_pipeline/inputs/cifar_base/session_1_seeds_42_123/noise_all_families.json
cifar,alibi,42,780632440,0.2,0.8518551515461159,0.3929830747531735,analysis/v18_canonical_pipeline/inputs/cifar_base/session_1_seeds_42_123/noise_all_families.json
cifar,alibi,42,460493296,0.005,0.021680997382899046,0.9994710860366713,analysis/v18_canonical_pipeline/inputs/cifar_base/session_1_seeds_42_123/noise_all_families.json
cifar,alibi,42,460493296,0.01,0.04330250554276376,0.9998236953455572,analysis/v18_canonical_pipeline/inputs/cifar_base/session_1_seeds_42_123/noise_all_families.json
cifar,alibi,42,460493296,0.025,0.10789543066469055,0.9948871650211566,analysis/v18_canonical_pipeline/inputs/cifar_base/session_1_seeds_42_123/noise_all_families.json
cifar,alibi,42,460493296,0.05,0.21521714556705504,0.9626234132581102,analysis/v18_canonical_pipeline/inputs/cifar_base/session_1_seeds_42_123/noise_all_families.json
cifar,alibi,42,460493296,0.075,0.32238458208116066,0.9079689703808181,analysis/v18_canonical_pipeline/inputs/cifar_base/session_1_seeds_42_123/noise_all_families.json
cifar,alibi,42,460493296,0.1,0.42926317613435533,0.829160789844852,analysis/v18_canonical_pipeline/inputs/cifar_base/session_1_seeds_42_123/noise_all_families.json
cifar,alibi,42,460493296,0.15,0.6426448769793573,0.632228490832158,analysis/v18_canonical_pipeline/inputs/cifar_base/session_1_seeds_42_123/noise_all_families.json
cifar,alibi,42,460493296,0.2,0.8556074240546864,0.43741184767277863,analysis/v18_canonical_pipeline/inputs/cifar_base/session_1_seeds_42_123/noise_all_families.json
cifar,alibi,42,1456730185,0.005,0.021864593238288314,0.9987658674188998,analysis/v18_canonical_pipeline/inputs/cifar_base/session_1_seeds_42_123/noise_all_families.json
cifar,alibi,42,1456730185,0.01,0.04373832907495051,0.9962976022566996,analysis/v18_canonical_pipeline/inputs/cifar_base/session_1_seeds_42_123/noise_all_families.json
cifar,alibi,42,1456730185,0.025,0.10941378572822916,0.9862482369534556,analysis/v18_canonical_pipeline/inputs/cifar_base/session_1_seeds_42_123/noise_all_families.json
cifar,alibi,42,1456730185,0.05,0.21890272422822238,0.9222496473906913,analysis/v18_canonical_pipeline/inputs/cifar_base/session_1_seeds_42_123/noise_all_families.json
cifar,alibi,42,1456730185,0.075,0.32751289754235224,0.8058885754583922,analysis/v18_canonical_pipeline/inputs/cifar_base/session_1_seeds_42_123/noise_all_families.json
cifar,alibi,42,1456730185,0.1,0.4344009955175713,0.6706629055007053,analysis/v18_canonical_pipeline/inputs/cifar_base/session_1_seeds_42_123/noise_all_families.json
cifar,alibi,42,1456730185,0.15,0.6452648858541287,0.46209449929478147,analysis/v18_canonical_pipeline/inputs/cifar_base/session_1_seeds_42_123/noise_all_families.json
cifar,alibi,42,1456730185,0.2,0.8552354685070485,0.3265162200282088,analysis/v18_canonical_pipeline/inputs/cifar_base/session_1_seeds_42_123/noise_all_families.json
cifar,alibi,42,1763599044,0.005,0.021512129443633673,0.9961212976022568,analysis/v18_canonical_pipeline/inputs/cifar_base/session_1_seeds_42_123/noise_all_families.json
cifar,alibi,42,1763599044,0.01,0.043054444383361805,0.9945345557122708,analysis/v18_canonical_pipeline/inputs/cifar_base/session_1_seeds_42_123/noise_all_families.json
cifar,alibi,42,1763599044,0.025,0.10787074414256127,0.9786671368124119,analysis/v18_canonical_pipeline/inputs/cifar_base/session_1_seeds_42_123/noise_all_families.json
cifar,alibi,42,1763599044,0.05,0.21653275339628217,0.9092031029619183,analysis/v18_canonical_pipeline/inputs/cifar_base/session_1_seeds_42_123/noise_all_families.json
cifar,alibi,42,1763599044,0.075,0.32596723713514203,0.7984837799717913,analysis/v18_canonical_pipeline/inputs/cifar_base/session_1_seeds_42_123/noise_all_families.json
cifar,alibi,42,1763599044,0.1,0.4352606902062905,0.6731311706629056,analysis/v18_canonical_pipeline/inputs/cifar_base/session_1_seeds_42_123/noise_all_families.json
cifar,alibi,42,1763599044,0.15,0.647553620287967,0.4437588152327222,analysis/v18_canonical_pipeline/inputs/cifar_base/session_1_seeds_42_123/noise_all_families.json
cifar,alibi,42,1763599044,0.2,0.856853343610001,0.25511283497884346,analysis/v18_canonical_pipeline/inputs/cifar_base/session_1_seeds_42_123/noise_all_families.json
cifar,alibi,42,299045659,0.005,0.021645356462905305,0.9975317348377998,analysis/v18_canonical_pipeline/inputs/cifar_base/session_1_seeds_42_123/noise_all_families.json
cifar,alibi,42,299045659,0.01,0.04326196383529952,0.9945345557122708,analysis/v18_canonical_pipeline/inputs/cifar_base/session_1_seeds_42_123/noise_all_families.json
cifar,alibi,42,299045659,0.025,0.1083114080211991,0.9910084626234132,analysis/v18_canonical_pipeline/inputs/cifar_base/session_1_seeds_42_123/noise_all_families.json
cifar,alibi,42,299045659,0.05,0.21883344991798734,0.943935119887165,analysis/v18_canonical_pipeline/inputs/cifar_base/session_1_seeds_42_123/noise_all_families.json
cifar,alibi,42,299045659,0.075,0.3293692067957644,0.8342736248236955,analysis/v18_canonical_pipeline/inputs/cifar_base/session_1_seeds_42_123/noise_all_families.json
cifar,alibi,42,299045659,0.1,0.43774354391487885,0.7140338504936531,analysis/v18_canonical_pipeline/inputs/cifar_base/session_1_seeds_42_123/noise_all_families.json
cifar,alibi,42,299045659,0.15,0.6507932257823474,0.4492242595204514,analysis/v18_canonical_pipeline/inputs/cifar_base/session_1_seeds_42_123/noise_all_families.json
cifar,alibi,42,299045659,0.2,0.8619362694031515,0.2850846262341326,analysis/v18_canonical_pipeline/inputs/cifar_base/session_1_seeds_42_123/noise_all_families.json
cifar,alibi,123,1129524128,0.005,0.021886326254422016,0.9970419349225683,analysis/v18_canonical_pipeline/inputs/cifar_base/session_1_seeds_42_123/noise_all_families.json
cifar,alibi,123,1129524128,0.01,0.043800023035625725,0.9909518009396208,analysis/v18_canonical_pipeline/inputs/cifar_base/session_1_seeds_42_123/noise_all_families.json
cifar,alibi,123,1129524128,0.025,0.10974484789043305,0.96328519227423,analysis/v18_canonical_pipeline/inputs/cifar_base/session_1_seeds_42_123/noise_all_families.json
cifar,alibi,123,1129524128,0.05,0.2197539969960341,0.8766312858882895,analysis/v18_canonical_pipeline/inputs/cifar_base/session_1_seeds_42_123/noise_all_families.json
cifar,alibi,123,1129524128,0.075,0.3281037728474405,0.7289020358447886,analysis/v18_canonical_pipeline/inputs/cifar_base/session_1_seeds_42_123/noise_all_families.json
cifar,alibi,123,1129524128,0.1,0.4346373197197974,0.5608143379154341,analysis/v18_canonical_pipeline/inputs/cifar_base/session_1_seeds_42_123/noise_all_families.json
cifar,alibi,123,1129524128,0.15,0.6456016967905622,0.3365234035148773,analysis/v18_canonical_pipeline/inputs/cifar_base/session_1_seeds_42_123/noise_all_families.json
cifar,alibi,123,1129524128,0.2,0.8561764606923025,0.23072907603967285,analysis/v18_canonical_pipeline/inputs/cifar_base/session_1_seeds_42_123/noise_all_families.json
cifar,alibi,123,1618910425,0.005,0.02150151479504518,0.9991299808595789,analysis/v18_canonical_pipeline/inputs/cifar_base/session_1_seeds_42_123/noise_all_families.json
cifar,alibi,123,1618910425,0.01,0.04297353308368719,0.9991299808595789,analysis/v18_canonical_pipeline/inputs/cifar_base/session_1_seeds_42_123/noise_all_families.json
cifar,alibi,123,1618910425,0.025,0.10732049126139839,0.991125804767705,analysis/v18_canonical_pipeline/inputs/cifar_base/session_1_seeds_42_123/noise_all_families.json
cifar,alibi,123,1618910425,0.05,0.21529929131739528,0.9399686793109449,analysis/v18_canonical_pipeline/inputs/cifar_base/session_1_seeds_42_123/noise_all_families.json
cifar,alibi,123,1618910425,0.075,0.32533532881495525,0.8447885853488777,analysis/v18_canonical_pipeline/inputs/cifar_base/session_1_seeds_42_123/noise_all_families.json
cifar,alibi,123,1618910425,0.1,0.43434531588060465,0.7382982425613362,analysis/v18_canonical_pipeline/inputs/cifar_base/session_1_seeds_42_123/noise_all_families.json
cifar,alibi,123,1618910425,0.15,0.6462974448705208,0.49573690621193667,analysis/v18_canonical_pipeline/inputs/cifar_base/session_1_seeds_42_123/noise_all_families.json
cifar,alibi,123,1618910425,0.2,0.8560876363495243,0.2590917000174004,analysis/v18_canonical_pipeline/inputs/cifar_base/session_1_seeds_42_123/noise_all_families.json
cifar,alibi,123,179672207,0.005,0.02222699610444123,0.9991299808595789,analysis/v18_canonical_pipeline/inputs/cifar_base/session_1_seeds_42_123/noise_all_families.json
cifar,alibi,123,179672207,0.01,0.04443416898611333,0.9970419349225683,analysis/v18_canonical_pipeline/inputs/cifar_base/session_1_seeds_42_123/noise_all_families.json
cifar,alibi,123,179672207,0.025,0.11069628924063336,0.9770314946928831,analysis/v18_canonical_pipeline/inputs/cifar_base/session_1_seeds_42_123/noise_all_families.json
cifar,alibi,123,179672207,0.05,0.21925833619856605,0.9037758830694275,analysis/v18_canonical_pipeline/inputs/cifar_base/session_1_seeds_42_123/noise_all_families.json
cifar,alibi,123,179672207,0.075,0.3259943471571429,0.792413433095528,analysis/v18_canonical_pipeline/inputs/cifar_base/session_1_seeds_42_123/noise_all_families.json
cifar,alibi,123,179672207,0.1,0.4319571266472506,0.6566904471898382,analysis/v18_canonical_pipeline/inputs/cifar_base/session_1_seeds_42_123/noise_all_families.json
cifar,alibi,123,179672207,0.15,0.6434073327577959,0.45449799895597703,analysis/v18_canonical_pipeline/inputs/cifar_base/session_1_seeds_42_123/noise_all_families.json
cifar,alibi,123,179672207,0.2,0.8548260061051558,0.35009570210544627,analysis/v18_canonical_pipeline/inputs/cifar_base/session_1_seeds_42_123/noise_all_families.json
cifar,alibi,123,193161432,0.005,0.0215818309005516,1.0008700191404212,analysis/v18_canonical_pipeline/inputs/cifar_base/session_1_seeds_42_123/noise_all_families.json
cifar,alibi,123,193161432,0.01,0.04315781772565066,0.997563946406821,analysis/v18_canonical_pipeline/inputs/cifar_base/session_1_seeds_42_123/noise_all_families.json
cifar,alibi,123,193161432,0.025,0.10784144703711165,0.9810335827388201,analysis/v18_canonical_pipeline/inputs/cifar_base/session_1_seeds_42_123/noise_all_families.json
cifar,alibi,123,193161432,0.05,0.21549302620439534,0.9203062467374282,analysis/v18_canonical_pipeline/inputs/cifar_base/session_1_seeds_42_123/noise_all_families.json
cifar,alibi,123,193161432,0.075,0.32272036201939885,0.7941534713763703,analysis/v18_canonical_pipeline/inputs/cifar_base/session_1_seeds_42_123/noise_all_families.json
cifar,alibi,123,193161432,0.1,0.429272337410626,0.6516443361753957,analysis/v18_canonical_pipeline/inputs/cifar_base/session_1_seeds_42_123/noise_all_families.json
cifar,alibi,123,193161432,0.15,0.64101827356004,0.4290934400556812,analysis/v18_canonical_pipeline/inputs/cifar_base/session_1_seeds_42_123/noise_all_families.json
cifar,alibi,123,193161432,0.2,0.8521756259853056,0.2996345919610231,analysis/v18_canonical_pipeline/inputs/cifar_base/session_1_seeds_42_123/noise_all_families.json
cifar,alibi,123,1322018208,0.005,0.021582625993371,1.0001740038280842,analysis/v18_canonical_pipeline/inputs/cifar_base/session_1_seeds_42_123/noise_all_families.json
cifar,alibi,123,1322018208,0.01,0.04308879221653865,1.0,analysis/v18_canonical_pipeline/inputs/cifar_base/session_1_seeds_42_123/noise_all_families.json
cifar,alibi,123,1322018208,0.025,0.10723057290340635,0.979293544457978,analysis/v18_canonical_pipeline/inputs/cifar_base/session_1_seeds_42_123/noise_all_families.json
cifar,alibi,123,1322018208,0.05,0.2133518925694186,0.9180441969723333,analysis/v18_canonical_pipeline/inputs/cifar_base/session_1_seeds_42_123/noise_all_families.json
cifar,alibi,123,1322018208,0.075,0.3189991719791505,0.821124064729424,analysis/v18_canonical_pipeline/inputs/cifar_base/session_1_seeds_42_123/noise_all_families.json
cifar,alibi,123,1322018208,0.1,0.42440441426939407,0.7029754654602401,analysis/v18_canonical_pipeline/inputs/cifar_base/session_1_seeds_42_123/noise_all_families.json
cifar,alibi,123,1322018208,0.15,0.6348617856054655,0.4868627109796415,analysis/v18_canonical_pipeline/inputs/cifar_base/session_1_seeds_42_123/noise_all_families.json
cifar,alibi,123,1322018208,0.2,0.8452128359630118,0.33808943796763524,analysis/v18_canonical_pipeline/inputs/cifar_base/session_1_seeds_42_123/noise_all_families.json
cifar,alibi,123,1910794309,0.005,0.022017468263695633,0.9954759004698104,analysis/v18_canonical_pipeline/inputs/cifar_base/session_1_seeds_42_123/noise_all_families.json
cifar,alibi,123,1910794309,0.01,0.04412255986562309,0.9860796937532624,analysis/v18_canonical_pipeline/inputs/cifar_base/session_1_seeds_42_123/noise_all_families.json
cifar,alibi,123,1910794309,0.025,0.11092702168363242,0.9427527405602921,analysis/v18_canonical_pipeline/inputs/cifar_base/session_1_seeds_42_123/noise_all_families.json
cifar,alibi,123,1910794309,0.05,0.2228744498766969,0.813989907777971,analysis/v18_canonical_pipeline/inputs/cifar_base/session_1_seeds_42_123/noise_all_families.json
cifar,alibi,123,1910794309,0.075,0.3331407880177611,0.6276318078997737,analysis/v18_canonical_pipeline/inputs/cifar_base/session_1_seeds_42_123/noise_all_families.json
cifar,alibi,123,1910794309,0.1,0.44122572845138863,0.4678962937184618,analysis/v18_canonical_pipeline/inputs/cifar_base/session_1_seeds_42_123/noise_all_families.json
cifar,alibi,123,1910794309,0.15,0.653823461046472,0.29337045414999124,analysis/v18_canonical_pipeline/inputs/cifar_base/session_1_seeds_42_123/noise_all_families.json
cifar,alibi,123,1910794309,0.2,0.8645479347287357,0.2147207238559248,analysis/v18_canonical_pipeline/inputs/cifar_base/session_1_seeds_42_123/noise_all_families.json
cifar,alibi,123,1432882998,0.005,0.02735976226349952,0.9972159387506525,analysis/v18_canonical_pipeline/inputs/cifar_base/session_1_seeds_42_123/noise_all_families.json
cifar,alibi,123,1432882998,0.01,0.054141196779867194,0.9977379502349052,analysis/v18_canonical_pipeline/inputs/cifar_base/session_1_seeds_42_123/noise_all_families.json
cifar,alibi,123,1432882998,0.025,0.1296118937019849,0.9636331999303984,analysis/v18_canonical_pipeline/inputs/cifar_base/session_1_seeds_42_123/noise_all_families.json
cifar,alibi,123,1432882998,0.05,0.24497503977616025,0.85314076909692,analysis/v18_canonical_pipeline/inputs/cifar_base/session_1_seeds_42_123/noise_all_families.json
cifar,alibi,123,1432882998,0.075,0.35507466870763826,0.7191578214720723,analysis/v18_canonical_pipeline/inputs/cifar_base/session_1_seeds_42_123/noise_all_families.json
cifar,alibi,123,1432882998,0.1,0.4629050509408263,0.5820428049417087,analysis/v18_canonical_pipeline/inputs/cifar_base/session_1_seeds_42_123/noise_all_families.json
cifar,alibi,123,1432882998,0.15,0.6754595839046371,0.3918566208456586,analysis/v18_canonical_pipeline/inputs/cifar_base/session_1_seeds_42_123/noise_all_families.json
cifar,alibi,123,1432882998,0.2,0.8863908110044058,0.27718809813815903,analysis/v18_canonical_pipeline/inputs/cifar_base/session_1_seeds_42_123/noise_all_families.json
cifar,alibi,123,4050907,0.005,0.02156296090746996,0.9982599617191579,analysis/v18_canonical_pipeline/inputs/cifar_base/session_1_seeds_42_123/noise_all_families.json
cifar,alibi,123,4050907,0.01,0.043080516362871475,0.995997911954063,analysis/v18_canonical_pipeline/inputs/cifar_base/session_1_seeds_42_123/noise_all_families.json
cifar,alibi,123,4050907,0.025,0.10733174358762874,0.973725421959283,analysis/v18_canonical_pipeline/inputs/cifar_base/session_1_seeds_42_123/noise_all_families.json
cifar,alibi,123,4050907,0.05,0.21358207307255558,0.9109100400208805,analysis/v18_canonical_pipeline/inputs/cifar_base/session_1_seeds_42_123/noise_all_families.json
cifar,alibi,123,4050907,0.075,0.31930142117664384,0.8237341221506873,analysis/v18_canonical_pipeline/inputs/cifar_base/session_1_seeds_42_123/noise_all_families.json
cifar,alibi,123,4050907,0.1,0.42485290970059686,0.7327301200626414,analysis/v18_canonical_pipeline/inputs/cifar_base/session_1_seeds_42_123/noise_all_families.json
cifar,alibi,123,4050907,0.15,0.6358297218883554,0.5698625369758135,analysis/v18_canonical_pipeline/inputs/cifar_base/session_1_seeds_42_123/noise_all_families.json
cifar,alibi,123,4050907,0.2,0.8468189009241682,0.45484600661214547,analysis/v18_canonical_pipeline/inputs/cifar_base/session_1_seeds_42_123/noise_all_families.json
cifar,alibi,123,815771577,0.005,0.021948448820687225,0.9951278928136419,analysis/v18_canonical_pipeline/inputs/cifar_base/session_1_seeds_42_123/noise_all_families.json
cifar,alibi,123,815771577,0.01,0.044067484730164745,0.9890377588306941,analysis/v18_canonical_pipeline/inputs/cifar_base/session_1_seeds_42_123/noise_all_families.json
cifar,alibi,123,815771577,0.025,0.11156342483919165,0.9497128936836611,analysis/v18_canonical_pipeline/inputs/cifar_base/session_1_seeds_42_123/noise_all_families.json
cifar,alibi,123,815771577,0.05,0.2262388222912328,0.8315642944144771,analysis/v18_canonical_pipeline/inputs/cifar_base/session_1_seeds_42_123/noise_all_families.json
cifar,alibi,123,815771577,0.075,0.3362037880025462,0.6356359839916478,analysis/v18_canonical_pipeline/inputs/cifar_base/session_1_seeds_42_123/noise_all_families.json
cifar,alibi,123,815771577,0.1,0.43999185182859424,0.47189838176439886,analysis/v18_canonical_pipeline/inputs/cifar_base/session_1_seeds_42_123/noise_all_families.json
cifar,alibi,123,815771577,0.15,0.6510204132500657,0.28832434313554894,analysis/v18_canonical_pipeline/inputs/cifar_base/session_1_seeds_42_123/noise_all_families.json
cifar,alibi,123,815771577,0.2,0.8603928086515844,0.1503393074647642,analysis/v18_canonical_pipeline/inputs/cifar_base/session_1_seeds_42_123/noise_all_families.json
cifar,alibi,123,1821774437,0.005,0.022047714343707503,0.9994779885157473,analysis/v18_canonical_pipeline/inputs/cifar_base/session_1_seeds_42_123/noise_all_families.json
cifar,alibi,123,1821774437,0.01,0.043918330423278806,1.001566034452758,analysis/v18_canonical_pipeline/inputs/cifar_base/session_1_seeds_42_123/noise_all_families.json
cifar,alibi,123,1821774437,0.025,0.10869066662210597,0.9951278928136419,analysis/v18_canonical_pipeline/inputs/cifar_base/session_1_seeds_42_123/noise_all_families.json
cifar,alibi,123,1821774437,0.05,0.21519797761749182,0.9556290238385244,analysis/v18_canonical_pipeline/inputs/cifar_base/session_1_seeds_42_123/noise_all_families.json
cifar,alibi,123,1821774437,0.075,0.32120454174900315,0.8788933356533843,analysis/v18_canonical_pipeline/inputs/cifar_base/session_1_seeds_42_123/noise_all_families.json
cifar,alibi,123,1821774437,0.1,0.4271460009782002,0.7852792761440751,analysis/v18_canonical_pipeline/inputs/cifar_base/session_1_seeds_42_123/noise_all_families.json
cifar,alibi,123,1821774437,0.15,0.6386853330698977,0.5937010614233513,analysis/v18_canonical_pipeline/inputs/cifar_base/session_1_seeds_42_123/noise_all_families.json
cifar,alibi,123,1821774437,0.2,0.8491228746849672,0.4553680180963981,analysis/v18_canonical_pipeline/inputs/cifar_base/session_1_seeds_42_123/noise_all_families.json
cifar,learned,456,794217802,0.0025,0.014311929484265162,1.0001743071291616,analysis/v18_canonical_pipeline/inputs/cifar_base/session_2_seeds_456_789/noise_all_families.json
cifar,learned,456,794217802,0.005,0.028771507084066728,1.0001743071291616,analysis/v18_canonical_pipeline/inputs/cifar_base/session_2_seeds_456_789/noise_all_families.json
cifar,learned,456,794217802,0.01,0.05905040617022804,1.0029632211957469,analysis/v18_canonical_pipeline/inputs/cifar_base/session_2_seeds_456_789/noise_all_families.json
cifar,learned,456,794217802,0.015,0.09184109932649816,1.0027889140665853,analysis/v18_canonical_pipeline/inputs/cifar_base/session_2_seeds_456_789/noise_all_families.json
cifar,learned,456,794217802,0.02,0.12669858115181012,1.001220149904131,analysis/v18_canonical_pipeline/inputs/cifar_base/session_2_seeds_456_789/noise_all_families.json
cifar,learned,456,794217802,0.03,0.19769861741076405,0.9996513857416769,analysis/v18_canonical_pipeline/inputs/cifar_base/session_2_seeds_456_789/noise_all_families.json
cifar,learned,456,794217802,0.04,0.26529140983079136,0.9940735576085062,analysis/v18_canonical_pipeline/inputs/cifar_base/session_2_seeds_456_789/noise_all_families.json
cifar,learned,456,794217802,0.05,0.32717056377048176,0.9813491371797105,analysis/v18_canonical_pipeline/inputs/cifar_base/session_2_seeds_456_789/noise_all_families.json
cifar,learned,456,650510565,0.0025,0.01486002591171734,1.0010458427749696,analysis/v18_canonical_pipeline/inputs/cifar_base/session_2_seeds_456_789/noise_all_families.json
cifar,learned,456,650510565,0.005,0.029941038965083114,1.0005229213874847,analysis/v18_canonical_pipeline/inputs/cifar_base/session_2_seeds_456_789/noise_all_families.json
cifar,learned,456,650510565,0.01,0.06148181755129186,0.9991284643541921,analysis/v18_canonical_pipeline/inputs/cifar_base/session_2_seeds_456_789/noise_all_families.json
cifar,learned,456,650510565,0.015,0.0953797995489742,1.001220149904131,analysis/v18_canonical_pipeline/inputs/cifar_base/session_2_seeds_456_789/noise_all_families.json
cifar,learned,456,650510565,0.02,0.13123280868529955,1.0013944570332927,analysis/v18_canonical_pipeline/inputs/cifar_base/session_2_seeds_456_789/noise_all_families.json
cifar,learned,456,650510565,0.03,0.20418152233744727,1.0005229213874847,analysis/v18_canonical_pipeline/inputs/cifar_base/session_2_seeds_456_789/noise_all_families.json
cifar,learned,456,650510565,0.04,0.2723518430520026,0.9902388007669513,analysis/v18_canonical_pipeline/inputs/cifar_base/session_2_seeds_456_789/noise_all_families.json
cifar,learned,456,650510565,0.05,0.3340658097412265,0.9787345302422868,analysis/v18_canonical_pipeline/inputs/cifar_base/session_2_seeds_456_789/noise_all_families.json
cifar,learned,456,1336624712,0.0025,0.014668732239695134,1.000348614258323,analysis/v18_canonical_pipeline/inputs/cifar_base/session_2_seeds_456_789/noise_all_families.json
cifar,learned,456,1336624712,0.005,0.029542846307949074,1.0005229213874847,analysis/v18_canonical_pipeline/inputs/cifar_base/session_2_seeds_456_789/noise_all_families.json
cifar,learned,456,1336624712,0.01,0.06064417843646461,1.0001743071291616,analysis/v18_canonical_pipeline/inputs/cifar_base/session_2_seeds_456_789/noise_all_families.json
cifar,learned,456,1336624712,0.015,0.09422921821294923,1.000871535645808,analysis/v18_canonical_pipeline/inputs/cifar_base/session_2_seeds_456_789/noise_all_families.json
cifar,learned,456,1336624712,0.02,0.13003660215119417,0.9994770786125152,analysis/v18_canonical_pipeline/inputs/cifar_base/session_2_seeds_456_789/noise_all_families.json
cifar,learned,456,1336624712,0.03,0.20266692763768726,0.9959909360292836,analysis/v18_canonical_pipeline/inputs/cifar_base/session_2_seeds_456_789/noise_all_families.json
cifar,learned,456,1336624712,0.04,0.27122646662810057,0.9897158793794665,analysis/v18_canonical_pipeline/inputs/cifar_base/session_2_seeds_456_789/noise_all_families.json
cifar,learned,456,1336624712,0.05,0.3336442355959754,0.9764685375631862,analysis/v18_canonical_pipeline/inputs/cifar_base/session_2_seeds_456_789/noise_all_families.json
cifar,learned,456,1266112268,0.0025,0.014232816867970772,1.0005229213874847,analysis/v18_canonical_pipeline/inputs/cifar_base/session_2_seeds_456_789/noise_all_families.json
cifar,learned,456,1266112268,0.005,0.02873039429297545,1.000348614258323,analysis/v18_canonical_pipeline/inputs/cifar_base/session_2_seeds_456_789/noise_all_families.json
cifar,learned,456,1266112268,0.01,0.05927168832523612,1.0005229213874847,analysis/v18_canonical_pipeline/inputs/cifar_base/session_2_seeds_456_789/noise_all_families.json
cifar,learned,456,1266112268,0.015,0.09241431128276574,1.001220149904131,analysis/v18_canonical_pipeline/inputs/cifar_base/session_2_seeds_456_789/noise_all_families.json
cifar,learned,456,1266112268,0.02,0.1276341719120303,1.0,analysis/v18_canonical_pipeline/inputs/cifar_base/session_2_seeds_456_789/noise_all_families.json
cifar,learned,456,1266112268,0.03,0.19928987820139216,0.9959909360292836,analysis/v18_canonical_pipeline/inputs/cifar_base/session_2_seeds_456_789/noise_all_families.json
cifar,learned,456,1266112268,0.04,0.26690864310018964,0.9912846435419209,analysis/v18_canonical_pipeline/inputs/cifar_base/session_2_seeds_456_789/noise_all_families.json
cifar,learned,456,1266112268,0.05,0.32845875717594264,0.9794317587589332,analysis/v18_canonical_pipeline/inputs/cifar_base/session_2_seeds_456_789/noise_all_families.json
cifar,learned,456,1226451937,0.0025,0.015298521077363321,1.0001743071291616,analysis/v18_canonical_pipeline/inputs/cifar_base/session_2_seeds_456_789/noise_all_families.json
cifar,learned,456,1226451937,0.005,0.03084508233581504,0.9987798500958689,analysis/v18_canonical_pipeline/inputs/cifar_base/session_2_seeds_456_789/noise_all_families.json
cifar,learned,456,1226451937,0.01,0.06338272119771297,0.9980826215792226,analysis/v18_canonical_pipeline/inputs/cifar_base/session_2_seeds_456_789/noise_all_families.json
cifar,learned,456,1226451937,0.015,0.0983206632309778,0.9966881645459299,analysis/v18_canonical_pipeline/inputs/cifar_base/session_2_seeds_456_789/noise_all_families.json
cifar,learned,456,1226451937,0.02,0.13492406363363857,0.9949450932543141,analysis/v18_canonical_pipeline/inputs/cifar_base/session_2_seeds_456_789/noise_all_families.json
cifar,learned,456,1226451937,0.03,0.20796708345426654,0.993724943350183,analysis/v18_canonical_pipeline/inputs/cifar_base/session_2_seeds_456_789/noise_all_families.json
cifar,learned,456,1226451937,0.04,0.276695571128952,0.9855325082795885,analysis/v18_canonical_pipeline/inputs/cifar_base/session_2_seeds_456_789/noise_all_families.json
cifar,learned,456,1226451937,0.05,0.3396054120164462,0.974899773400732,analysis/v18_canonical_pipeline/inputs/cifar_base/session_2_seeds_456_789/noise_all_families.json
cifar,learned,456,110430652,0.0025,0.01567491520026688,0.9996513857416769,analysis/v18_canonical_pipeline/inputs/cifar_base/session_2_seeds_456_789/noise_all_families.json
cifar,learned,456,110430652,0.005,0.03148783705092398,0.9989541572250306,analysis/v18_canonical_pipeline/inputs/cifar_base/session_2_seeds_456_789/noise_all_families.json
cifar,learned,456,110430652,0.01,0.06422777586920901,0.9982569287083842,analysis/v18_canonical_pipeline/inputs/cifar_base/session_2_seeds_456_789/noise_all_families.json
cifar,learned,456,110430652,0.015,0.09893126480309547,0.9996513857416769,analysis/v18_canonical_pipeline/inputs/cifar_base/session_2_seeds_456_789/noise_all_families.json
cifar,learned,456,110430652,0.02,0.13528686559182554,1.0005229213874847,analysis/v18_canonical_pipeline/inputs/cifar_base/session_2_seeds_456_789/noise_all_families.json
cifar,learned,456,110430652,0.03,0.20871389608121763,0.9965138574167683,analysis/v18_canonical_pipeline/inputs/cifar_base/session_2_seeds_456_789/noise_all_families.json
cifar,learned,456,110430652,0.04,0.27764737955653107,0.9872755795712043,analysis/v18_canonical_pipeline/inputs/cifar_base/session_2_seeds_456_789/noise_all_families.json
cifar,learned,456,110430652,0.05,0.3402027321676599,0.9783859159839636,analysis/v18_canonical_pipeline/inputs/cifar_base/session_2_seeds_456_789/noise_all_families.json
cifar,learned,456,1269834480,0.0025,0.01469281412291,1.0005229213874847,analysis/v18_canonical_pipeline/inputs/cifar_base/session_2_seeds_456_789/noise_all_families.json
cifar,learned,456,1269834480,0.005,0.029596610311567642,0.9991284643541921,analysis/v18_canonical_pipeline/inputs/cifar_base/session_2_seeds_456_789/noise_all_families.json
cifar,learned,456,1269834480,0.01,0.060806138733680265,0.9993027714833537,analysis/v18_canonical_pipeline/inputs/cifar_base/session_2_seeds_456_789/noise_all_families.json
cifar,learned,456,1269834480,0.015,0.09425102872836978,1.000348614258323,analysis/v18_canonical_pipeline/inputs/cifar_base/session_2_seeds_456_789/noise_all_families.json
cifar,learned,456,1269834480,0.02,0.12922230649076724,0.9998256928708384,analysis/v18_canonical_pipeline/inputs/cifar_base/session_2_seeds_456_789/noise_all_families.json
cifar,learned,456,1269834480,0.03,0.19960534315068457,0.9956423217709605,analysis/v18_canonical_pipeline/inputs/cifar_base/session_2_seeds_456_789/noise_all_families.json
cifar,learned,456,1269834480,0.04,0.2665637863461661,0.9904131078961128,analysis/v18_canonical_pipeline/inputs/cifar_base/session_2_seeds_456_789/noise_all_families.json
cifar,learned,456,1269834480,0.05,0.3279267556564298,0.9799546801464178,analysis/v18_canonical_pipeline/inputs/cifar_base/session_2_seeds_456_789/noise_all_families.json
cifar,learned,456,748602735,0.0025,0.013471331556878567,1.000348614258323,analysis/v18_canonical_pipeline/inputs/cifar_base/session_2_seeds_456_789/noise_all_families.json
cifar,learned,456,748602735,0.005,0.02713879587854529,1.0010458427749696,analysis/v18_canonical_pipeline/inputs/cifar_base/session_2_seeds_456_789/noise_all_families.json
cifar,learned,456,748602735,0.01,0.055948970410300974,1.0010458427749696,analysis/v18_canonical_pipeline/inputs/cifar_base/session_2_seeds_456_789/noise_all_families.json
cifar,learned,456,748602735,0.015,0.08751195087057895,1.000871535645808,analysis/v18_canonical_pipeline/inputs/cifar_base/session_2_seeds_456_789/noise_all_families.json
cifar,learned,456,748602735,0.02,0.1214911173857397,0.9991284643541921,analysis/v18_canonical_pipeline/inputs/cifar_base/session_2_seeds_456_789/noise_all_families.json
cifar,learned,456,748602735,0.03,0.1915477083774887,0.9977340073208995,analysis/v18_canonical_pipeline/inputs/cifar_base/session_2_seeds_456_789/noise_all_families.json
cifar,learned,456,748602735,0.04,0.2582489904040695,0.9923304863168904,analysis/v18_canonical_pipeline/inputs/cifar_base/session_2_seeds_456_789/noise_all_families.json
cifar,learned,456,748602735,0.05,0.31952244152690495,0.9818720585671953,analysis/v18_canonical_pipeline/inputs/cifar_base/session_2_seeds_456_789/noise_all_families.json
cifar,learned,456,232799592,0.0025,0.014401154559958568,1.001220149904131,analysis/v18_canonical_pipeline/inputs/cifar_base/session_2_seeds_456_789/noise_all_families.json
cifar,learned,456,232799592,0.005,0.029041816232442508,1.0019173784207773,analysis/v18_canonical_pipeline/inputs/cifar_base/session_2_seeds_456_789/noise_all_families.json
cifar,learned,456,232799592,0.01,0.05974418135093722,0.9994770786125152,analysis/v18_canonical_pipeline/inputs/cifar_base/session_2_seeds_456_789/noise_all_families.json
cifar,learned,456,232799592,0.015,0.09286509447122299,1.0010458427749696,analysis/v18_canonical_pipeline/inputs/cifar_base/session_2_seeds_456_789/noise_all_families.json
cifar,learned,456,232799592,0.02,0.12762887377199292,0.9991284643541921,analysis/v18_canonical_pipeline/inputs/cifar_base/session_2_seeds_456_789/noise_all_families.json
cifar,learned,456,232799592,0.03,0.1980909329805258,1.000348614258323,analysis/v18_canonical_pipeline/inputs/cifar_base/session_2_seeds_456_789/noise_all_families.json
cifar,learned,456,232799592,0.04,0.2648286521285666,0.9949450932543141,analysis/v18_canonical_pipeline/inputs/cifar_base/session_2_seeds_456_789/noise_all_families.json
cifar,learned,456,232799592,0.05,0.32573399478294673,0.9823949799546801,analysis/v18_canonical_pipeline/inputs/cifar_base/session_2_seeds_456_789/noise_all_families.json
cifar,learned,456,1515444192,0.0025,0.014668001801506663,1.000871535645808,analysis/v18_canonical_pipeline/inputs/cifar_base/session_2_seeds_456_789/noise_all_families.json
cifar,learned,456,1515444192,0.005,0.02951520506942526,1.000348614258323,analysis/v18_canonical_pipeline/inputs/cifar_base/session_2_seeds_456_789/noise_all_families.json
cifar,learned,456,1515444192,0.01,0.06076366691898915,1.0005229213874847,analysis/v18_canonical_pipeline/inputs/cifar_base/session_2_seeds_456_789/noise_all_families.json
cifar,learned,456,1515444192,0.015,0.09415945801247802,1.0005229213874847,analysis/v18_canonical_pipeline/inputs/cifar_base/session_2_seeds_456_789/noise_all_families.json
cifar,learned,456,1515444192,0.02,0.1292628922189912,1.0001743071291616,analysis/v18_canonical_pipeline/inputs/cifar_base/session_2_seeds_456_789/noise_all_families.json
cifar,learned,456,1515444192,0.03,0.2010087646108585,0.9991284643541921,analysis/v18_canonical_pipeline/inputs/cifar_base/session_2_seeds_456_789/noise_all_families.json
cifar,learned,456,1515444192,0.04,0.2690028315638352,0.991633257800244,analysis/v18_canonical_pipeline/inputs/cifar_base/session_2_seeds_456_789/noise_all_families.json
cifar,learned,456,1515444192,0.05,0.3310978456718508,0.9778629945964789,analysis/v18_canonical_pipeline/inputs/cifar_base/session_2_seeds_456_789/noise_all_families.json
cifar,learned,789,480992697,0.0025,0.016430976789991007,0.9998252053836741,analysis/v18_canonical_pipeline/inputs/cifar_base/session_2_seeds_456_789/noise_all_families.json
cifar,learned,789,480992697,0.005,0.0330209134027098,0.9996504107673484,analysis/v18_canonical_pipeline/inputs/cifar_base/session_2_seeds_456_789/noise_all_families.json
cifar,learned,789,480992697,0.01,0.06780569289254282,1.0013983569306066,analysis/v18_canonical_pipeline/inputs/cifar_base/session_2_seeds_456_789/noise_all_families.json
cifar,learned,789,480992697,0.015,0.10519720661637813,1.0012235623142807,analysis/v18_canonical_pipeline/inputs/cifar_base/session_2_seeds_456_789/noise_all_families.json
cifar,learned,789,480992697,0.02,0.14380744163809236,0.9984268484530676,analysis/v18_canonical_pipeline/inputs/cifar_base/session_2_seeds_456_789/noise_all_families.json
cifar,learned,789,480992697,0.03,0.21890100136097307,0.9928334207306413,analysis/v18_canonical_pipeline/inputs/cifar_base/session_2_seeds_456_789/noise_all_families.json
cifar,learned,789,480992697,0.04,0.2883637219991783,0.984618073763328,analysis/v18_canonical_pipeline/inputs/cifar_base/session_2_seeds_456_789/noise_all_families.json
cifar,learned,789,480992697,0.05,0.3522599133026428,0.9692361475266561,analysis/v18_canonical_pipeline/inputs/cifar_base/session_2_seeds_456_789/noise_all_families.json
cifar,learned,789,499098383,0.0025,0.017726088494256786,0.9994756161510225,analysis/v18_canonical_pipeline/inputs/cifar_base/session_2_seeds_456_789/noise_all_families.json
cifar,learned,789,499098383,0.005,0.03560643844290777,0.9993008215346967,analysis/v18_canonical_pipeline/inputs/cifar_base/session_2_seeds_456_789/noise_all_families.json
cifar,learned,789,499098383,0.01,0.07204246320578225,0.9989512323020451,analysis/v18_canonical_pipeline/inputs/cifar_base/session_2_seeds_456_789/noise_all_families.json
cifar,learned,789,499098383,0.015,0.10952616151430554,0.9963293130571579,analysis/v18_canonical_pipeline/inputs/cifar_base/session_2_seeds_456_789/noise_all_families.json
cifar,learned,789,499098383,0.02,0.1477370135215141,0.997203286138787,analysis/v18_canonical_pipeline/inputs/cifar_base/session_2_seeds_456_789/noise_all_families.json
cifar,learned,789,499098383,0.03,0.22188772960749548,0.9909106799510573,analysis/v18_canonical_pipeline/inputs/cifar_base/session_2_seeds_456_789/noise_all_families.json
cifar,learned,789,499098383,0.04,0.29012387634421954,0.9830449222163956,analysis/v18_canonical_pipeline/inputs/cifar_base/session_2_seeds_456_789/noise_all_families.json
cifar,learned,789,499098383,0.05,0.35290063603465494,0.9720328613878692,analysis/v18_canonical_pipeline/inputs/cifar_base/session_2_seeds_456_789/noise_all_families.json
cifar,learned,789,1484136836,0.0025,0.016352368069881353,0.9984268484530676,analysis/v18_canonical_pipeline/inputs/cifar_base/session_2_seeds_456_789/noise_all_families.json
cifar,learned,789,1484136836,0.005,0.03282508350062161,0.9977276699877644,analysis/v18_canonical_pipeline/inputs/cifar_base/session_2_seeds_456_789/noise_all_families.json
cifar,learned,789,1484136836,0.01,0.06728236237344491,0.9970284915224611,analysis/v18_canonical_pipeline/inputs/cifar_base/session_2_seeds_456_789/noise_all_families.json
cifar,learned,789,1484136836,0.015,0.10430087005562402,0.9959797238245062,analysis/v18_canonical_pipeline/inputs/cifar_base/session_2_seeds_456_789/noise_all_families.json
cifar,learned,789,1484136836,0.02,0.14269564082425293,0.9940569830449223,analysis/v18_canonical_pipeline/inputs/cifar_base/session_2_seeds_456_789/noise_all_families.json
cifar,learned,789,1484136836,0.03,0.2183100433104912,0.9879391714735185,analysis/v18_canonical_pipeline/inputs/cifar_base/session_2_seeds_456_789/noise_all_families.json
cifar,learned,789,1484136836,0.04,0.28808279890666694,0.9771019052613178,analysis/v18_canonical_pipeline/inputs/cifar_base/session_2_seeds_456_789/noise_all_families.json
cifar,learned,789,1484136836,0.05,0.35179970820927936,0.966439433665443,analysis/v18_canonical_pipeline/inputs/cifar_base/session_2_seeds_456_789/noise_all_families.json
cifar,learned,789,1949810196,0.0025,0.017218236227093762,0.9991260269183709,analysis/v18_canonical_pipeline/inputs/cifar_base/session_2_seeds_456_789/noise_all_families.json
cifar,learned,789,1949810196,0.005,0.03472656197551402,1.0001747946163257,analysis/v18_canonical_pipeline/inputs/cifar_base/session_2_seeds_456_789/noise_all_families.json
cifar,learned,789,1949810196,0.01,0.07130710214854108,0.9994756161510225,analysis/v18_canonical_pipeline/inputs/cifar_base/session_2_seeds_456_789/noise_all_families.json
cifar,learned,789,1949810196,0.015,0.1099352610897181,0.9973780807551128,analysis/v18_canonical_pipeline/inputs/cifar_base/session_2_seeds_456_789/noise_all_families.json
cifar,learned,789,1949810196,0.02,0.14931880655631688,0.9975528753714386,analysis/v18_canonical_pipeline/inputs/cifar_base/session_2_seeds_456_789/noise_all_families.json
cifar,learned,789,1949810196,0.03,0.225120516397848,0.9914350638000348,analysis/v18_canonical_pipeline/inputs/cifar_base/session_2_seeds_456_789/noise_all_families.json
cifar,learned,789,1949810196,0.04,0.2950062901623579,0.98077259220416,analysis/v18_canonical_pipeline/inputs/cifar_base/session_2_seeds_456_789/noise_all_families.json
cifar,learned,789,1949810196,0.05,0.3589152789970873,0.969410942142982,analysis/v18_canonical_pipeline/inputs/cifar_base/session_2_seeds_456_789/noise_all_families.json
cifar,learned,789,718483333,0.0025,0.01622628251977972,0.9996504107673484,analysis/v18_canonical_pipeline/inputs/cifar_base/session_2_seeds_456_789/noise_all_families.json
cifar,learned,789,718483333,0.005,0.03265044347263679,0.9991260269183709,analysis/v18_canonical_pipeline/inputs/cifar_base/session_2_seeds_456_789/noise_all_families.json
cifar,learned,789,718483333,0.01,0.0668599719669463,0.9982520538367419,analysis/v18_canonical_pipeline/inputs/cifar_base/session_2_seeds_456_789/noise_all_families.json
cifar,learned,789,718483333,0.015,0.10315272341678443,0.9965041076734836,analysis/v18_canonical_pipeline/inputs/cifar_base/session_2_seeds_456_789/noise_all_families.json
cifar,learned,789,718483333,0.02,0.14071340821618397,0.9951057507428771,analysis/v18_canonical_pipeline/inputs/cifar_base/session_2_seeds_456_789/noise_all_families.json
cifar,learned,789,718483333,0.03,0.21483436833548306,0.991260269183709,analysis/v18_canonical_pipeline/inputs/cifar_base/session_2_seeds_456_789/noise_all_families.json
cifar,learned,789,718483333,0.04,0.2840487248079485,0.9840936899143505,analysis/v18_canonical_pipeline/inputs/cifar_base/session_2_seeds_456_789/noise_all_families.json
cifar,learned,789,718483333,0.05,0.34795513473872575,0.9690613529103302,analysis/v18_canonical_pipeline/inputs/cifar_base/session_2_seeds_456_789/noise_all_families.json
cifar,learned,789,1920916044,0.0025,0.01668200744814713,0.9998252053836741,analysis/v18_canonical_pipeline/inputs/cifar_base/session_2_seeds_456_789/noise_all_families.json
cifar,learned,789,1920916044,0.005,0.03363979041416861,0.9975528753714386,analysis/v18_canonical_pipeline/inputs/cifar_base/session_2_seeds_456_789/noise_all_families.json
cifar,learned,789,1920916044,0.01,0.06918292792703645,0.9984268484530676,analysis/v18_canonical_pipeline/inputs/cifar_base/session_2_seeds_456_789/noise_all_families.json
cifar,learned,789,1920916044,0.015,0.10698234651573069,0.9979024646040902,analysis/v18_canonical_pipeline/inputs/cifar_base/session_2_seeds_456_789/noise_all_families.json
cifar,learned,789,1920916044,0.02,0.1456701511308796,0.9977276699877644,analysis/v18_canonical_pipeline/inputs/cifar_base/session_2_seeds_456_789/noise_all_families.json
cifar,learned,789,1920916044,0.03,0.22098946293786526,0.9900367068694282,analysis/v18_canonical_pipeline/inputs/cifar_base/session_2_seeds_456_789/noise_all_families.json
cifar,learned,789,1920916044,0.04,0.29075146189482254,0.9825205383674182,analysis/v18_canonical_pipeline/inputs/cifar_base/session_2_seeds_456_789/noise_all_families.json
cifar,learned,789,1920916044,0.05,0.3549431555939627,0.9697605313756336,analysis/v18_canonical_pipeline/inputs/cifar_base/session_2_seeds_456_789/noise_all_families.json
cifar,learned,789,75097514,0.0025,0.017591786452315787,0.9994756161510225,analysis/v18_canonical_pipeline/inputs/cifar_base/session_2_seeds_456_789/noise_all_families.json
cifar,learned,789,75097514,0.005,0.03541691774137566,1.0001747946163257,analysis/v18_canonical_pipeline/inputs/cifar_base/session_2_seeds_456_789/noise_all_families.json
cifar,learned,789,75097514,0.01,0.07186022503620046,1.0,analysis/v18_canonical_pipeline/inputs/cifar_base/session_2_seeds_456_789/noise_all_families.json
cifar,learned,789,75097514,0.015,0.10987580034809871,1.0013983569306066,analysis/v18_canonical_pipeline/inputs/cifar_base/session_2_seeds_456_789/noise_all_families.json
cifar,learned,789,75097514,0.02,0.14885238504720646,0.9982520538367419,analysis/v18_canonical_pipeline/inputs/cifar_base/session_2_seeds_456_789/noise_all_families.json
cifar,learned,789,75097514,0.03,0.22400843281345198,0.9909106799510573,analysis/v18_canonical_pipeline/inputs/cifar_base/session_2_seeds_456_789/noise_all_families.json
cifar,learned,789,75097514,0.04,0.2931308337352304,0.9867156091592377,analysis/v18_canonical_pipeline/inputs/cifar_base/session_2_seeds_456_789/noise_all_families.json
cifar,learned,789,75097514,0.05,0.3566136990992163,0.9730816290858241,analysis/v18_canonical_pipeline/inputs/cifar_base/session_2_seeds_456_789/noise_all_families.json
cifar,learned,789,1838896125,0.0025,0.017626853530365576,0.9987764376857193,analysis/v18_canonical_pipeline/inputs/cifar_base/session_2_seeds_456_789/noise_all_families.json
cifar,learned,789,1838896125,0.005,0.03544627323467634,0.9982520538367419,analysis/v18_canonical_pipeline/inputs/cifar_base/session_2_seeds_456_789/noise_all_families.json
cifar,learned,789,1838896125,0.01,0.07202062289435734,0.9982520538367419,analysis/v18_canonical_pipeline/inputs/cifar_base/session_2_seeds_456_789/noise_all_families.json
cifar,learned,789,1838896125,0.015,0.1101801793954012,0.9975528753714386,analysis/v18_canonical_pipeline/inputs/cifar_base/session_2_seeds_456_789/noise_all_families.json
cifar,learned,789,1838896125,0.02,0.14890427508901288,0.9945813668938996,analysis/v18_canonical_pipeline/inputs/cifar_base/session_2_seeds_456_789/noise_all_families.json
cifar,learned,789,1838896125,0.03,0.22390189465474272,0.9909106799510573,analysis/v18_canonical_pipeline/inputs/cifar_base/session_2_seeds_456_789/noise_all_families.json
cifar,learned,789,1838896125,0.04,0.29301734203983365,0.9833945114490472,analysis/v18_canonical_pipeline/inputs/cifar_base/session_2_seeds_456_789/noise_all_families.json
cifar,learned,789,1838896125,0.05,0.35652991744231866,0.9718580667715434,analysis/v18_canonical_pipeline/inputs/cifar_base/session_2_seeds_456_789/noise_all_families.json
cifar,learned,789,956457833,0.0025,0.017090194786188614,1.0005243838489775,analysis/v18_canonical_pipeline/inputs/cifar_base/session_2_seeds_456_789/noise_all_families.json
cifar,learned,789,956457833,0.005,0.03439288308067432,1.0001747946163257,analysis/v18_canonical_pipeline/inputs/cifar_base/session_2_seeds_456_789/noise_all_families.json
cifar,learned,789,956457833,0.01,0.07034079807009211,1.0001747946163257,analysis/v18_canonical_pipeline/inputs/cifar_base/session_2_seeds_456_789/noise_all_families.json
cifar,learned,789,956457833,0.015,0.10840141724089801,0.9986016430693935,analysis/v18_canonical_pipeline/inputs/cifar_base/session_2_seeds_456_789/noise_all_families.json
cifar,learned,789,956457833,0.02,0.14743632040403926,0.9970284915224611,analysis/v18_canonical_pipeline/inputs/cifar_base/session_2_seeds_456_789/noise_all_families.json
cifar,learned,789,956457833,0.03,0.22254417564203058,0.9917846530326864,analysis/v18_canonical_pipeline/inputs/cifar_base/session_2_seeds_456_789/noise_all_families.json
cifar,learned,789,956457833,0.04,0.29150349843050394,0.9851424576123053,analysis/v18_canonical_pipeline/inputs/cifar_base/session_2_seeds_456_789/noise_all_families.json
cifar,learned,789,956457833,0.05,0.3549225244662599,0.9765775214123404,analysis/v18_canonical_pipeline/inputs/cifar_base/session_2_seeds_456_789/noise_all_families.json
cifar,learned,789,599568522,0.0025,0.016393946903921378,1.0003495892326517,analysis/v18_canonical_pipeline/inputs/cifar_base/session_2_seeds_456_789/noise_all_families.json
cifar,learned,789,599568522,0.005,0.033050236616836884,1.0,analysis/v18_canonical_pipeline/inputs/cifar_base/session_2_seeds_456_789/noise_all_families.json
cifar,learned,789,599568522,0.01,0.06796235405569803,0.9996504107673484,analysis/v18_canonical_pipeline/inputs/cifar_base/session_2_seeds_456_789/noise_all_families.json
cifar,learned,789,599568522,0.015,0.10533433728865321,1.0003495892326517,analysis/v18_canonical_pipeline/inputs/cifar_base/session_2_seeds_456_789/noise_all_families.json
cifar,learned,789,599568522,0.02,0.14398729211407546,0.9998252053836741,analysis/v18_canonical_pipeline/inputs/cifar_base/session_2_seeds_456_789/noise_all_families.json
cifar,learned,789,599568522,0.03,0.21982704783664395,0.9938821884285962,analysis/v18_canonical_pipeline/inputs/cifar_base/session_2_seeds_456_789/noise_all_families.json
cifar,learned,789,599568522,0.04,0.2901442249807763,0.9833945114490472,analysis/v18_canonical_pipeline/inputs/cifar_base/session_2_seeds_456_789/noise_all_families.json
cifar,learned,789,599568522,0.05,0.3546662852707797,0.9709840936899142,analysis/v18_canonical_pipeline/inputs/cifar_base/session_2_seeds_456_789/noise_all_families.json
cifar,sinusoidal,456,794217802,0.01,0.014909634532909782,1.000885112409276,analysis/v18_canonical_pipeline/inputs/cifar_base/session_2_seeds_456_789/noise_all_families.json
cifar,sinusoidal,456,794217802,0.025,0.03749060045006394,1.0014161798548415,analysis/v18_canonical_pipeline/inputs/cifar_base/session_2_seeds_456_789/noise_all_families.json
cifar,sinusoidal,456,794217802,0.05,0.0765142588423961,0.9975216852540273,analysis/v18_canonical_pipeline/inputs/cifar_base/session_2_seeds_456_789/noise_all_families.json
cifar,sinusoidal,456,794217802,0.075,0.11713330474483667,0.9938042131350682,analysis/v18_canonical_pipeline/inputs/cifar_base/session_2_seeds_456_789/noise_all_families.json
cifar,sinusoidal,456,794217802,0.1,0.15742929637400452,0.9867233138608604,analysis/v18_canonical_pipeline/inputs/cifar_base/session_2_seeds_456_789/noise_all_families.json
cifar,sinusoidal,456,794217802,0.15,0.23048786361939913,0.9681359532660649,analysis/v18_canonical_pipeline/inputs/cifar_base/session_2_seeds_456_789/noise_all_families.json
cifar,sinusoidal,456,794217802,0.2,0.2931475622948741,0.9387502212781024,analysis/v18_canonical_pipeline/inputs/cifar_base/session_2_seeds_456_789/noise_all_families.json
cifar,sinusoidal,456,794217802,0.25,0.34923820323933175,0.9072402195078776,analysis/v18_canonical_pipeline/inputs/cifar_base/session_2_seeds_456_789/noise_all_families.json
cifar,sinusoidal,456,650510565,0.01,0.014719897876407767,1.001770224818552,analysis/v18_canonical_pipeline/inputs/cifar_base/session_2_seeds_456_789/noise_all_families.json
cifar,sinusoidal,456,650510565,0.025,0.03707333850056943,1.0031864046733936,analysis/v18_canonical_pipeline/inputs/cifar_base/session_2_seeds_456_789/noise_all_families.json
cifar,sinusoidal,456,650510565,0.05,0.07593650287404267,0.9996459550362896,analysis/v18_canonical_pipeline/inputs/cifar_base/session_2_seeds_456_789/noise_all_families.json
cifar,sinusoidal,456,650510565,0.075,0.11650293422241388,0.9955744379536201,analysis/v18_canonical_pipeline/inputs/cifar_base/session_2_seeds_456_789/noise_all_families.json
cifar,sinusoidal,456,650510565,0.1,0.15666995932872418,0.9922110107983714,analysis/v18_canonical_pipeline/inputs/cifar_base/session_2_seeds_456_789/noise_all_families.json
cifar,sinusoidal,456,650510565,0.15,0.2296515904569061,0.9750398300584175,analysis/v18_canonical_pipeline/inputs/cifar_base/session_2_seeds_456_789/noise_all_families.json
cifar,sinusoidal,456,650510565,0.2,0.29274766182280554,0.949194547707559,analysis/v18_canonical_pipeline/inputs/cifar_base/session_2_seeds_456_789/noise_all_families.json
cifar,sinusoidal,456,650510565,0.25,0.3492856916466882,0.9187466808284652,analysis/v18_canonical_pipeline/inputs/cifar_base/session_2_seeds_456_789/noise_all_families.json
cifar,sinusoidal,456,1336624712,0.01,0.014376306925442946,1.0005310674455656,analysis/v18_canonical_pipeline/inputs/cifar_base/session_2_seeds_456_789/noise_all_families.json
cifar,sinusoidal,456,1336624712,0.025,0.03630668426595551,1.0015932023366967,analysis/v18_canonical_pipeline/inputs/cifar_base/session_2_seeds_456_789/noise_all_families.json
cifar,sinusoidal,456,1336624712,0.05,0.07460630101547855,0.997344662772172,analysis/v18_canonical_pipeline/inputs/cifar_base/session_2_seeds_456_789/noise_all_families.json
cifar,sinusoidal,456,1336624712,0.075,0.11478292376521033,0.9946893255443442,analysis/v18_canonical_pipeline/inputs/cifar_base/session_2_seeds_456_789/noise_all_families.json
cifar,sinusoidal,456,1336624712,0.1,0.1547386420347873,0.9895556735705435,analysis/v18_canonical_pipeline/inputs/cifar_base/session_2_seeds_456_789/noise_all_families.json
cifar,sinusoidal,456,1336624712,0.15,0.22731402783952007,0.9700832005664721,analysis/v18_canonical_pipeline/inputs/cifar_base/session_2_seeds_456_789/noise_all_families.json
cifar,sinusoidal,456,1336624712,0.2,0.2897880038966764,0.938396176314392,analysis/v18_canonical_pipeline/inputs/cifar_base/session_2_seeds_456_789/noise_all_families.json
cifar,sinusoidal,456,1336624712,0.25,0.34560120236920777,0.9114887590724022,analysis/v18_canonical_pipeline/inputs/cifar_base/session_2_seeds_456_789/noise_all_families.json
cifar,sinusoidal,456,1266112268,0.01,0.014842835394140984,1.0019472473004072,analysis/v18_canonical_pipeline/inputs/cifar_base/session_2_seeds_456_789/noise_all_families.json
cifar,sinusoidal,456,1266112268,0.025,0.03756417800151438,1.0012391573729864,analysis/v18_canonical_pipeline/inputs/cifar_base/session_2_seeds_456_789/noise_all_families.json
cifar,sinusoidal,456,1266112268,0.05,0.07745243904333936,1.0015932023366967,analysis/v18_canonical_pipeline/inputs/cifar_base/session_2_seeds_456_789/noise_all_families.json
cifar,sinusoidal,456,1266112268,0.075,0.11902343742953593,0.9975216852540273,analysis/v18_canonical_pipeline/inputs/cifar_base/session_2_seeds_456_789/noise_all_families.json
cifar,sinusoidal,456,1266112268,0.1,0.15958853753107788,0.9932731456895026,analysis/v18_canonical_pipeline/inputs/cifar_base/session_2_seeds_456_789/noise_all_families.json
cifar,sinusoidal,456,1266112268,0.15,0.23219773789217737,0.9741547176491415,analysis/v18_canonical_pipeline/inputs/cifar_base/session_2_seeds_456_789/noise_all_families.json
cifar,sinusoidal,456,1266112268,0.2,0.29488758729451026,0.9463621879978757,analysis/v18_canonical_pipeline/inputs/cifar_base/session_2_seeds_456_789/noise_all_families.json
cifar,sinusoidal,456,1266112268,0.25,0.35145182586905666,0.9201628606833068,analysis/v18_canonical_pipeline/inputs/cifar_base/session_2_seeds_456_789/noise_all_families.json
cifar,sinusoidal,456,1226451937,0.01,0.015041295265470255,1.0,analysis/v18_canonical_pipeline/inputs/cifar_base/session_2_seeds_456_789/noise_all_families.json
cifar,sinusoidal,456,1226451937,0.025,0.037921165841780305,1.0014161798548415,analysis/v18_canonical_pipeline/inputs/cifar_base/session_2_seeds_456_789/noise_all_families.json
cifar,sinusoidal,456,1226451937,0.05,0.07789546420874732,0.9996459550362896,analysis/v18_canonical_pipeline/inputs/cifar_base/session_2_seeds_456_789/noise_all_families.json
cifar,sinusoidal,456,1226451937,0.075,0.12000888963359434,0.9964595503628961,analysis/v18_canonical_pipeline/inputs/cifar_base/session_2_seeds_456_789/noise_all_families.json
cifar,sinusoidal,456,1226451937,0.1,0.16179595707738723,0.9929191007257923,analysis/v18_canonical_pipeline/inputs/cifar_base/session_2_seeds_456_789/noise_all_families.json
cifar,sinusoidal,456,1226451937,0.15,0.2364780824449953,0.9716764029031688,analysis/v18_canonical_pipeline/inputs/cifar_base/session_2_seeds_456_789/noise_all_families.json
cifar,sinusoidal,456,1226451937,0.2,0.2996922602299244,0.9403434236147992,analysis/v18_canonical_pipeline/inputs/cifar_base/session_2_seeds_456_789/noise_all_families.json
cifar,sinusoidal,456,1226451937,0.25,0.35566099347913666,0.9067091520623121,analysis/v18_canonical_pipeline/inputs/cifar_base/session_2_seeds_456_789/noise_all_families.json
cifar,sinusoidal,456,110430652,0.01,0.01598409140246545,1.0010621348911313,analysis/v18_canonical_pipeline/inputs/cifar_base/session_2_seeds_456_789/noise_all_families.json
cifar,sinusoidal,456,110430652,0.025,0.04030777493516466,1.0019472473004072,analysis/v18_canonical_pipeline/inputs/cifar_base/session_2_seeds_456_789/noise_all_families.json
cifar,sinusoidal,456,110430652,0.05,0.08262445086161706,0.9998229775181448,analysis/v18_canonical_pipeline/inputs/cifar_base/session_2_seeds_456_789/noise_all_families.json
cifar,sinusoidal,456,110430652,0.075,0.12667892035022485,0.997344662772172,analysis/v18_canonical_pipeline/inputs/cifar_base/session_2_seeds_456_789/noise_all_families.json
cifar,sinusoidal,456,110430652,0.1,0.16991288434202673,0.9907948309435298,analysis/v18_canonical_pipeline/inputs/cifar_base/session_2_seeds_456_789/noise_all_families.json
cifar,sinusoidal,456,110430652,0.15,0.24634078581744503,0.9668967958930785,analysis/v18_canonical_pipeline/inputs/cifar_base/session_2_seeds_456_789/noise_all_families.json
cifar,sinusoidal,456,110430652,0.2,0.31066324952966723,0.935740839086564,analysis/v18_canonical_pipeline/inputs/cifar_base/session_2_seeds_456_789/noise_all_families.json
cifar,sinusoidal,456,110430652,0.25,0.3675930493935185,0.9012214551248009,analysis/v18_canonical_pipeline/inputs/cifar_base/session_2_seeds_456_789/noise_all_families.json
cifar,sinusoidal,456,1269834480,0.01,0.014767971281449702,1.0019472473004072,analysis/v18_canonical_pipeline/inputs/cifar_base/session_2_seeds_456_789/noise_all_families.json
cifar,sinusoidal,456,1269834480,0.025,0.03735388442842909,1.0035404496371039,analysis/v18_canonical_pipeline/inputs/cifar_base/session_2_seeds_456_789/noise_all_families.json
cifar,sinusoidal,456,1269834480,0.05,0.07692853125474129,1.000885112409276,analysis/v18_canonical_pipeline/inputs/cifar_base/session_2_seeds_456_789/noise_all_families.json
cifar,sinusoidal,456,1269834480,0.075,0.11848762532433872,0.9987608426270136,analysis/v18_canonical_pipeline/inputs/cifar_base/session_2_seeds_456_789/noise_all_families.json
cifar,sinusoidal,456,1269834480,0.1,0.15928706744267696,0.993627190653213,analysis/v18_canonical_pipeline/inputs/cifar_base/session_2_seeds_456_789/noise_all_families.json
cifar,sinusoidal,456,1269834480,0.15,0.23185362610350654,0.9681359532660649,analysis/v18_canonical_pipeline/inputs/cifar_base/session_2_seeds_456_789/noise_all_families.json
cifar,sinusoidal,456,1269834480,0.2,0.293591913255043,0.9414055585059303,analysis/v18_canonical_pipeline/inputs/cifar_base/session_2_seeds_456_789/noise_all_families.json
cifar,sinusoidal,456,1269834480,0.25,0.3488819180716172,0.9077712869534432,analysis/v18_canonical_pipeline/inputs/cifar_base/session_2_seeds_456_789/noise_all_families.json
cifar,sinusoidal,456,748602735,0.01,0.015139662893998535,0.9989378651088688,analysis/v18_canonical_pipeline/inputs/cifar_base/session_2_seeds_456_789/noise_all_families.json
cifar,sinusoidal,456,748602735,0.025,0.0381060287839324,1.0012391573729864,analysis/v18_canonical_pipeline/inputs/cifar_base/session_2_seeds_456_789/noise_all_families.json
cifar,sinusoidal,456,748602735,0.05,0.07787373174489236,1.0007080899274208,analysis/v18_canonical_pipeline/inputs/cifar_base/session_2_seeds_456_789/noise_all_families.json
cifar,sinusoidal,456,748602735,0.075,0.11945120656317935,0.9992919100725792,analysis/v18_canonical_pipeline/inputs/cifar_base/session_2_seeds_456_789/noise_all_families.json
cifar,sinusoidal,456,748602735,0.1,0.16075706929168557,0.993627190653213,analysis/v18_canonical_pipeline/inputs/cifar_base/session_2_seeds_456_789/noise_all_families.json
cifar,sinusoidal,456,748602735,0.15,0.2355047798516978,0.9722074703487344,analysis/v18_canonical_pipeline/inputs/cifar_base/session_2_seeds_456_789/noise_all_families.json
cifar,sinusoidal,456,748602735,0.2,0.2989167172847217,0.9431757833244823,analysis/v18_canonical_pipeline/inputs/cifar_base/session_2_seeds_456_789/noise_all_families.json
cifar,sinusoidal,456,748602735,0.25,0.3548247173998849,0.9189237033103205,analysis/v18_canonical_pipeline/inputs/cifar_base/session_2_seeds_456_789/noise_all_families.json
cifar,sinusoidal,456,232799592,0.01,0.014603419130945046,0.9996459550362896,analysis/v18_canonical_pipeline/inputs/cifar_base/session_2_seeds_456_789/noise_all_families.json
cifar,sinusoidal,456,232799592,0.025,0.03664825610780821,0.9998229775181448,analysis/v18_canonical_pipeline/inputs/cifar_base/session_2_seeds_456_789/noise_all_families.json
cifar,sinusoidal,456,232799592,0.05,0.07457635073670998,0.9976987077358824,analysis/v18_canonical_pipeline/inputs/cifar_base/session_2_seeds_456_789/noise_all_families.json
cifar,sinusoidal,456,232799592,0.075,0.11415280064652084,0.9939812356169234,analysis/v18_canonical_pipeline/inputs/cifar_base/session_2_seeds_456_789/noise_all_families.json
cifar,sinusoidal,456,232799592,0.1,0.153728608263646,0.9844220215967429,analysis/v18_canonical_pipeline/inputs/cifar_base/session_2_seeds_456_789/noise_all_families.json
cifar,sinusoidal,456,232799592,0.15,0.22607257586088694,0.9642414586652507,analysis/v18_canonical_pipeline/inputs/cifar_base/session_2_seeds_456_789/noise_all_families.json
cifar,sinusoidal,456,232799592,0.2,0.28860617579743947,0.938396176314392,analysis/v18_canonical_pipeline/inputs/cifar_base/session_2_seeds_456_789/noise_all_families.json
cifar,sinusoidal,456,232799592,0.25,0.34461255673894936,0.9042308373163392,analysis/v18_canonical_pipeline/inputs/cifar_base/session_2_seeds_456_789/noise_all_families.json
cifar,sinusoidal,456,1515444192,0.01,0.014964141607331368,0.9994689325544344,analysis/v18_canonical_pipeline/inputs/cifar_base/session_2_seeds_456_789/noise_all_families.json
cifar,sinusoidal,456,1515444192,0.025,0.037655176807788224,1.001770224818552,analysis/v18_canonical_pipeline/inputs/cifar_base/session_2_seeds_456_789/noise_all_families.json
cifar,sinusoidal,456,1515444192,0.05,0.07700006238921343,1.0001770224818551,analysis/v18_canonical_pipeline/inputs/cifar_base/session_2_seeds_456_789/noise_all_families.json
cifar,sinusoidal,456,1515444192,0.075,0.11805892937756457,0.9959284829173305,analysis/v18_canonical_pipeline/inputs/cifar_base/session_2_seeds_456_789/noise_all_families.json
cifar,sinusoidal,456,1515444192,0.1,0.15862991895783154,0.9902637634979643,analysis/v18_canonical_pipeline/inputs/cifar_base/session_2_seeds_456_789/noise_all_families.json
cifar,sinusoidal,456,1515444192,0.15,0.23167085940686355,0.9748628075765623,analysis/v18_canonical_pipeline/inputs/cifar_base/session_2_seeds_456_789/noise_all_families.json
cifar,sinusoidal,456,1515444192,0.2,0.29407118732143545,0.9486634802619934,analysis/v18_canonical_pipeline/inputs/cifar_base/session_2_seeds_456_789/noise_all_families.json
cifar,sinusoidal,456,1515444192,0.25,0.3496026786714176,0.9187466808284652,analysis/v18_canonical_pipeline/inputs/cifar_base/session_2_seeds_456_789/noise_all_families.json
cifar,sinusoidal,789,480992697,0.01,0.01542270128423758,0.9998254189944135,analysis/v18_canonical_pipeline/inputs/cifar_base/session_2_seeds_456_789/noise_all_families.json
cifar,sinusoidal,789,480992697,0.025,0.038929376628575166,0.9987779329608939,analysis/v18_canonical_pipeline/inputs/cifar_base/session_2_seeds_456_789/noise_all_families.json
cifar,sinusoidal,789,480992697,0.05,0.08001188132194785,0.9975558659217877,analysis/v18_canonical_pipeline/inputs/cifar_base/session_2_seeds_456_789/noise_all_families.json
cifar,sinusoidal,789,480992697,0.075,0.1223793251533406,0.9954608938547487,analysis/v18_canonical_pipeline/inputs/cifar_base/session_2_seeds_456_789/noise_all_families.json
cifar,sinusoidal,789,480992697,0.1,0.16294920976008495,0.9924930167597764,analysis/v18_canonical_pipeline/inputs/cifar_base/session_2_seeds_456_789/noise_all_families.json
cifar,sinusoidal,789,480992697,0.15,0.23494547489974452,0.9739874301675977,analysis/v18_canonical_pipeline/inputs/cifar_base/session_2_seeds_456_789/noise_all_families.json
cifar,sinusoidal,789,480992697,0.2,0.2971024162289722,0.9518156424581006,analysis/v18_canonical_pipeline/inputs/cifar_base/session_2_seeds_456_789/noise_all_families.json
cifar,sinusoidal,789,480992697,0.25,0.35295682519902677,0.9146298882681564,analysis/v18_canonical_pipeline/inputs/cifar_base/session_2_seeds_456_789/noise_all_families.json
cifar,sinusoidal,789,499098383,0.01,0.014633138993597963,0.9998254189944135,analysis/v18_canonical_pipeline/inputs/cifar_base/session_2_seeds_456_789/noise_all_families.json
cifar,sinusoidal,789,499098383,0.025,0.036880699813467525,0.9996508379888268,analysis/v18_canonical_pipeline/inputs/cifar_base/session_2_seeds_456_789/noise_all_families.json
cifar,sinusoidal,789,499098383,0.05,0.07524826050232526,0.9987779329608939,analysis/v18_canonical_pipeline/inputs/cifar_base/session_2_seeds_456_789/noise_all_families.json
cifar,sinusoidal,789,499098383,0.075,0.11475358552601257,0.9984287709497207,analysis/v18_canonical_pipeline/inputs/cifar_base/session_2_seeds_456_789/noise_all_families.json
cifar,sinusoidal,789,499098383,0.1,0.15390789587801415,0.9944134078212291,analysis/v18_canonical_pipeline/inputs/cifar_base/session_2_seeds_456_789/noise_all_families.json
cifar,sinusoidal,789,499098383,0.15,0.2253161526757715,0.9774790502793295,analysis/v18_canonical_pipeline/inputs/cifar_base/session_2_seeds_456_789/noise_all_families.json
cifar,sinusoidal,789,499098383,0.2,0.28688387962955086,0.9518156424581006,analysis/v18_canonical_pipeline/inputs/cifar_base/session_2_seeds_456_789/noise_all_families.json
cifar,sinusoidal,789,499098383,0.25,0.3422338432859646,0.9202164804469273,analysis/v18_canonical_pipeline/inputs/cifar_base/session_2_seeds_456_789/noise_all_families.json
cifar,sinusoidal,789,1484136836,0.01,0.015173942348417438,0.9986033519553073,analysis/v18_canonical_pipeline/inputs/cifar_base/session_2_seeds_456_789/noise_all_families.json
cifar,sinusoidal,789,1484136836,0.025,0.03838100484882811,0.9972067039106145,analysis/v18_canonical_pipeline/inputs/cifar_base/session_2_seeds_456_789/noise_all_families.json
cifar,sinusoidal,789,1484136836,0.05,0.07896233719837505,0.9947625698324023,analysis/v18_canonical_pipeline/inputs/cifar_base/session_2_seeds_456_789/noise_all_families.json
cifar,sinusoidal,789,1484136836,0.075,0.12088436443874155,0.9942388268156425,analysis/v18_canonical_pipeline/inputs/cifar_base/session_2_seeds_456_789/noise_all_families.json
cifar,sinusoidal,789,1484136836,0.1,0.1615397248953108,0.9931913407821229,analysis/v18_canonical_pipeline/inputs/cifar_base/session_2_seeds_456_789/noise_all_families.json
cifar,sinusoidal,789,1484136836,0.15,0.2334439561101563,0.9720670391061452,analysis/v18_canonical_pipeline/inputs/cifar_base/session_2_seeds_456_789/noise_all_families.json
cifar,sinusoidal,789,1484136836,0.2,0.29534203454445623,0.9504189944134078,analysis/v18_canonical_pipeline/inputs/cifar_base/session_2_seeds_456_789/noise_all_families.json
cifar,sinusoidal,789,1484136836,0.25,0.35122020151107364,0.9155027932960893,analysis/v18_canonical_pipeline/inputs/cifar_base/session_2_seeds_456_789/noise_all_families.json
cifar,sinusoidal,789,1949810196,0.01,0.015642123233095866,1.0,analysis/v18_canonical_pipeline/inputs/cifar_base/session_2_seeds_456_789/noise_all_families.json
cifar,sinusoidal,789,1949810196,0.025,0.03939692024782031,0.9984287709497207,analysis/v18_canonical_pipeline/inputs/cifar_base/session_2_seeds_456_789/noise_all_families.json
cifar,sinusoidal,789,1949810196,0.05,0.08040256885642605,0.9984287709497207,analysis/v18_canonical_pipeline/inputs/cifar_base/session_2_seeds_456_789/noise_all_families.json
cifar,sinusoidal,789,1949810196,0.075,0.12247515503148809,0.9945879888268156,analysis/v18_canonical_pipeline/inputs/cifar_base/session_2_seeds_456_789/noise_all_families.json
cifar,sinusoidal,789,1949810196,0.1,0.16319379785878071,0.9895251396648043,analysis/v18_canonical_pipeline/inputs/cifar_base/session_2_seeds_456_789/noise_all_families.json
cifar,sinusoidal,789,1949810196,0.15,0.23568647359072784,0.9736382681564245,analysis/v18_canonical_pipeline/inputs/cifar_base/session_2_seeds_456_789/noise_all_families.json
cifar,sinusoidal,789,1949810196,0.2,0.2974480710269868,0.9512918994413408,analysis/v18_canonical_pipeline/inputs/cifar_base/session_2_seeds_456_789/noise_all_families.json
cifar,sinusoidal,789,1949810196,0.25,0.35225144521219887,0.9202164804469273,analysis/v18_canonical_pipeline/inputs/cifar_base/session_2_seeds_456_789/noise_all_families.json
cifar,sinusoidal,789,718483333,0.01,0.014783771262756222,1.0,analysis/v18_canonical_pipeline/inputs/cifar_base/session_2_seeds_456_789/noise_all_families.json
cifar,sinusoidal,789,718483333,0.025,0.037294265201535684,0.9998254189944135,analysis/v18_canonical_pipeline/inputs/cifar_base/session_2_seeds_456_789/noise_all_families.json
cifar,sinusoidal,789,718483333,0.05,0.07653082660828565,0.9986033519553073,analysis/v18_canonical_pipeline/inputs/cifar_base/session_2_seeds_456_789/noise_all_families.json
cifar,sinusoidal,789,718483333,0.075,0.11778622052352095,0.9935405027932961,analysis/v18_canonical_pipeline/inputs/cifar_base/session_2_seeds_456_789/noise_all_families.json
cifar,sinusoidal,789,718483333,0.1,0.1586586040199876,0.9884776536312848,analysis/v18_canonical_pipeline/inputs/cifar_base/session_2_seeds_456_789/noise_all_families.json
cifar,sinusoidal,789,718483333,0.15,0.23214992448418098,0.9668296089385474,analysis/v18_canonical_pipeline/inputs/cifar_base/session_2_seeds_456_789/noise_all_families.json
cifar,sinusoidal,789,718483333,0.2,0.29505618627417185,0.9434357541899441,analysis/v18_canonical_pipeline/inputs/cifar_base/session_2_seeds_456_789/noise_all_families.json
cifar,sinusoidal,789,718483333,0.25,0.3514092630148716,0.9099162011173183,analysis/v18_canonical_pipeline/inputs/cifar_base/session_2_seeds_456_789/noise_all_families.json
cifar,sinusoidal,789,1920916044,0.01,0.015104820188117134,0.9994762569832403,analysis/v18_canonical_pipeline/inputs/cifar_base/session_2_seeds_456_789/noise_all_families.json
cifar,sinusoidal,789,1920916044,0.025,0.03805615153025023,0.9991270949720671,analysis/v18_canonical_pipeline/inputs/cifar_base/session_2_seeds_456_789/noise_all_families.json
cifar,sinusoidal,789,1920916044,0.05,0.07784609419056839,1.0,analysis/v18_canonical_pipeline/inputs/cifar_base/session_2_seeds_456_789/noise_all_families.json
cifar,sinusoidal,789,1920916044,0.075,0.11897101638598469,0.997032122905028,analysis/v18_canonical_pipeline/inputs/cifar_base/session_2_seeds_456_789/noise_all_families.json
cifar,sinusoidal,789,1920916044,0.1,0.15928622680077442,0.9945879888268156,analysis/v18_canonical_pipeline/inputs/cifar_base/session_2_seeds_456_789/noise_all_families.json
cifar,sinusoidal,789,1920916044,0.15,0.2318830063814491,0.9821927374301674,analysis/v18_canonical_pipeline/inputs/cifar_base/session_2_seeds_456_789/noise_all_families.json
cifar,sinusoidal,789,1920916044,0.2,0.29465431416666454,0.9565293296089385,analysis/v18_canonical_pipeline/inputs/cifar_base/session_2_seeds_456_789/noise_all_families.json
cifar,sinusoidal,789,1920916044,0.25,0.3509194849091871,0.9280726256983239,analysis/v18_canonical_pipeline/inputs/cifar_base/session_2_seeds_456_789/noise_all_families.json
cifar,sinusoidal,789,75097514,0.01,0.014643307966486527,1.0001745810055866,analysis/v18_canonical_pipeline/inputs/cifar_base/session_2_seeds_456_789/noise_all_families.json
cifar,sinusoidal,789,75097514,0.025,0.03691030257946967,0.9996508379888268,analysis/v18_canonical_pipeline/inputs/cifar_base/session_2_seeds_456_789/noise_all_families.json
cifar,sinusoidal,789,75097514,0.05,0.07550597505471725,0.9984287709497207,analysis/v18_canonical_pipeline/inputs/cifar_base/session_2_seeds_456_789/noise_all_families.json
cifar,sinusoidal,789,75097514,0.075,0.11568092896020697,0.9944134078212291,analysis/v18_canonical_pipeline/inputs/cifar_base/session_2_seeds_456_789/noise_all_families.json
cifar,sinusoidal,789,75097514,0.1,0.1555112827615207,0.9905726256983238,analysis/v18_canonical_pipeline/inputs/cifar_base/session_2_seeds_456_789/noise_all_families.json
cifar,sinusoidal,789,75097514,0.15,0.22793840870068424,0.9692737430167597,analysis/v18_canonical_pipeline/inputs/cifar_base/session_2_seeds_456_789/noise_all_families.json
cifar,sinusoidal,789,75097514,0.2,0.290762736711743,0.9471019553072626,analysis/v18_canonical_pipeline/inputs/cifar_base/session_2_seeds_456_789/noise_all_families.json
cifar,sinusoidal,789,75097514,0.25,0.3474542193091283,0.9151536312849162,analysis/v18_canonical_pipeline/inputs/cifar_base/session_2_seeds_456_789/noise_all_families.json
cifar,sinusoidal,789,1838896125,0.01,0.01491370587297559,1.000349162011173,analysis/v18_canonical_pipeline/inputs/cifar_base/session_2_seeds_456_789/noise_all_families.json
cifar,sinusoidal,789,1838896125,0.025,0.037615487653260796,0.9996508379888268,analysis/v18_canonical_pipeline/inputs/cifar_base/session_2_seeds_456_789/noise_all_families.json
cifar,sinusoidal,789,1838896125,0.05,0.07708277416265857,1.0015712290502794,analysis/v18_canonical_pipeline/inputs/cifar_base/session_2_seeds_456_789/noise_all_families.json
cifar,sinusoidal,789,1838896125,0.075,0.11795075483060961,0.9973812849162011,analysis/v18_canonical_pipeline/inputs/cifar_base/session_2_seeds_456_789/noise_all_families.json
cifar,sinusoidal,789,1838896125,0.1,0.15829845424063627,0.9935405027932961,analysis/v18_canonical_pipeline/inputs/cifar_base/session_2_seeds_456_789/noise_all_families.json
cifar,sinusoidal,789,1838896125,0.15,0.23194913446165613,0.9776536312849161,analysis/v18_canonical_pipeline/inputs/cifar_base/session_2_seeds_456_789/noise_all_families.json
cifar,sinusoidal,789,1838896125,0.2,0.2951435291839826,0.9511173184357542,analysis/v18_canonical_pipeline/inputs/cifar_base/session_2_seeds_456_789/noise_all_families.json
cifar,sinusoidal,789,1838896125,0.25,0.35158672323348317,0.919518156424581,analysis/v18_canonical_pipeline/inputs/cifar_base/session_2_seeds_456_789/noise_all_families.json
cifar,sinusoidal,789,956457833,0.01,0.014738402555054217,1.0005237430167597,analysis/v18_canonical_pipeline/inputs/cifar_base/session_2_seeds_456_789/noise_all_families.json
cifar,sinusoidal,789,956457833,0.025,0.037262058251765824,0.9987779329608939,analysis/v18_canonical_pipeline/inputs/cifar_base/session_2_seeds_456_789/noise_all_families.json
cifar,sinusoidal,789,956457833,0.05,0.07659102923981795,0.9975558659217877,analysis/v18_canonical_pipeline/inputs/cifar_base/session_2_seeds_456_789/noise_all_families.json
cifar,sinusoidal,789,956457833,0.075,0.11775486046347455,0.9963337988826816,analysis/v18_canonical_pipeline/inputs/cifar_base/session_2_seeds_456_789/noise_all_families.json
cifar,sinusoidal,789,956457833,0.1,0.1586050902852171,0.9905726256983238,analysis/v18_canonical_pipeline/inputs/cifar_base/session_2_seeds_456_789/noise_all_families.json
cifar,sinusoidal,789,956457833,0.15,0.23224865270587478,0.9718924581005586,analysis/v18_canonical_pipeline/inputs/cifar_base/session_2_seeds_456_789/noise_all_families.json
cifar,sinusoidal,789,956457833,0.2,0.29497322984112223,0.9474511173184358,analysis/v18_canonical_pipeline/inputs/cifar_base/session_2_seeds_456_789/noise_all_families.json
cifar,sinusoidal,789,956457833,0.25,0.3510683092169509,0.914804469273743,analysis/v18_canonical_pipeline/inputs/cifar_base/session_2_seeds_456_789/noise_all_families.json
cifar,sinusoidal,789,599568522,0.01,0.014976484665041779,0.9998254189944135,analysis/v18_canonical_pipeline/inputs/cifar_base/session_2_seeds_456_789/noise_all_families.json
cifar,sinusoidal,789,599568522,0.025,0.037847742895178914,0.9991270949720671,analysis/v18_canonical_pipeline/inputs/cifar_base/session_2_seeds_456_789/noise_all_families.json
cifar,sinusoidal,789,599568522,0.05,0.07765613245706612,0.9989525139664804,analysis/v18_canonical_pipeline/inputs/cifar_base/session_2_seeds_456_789/noise_all_families.json
cifar,sinusoidal,789,599568522,0.075,0.1190232284409305,0.9982541899441341,analysis/v18_canonical_pipeline/inputs/cifar_base/session_2_seeds_456_789/noise_all_families.json
cifar,sinusoidal,789,599568522,0.1,0.15986504253252343,0.9940642458100559,analysis/v18_canonical_pipeline/inputs/cifar_base/session_2_seeds_456_789/noise_all_families.json
cifar,sinusoidal,789,599568522,0.15,0.23409312304172206,0.9767807262569831,analysis/v18_canonical_pipeline/inputs/cifar_base/session_2_seeds_456_789/noise_all_families.json
cifar,sinusoidal,789,599568522,0.2,0.2977116228538835,0.947800279329609,analysis/v18_canonical_pipeline/inputs/cifar_base/session_2_seeds_456_789/noise_all_families.json
cifar,sinusoidal,789,599568522,0.25,0.35448519604571654,0.9184706703910615,analysis/v18_canonical_pipeline/inputs/cifar_base/session_2_seeds_456_789/noise_all_families.json
cifar,rope,456,794217802,0.025,0.025566616110071806,0.9995159728944821,analysis/v18_canonical_pipeline/inputs/cifar_base/session_2_seeds_456_789/noise_all_families.json
cifar,rope,456,794217802,0.05,0.05111384454520443,0.9977412068409164,analysis/v18_canonical_pipeline/inputs/cifar_base/session_2_seeds_456_789/noise_all_families.json
cifar,rope,456,794217802,0.1,0.1022953089618653,0.9962891255243627,analysis/v18_canonical_pipeline/inputs/cifar_base/session_2_seeds_456_789/noise_all_families.json
cifar,rope,456,794217802,0.2,0.20574019598153023,0.9906421426266538,analysis/v18_canonical_pipeline/inputs/cifar_base/session_2_seeds_456_789/noise_all_families.json
cifar,rope,456,794217802,0.3,0.3107000163009693,0.9754759599870927,analysis/v18_canonical_pipeline/inputs/cifar_base/session_2_seeds_456_789/noise_all_families.json
cifar,rope,456,794217802,0.4,0.4150896542915764,0.9465956760245241,analysis/v18_canonical_pipeline/inputs/cifar_base/session_2_seeds_456_789/noise_all_families.json
cifar,rope,456,794217802,0.5,0.5166495566026126,0.9006131010003228,analysis/v18_canonical_pipeline/inputs/cifar_base/session_2_seeds_456_789/noise_all_families.json
cifar,rope,456,650510565,0.025,0.02526337293292263,1.000484027105518,analysis/v18_canonical_pipeline/inputs/cifar_base/session_2_seeds_456_789/noise_all_families.json
cifar,rope,456,650510565,0.05,0.05056718150679954,1.00080671184253,analysis/v18_canonical_pipeline/inputs/cifar_base/session_2_seeds_456_789/noise_all_families.json
cifar,rope,456,650510565,0.1,0.10134953340924992,0.999838657631494,analysis/v18_canonical_pipeline/inputs/cifar_base/session_2_seeds_456_789/noise_all_families.json
cifar,rope,456,650510565,0.2,0.2036546944434872,0.9932236205227493,analysis/v18_canonical_pipeline/inputs/cifar_base/session_2_seeds_456_789/noise_all_families.json
cifar,rope,456,650510565,0.3,0.3068297098789652,0.9735398515650211,analysis/v18_canonical_pipeline/inputs/cifar_base/session_2_seeds_456_789/noise_all_families.json
cifar,rope,456,650510565,0.4,0.4096470573453626,0.9483704420780897,analysis/v18_canonical_pipeline/inputs/cifar_base/session_2_seeds_456_789/noise_all_families.json
cifar,rope,456,650510565,0.5,0.5101639408938122,0.9081961923201033,analysis/v18_canonical_pipeline/inputs/cifar_base/session_2_seeds_456_789/noise_all_families.json
cifar,rope,456,1336624712,0.025,0.02543468266520282,1.0006453694740238,analysis/v18_canonical_pipeline/inputs/cifar_base/session_2_seeds_456_789/noise_all_families.json
cifar,rope,456,1336624712,0.05,0.050856573313781316,1.0012907389480477,analysis/v18_canonical_pipeline/inputs/cifar_base/session_2_seeds_456_789/noise_all_families.json
cifar,rope,456,1336624712,0.1,0.10174465487929912,0.9979025492094225,analysis/v18_canonical_pipeline/inputs/cifar_base/session_2_seeds_456_789/noise_all_families.json
cifar,rope,456,1336624712,0.2,0.20415969078974674,0.9906421426266538,analysis/v18_canonical_pipeline/inputs/cifar_base/session_2_seeds_456_789/noise_all_families.json
cifar,rope,456,1336624712,0.3,0.3077840117198705,0.973701193933527,analysis/v18_canonical_pipeline/inputs/cifar_base/session_2_seeds_456_789/noise_all_families.json
cifar,rope,456,1336624712,0.4,0.41142008280282877,0.946918360761536,analysis/v18_canonical_pipeline/inputs/cifar_base/session_2_seeds_456_789/noise_all_families.json
cifar,rope,456,1336624712,0.5,0.5125005246538058,0.9030332365279122,analysis/v18_canonical_pipeline/inputs/cifar_base/session_2_seeds_456_789/noise_all_families.json
cifar,rope,456,1266112268,0.025,0.025522065323654496,0.9990319457889641,analysis/v18_canonical_pipeline/inputs/cifar_base/session_2_seeds_456_789/noise_all_families.json
cifar,rope,456,1266112268,0.05,0.051046638735147656,0.9979025492094225,analysis/v18_canonical_pipeline/inputs/cifar_base/session_2_seeds_456_789/noise_all_families.json
cifar,rope,456,1266112268,0.1,0.10223308749274532,0.9982252339464344,analysis/v18_canonical_pipeline/inputs/cifar_base/session_2_seeds_456_789/noise_all_families.json
cifar,rope,456,1266112268,0.2,0.20564722424432744,0.9958050984188448,analysis/v18_canonical_pipeline/inputs/cifar_base/session_2_seeds_456_789/noise_all_families.json
cifar,rope,456,1266112268,0.3,0.31025488801505285,0.9780574378831882,analysis/v18_canonical_pipeline/inputs/cifar_base/session_2_seeds_456_789/noise_all_families.json
cifar,rope,456,1266112268,0.4,0.4145430254423877,0.9538560826072927,analysis/v18_canonical_pipeline/inputs/cifar_base/session_2_seeds_456_789/noise_all_families.json
cifar,rope,456,1266112268,0.5,0.5163899334599324,0.9172313649564375,analysis/v18_canonical_pipeline/inputs/cifar_base/session_2_seeds_456_789/noise_all_families.json
cifar,rope,456,1226451937,0.025,0.02513061812804627,0.9990319457889641,analysis/v18_canonical_pipeline/inputs/cifar_base/session_2_seeds_456_789/noise_all_families.json
cifar,rope,456,1226451937,0.05,0.05027901366780572,0.9995159728944821,analysis/v18_canonical_pipeline/inputs/cifar_base/session_2_seeds_456_789/noise_all_families.json
cifar,rope,456,1226451937,0.1,0.10071937054339902,0.9983865763149403,analysis/v18_canonical_pipeline/inputs/cifar_base/session_2_seeds_456_789/noise_all_families.json
cifar,rope,456,1226451937,0.2,0.20249220849397448,0.9924169086802195,analysis/v18_canonical_pipeline/inputs/cifar_base/session_2_seeds_456_789/noise_all_families.json
cifar,rope,456,1226451937,0.3,0.3052237744775736,0.9828977089383673,analysis/v18_canonical_pipeline/inputs/cifar_base/session_2_seeds_456_789/noise_all_families.json
cifar,rope,456,1226451937,0.4,0.4074514098324449,0.9611164891900614,analysis/v18_canonical_pipeline/inputs/cifar_base/session_2_seeds_456_789/noise_all_families.json
cifar,rope,456,1226451937,0.5,0.5072795947769766,0.9303000968054213,analysis/v18_canonical_pipeline/inputs/cifar_base/session_2_seeds_456_789/noise_all_families.json
cifar,rope,456,110430652,0.025,0.025177294460113138,0.9990319457889641,analysis/v18_canonical_pipeline/inputs/cifar_base/session_2_seeds_456_789/noise_all_families.json
cifar,rope,456,110430652,0.05,0.05038763653490782,0.9982252339464344,analysis/v18_canonical_pipeline/inputs/cifar_base/session_2_seeds_456_789/noise_all_families.json
cifar,rope,456,110430652,0.1,0.10098396046208358,0.9958050984188448,analysis/v18_canonical_pipeline/inputs/cifar_base/session_2_seeds_456_789/noise_all_families.json
cifar,rope,456,110430652,0.2,0.20273855948532757,0.9885446918360762,analysis/v18_canonical_pipeline/inputs/cifar_base/session_2_seeds_456_789/noise_all_families.json
cifar,rope,456,110430652,0.3,0.3045490158747267,0.9741852210390449,analysis/v18_canonical_pipeline/inputs/cifar_base/session_2_seeds_456_789/noise_all_families.json
cifar,rope,456,110430652,0.4,0.40586340811242744,0.9494998386576315,analysis/v18_canonical_pipeline/inputs/cifar_base/session_2_seeds_456_789/noise_all_families.json
cifar,rope,456,110430652,0.5,0.5056563918498735,0.9125524362697645,analysis/v18_canonical_pipeline/inputs/cifar_base/session_2_seeds_456_789/noise_all_families.json
cifar,rope,456,1269834480,0.025,0.02530498146052234,1.0,analysis/v18_canonical_pipeline/inputs/cifar_base/session_2_seeds_456_789/noise_all_families.json
cifar,rope,456,1269834480,0.05,0.050620615391447105,1.0,analysis/v18_canonical_pipeline/inputs/cifar_base/session_2_seeds_456_789/noise_all_families.json
cifar,rope,456,1269834480,0.1,0.10140854764293752,0.9985479186834463,analysis/v18_canonical_pipeline/inputs/cifar_base/session_2_seeds_456_789/noise_all_families.json
cifar,rope,456,1269834480,0.2,0.20409551808132811,0.9959664407873507,analysis/v18_canonical_pipeline/inputs/cifar_base/session_2_seeds_456_789/noise_all_families.json
cifar,rope,456,1269834480,0.3,0.307754660022327,0.9790254920942241,analysis/v18_canonical_pipeline/inputs/cifar_base/session_2_seeds_456_789/noise_all_families.json
cifar,rope,456,1269834480,0.4,0.4103847362524599,0.957244272345918,analysis/v18_canonical_pipeline/inputs/cifar_base/session_2_seeds_456_789/noise_all_families.json
cifar,rope,456,1269834480,0.5,0.5101286773743118,0.9217489512746049,analysis/v18_canonical_pipeline/inputs/cifar_base/session_2_seeds_456_789/noise_all_families.json
cifar,rope,456,748602735,0.025,0.025420570207444176,1.000161342368506,analysis/v18_canonical_pipeline/inputs/cifar_base/session_2_seeds_456_789/noise_all_families.json
cifar,rope,456,748602735,0.05,0.05083318212664626,0.999838657631494,analysis/v18_canonical_pipeline/inputs/cifar_base/session_2_seeds_456_789/noise_all_families.json
cifar,rope,456,748602735,0.1,0.10173105043732351,0.9977412068409164,analysis/v18_canonical_pipeline/inputs/cifar_base/session_2_seeds_456_789/noise_all_families.json
cifar,rope,456,748602735,0.2,0.20391053636812584,0.9920942239432076,analysis/v18_canonical_pipeline/inputs/cifar_base/session_2_seeds_456_789/noise_all_families.json
cifar,rope,456,748602735,0.3,0.30583646914471274,0.9788641497257181,analysis/v18_canonical_pipeline/inputs/cifar_base/session_2_seeds_456_789/noise_all_families.json
cifar,rope,456,748602735,0.4,0.4072087970381312,0.9533720555017747,analysis/v18_canonical_pipeline/inputs/cifar_base/session_2_seeds_456_789/noise_all_families.json
cifar,rope,456,748602735,0.5,0.5069957701617537,0.9133591481122942,analysis/v18_canonical_pipeline/inputs/cifar_base/session_2_seeds_456_789/noise_all_families.json
cifar,rope,456,232799592,0.025,0.02357767181696884,0.9991932881574701,analysis/v18_canonical_pipeline/inputs/cifar_base/session_2_seeds_456_789/noise_all_families.json
cifar,rope,456,232799592,0.05,0.047148891548378626,0.9985479186834463,analysis/v18_canonical_pipeline/inputs/cifar_base/session_2_seeds_456_789/noise_all_families.json
cifar,rope,456,232799592,0.1,0.09441362113564392,0.9983865763149403,analysis/v18_canonical_pipeline/inputs/cifar_base/session_2_seeds_456_789/noise_all_families.json
cifar,rope,456,232799592,0.2,0.19008744159063412,0.9937076476282672,analysis/v18_canonical_pipeline/inputs/cifar_base/session_2_seeds_456_789/noise_all_families.json
cifar,rope,456,232799592,0.3,0.28768809832686126,0.9724104549854793,analysis/v18_canonical_pipeline/inputs/cifar_base/session_2_seeds_456_789/noise_all_families.json
cifar,rope,456,232799592,0.4,0.3862225987266247,0.9385285575992256,analysis/v18_canonical_pipeline/inputs/cifar_base/session_2_seeds_456_789/noise_all_families.json
cifar,rope,456,232799592,0.5,0.48413141949965105,0.8881897386253631,analysis/v18_canonical_pipeline/inputs/cifar_base/session_2_seeds_456_789/noise_all_families.json
cifar,rope,456,1515444192,0.025,0.023942965236233845,0.9985479186834463,analysis/v18_canonical_pipeline/inputs/cifar_base/session_2_seeds_456_789/noise_all_families.json
cifar,rope,456,1515444192,0.05,0.04792397784208364,0.9972571797353985,analysis/v18_canonical_pipeline/inputs/cifar_base/session_2_seeds_456_789/noise_all_families.json
cifar,rope,456,1515444192,0.1,0.09611697036703243,0.9974185221039045,analysis/v18_canonical_pipeline/inputs/cifar_base/session_2_seeds_456_789/noise_all_families.json
cifar,rope,456,1515444192,0.2,0.1938845871784137,0.9953210713133269,analysis/v18_canonical_pipeline/inputs/cifar_base/session_2_seeds_456_789/noise_all_families.json
cifar,rope,456,1515444192,0.3,0.29349168183055796,0.97918683446273,analysis/v18_canonical_pipeline/inputs/cifar_base/session_2_seeds_456_789/noise_all_families.json
cifar,rope,456,1515444192,0.4,0.39365678430515466,0.9598257502420136,analysis/v18_canonical_pipeline/inputs/cifar_base/session_2_seeds_456_789/noise_all_families.json
cifar,rope,456,1515444192,0.5,0.4924255446136175,0.926427879961278,analysis/v18_canonical_pipeline/inputs/cifar_base/session_2_seeds_456_789/noise_all_families.json
cifar,rope,789,480992697,0.025,0.023937187604047536,1.0004870920603994,analysis/v18_canonical_pipeline/inputs/cifar_base/session_2_seeds_456_789/noise_all_families.json
cifar,rope,789,480992697,0.05,0.04790269916074711,0.9990258158792011,analysis/v18_canonical_pipeline/inputs/cifar_base/session_2_seeds_456_789/noise_all_families.json
cifar,rope,789,480992697,0.1,0.09601786525259709,1.0,analysis/v18_canonical_pipeline/inputs/cifar_base/session_2_seeds_456_789/noise_all_families.json
cifar,rope,789,480992697,0.2,0.19346883749691068,0.9946419873356065,analysis/v18_canonical_pipeline/inputs/cifar_base/session_2_seeds_456_789/noise_all_families.json
cifar,rope,789,480992697,0.3,0.2928470240328745,0.9826270498457542,analysis/v18_canonical_pipeline/inputs/cifar_base/session_2_seeds_456_789/noise_all_families.json
cifar,rope,789,480992697,0.4,0.3926950803426176,0.9616820912485793,analysis/v18_canonical_pipeline/inputs/cifar_base/session_2_seeds_456_789/noise_all_families.json
cifar,rope,789,480992697,0.5,0.4906304213629384,0.9339178438058128,analysis/v18_canonical_pipeline/inputs/cifar_base/session_2_seeds_456_789/noise_all_families.json
cifar,rope,789,499098383,0.025,0.023889004540269237,0.998863451859068,analysis/v18_canonical_pipeline/inputs/cifar_base/session_2_seeds_456_789/noise_all_families.json
cifar,rope,789,499098383,0.05,0.0478233286702247,0.9970774476376035,analysis/v18_canonical_pipeline/inputs/cifar_base/session_2_seeds_456_789/noise_all_families.json
cifar,rope,789,499098383,0.1,0.09593637384696473,0.9954538074362721,analysis/v18_canonical_pipeline/inputs/cifar_base/session_2_seeds_456_789/noise_all_families.json
cifar,rope,789,499098383,0.2,0.19345452280132422,0.987010878389349,analysis/v18_canonical_pipeline/inputs/cifar_base/session_2_seeds_456_789/noise_all_families.json
cifar,rope,789,499098383,0.3,0.29220977794557723,0.9717486604968341,analysis/v18_canonical_pipeline/inputs/cifar_base/session_2_seeds_456_789/noise_all_families.json
cifar,rope,789,499098383,0.4,0.39083041226448717,0.9514531579801916,analysis/v18_canonical_pipeline/inputs/cifar_base/session_2_seeds_456_789/noise_all_families.json
cifar,rope,789,499098383,0.5,0.4882371728301404,0.9113492450073064,analysis/v18_canonical_pipeline/inputs/cifar_base/session_2_seeds_456_789/noise_all_families.json
cifar,rope,789,1484136836,0.025,0.02525156739177572,0.9991881798993343,analysis/v18_canonical_pipeline/inputs/cifar_base/session_2_seeds_456_789/noise_all_families.json
cifar,rope,789,1484136836,0.05,0.05053000588538145,0.9993505439194674,analysis/v18_canonical_pipeline/inputs/cifar_base/session_2_seeds_456_789/noise_all_families.json
cifar,rope,789,1484136836,0.1,0.10126274506310103,0.996427991557071,analysis/v18_canonical_pipeline/inputs/cifar_base/session_2_seeds_456_789/noise_all_families.json
cifar,rope,789,1484136836,0.2,0.20363763765289097,0.9887968826108134,analysis/v18_canonical_pipeline/inputs/cifar_base/session_2_seeds_456_789/noise_all_families.json
cifar,rope,789,1484136836,0.3,0.306829585015911,0.9756453969800294,analysis/v18_canonical_pipeline/inputs/cifar_base/session_2_seeds_456_789/noise_all_families.json
cifar,rope,789,1484136836,0.4,0.4098458277591152,0.9534015262217893,analysis/v18_canonical_pipeline/inputs/cifar_base/session_2_seeds_456_789/noise_all_families.json
cifar,rope,789,1484136836,0.5,0.5114692800273384,0.9222276343562266,analysis/v18_canonical_pipeline/inputs/cifar_base/session_2_seeds_456_789/noise_all_families.json
cifar,rope,789,1949810196,0.025,0.023743779887412855,0.9987010878389349,analysis/v18_canonical_pipeline/inputs/cifar_base/session_2_seeds_456_789/noise_all_families.json
cifar,rope,789,1949810196,0.05,0.04749944446982521,0.9967527195973372,analysis/v18_canonical_pipeline/inputs/cifar_base/session_2_seeds_456_789/noise_all_families.json
cifar,rope,789,1949810196,0.1,0.0951636187393819,0.9948043513557396,analysis/v18_canonical_pipeline/inputs/cifar_base/session_2_seeds_456_789/noise_all_families.json
cifar,rope,789,1949810196,0.2,0.19160292090312203,0.9887968826108134,analysis/v18_canonical_pipeline/inputs/cifar_base/session_2_seeds_456_789/noise_all_families.json
cifar,rope,789,1949810196,0.3,0.289717879281086,0.9777561292417601,analysis/v18_canonical_pipeline/inputs/cifar_base/session_2_seeds_456_789/noise_all_families.json
cifar,rope,789,1949810196,0.4,0.38845577258639213,0.949504789738594,analysis/v18_canonical_pipeline/inputs/cifar_base/session_2_seeds_456_789/noise_all_families.json
cifar,rope,789,1949810196,0.5,0.48591581373076975,0.8964117551550577,analysis/v18_canonical_pipeline/inputs/cifar_base/session_2_seeds_456_789/noise_all_families.json
cifar,rope,789,718483333,0.025,0.025782363991157218,0.9991881798993343,analysis/v18_canonical_pipeline/inputs/cifar_base/session_2_seeds_456_789/noise_all_families.json
cifar,rope,789,718483333,0.05,0.05160703682623836,0.9980516317584024,analysis/v18_canonical_pipeline/inputs/cifar_base/session_2_seeds_456_789/noise_all_families.json
cifar,rope,789,718483333,0.1,0.1034949934889758,0.9967527195973372,analysis/v18_canonical_pipeline/inputs/cifar_base/session_2_seeds_456_789/noise_all_families.json
cifar,rope,789,718483333,0.2,0.20858917068200267,0.9873356064296153,analysis/v18_canonical_pipeline/inputs/cifar_base/session_2_seeds_456_789/noise_all_families.json
cifar,rope,789,718483333,0.3,0.3148443441301068,0.9626562753693781,analysis/v18_canonical_pipeline/inputs/cifar_base/session_2_seeds_456_789/noise_all_families.json
cifar,rope,789,718483333,0.4,0.4201049801273935,0.9331060237051471,analysis/v18_canonical_pipeline/inputs/cifar_base/session_2_seeds_456_789/noise_all_families.json
cifar,rope,789,718483333,0.5,0.5219876619925704,0.8800129891216106,analysis/v18_canonical_pipeline/inputs/cifar_base/session_2_seeds_456_789/noise_all_families.json
cifar,rope,789,1920916044,0.025,0.024375609376357004,0.9990258158792011,analysis/v18_canonical_pipeline/inputs/cifar_base/session_2_seeds_456_789/noise_all_families.json
cifar,rope,789,1920916044,0.05,0.04875963214526545,0.9980516317584024,analysis/v18_canonical_pipeline/inputs/cifar_base/session_2_seeds_456_789/noise_all_families.json
cifar,rope,789,1920916044,0.1,0.09768936552555087,0.9957785354765384,analysis/v18_canonical_pipeline/inputs/cifar_base/session_2_seeds_456_789/noise_all_families.json
cifar,rope,789,1920916044,0.2,0.19682416003481176,0.9912323429128106,analysis/v18_canonical_pipeline/inputs/cifar_base/session_2_seeds_456_789/noise_all_families.json
cifar,rope,789,1920916044,0.3,0.2975265880749674,0.9720733885371003,analysis/v18_canonical_pipeline/inputs/cifar_base/session_2_seeds_456_789/noise_all_families.json
cifar,rope,789,1920916044,0.4,0.3984704170841115,0.9399253125507389,analysis/v18_canonical_pipeline/inputs/cifar_base/session_2_seeds_456_789/noise_all_families.json
cifar,rope,789,1920916044,0.5,0.497812497422298,0.8879688261081345,analysis/v18_canonical_pipeline/inputs/cifar_base/session_2_seeds_456_789/noise_all_families.json
cifar,rope,789,75097514,0.025,0.023085560784207083,0.9982139957785355,analysis/v18_canonical_pipeline/inputs/cifar_base/session_2_seeds_456_789/noise_all_families.json
cifar,rope,789,75097514,0.05,0.04617526192593908,0.9985387238188017,analysis/v18_canonical_pipeline/inputs/cifar_base/session_2_seeds_456_789/noise_all_families.json
cifar,rope,789,75097514,0.1,0.09250758397248822,0.9967527195973372,analysis/v18_canonical_pipeline/inputs/cifar_base/session_2_seeds_456_789/noise_all_families.json
cifar,rope,789,75097514,0.2,0.18646341411599293,0.9896087027114792,analysis/v18_canonical_pipeline/inputs/cifar_base/session_2_seeds_456_789/noise_all_families.json
cifar,rope,789,75097514,0.3,0.28267603913886263,0.9788926773826921,analysis/v18_canonical_pipeline/inputs/cifar_base/session_2_seeds_456_789/noise_all_families.json
cifar,rope,789,75097514,0.4,0.3808385119397519,0.9590842669264491,analysis/v18_canonical_pipeline/inputs/cifar_base/session_2_seeds_456_789/noise_all_families.json
cifar,rope,789,75097514,0.5,0.4797898836520804,0.9280727390810197,analysis/v18_canonical_pipeline/inputs/cifar_base/session_2_seeds_456_789/noise_all_families.json
cifar,rope,789,1838896125,0.025,0.024909068633203215,0.9987010878389349,analysis/v18_canonical_pipeline/inputs/cifar_base/session_2_seeds_456_789/noise_all_families.json
cifar,rope,789,1838896125,0.05,0.04984791472776754,0.9993505439194674,analysis/v18_canonical_pipeline/inputs/cifar_base/session_2_seeds_456_789/noise_all_families.json
cifar,rope,789,1838896125,0.1,0.09994582241352092,0.996427991557071,analysis/v18_canonical_pipeline/inputs/cifar_base/session_2_seeds_456_789/noise_all_families.json
cifar,rope,789,1838896125,0.2,0.2013350338443237,0.9886345185906804,analysis/v18_canonical_pipeline/inputs/cifar_base/session_2_seeds_456_789/noise_all_families.json
cifar,rope,789,1838896125,0.3,0.3037285757972515,0.976457217080695,analysis/v18_canonical_pipeline/inputs/cifar_base/session_2_seeds_456_789/noise_all_families.json
cifar,rope,789,1838896125,0.4,0.40497059126904056,0.9559993505439195,analysis/v18_canonical_pipeline/inputs/cifar_base/session_2_seeds_456_789/noise_all_families.json
cifar,rope,789,1838896125,0.5,0.503554101359827,0.924825458678357,analysis/v18_canonical_pipeline/inputs/cifar_base/session_2_seeds_456_789/noise_all_families.json
cifar,rope,789,956457833,0.025,0.025121569142985474,0.9995129079396006,analysis/v18_canonical_pipeline/inputs/cifar_base/session_2_seeds_456_789/noise_all_families.json
cifar,rope,789,956457833,0.05,0.050240028055165524,0.9982139957785355,analysis/v18_canonical_pipeline/inputs/cifar_base/session_2_seeds_456_789/noise_all_families.json
cifar,rope,789,956457833,0.1,0.10054255679402177,0.9954538074362721,analysis/v18_canonical_pipeline/inputs/cifar_base/session_2_seeds_456_789/noise_all_families.json
cifar,rope,789,956457833,0.2,0.20167033054461847,0.9865237863289495,analysis/v18_canonical_pipeline/inputs/cifar_base/session_2_seeds_456_789/noise_all_families.json
cifar,rope,789,956457833,0.3,0.30339344544311414,0.9782432213021596,analysis/v18_canonical_pipeline/inputs/cifar_base/session_2_seeds_456_789/noise_all_families.json
cifar,rope,789,956457833,0.4,0.404624073598334,0.957785354765384,analysis/v18_canonical_pipeline/inputs/cifar_base/session_2_seeds_456_789/noise_all_families.json
cifar,rope,789,956457833,0.5,0.5035529274071852,0.9267738269199547,analysis/v18_canonical_pipeline/inputs/cifar_base/session_2_seeds_456_789/noise_all_families.json
cifar,rope,789,599568522,0.025,0.022031519362075334,0.9991881798993343,analysis/v18_canonical_pipeline/inputs/cifar_base/session_2_seeds_456_789/noise_all_families.json
cifar,rope,789,599568522,0.05,0.04409333517120298,0.998863451859068,analysis/v18_canonical_pipeline/inputs/cifar_base/session_2_seeds_456_789/noise_all_families.json
cifar,rope,789,599568522,0.1,0.08844020201398277,0.9995129079396006,analysis/v18_canonical_pipeline/inputs/cifar_base/session_2_seeds_456_789/noise_all_families.json
cifar,rope,789,599568522,0.2,0.17865153742557038,0.9946419873356065,analysis/v18_canonical_pipeline/inputs/cifar_base/session_2_seeds_456_789/noise_all_families.json
cifar,rope,789,599568522,0.3,0.2713862293798511,0.9816528657249555,analysis/v18_canonical_pipeline/inputs/cifar_base/session_2_seeds_456_789/noise_all_families.json
cifar,rope,789,599568522,0.4,0.36621869905294363,0.9621691833089787,analysis/v18_canonical_pipeline/inputs/cifar_base/session_2_seeds_456_789/noise_all_families.json
cifar,rope,789,599568522,0.5,0.46204174180451985,0.9327812956648808,analysis/v18_canonical_pipeline/inputs/cifar_base/session_2_seeds_456_789/noise_all_families.json
cifar,alibi,456,794217802,0.005,0.021550900323118714,1.0015850651637903,analysis/v18_canonical_pipeline/inputs/cifar_base/session_2_seeds_456_789/noise_all_families.json
cifar,alibi,456,794217802,0.01,0.043040117611543485,0.9987671715392744,analysis/v18_canonical_pipeline/inputs/cifar_base/session_2_seeds_456_789/noise_all_families.json
cifar,alibi,456,794217802,0.025,0.10725622217221069,0.9808030996829871,analysis/v18_canonical_pipeline/inputs/cifar_base/session_2_seeds_456_789/noise_all_families.json
cifar,alibi,456,794217802,0.05,0.21379100269913878,0.9249735822472703,analysis/v18_canonical_pipeline/inputs/cifar_base/session_2_seeds_456_789/noise_all_families.json
cifar,alibi,456,794217802,0.075,0.3199470246482113,0.8462486791123636,analysis/v18_canonical_pipeline/inputs/cifar_base/session_2_seeds_456_789/noise_all_families.json
cifar,alibi,456,794217802,0.1,0.42588109650606976,0.7706939063050371,analysis/v18_canonical_pipeline/inputs/cifar_base/session_2_seeds_456_789/noise_all_families.json
cifar,alibi,456,794217802,0.15,0.6375102279016184,0.610426206410708,analysis/v18_canonical_pipeline/inputs/cifar_base/session_2_seeds_456_789/noise_all_families.json
cifar,alibi,456,794217802,0.2,0.8490275336736649,0.48432546671363164,analysis/v18_canonical_pipeline/inputs/cifar_base/session_2_seeds_456_789/noise_all_families.json
cifar,alibi,456,650510565,0.005,0.02344530947827061,0.9947164494540331,analysis/v18_canonical_pipeline/inputs/cifar_base/session_2_seeds_456_789/noise_all_families.json
cifar,alibi,456,650510565,0.01,0.04737740310506106,0.9871433603381473,analysis/v18_canonical_pipeline/inputs/cifar_base/session_2_seeds_456_789/noise_all_families.json
cifar,alibi,456,650510565,0.025,0.12075100217485234,0.9522719267347659,analysis/v18_canonical_pipeline/inputs/cifar_base/session_2_seeds_456_789/noise_all_families.json
cifar,alibi,456,650510565,0.05,0.23685960065015452,0.8062698133145475,analysis/v18_canonical_pipeline/inputs/cifar_base/session_2_seeds_456_789/noise_all_families.json
cifar,alibi,456,650510565,0.075,0.3432944969170989,0.6155336386051427,analysis/v18_canonical_pipeline/inputs/cifar_base/session_2_seeds_456_789/noise_all_families.json
cifar,alibi,456,650510565,0.1,0.4458063074312072,0.4365973934483973,analysis/v18_canonical_pipeline/inputs/cifar_base/session_2_seeds_456_789/noise_all_families.json
cifar,alibi,456,650510565,0.15,0.648665727362997,0.22173300457907716,analysis/v18_canonical_pipeline/inputs/cifar_base/session_2_seeds_456_789/noise_all_families.json
cifar,alibi,456,650510565,0.2,0.8519196176169247,0.1382529059528003,analysis/v18_canonical_pipeline/inputs/cifar_base/session_2_seeds_456_789/noise_all_families.json
cifar,alibi,456,1336624712,0.005,0.021803114673129814,1.0005283550545967,analysis/v18_canonical_pipeline/inputs/cifar_base/session_2_seeds_456_789/noise_all_families.json
cifar,alibi,456,1336624712,0.01,0.0435793834160894,0.9991194082423388,analysis/v18_canonical_pipeline/inputs/cifar_base/session_2_seeds_456_789/noise_all_families.json
cifar,alibi,456,1336624712,0.025,0.10872184751537266,0.9841493483620994,analysis/v18_canonical_pipeline/inputs/cifar_base/session_2_seeds_456_789/noise_all_families.json
cifar,alibi,456,1336624712,0.05,0.21683752682342813,0.9496301514617824,analysis/v18_canonical_pipeline/inputs/cifar_base/session_2_seeds_456_789/noise_all_families.json
cifar,alibi,456,1336624712,0.075,0.324890548227648,0.874955970412117,analysis/v18_canonical_pipeline/inputs/cifar_base/session_2_seeds_456_789/noise_all_families.json
cifar,alibi,456,1336624712,0.1,0.4323709419488548,0.766819302571328,analysis/v18_canonical_pipeline/inputs/cifar_base/session_2_seeds_456_789/noise_all_families.json
cifar,alibi,456,1336624712,0.15,0.64546893738915,0.567453328636844,analysis/v18_canonical_pipeline/inputs/cifar_base/session_2_seeds_456_789/noise_all_families.json
cifar,alibi,456,1336624712,0.2,0.8597214934819438,0.41299753434307857,analysis/v18_canonical_pipeline/inputs/cifar_base/session_2_seeds_456_789/noise_all_families.json
cifar,alibi,456,1266112268,0.005,0.022211638411509884,0.997710461430081,analysis/v18_canonical_pipeline/inputs/cifar_base/session_2_seeds_456_789/noise_all_families.json
cifar,alibi,456,1266112268,0.01,0.04429992252681014,0.9966537513208876,analysis/v18_canonical_pipeline/inputs/cifar_base/session_2_seeds_456_789/noise_all_families.json
cifar,alibi,456,1266112268,0.025,0.11027043398443488,0.9603733709052485,analysis/v18_canonical_pipeline/inputs/cifar_base/session_2_seeds_456_789/noise_all_families.json
cifar,alibi,456,1266112268,0.05,0.21805131465758484,0.8332159210989786,analysis/v18_canonical_pipeline/inputs/cifar_base/session_2_seeds_456_789/noise_all_families.json
cifar,alibi,456,1266112268,0.075,0.3243278775063923,0.6960197252553717,analysis/v18_canonical_pipeline/inputs/cifar_base/session_2_seeds_456_789/noise_all_families.json
cifar,alibi,456,1266112268,0.1,0.4311057899384736,0.5723846424797465,analysis/v18_canonical_pipeline/inputs/cifar_base/session_2_seeds_456_789/noise_all_families.json
cifar,alibi,456,1266112268,0.15,0.6461045442013621,0.3531172948221205,analysis/v18_canonical_pipeline/inputs/cifar_base/session_2_seeds_456_789/noise_all_families.json
cifar,alibi,456,1266112268,0.2,0.8606693484928051,0.24004931313842906,analysis/v18_canonical_pipeline/inputs/cifar_base/session_2_seeds_456_789/noise_all_families.json
cifar,alibi,456,1226451937,0.005,0.022686073779659234,0.9940119760479043,analysis/v18_canonical_pipeline/inputs/cifar_base/session_2_seeds_456_789/noise_all_families.json
cifar,alibi,456,1226451937,0.01,0.04593660540712622,0.9827404015498415,analysis/v18_canonical_pipeline/inputs/cifar_base/session_2_seeds_456_789/noise_all_families.json
cifar,alibi,456,1226451937,0.025,0.1187776088895562,0.9390630503698486,analysis/v18_canonical_pipeline/inputs/cifar_base/session_2_seeds_456_789/noise_all_families.json
cifar,alibi,456,1226451937,0.05,0.23339313204612552,0.7876012680521312,analysis/v18_canonical_pipeline/inputs/cifar_base/session_2_seeds_456_789/noise_all_families.json
cifar,alibi,456,1226451937,0.075,0.33848208575023553,0.5922860162028883,analysis/v18_canonical_pipeline/inputs/cifar_base/session_2_seeds_456_789/noise_all_families.json
cifar,alibi,456,1226451937,0.1,0.441759877790261,0.44011976047904194,analysis/v18_canonical_pipeline/inputs/cifar_base/session_2_seeds_456_789/noise_all_families.json
cifar,alibi,456,1226451937,0.15,0.6484040654430681,0.28742514970059885,analysis/v18_canonical_pipeline/inputs/cifar_base/session_2_seeds_456_789/noise_all_families.json
cifar,alibi,456,1226451937,0.2,0.8566047445799796,0.22349418809439944,analysis/v18_canonical_pipeline/inputs/cifar_base/session_2_seeds_456_789/noise_all_families.json
cifar,alibi,456,110430652,0.005,0.021430779658675222,0.9992955265938711,analysis/v18_canonical_pipeline/inputs/cifar_base/session_2_seeds_456_789/noise_all_families.json
cifar,alibi,456,110430652,0.01,0.04286216436941304,0.9968298696724199,analysis/v18_canonical_pipeline/inputs/cifar_base/session_2_seeds_456_789/noise_all_families.json
cifar,alibi,456,110430652,0.025,0.10722043548432948,0.9841493483620994,analysis/v18_canonical_pipeline/inputs/cifar_base/session_2_seeds_456_789/noise_all_families.json
cifar,alibi,456,110430652,0.05,0.21483457510313697,0.9239168721380769,analysis/v18_canonical_pipeline/inputs/cifar_base/session_2_seeds_456_789/noise_all_families.json
cifar,alibi,456,110430652,0.075,0.3229125573364503,0.8013384994716449,analysis/v18_canonical_pipeline/inputs/cifar_base/session_2_seeds_456_789/noise_all_families.json
cifar,alibi,456,110430652,0.1,0.43054405308454924,0.6623811201127158,analysis/v18_canonical_pipeline/inputs/cifar_base/session_2_seeds_456_789/noise_all_families.json
cifar,alibi,456,110430652,0.15,0.6434003065617601,0.44540331102500885,analysis/v18_canonical_pipeline/inputs/cifar_base/session_2_seeds_456_789/noise_all_families.json
cifar,alibi,456,110430652,0.2,0.8547327430490648,0.3256428319830927,analysis/v18_canonical_pipeline/inputs/cifar_base/session_2_seeds_456_789/noise_all_families.json
cifar,alibi,456,1269834480,0.005,0.02211660440313151,1.0003522367030644,analysis/v18_canonical_pipeline/inputs/cifar_base/session_2_seeds_456_789/noise_all_families.json
cifar,alibi,456,1269834480,0.01,0.04397556731534416,1.0017611835153224,analysis/v18_canonical_pipeline/inputs/cifar_base/session_2_seeds_456_789/noise_all_families.json
cifar,alibi,456,1269834480,0.025,0.1085509807354239,0.9903134906657274,analysis/v18_canonical_pipeline/inputs/cifar_base/session_2_seeds_456_789/noise_all_families.json
cifar,alibi,456,1269834480,0.05,0.21562116760097833,0.9499823881648469,analysis/v18_canonical_pipeline/inputs/cifar_base/session_2_seeds_456_789/noise_all_families.json
cifar,alibi,456,1269834480,0.075,0.32392349792968755,0.8582247270165553,analysis/v18_canonical_pipeline/inputs/cifar_base/session_2_seeds_456_789/noise_all_families.json
cifar,alibi,456,1269834480,0.1,0.4314500917390696,0.7222613596336739,analysis/v18_canonical_pipeline/inputs/cifar_base/session_2_seeds_456_789/noise_all_families.json
cifar,alibi,456,1269834480,0.15,0.6436103714610243,0.516026769989433,analysis/v18_canonical_pipeline/inputs/cifar_base/session_2_seeds_456_789/noise_all_families.json
cifar,alibi,456,1269834480,0.2,0.8543506435227078,0.38200070447340617,analysis/v18_canonical_pipeline/inputs/cifar_base/session_2_seeds_456_789/noise_all_families.json
cifar,alibi,456,748602735,0.005,0.022074144561246005,0.9980626981331455,analysis/v18_canonical_pipeline/inputs/cifar_base/session_2_seeds_456_789/noise_all_families.json
cifar,alibi,456,748602735,0.01,0.04420389981471239,0.9929552659387109,analysis/v18_canonical_pipeline/inputs/cifar_base/session_2_seeds_456_789/noise_all_families.json
cifar,alibi,456,748602735,0.025,0.10994809021559689,0.9614300810144418,analysis/v18_canonical_pipeline/inputs/cifar_base/session_2_seeds_456_789/noise_all_families.json
cifar,alibi,456,748602735,0.05,0.21819275395363208,0.8349771046143009,analysis/v18_canonical_pipeline/inputs/cifar_base/session_2_seeds_456_789/noise_all_families.json
cifar,alibi,456,748602735,0.075,0.32893943531892444,0.6209933075026419,analysis/v18_canonical_pipeline/inputs/cifar_base/session_2_seeds_456_789/noise_all_families.json
cifar,alibi,456,748602735,0.1,0.4359247908796776,0.4834448749559705,analysis/v18_canonical_pipeline/inputs/cifar_base/session_2_seeds_456_789/noise_all_families.json
cifar,alibi,456,748602735,0.15,0.6439551990262175,0.35663966185276513,analysis/v18_canonical_pipeline/inputs/cifar_base/session_2_seeds_456_789/noise_all_families.json
cifar,alibi,456,748602735,0.2,0.8538230037340034,0.2835505459668898,analysis/v18_canonical_pipeline/inputs/cifar_base/session_2_seeds_456_789/noise_all_families.json
cifar,alibi,456,232799592,0.005,0.021958774721698392,0.9994716449454033,analysis/v18_canonical_pipeline/inputs/cifar_base/session_2_seeds_456_789/noise_all_families.json
cifar,alibi,456,232799592,0.01,0.04381862565809,0.9987671715392744,analysis/v18_canonical_pipeline/inputs/cifar_base/session_2_seeds_456_789/noise_all_families.json
cifar,alibi,456,232799592,0.025,0.10889539803413684,0.9771046143008102,analysis/v18_canonical_pipeline/inputs/cifar_base/session_2_seeds_456_789/noise_all_families.json
cifar,alibi,456,232799592,0.05,0.21597488489410033,0.9276153575202537,analysis/v18_canonical_pipeline/inputs/cifar_base/session_2_seeds_456_789/noise_all_families.json
cifar,alibi,456,232799592,0.075,0.3217215670198208,0.8645649876717154,analysis/v18_canonical_pipeline/inputs/cifar_base/session_2_seeds_456_789/noise_all_families.json
cifar,alibi,456,232799592,0.1,0.42674499439020264,0.7962310672772104,analysis/v18_canonical_pipeline/inputs/cifar_base/session_2_seeds_456_789/noise_all_families.json
cifar,alibi,456,232799592,0.15,0.6363387246238661,0.6729482212046496,analysis/v18_canonical_pipeline/inputs/cifar_base/session_2_seeds_456_789/noise_all_families.json
cifar,alibi,456,232799592,0.2,0.8462453014073605,0.5783726664318423,analysis/v18_canonical_pipeline/inputs/cifar_base/session_2_seeds_456_789/noise_all_families.json
cifar,alibi,456,1515444192,0.005,0.0229025454622421,0.9984149348362099,analysis/v18_canonical_pipeline/inputs/cifar_base/session_2_seeds_456_789/noise_all_families.json
cifar,alibi,456,1515444192,0.01,0.04609243059727389,0.9957731595632265,analysis/v18_canonical_pipeline/inputs/cifar_base/session_2_seeds_456_789/noise_all_families.json
cifar,alibi,456,1515444192,0.025,0.11671271621830105,0.9742867206762946,analysis/v18_canonical_pipeline/inputs/cifar_base/session_2_seeds_456_789/noise_all_families.json
cifar,alibi,456,1515444192,0.05,0.2299290084293767,0.887988728425502,analysis/v18_canonical_pipeline/inputs/cifar_base/session_2_seeds_456_789/noise_all_families.json
cifar,alibi,456,1515444192,0.075,0.3341287175186281,0.7580133849947166,analysis/v18_canonical_pipeline/inputs/cifar_base/session_2_seeds_456_789/noise_all_families.json
cifar,alibi,456,1515444192,0.1,0.4358325128869811,0.5792532581895035,analysis/v18_canonical_pipeline/inputs/cifar_base/session_2_seeds_456_789/noise_all_families.json
cifar,alibi,456,1515444192,0.15,0.6420419253463883,0.2601268052131032,analysis/v18_canonical_pipeline/inputs/cifar_base/session_2_seeds_456_789/noise_all_families.json
cifar,alibi,456,1515444192,0.2,0.850744922665021,0.15621697780908772,analysis/v18_canonical_pipeline/inputs/cifar_base/session_2_seeds_456_789/noise_all_families.json
cifar,alibi,789,480992697,0.005,0.021562370034481138,0.999475799405906,analysis/v18_canonical_pipeline/inputs/cifar_base/session_2_seeds_456_789/noise_all_families.json
cifar,alibi,789,480992697,0.01,0.043111145665982537,0.9959811287786127,analysis/v18_canonical_pipeline/inputs/cifar_base/session_2_seeds_456_789/noise_all_families.json
cifar,alibi,789,480992697,0.025,0.10774040532629615,0.9776341079853222,analysis/v18_canonical_pipeline/inputs/cifar_base/session_2_seeds_456_789/noise_all_families.json
cifar,alibi,789,480992697,0.05,0.21539570065912217,0.9238161803250043,analysis/v18_canonical_pipeline/inputs/cifar_base/session_2_seeds_456_789/noise_all_families.json
cifar,alibi,789,480992697,0.075,0.3225363151762934,0.8250917351039664,analysis/v18_canonical_pipeline/inputs/cifar_base/session_2_seeds_456_789/noise_all_families.json
cifar,alibi,789,480992697,0.1,0.42892202044971833,0.7022540625546041,analysis/v18_canonical_pipeline/inputs/cifar_base/session_2_seeds_456_789/noise_all_families.json
cifar,alibi,789,480992697,0.15,0.640219812931047,0.4794688100646514,analysis/v18_canonical_pipeline/inputs/cifar_base/session_2_seeds_456_789/noise_all_families.json
cifar,alibi,789,480992697,0.2,0.8507948576758113,0.3374104490651756,analysis/v18_canonical_pipeline/inputs/cifar_base/session_2_seeds_456_789/noise_all_families.json
cifar,alibi,789,499098383,0.005,0.021387015448889143,0.998427398217718,analysis/v18_canonical_pipeline/inputs/cifar_base/session_2_seeds_456_789/noise_all_families.json
cifar,alibi,789,499098383,0.01,0.04271022738377016,0.9933601258081424,analysis/v18_canonical_pipeline/inputs/cifar_base/session_2_seeds_456_789/noise_all_families.json
cifar,alibi,789,499098383,0.025,0.1064546210962694,0.9776341079853222,analysis/v18_canonical_pipeline/inputs/cifar_base/session_2_seeds_456_789/noise_all_families.json
cifar,alibi,789,499098383,0.05,0.21231250624273848,0.9388432640223658,analysis/v18_canonical_pipeline/inputs/cifar_base/session_2_seeds_456_789/noise_all_families.json
cifar,alibi,789,499098383,0.075,0.31793882150554686,0.8897431417088939,analysis/v18_canonical_pipeline/inputs/cifar_base/session_2_seeds_456_789/noise_all_families.json
cifar,alibi,789,499098383,0.1,0.42343959930894093,0.8256159356980605,analysis/v18_canonical_pipeline/inputs/cifar_base/session_2_seeds_456_789/noise_all_families.json
cifar,alibi,789,499098383,0.15,0.6343274534367312,0.6985846583959461,analysis/v18_canonical_pipeline/inputs/cifar_base/session_2_seeds_456_789/noise_all_families.json
cifar,alibi,789,499098383,0.2,0.8454055337997703,0.5678839769351739,analysis/v18_canonical_pipeline/inputs/cifar_base/session_2_seeds_456_789/noise_all_families.json
cifar,alibi,789,1484136836,0.005,0.021547005888069293,0.9973789970295299,analysis/v18_canonical_pipeline/inputs/cifar_base/session_2_seeds_456_789/noise_all_families.json
cifar,alibi,789,1484136836,0.01,0.04313982562661461,0.9944085269963306,analysis/v18_canonical_pipeline/inputs/cifar_base/session_2_seeds_456_789/noise_all_families.json
cifar,alibi,789,1484136836,0.025,0.10816875371068609,0.9834003145203564,analysis/v18_canonical_pipeline/inputs/cifar_base/session_2_seeds_456_789/noise_all_families.json
cifar,alibi,789,1484136836,0.05,0.21708556172257826,0.9332517910186964,analysis/v18_canonical_pipeline/inputs/cifar_base/session_2_seeds_456_789/noise_all_families.json
cifar,alibi,789,1484136836,0.075,0.3258561885940351,0.8219465315394024,analysis/v18_canonical_pipeline/inputs/cifar_base/session_2_seeds_456_789/noise_all_families.json
cifar,alibi,789,1484136836,0.1,0.43350890407519205,0.6694041586580465,analysis/v18_canonical_pipeline/inputs/cifar_base/session_2_seeds_456_789/noise_all_families.json
cifar,alibi,789,1484136836,0.15,0.6424110901484332,0.4127206010833479,analysis/v18_canonical_pipeline/inputs/cifar_base/session_2_seeds_456_789/noise_all_families.json
cifar,alibi,789,1484136836,0.2,0.8494186630276287,0.2970470033199371,analysis/v18_canonical_pipeline/inputs/cifar_base/session_2_seeds_456_789/noise_all_families.json
cifar,alibi,789,1949810196,0.005,0.021307115115987606,0.999475799405906,analysis/v18_canonical_pipeline/inputs/cifar_base/session_2_seeds_456_789/noise_all_families.json
cifar,alibi,789,1949810196,0.01,0.0425718263525509,1.0,analysis/v18_canonical_pipeline/inputs/cifar_base/session_2_seeds_456_789/noise_all_families.json
cifar,alibi,789,1949810196,0.025,0.10615046073657355,0.989341254586755,analysis/v18_canonical_pipeline/inputs/cifar_base/session_2_seeds_456_789/noise_all_families.json
cifar,alibi,789,1949810196,0.05,0.21179275978044113,0.9465315394024112,analysis/v18_canonical_pipeline/inputs/cifar_base/session_2_seeds_456_789/noise_all_families.json
cifar,alibi,789,1949810196,0.075,0.31795515339263797,0.8623099772846409,analysis/v18_canonical_pipeline/inputs/cifar_base/session_2_seeds_456_789/noise_all_families.json
cifar,alibi,789,1949810196,0.1,0.4240774855310988,0.7604403284990389,analysis/v18_canonical_pipeline/inputs/cifar_base/session_2_seeds_456_789/noise_all_families.json
cifar,alibi,789,1949810196,0.15,0.6356452014572275,0.5621177704001397,analysis/v18_canonical_pipeline/inputs/cifar_base/session_2_seeds_456_789/noise_all_families.json
cifar,alibi,789,1949810196,0.2,0.846738285850805,0.42897081950026206,analysis/v18_canonical_pipeline/inputs/cifar_base/session_2_seeds_456_789/noise_all_families.json
cifar,alibi,789,718483333,0.005,0.02149328493159358,0.9965053293727066,analysis/v18_canonical_pipeline/inputs/cifar_base/session_2_seeds_456_789/noise_all_families.json
cifar,alibi,789,718483333,0.01,0.042892554002341876,0.994233793464966,analysis/v18_canonical_pipeline/inputs/cifar_base/session_2_seeds_456_789/noise_all_families.json
cifar,alibi,789,718483333,0.025,0.10666644936227253,0.9828761139262623,analysis/v18_canonical_pipeline/inputs/cifar_base/session_2_seeds_456_789/noise_all_families.json
cifar,alibi,789,718483333,0.05,0.21263499156398297,0.9262624497641097,analysis/v18_canonical_pipeline/inputs/cifar_base/session_2_seeds_456_789/noise_all_families.json
cifar,alibi,789,718483333,0.075,0.3194339305416954,0.8156561244102742,analysis/v18_canonical_pipeline/inputs/cifar_base/session_2_seeds_456_789/noise_all_families.json
cifar,alibi,789,718483333,0.1,0.4264528620043555,0.6858291106063253,analysis/v18_canonical_pipeline/inputs/cifar_base/session_2_seeds_456_789/noise_all_families.json
cifar,alibi,789,718483333,0.15,0.6394490563036406,0.47247946881006464,analysis/v18_canonical_pipeline/inputs/cifar_base/session_2_seeds_456_789/noise_all_families.json
cifar,alibi,789,718483333,0.2,0.8514142999816863,0.3470207932902324,analysis/v18_canonical_pipeline/inputs/cifar_base/session_2_seeds_456_789/noise_all_families.json
cifar,alibi,789,1920916044,0.005,0.021634368488813133,0.9949327275904246,analysis/v18_canonical_pipeline/inputs/cifar_base/session_2_seeds_456_789/noise_all_families.json
cifar,alibi,789,1920916044,0.01,0.04336866935224449,0.9923117246199544,analysis/v18_canonical_pipeline/inputs/cifar_base/session_2_seeds_456_789/noise_all_families.json
cifar,alibi,789,1920916044,0.025,0.10906827713724908,0.9765857067971343,analysis/v18_canonical_pipeline/inputs/cifar_base/session_2_seeds_456_789/noise_all_families.json
cifar,alibi,789,1920916044,0.05,0.21958087246272262,0.916652105539053,analysis/v18_canonical_pipeline/inputs/cifar_base/session_2_seeds_456_789/noise_all_families.json
cifar,alibi,789,1920916044,0.075,0.32852061245048303,0.7908439629564913,analysis/v18_canonical_pipeline/inputs/cifar_base/session_2_seeds_456_789/noise_all_families.json
cifar,alibi,789,1920916044,0.1,0.43450108979802426,0.6508824043333915,analysis/v18_canonical_pipeline/inputs/cifar_base/session_2_seeds_456_789/noise_all_families.json
cifar,alibi,789,1920916044,0.15,0.6440907219387759,0.4368338284116722,analysis/v18_canonical_pipeline/inputs/cifar_base/session_2_seeds_456_789/noise_all_families.json
cifar,alibi,789,1920916044,0.2,0.8534106930676812,0.31958762886597936,analysis/v18_canonical_pipeline/inputs/cifar_base/session_2_seeds_456_789/noise_all_families.json
cifar,alibi,789,75097514,0.005,0.021639639566938013,0.9973789970295299,analysis/v18_canonical_pipeline/inputs/cifar_base/session_2_seeds_456_789/noise_all_families.json
cifar,alibi,789,75097514,0.01,0.04321586841511593,0.9956316617158832,analysis/v18_canonical_pipeline/inputs/cifar_base/session_2_seeds_456_789/noise_all_families.json
cifar,alibi,789,75097514,0.025,0.1076714883522489,0.9823519133321683,analysis/v18_canonical_pipeline/inputs/cifar_base/session_2_seeds_456_789/noise_all_families.json
cifar,alibi,789,75097514,0.05,0.21454229936960825,0.9421632011182945,analysis/v18_canonical_pipeline/inputs/cifar_base/session_2_seeds_456_789/noise_all_families.json
cifar,alibi,789,75097514,0.075,0.32100803738148276,0.8591647737200768,analysis/v18_canonical_pipeline/inputs/cifar_base/session_2_seeds_456_789/noise_all_families.json
cifar,alibi,789,75097514,0.1,0.427167619192994,0.7441901100821247,analysis/v18_canonical_pipeline/inputs/cifar_base/session_2_seeds_456_789/noise_all_families.json
cifar,alibi,789,75097514,0.15,0.6381003317240368,0.52245325878036,analysis/v18_canonical_pipeline/inputs/cifar_base/session_2_seeds_456_789/noise_all_families.json
cifar,alibi,789,75097514,0.2,0.8473394007005239,0.34597239210204433,analysis/v18_canonical_pipeline/inputs/cifar_base/session_2_seeds_456_789/noise_all_families.json
cifar,alibi,789,1838896125,0.005,0.022201852733969907,0.9973789970295299,analysis/v18_canonical_pipeline/inputs/cifar_base/session_2_seeds_456_789/noise_all_families.json
cifar,alibi,789,1838896125,0.01,0.04422690745817007,0.9903896557749431,analysis/v18_canonical_pipeline/inputs/cifar_base/session_2_seeds_456_789/noise_all_families.json
cifar,alibi,789,1838896125,0.025,0.10946516527674587,0.9528219465315394,analysis/v18_canonical_pipeline/inputs/cifar_base/session_2_seeds_456_789/noise_all_families.json
cifar,alibi,789,1838896125,0.05,0.21652112995481432,0.8602131749082648,analysis/v18_canonical_pipeline/inputs/cifar_base/session_2_seeds_456_789/noise_all_families.json
cifar,alibi,789,1838896125,0.075,0.3227153377169314,0.7483837148348768,analysis/v18_canonical_pipeline/inputs/cifar_base/session_2_seeds_456_789/noise_all_families.json
cifar,alibi,789,1838896125,0.1,0.4285788403891352,0.6503582037392975,analysis/v18_canonical_pipeline/inputs/cifar_base/session_2_seeds_456_789/noise_all_families.json
cifar,alibi,789,1838896125,0.15,0.6397320123640339,0.5063777738948104,analysis/v18_canonical_pipeline/inputs/cifar_base/session_2_seeds_456_789/noise_all_families.json
cifar,alibi,789,1838896125,0.2,0.8504847463416534,0.4095753975187838,analysis/v18_canonical_pipeline/inputs/cifar_base/session_2_seeds_456_789/noise_all_families.json
cifar,alibi,789,956457833,0.005,0.02250559994968677,1.0001747335313647,analysis/v18_canonical_pipeline/inputs/cifar_base/session_2_seeds_456_789/noise_all_families.json
cifar,alibi,789,956457833,0.01,0.04462671835843356,1.0003494670627293,analysis/v18_canonical_pipeline/inputs/cifar_base/session_2_seeds_456_789/noise_all_families.json
cifar,alibi,789,956457833,0.025,0.10922716137589333,0.9921369910885898,analysis/v18_canonical_pipeline/inputs/cifar_base/session_2_seeds_456_789/noise_all_families.json
cifar,alibi,789,956457833,0.05,0.21449350680795026,0.9570155512842915,analysis/v18_canonical_pipeline/inputs/cifar_base/session_2_seeds_456_789/noise_all_families.json
cifar,alibi,789,956457833,0.075,0.3202797796029246,0.8832780010484012,analysis/v18_canonical_pipeline/inputs/cifar_base/session_2_seeds_456_789/noise_all_families.json
cifar,alibi,789,956457833,0.1,0.42770435271982205,0.7772147475100472,analysis/v18_canonical_pipeline/inputs/cifar_base/session_2_seeds_456_789/noise_all_families.json
cifar,alibi,789,956457833,0.15,0.6426468954834217,0.6038790843962956,analysis/v18_canonical_pipeline/inputs/cifar_base/session_2_seeds_456_789/noise_all_families.json
cifar,alibi,789,956457833,0.2,0.8554265151234458,0.44399790319762356,analysis/v18_canonical_pipeline/inputs/cifar_base/session_2_seeds_456_789/noise_all_families.json
cifar,alibi,789,599568522,0.005,0.022030773343665898,0.9991263323431766,analysis/v18_canonical_pipeline/inputs/cifar_base/session_2_seeds_456_789/noise_all_families.json
cifar,alibi,789,599568522,0.01,0.04415746997523339,0.993010658745413,analysis/v18_canonical_pipeline/inputs/cifar_base/session_2_seeds_456_789/noise_all_families.json
cifar,alibi,789,599568522,0.025,0.11012745372922036,0.9748383714834876,analysis/v18_canonical_pipeline/inputs/cifar_base/session_2_seeds_456_789/noise_all_families.json
cifar,alibi,789,599568522,0.05,0.21721827417900358,0.9234667132622749,analysis/v18_canonical_pipeline/inputs/cifar_base/session_2_seeds_456_789/noise_all_families.json
cifar,alibi,789,599568522,0.075,0.3250462838301985,0.8422156211777039,analysis/v18_canonical_pipeline/inputs/cifar_base/session_2_seeds_456_789/noise_all_families.json
cifar,alibi,789,599568522,0.1,0.43303636475834906,0.7655076009086142,analysis/v18_canonical_pipeline/inputs/cifar_base/session_2_seeds_456_789/noise_all_families.json
cifar,alibi,789,599568522,0.15,0.643927685465559,0.5939192731085096,analysis/v18_canonical_pipeline/inputs/cifar_base/session_2_seeds_456_789/noise_all_families.json
cifar,alibi,789,599568522,0.2,0.8534860328492789,0.43823169666258954,analysis/v18_canonical_pipeline/inputs/cifar_base/session_2_seeds_456_789/noise_all_families.json
cifar,learned,1011,275189094,0.0025,0.01853936958297225,0.999124649859944,analysis/v18_canonical_pipeline/inputs/cifar_base/session_3_seeds_1011_1213/noise_all_families.json
cifar,learned,1011,275189094,0.005,0.03724096591731579,1.000875350140056,analysis/v18_canonical_pipeline/inputs/cifar_base/session_3_seeds_1011_1213/noise_all_families.json
cifar,learned,1011,275189094,0.01,0.07605054845462755,1.0019257703081232,analysis/v18_canonical_pipeline/inputs/cifar_base/session_3_seeds_1011_1213/noise_all_families.json
cifar,learned,1011,275189094,0.015,0.11731094038368224,1.0021008403361344,analysis/v18_canonical_pipeline/inputs/cifar_base/session_3_seeds_1011_1213/noise_all_families.json
cifar,learned,1011,275189094,0.02,0.15947737984290905,1.002626050420168,analysis/v18_canonical_pipeline/inputs/cifar_base/session_3_seeds_1011_1213/noise_all_families.json
cifar,learned,1011,275189094,0.03,0.23887869730508707,1.0019257703081232,analysis/v18_canonical_pipeline/inputs/cifar_base/session_3_seeds_1011_1213/noise_all_families.json
cifar,learned,1011,275189094,0.04,0.3103744204470837,0.993347338935574,analysis/v18_canonical_pipeline/inputs/cifar_base/session_3_seeds_1011_1213/noise_all_families.json
cifar,learned,1011,275189094,0.05,0.37537997483789814,0.9770658263305321,analysis/v18_canonical_pipeline/inputs/cifar_base/session_3_seeds_1011_1213/noise_all_families.json
cifar,learned,1011,1758743687,0.0025,0.019090650514927678,0.9994747899159664,analysis/v18_canonical_pipeline/inputs/cifar_base/session_3_seeds_1011_1213/noise_all_families.json
cifar,learned,1011,1758743687,0.005,0.03795487265513713,1.0012254901960784,analysis/v18_canonical_pipeline/inputs/cifar_base/session_3_seeds_1011_1213/noise_all_families.json
cifar,learned,1011,1758743687,0.01,0.07594761856504606,1.0003501400560224,analysis/v18_canonical_pipeline/inputs/cifar_base/session_3_seeds_1011_1213/noise_all_families.json
cifar,learned,1011,1758743687,0.015,0.11592868750398025,1.001750700280112,analysis/v18_canonical_pipeline/inputs/cifar_base/session_3_seeds_1011_1213/noise_all_families.json
cifar,learned,1011,1758743687,0.02,0.15660900229310395,1.0022759103641457,analysis/v18_canonical_pipeline/inputs/cifar_base/session_3_seeds_1011_1213/noise_all_families.json
cifar,learned,1011,1758743687,0.03,0.23392337038523953,0.9978991596638656,analysis/v18_canonical_pipeline/inputs/cifar_base/session_3_seeds_1011_1213/noise_all_families.json
cifar,learned,1011,1758743687,0.04,0.3042405612365765,0.9887955182072827,analysis/v18_canonical_pipeline/inputs/cifar_base/session_3_seeds_1011_1213/noise_all_families.json
cifar,learned,1011,1758743687,0.05,0.36817105616791596,0.9763655462184873,analysis/v18_canonical_pipeline/inputs/cifar_base/session_3_seeds_1011_1213/noise_all_families.json
cifar,learned,1011,1358209263,0.0025,0.018738326294341273,1.0,analysis/v18_canonical_pipeline/inputs/cifar_base/session_3_seeds_1011_1213/noise_all_families.json
cifar,learned,1011,1358209263,0.005,0.03762376524565981,1.0005252100840336,analysis/v18_canonical_pipeline/inputs/cifar_base/session_3_seeds_1011_1213/noise_all_families.json
cifar,learned,1011,1358209263,0.01,0.07681643775363,1.0007002801120448,analysis/v18_canonical_pipeline/inputs/cifar_base/session_3_seeds_1011_1213/noise_all_families.json
cifar,learned,1011,1358209263,0.015,0.11753476980420968,1.0001750700280112,analysis/v18_canonical_pipeline/inputs/cifar_base/session_3_seeds_1011_1213/noise_all_families.json
cifar,learned,1011,1358209263,0.02,0.15852674752336626,1.0015756302521008,analysis/v18_canonical_pipeline/inputs/cifar_base/session_3_seeds_1011_1213/noise_all_families.json
cifar,learned,1011,1358209263,0.03,0.23743832567802722,1.0014005602240896,analysis/v18_canonical_pipeline/inputs/cifar_base/session_3_seeds_1011_1213/noise_all_families.json
cifar,learned,1011,1358209263,0.04,0.30916595989239953,0.991596638655462,analysis/v18_canonical_pipeline/inputs/cifar_base/session_3_seeds_1011_1213/noise_all_families.json
cifar,learned,1011,1358209263,0.05,0.37408315870662034,0.9767156862745097,analysis/v18_canonical_pipeline/inputs/cifar_base/session_3_seeds_1011_1213/noise_all_families.json
cifar,learned,1011,538054647,0.0025,0.018548254901387874,1.0012254901960784,analysis/v18_canonical_pipeline/inputs/cifar_base/session_3_seeds_1011_1213/noise_all_families.json
cifar,learned,1011,538054647,0.005,0.03746156440461845,1.0024509803921569,analysis/v18_canonical_pipeline/inputs/cifar_base/session_3_seeds_1011_1213/noise_all_families.json
cifar,learned,1011,538054647,0.01,0.07627544317150575,1.0036764705882353,analysis/v18_canonical_pipeline/inputs/cifar_base/session_3_seeds_1011_1213/noise_all_families.json
cifar,learned,1011,538054647,0.015,0.11709647122506908,1.005077030812325,analysis/v18_canonical_pipeline/inputs/cifar_base/session_3_seeds_1011_1213/noise_all_families.json
cifar,learned,1011,538054647,0.02,0.1581917890794414,1.001750700280112,analysis/v18_canonical_pipeline/inputs/cifar_base/session_3_seeds_1011_1213/noise_all_families.json
cifar,learned,1011,538054647,0.03,0.23635572923412865,0.9992997198879552,analysis/v18_canonical_pipeline/inputs/cifar_base/session_3_seeds_1011_1213/noise_all_families.json
cifar,learned,1011,538054647,0.04,0.30637422226653493,0.9865196078431371,analysis/v18_canonical_pipeline/inputs/cifar_base/session_3_seeds_1011_1213/noise_all_families.json
cifar,learned,1011,538054647,0.05,0.36947373970550745,0.9737394957983192,analysis/v18_canonical_pipeline/inputs/cifar_base/session_3_seeds_1011_1213/noise_all_families.json
cifar,learned,1011,1562974180,0.0025,0.019013409330963883,1.0005252100840336,analysis/v18_canonical_pipeline/inputs/cifar_base/session_3_seeds_1011_1213/noise_all_families.json
cifar,learned,1011,1562974180,0.005,0.037682604940741146,1.0021008403361344,analysis/v18_canonical_pipeline/inputs/cifar_base/session_3_seeds_1011_1213/noise_all_families.json
cifar,learned,1011,1562974180,0.01,0.07615259704332983,1.003501400560224,analysis/v18_canonical_pipeline/inputs/cifar_base/session_3_seeds_1011_1213/noise_all_families.json
cifar,learned,1011,1562974180,0.015,0.11692469560371788,1.0036764705882353,analysis/v18_canonical_pipeline/inputs/cifar_base/session_3_seeds_1011_1213/noise_all_families.json
cifar,learned,1011,1562974180,0.02,0.15831758836394028,1.0036764705882353,analysis/v18_canonical_pipeline/inputs/cifar_base/session_3_seeds_1011_1213/noise_all_families.json
cifar,learned,1011,1562974180,0.03,0.23652434893608665,1.0005252100840336,analysis/v18_canonical_pipeline/inputs/cifar_base/session_3_seeds_1011_1213/noise_all_families.json
cifar,learned,1011,1562974180,0.04,0.3060772085557779,0.9931722689075628,analysis/v18_canonical_pipeline/inputs/cifar_base/session_3_seeds_1011_1213/noise_all_families.json
cifar,learned,1011,1562974180,0.05,0.3690990617907131,0.9789915966386553,analysis/v18_canonical_pipeline/inputs/cifar_base/session_3_seeds_1011_1213/noise_all_families.json
cifar,learned,1011,1453668639,0.0025,0.01906299391125665,1.0003501400560224,analysis/v18_canonical_pipeline/inputs/cifar_base/session_3_seeds_1011_1213/noise_all_families.json
cifar,learned,1011,1453668639,0.005,0.038412842527552726,1.0015756302521008,analysis/v18_canonical_pipeline/inputs/cifar_base/session_3_seeds_1011_1213/noise_all_families.json
cifar,learned,1011,1453668639,0.01,0.07921012399653507,1.001750700280112,analysis/v18_canonical_pipeline/inputs/cifar_base/session_3_seeds_1011_1213/noise_all_families.json
cifar,learned,1011,1453668639,0.015,0.1220094972462129,1.0036764705882353,analysis/v18_canonical_pipeline/inputs/cifar_base/session_3_seeds_1011_1213/noise_all_families.json
cifar,learned,1011,1453668639,0.02,0.16383269793519478,1.0047268907563025,analysis/v18_canonical_pipeline/inputs/cifar_base/session_3_seeds_1011_1213/noise_all_families.json
cifar,learned,1011,1453668639,0.03,0.24164887387435188,1.0019257703081232,analysis/v18_canonical_pipeline/inputs/cifar_base/session_3_seeds_1011_1213/noise_all_families.json
cifar,learned,1011,1453668639,0.04,0.3121141106720636,0.9917717086834732,analysis/v18_canonical_pipeline/inputs/cifar_base/session_3_seeds_1011_1213/noise_all_families.json
cifar,learned,1011,1453668639,0.05,0.37551237968577256,0.9768907563025209,analysis/v18_canonical_pipeline/inputs/cifar_base/session_3_seeds_1011_1213/noise_all_families.json
cifar,learned,1011,1609069331,0.0025,0.018903968382363516,1.0001750700280112,analysis/v18_canonical_pipeline/inputs/cifar_base/session_3_seeds_1011_1213/noise_all_families.json
cifar,learned,1011,1609069331,0.005,0.03808637808347718,1.0005252100840336,analysis/v18_canonical_pipeline/inputs/cifar_base/session_3_seeds_1011_1213/noise_all_families.json
cifar,learned,1011,1609069331,0.01,0.07822155482145585,1.0010504201680672,analysis/v18_canonical_pipeline/inputs/cifar_base/session_3_seeds_1011_1213/noise_all_families.json
cifar,learned,1011,1609069331,0.015,0.119792329063006,1.002626050420168,analysis/v18_canonical_pipeline/inputs/cifar_base/session_3_seeds_1011_1213/noise_all_families.json
cifar,learned,1011,1609069331,0.02,0.16119246457714018,1.00437675070028,analysis/v18_canonical_pipeline/inputs/cifar_base/session_3_seeds_1011_1213/noise_all_families.json
cifar,learned,1011,1609069331,0.03,0.23971463522980802,1.0029761904761905,analysis/v18_canonical_pipeline/inputs/cifar_base/session_3_seeds_1011_1213/noise_all_families.json
cifar,learned,1011,1609069331,0.04,0.3104312036393813,0.9945728291316525,analysis/v18_canonical_pipeline/inputs/cifar_base/session_3_seeds_1011_1213/noise_all_families.json
cifar,learned,1011,1609069331,0.05,0.37434653311656346,0.9837184873949578,analysis/v18_canonical_pipeline/inputs/cifar_base/session_3_seeds_1011_1213/noise_all_families.json
cifar,learned,1011,1720193045,0.0025,0.018718429289742114,1.0003501400560224,analysis/v18_canonical_pipeline/inputs/cifar_base/session_3_seeds_1011_1213/noise_all_families.json
cifar,learned,1011,1720193045,0.005,0.03764786592374588,1.0005252100840336,analysis/v18_canonical_pipeline/inputs/cifar_base/session_3_seeds_1011_1213/noise_all_families.json
cifar,learned,1011,1720193045,0.01,0.0768078639867055,1.0022759103641457,analysis/v18_canonical_pipeline/inputs/cifar_base/session_3_seeds_1011_1213/noise_all_families.json
cifar,learned,1011,1720193045,0.015,0.11826841342152947,1.0031512605042017,analysis/v18_canonical_pipeline/inputs/cifar_base/session_3_seeds_1011_1213/noise_all_families.json
cifar,learned,1011,1720193045,0.02,0.1595075866904897,1.0015756302521008,analysis/v18_canonical_pipeline/inputs/cifar_base/session_3_seeds_1011_1213/noise_all_families.json
cifar,learned,1011,1720193045,0.03,0.23782684526384779,1.0,analysis/v18_canonical_pipeline/inputs/cifar_base/session_3_seeds_1011_1213/noise_all_families.json
cifar,learned,1011,1720193045,0.04,0.3086299571965225,0.9935224089635852,analysis/v18_canonical_pipeline/inputs/cifar_base/session_3_seeds_1011_1213/noise_all_families.json
cifar,learned,1011,1720193045,0.05,0.37260195823268893,0.9828431372549018,analysis/v18_canonical_pipeline/inputs/cifar_base/session_3_seeds_1011_1213/noise_all_families.json
cifar,learned,1011,1152993491,0.0025,0.01846926924914157,1.0010504201680672,analysis/v18_canonical_pipeline/inputs/cifar_base/session_3_seeds_1011_1213/noise_all_families.json
cifar,learned,1011,1152993491,0.005,0.03730466903571175,1.0014005602240896,analysis/v18_canonical_pipeline/inputs/cifar_base/session_3_seeds_1011_1213/noise_all_families.json
cifar,learned,1011,1152993491,0.01,0.07690699604977569,1.0024509803921569,analysis/v18_canonical_pipeline/inputs/cifar_base/session_3_seeds_1011_1213/noise_all_families.json
cifar,learned,1011,1152993491,0.015,0.11857015707230073,1.0024509803921569,analysis/v18_canonical_pipeline/inputs/cifar_base/session_3_seeds_1011_1213/noise_all_families.json
cifar,learned,1011,1152993491,0.02,0.16074748023822352,0.9992997198879552,analysis/v18_canonical_pipeline/inputs/cifar_base/session_3_seeds_1011_1213/noise_all_families.json
cifar,learned,1011,1152993491,0.03,0.2410452530108906,0.9987745098039216,analysis/v18_canonical_pipeline/inputs/cifar_base/session_3_seeds_1011_1213/noise_all_families.json
cifar,learned,1011,1152993491,0.04,0.312443529910263,0.991596638655462,analysis/v18_canonical_pipeline/inputs/cifar_base/session_3_seeds_1011_1213/noise_all_families.json
cifar,learned,1011,1152993491,0.05,0.3763962730880671,0.9774159663865545,analysis/v18_canonical_pipeline/inputs/cifar_base/session_3_seeds_1011_1213/noise_all_families.json
cifar,learned,1011,853537900,0.0025,0.018013721085411213,1.0014005602240896,analysis/v18_canonical_pipeline/inputs/cifar_base/session_3_seeds_1011_1213/noise_all_families.json
cifar,learned,1011,853537900,0.005,0.036372013479920605,1.0028011204481793,analysis/v18_canonical_pipeline/inputs/cifar_base/session_3_seeds_1011_1213/noise_all_families.json
cifar,learned,1011,853537900,0.01,0.07578517472675075,1.0031512605042017,analysis/v18_canonical_pipeline/inputs/cifar_base/session_3_seeds_1011_1213/noise_all_families.json
cifar,learned,1011,853537900,0.015,0.1160197844403231,1.0057773109243697,analysis/v18_canonical_pipeline/inputs/cifar_base/session_3_seeds_1011_1213/noise_all_families.json
cifar,learned,1011,853537900,0.02,0.15593575902114407,1.0057773109243697,analysis/v18_canonical_pipeline/inputs/cifar_base/session_3_seeds_1011_1213/noise_all_families.json
cifar,learned,1011,853537900,0.03,0.23344998815901138,1.0005252100840336,analysis/v18_canonical_pipeline/inputs/cifar_base/session_3_seeds_1011_1213/noise_all_families.json
cifar,learned,1011,853537900,0.04,0.30400216591578366,0.9917717086834732,analysis/v18_canonical_pipeline/inputs/cifar_base/session_3_seeds_1011_1213/noise_all_families.json
cifar,learned,1011,853537900,0.05,0.3679416697924727,0.9802170868347337,analysis/v18_canonical_pipeline/inputs/cifar_base/session_3_seeds_1011_1213/noise_all_families.json
cifar,learned,1213,648939596,0.0025,0.01593517352568038,0.9998250830855344,analysis/v18_canonical_pipeline/inputs/cifar_base/session_3_seeds_1011_1213/noise_all_families.json
cifar,learned,1213,648939596,0.005,0.03208200597258766,0.9989504985132063,analysis/v18_canonical_pipeline/inputs/cifar_base/session_3_seeds_1011_1213/noise_all_families.json
cifar,learned,1213,648939596,0.01,0.06564843205423598,0.9996501661710687,analysis/v18_canonical_pipeline/inputs/cifar_base/session_3_seeds_1011_1213/noise_all_families.json
cifar,learned,1213,648939596,0.015,0.10105577094996976,0.998600664684275,analysis/v18_canonical_pipeline/inputs/cifar_base/session_3_seeds_1011_1213/noise_all_families.json
cifar,learned,1213,648939596,0.02,0.137770128452836,0.995277243309428,analysis/v18_canonical_pipeline/inputs/cifar_base/session_3_seeds_1011_1213/noise_all_families.json
cifar,learned,1213,648939596,0.03,0.21145632570946246,0.9877558159874058,analysis/v18_canonical_pipeline/inputs/cifar_base/session_3_seeds_1011_1213/noise_all_families.json
cifar,learned,1213,648939596,0.04,0.2814097423050272,0.9732377120867587,analysis/v18_canonical_pipeline/inputs/cifar_base/session_3_seeds_1011_1213/noise_all_families.json
cifar,learned,1213,648939596,0.05,0.346237010564521,0.9594192758439741,analysis/v18_canonical_pipeline/inputs/cifar_base/session_3_seeds_1011_1213/noise_all_families.json
cifar,learned,1213,1599028269,0.0025,0.015900223040197992,0.9998250830855344,analysis/v18_canonical_pipeline/inputs/cifar_base/session_3_seeds_1011_1213/noise_all_families.json
cifar,learned,1213,1599028269,0.005,0.03194663740550301,0.9994752492566031,analysis/v18_canonical_pipeline/inputs/cifar_base/session_3_seeds_1011_1213/noise_all_families.json
cifar,learned,1213,1599028269,0.01,0.06512188835241096,0.9982508308553437,analysis/v18_canonical_pipeline/inputs/cifar_base/session_3_seeds_1011_1213/noise_all_families.json
cifar,learned,1213,1599028269,0.015,0.1002173995696238,0.9987755815987406,analysis/v18_canonical_pipeline/inputs/cifar_base/session_3_seeds_1011_1213/noise_all_families.json
cifar,learned,1213,1599028269,0.02,0.1368591628861402,0.9959769109672906,analysis/v18_canonical_pipeline/inputs/cifar_base/session_3_seeds_1011_1213/noise_all_families.json
cifar,learned,1213,1599028269,0.03,0.2106151826601539,0.9851320622704214,analysis/v18_canonical_pipeline/inputs/cifar_base/session_3_seeds_1011_1213/noise_all_families.json
cifar,learned,1213,1599028269,0.04,0.2806134773153386,0.9725380444288962,analysis/v18_canonical_pipeline/inputs/cifar_base/session_3_seeds_1011_1213/noise_all_families.json
cifar,learned,1213,1599028269,0.05,0.3455218069614581,0.9571453559559209,analysis/v18_canonical_pipeline/inputs/cifar_base/session_3_seeds_1011_1213/noise_all_families.json
cifar,learned,1213,1801742653,0.0025,0.015297155034908014,0.9991254154276719,analysis/v18_canonical_pipeline/inputs/cifar_base/session_3_seeds_1011_1213/noise_all_families.json
cifar,learned,1213,1801742653,0.005,0.03079462530399225,1.0001749169144656,analysis/v18_canonical_pipeline/inputs/cifar_base/session_3_seeds_1011_1213/noise_all_families.json
cifar,learned,1213,1801742653,0.01,0.0630405975427731,0.9989504985132063,analysis/v18_canonical_pipeline/inputs/cifar_base/session_3_seeds_1011_1213/noise_all_families.json
cifar,learned,1213,1801742653,0.015,0.0974374120229082,0.9979009970264124,analysis/v18_canonical_pipeline/inputs/cifar_base/session_3_seeds_1011_1213/noise_all_families.json
cifar,learned,1213,1801742653,0.02,0.1336991134393166,0.9970264124540843,analysis/v18_canonical_pipeline/inputs/cifar_base/session_3_seeds_1011_1213/noise_all_families.json
cifar,learned,1213,1801742653,0.03,0.20734908951182007,0.9879307329018715,analysis/v18_canonical_pipeline/inputs/cifar_base/session_3_seeds_1011_1213/noise_all_families.json
cifar,learned,1213,1801742653,0.04,0.27756659053840316,0.9762112996326744,analysis/v18_canonical_pipeline/inputs/cifar_base/session_3_seeds_1011_1213/noise_all_families.json
cifar,learned,1213,1801742653,0.05,0.34248157761250225,0.9632674479622179,analysis/v18_canonical_pipeline/inputs/cifar_base/session_3_seeds_1011_1213/noise_all_families.json
cifar,learned,1213,303937385,0.0025,0.01494021204027654,1.000524750743397,analysis/v18_canonical_pipeline/inputs/cifar_base/session_3_seeds_1011_1213/noise_all_families.json
cifar,learned,1213,303937385,0.005,0.030053607375908478,0.9987755815987406,analysis/v18_canonical_pipeline/inputs/cifar_base/session_3_seeds_1011_1213/noise_all_families.json
cifar,learned,1213,303937385,0.01,0.06153591807918634,0.9991254154276719,analysis/v18_canonical_pipeline/inputs/cifar_base/session_3_seeds_1011_1213/noise_all_families.json
cifar,learned,1213,303937385,0.015,0.09515297741724518,1.0001749169144656,analysis/v18_canonical_pipeline/inputs/cifar_base/session_3_seeds_1011_1213/noise_all_families.json
cifar,learned,1213,303937385,0.02,0.13052156386676064,0.99720132936855,analysis/v18_canonical_pipeline/inputs/cifar_base/session_3_seeds_1011_1213/noise_all_families.json
cifar,learned,1213,303937385,0.03,0.20281281604267676,0.9868812314150777,analysis/v18_canonical_pipeline/inputs/cifar_base/session_3_seeds_1011_1213/noise_all_families.json
cifar,learned,1213,303937385,0.04,0.2721908614131611,0.9727129613433618,analysis/v18_canonical_pipeline/inputs/cifar_base/session_3_seeds_1011_1213/noise_all_families.json
cifar,learned,1213,303937385,0.05,0.3364049425532117,0.9581948574427147,analysis/v18_canonical_pipeline/inputs/cifar_base/session_3_seeds_1011_1213/noise_all_families.json
cifar,learned,1213,999424688,0.0025,0.015606222701259978,1.000524750743397,analysis/v18_canonical_pipeline/inputs/cifar_base/session_3_seeds_1011_1213/noise_all_families.json
cifar,learned,1213,999424688,0.005,0.031382070244354236,1.0010495014867937,analysis/v18_canonical_pipeline/inputs/cifar_base/session_3_seeds_1011_1213/noise_all_families.json
cifar,learned,1213,999424688,0.01,0.06403250835962068,1.000524750743397,analysis/v18_canonical_pipeline/inputs/cifar_base/session_3_seeds_1011_1213/noise_all_families.json
cifar,learned,1213,999424688,0.015,0.0985674285635992,0.9996501661710687,analysis/v18_canonical_pipeline/inputs/cifar_base/session_3_seeds_1011_1213/noise_all_families.json
cifar,learned,1213,999424688,0.02,0.13472337037803936,1.0010495014867937,analysis/v18_canonical_pipeline/inputs/cifar_base/session_3_seeds_1011_1213/noise_all_families.json
cifar,learned,1213,999424688,0.03,0.2079648344644292,0.9896799020465278,analysis/v18_canonical_pipeline/inputs/cifar_base/session_3_seeds_1011_1213/noise_all_families.json
cifar,learned,1213,999424688,0.04,0.27757009228150104,0.9770858842050025,analysis/v18_canonical_pipeline/inputs/cifar_base/session_3_seeds_1011_1213/noise_all_families.json
cifar,learned,1213,999424688,0.05,0.34173925747072775,0.9643169494490117,analysis/v18_canonical_pipeline/inputs/cifar_base/session_3_seeds_1011_1213/noise_all_families.json
cifar,learned,1213,807525111,0.0025,0.015747021896777357,1.0001749169144656,analysis/v18_canonical_pipeline/inputs/cifar_base/session_3_seeds_1011_1213/noise_all_families.json
cifar,learned,1213,807525111,0.005,0.031665931868535134,0.9996501661710687,analysis/v18_canonical_pipeline/inputs/cifar_base/session_3_seeds_1011_1213/noise_all_families.json
cifar,learned,1213,807525111,0.01,0.06469016238221872,0.9975511631974812,analysis/v18_canonical_pipeline/inputs/cifar_base/session_3_seeds_1011_1213/noise_all_families.json
cifar,learned,1213,807525111,0.015,0.09981438937099,0.996676578625153,analysis/v18_canonical_pipeline/inputs/cifar_base/session_3_seeds_1011_1213/noise_all_families.json
cifar,learned,1213,807525111,0.02,0.1365923780313004,0.9958019940528249,analysis/v18_canonical_pipeline/inputs/cifar_base/session_3_seeds_1011_1213/noise_all_families.json
cifar,learned,1213,807525111,0.03,0.21080971815357213,0.9853069791848871,analysis/v18_canonical_pipeline/inputs/cifar_base/session_3_seeds_1011_1213/noise_all_families.json
cifar,learned,1213,807525111,0.04,0.281155123826478,0.9730627951722931,analysis/v18_canonical_pipeline/inputs/cifar_base/session_3_seeds_1011_1213/noise_all_families.json
cifar,learned,1213,807525111,0.05,0.3460645154584557,0.9559209375546616,analysis/v18_canonical_pipeline/inputs/cifar_base/session_3_seeds_1011_1213/noise_all_families.json
cifar,learned,1213,2145899554,0.0025,0.014709922534039403,1.0006996676578626,analysis/v18_canonical_pipeline/inputs/cifar_base/session_3_seeds_1011_1213/noise_all_families.json
cifar,learned,1213,2145899554,0.005,0.029637565869604077,0.9994752492566031,analysis/v18_canonical_pipeline/inputs/cifar_base/session_3_seeds_1011_1213/noise_all_families.json
cifar,learned,1213,2145899554,0.01,0.060881265745419764,0.9982508308553437,analysis/v18_canonical_pipeline/inputs/cifar_base/session_3_seeds_1011_1213/noise_all_families.json
cifar,learned,1213,2145899554,0.015,0.09452047739844013,0.9980759139408781,analysis/v18_canonical_pipeline/inputs/cifar_base/session_3_seeds_1011_1213/noise_all_families.json
cifar,learned,1213,2145899554,0.02,0.13006481130103123,0.9975511631974812,analysis/v18_canonical_pipeline/inputs/cifar_base/session_3_seeds_1011_1213/noise_all_families.json
cifar,learned,1213,2145899554,0.03,0.20258646434902633,0.990029735875459,analysis/v18_canonical_pipeline/inputs/cifar_base/session_3_seeds_1011_1213/noise_all_families.json
cifar,learned,1213,2145899554,0.04,0.2717464742066203,0.9802343886653838,analysis/v18_canonical_pipeline/inputs/cifar_base/session_3_seeds_1011_1213/noise_all_families.json
cifar,learned,1213,2145899554,0.05,0.33543613471692396,0.9637921987056148,analysis/v18_canonical_pipeline/inputs/cifar_base/session_3_seeds_1011_1213/noise_all_families.json
cifar,learned,1213,2134235847,0.0025,0.01584034262250893,0.9993003323421374,analysis/v18_canonical_pipeline/inputs/cifar_base/session_3_seeds_1011_1213/noise_all_families.json
cifar,learned,1213,2134235847,0.005,0.03190655826838979,0.9991254154276719,analysis/v18_canonical_pipeline/inputs/cifar_base/session_3_seeds_1011_1213/noise_all_families.json
cifar,learned,1213,2134235847,0.01,0.06538430358390215,0.9984257477698093,analysis/v18_canonical_pipeline/inputs/cifar_base/session_3_seeds_1011_1213/noise_all_families.json
cifar,learned,1213,2134235847,0.015,0.10099711866349072,0.9970264124540843,analysis/v18_canonical_pipeline/inputs/cifar_base/session_3_seeds_1011_1213/noise_all_families.json
cifar,learned,1213,2134235847,0.02,0.13803792475156143,0.9965016617106874,analysis/v18_canonical_pipeline/inputs/cifar_base/session_3_seeds_1011_1213/noise_all_families.json
cifar,learned,1213,2134235847,0.03,0.21218387396506688,0.9902046527899246,analysis/v18_canonical_pipeline/inputs/cifar_base/session_3_seeds_1011_1213/noise_all_families.json
cifar,learned,1213,2134235847,0.04,0.28189478648488486,0.9774357180339338,analysis/v18_canonical_pipeline/inputs/cifar_base/session_3_seeds_1011_1213/noise_all_families.json
cifar,learned,1213,2134235847,0.05,0.3459922609110043,0.9629176141332867,analysis/v18_canonical_pipeline/inputs/cifar_base/session_3_seeds_1011_1213/noise_all_families.json
cifar,learned,1213,1888751591,0.0025,0.01560748404879294,0.9994752492566031,analysis/v18_canonical_pipeline/inputs/cifar_base/session_3_seeds_1011_1213/noise_all_families.json
cifar,learned,1213,1888751591,0.005,0.03139438225028604,1.0006996676578626,analysis/v18_canonical_pipeline/inputs/cifar_base/session_3_seeds_1011_1213/noise_all_families.json
cifar,learned,1213,1888751591,0.01,0.06410893458533294,0.9996501661710687,analysis/v18_canonical_pipeline/inputs/cifar_base/session_3_seeds_1011_1213/noise_all_families.json
cifar,learned,1213,1888751591,0.015,0.0988354893382596,0.9963267447962219,analysis/v18_canonical_pipeline/inputs/cifar_base/session_3_seeds_1011_1213/noise_all_families.json
cifar,learned,1213,1888751591,0.02,0.13522444928189734,0.9923036557635122,analysis/v18_canonical_pipeline/inputs/cifar_base/session_3_seeds_1011_1213/noise_all_families.json
cifar,learned,1213,1888751591,0.03,0.20885485648723326,0.9844323946125589,analysis/v18_canonical_pipeline/inputs/cifar_base/session_3_seeds_1011_1213/noise_all_families.json
cifar,learned,1213,1888751591,0.04,0.2790775074553548,0.97358754591569,analysis/v18_canonical_pipeline/inputs/cifar_base/session_3_seeds_1011_1213/noise_all_families.json
cifar,learned,1213,1888751591,0.05,0.34383105651583984,0.9601189435018366,analysis/v18_canonical_pipeline/inputs/cifar_base/session_3_seeds_1011_1213/noise_all_families.json
cifar,learned,1213,442392609,0.0025,0.015137741592716372,0.9996501661710687,analysis/v18_canonical_pipeline/inputs/cifar_base/session_3_seeds_1011_1213/noise_all_families.json
cifar,learned,1213,442392609,0.005,0.03048527843341211,1.0001749169144656,analysis/v18_canonical_pipeline/inputs/cifar_base/session_3_seeds_1011_1213/noise_all_families.json
cifar,learned,1213,442392609,0.01,0.06235285916248299,1.0,analysis/v18_canonical_pipeline/inputs/cifar_base/session_3_seeds_1011_1213/noise_all_families.json
cifar,learned,1213,442392609,0.015,0.09621384924417625,0.9977260801119469,analysis/v18_canonical_pipeline/inputs/cifar_base/session_3_seeds_1011_1213/noise_all_families.json
cifar,learned,1213,442392609,0.02,0.13182001139129812,0.9965016617106874,analysis/v18_canonical_pipeline/inputs/cifar_base/session_3_seeds_1011_1213/noise_all_families.json
cifar,learned,1213,442392609,0.03,0.20462340670947696,0.9903795697043902,analysis/v18_canonical_pipeline/inputs/cifar_base/session_3_seeds_1011_1213/noise_all_families.json
cifar,learned,1213,442392609,0.04,0.27447970424786755,0.978310302606262,analysis/v18_canonical_pipeline/inputs/cifar_base/session_3_seeds_1011_1213/noise_all_families.json
cifar,learned,1213,442392609,0.05,0.3390475097116532,0.9667657862515304,analysis/v18_canonical_pipeline/inputs/cifar_base/session_3_seeds_1011_1213/noise_all_families.json
cifar,sinusoidal,1011,275189094,0.01,0.0146415007644889,0.9987710674157303,analysis/v18_canonical_pipeline/inputs/cifar_base/session_3_seeds_1011_1213/noise_all_families.json
cifar,sinusoidal,1011,275189094,0.025,0.036815193738961624,0.9970154494382021,analysis/v18_canonical_pipeline/inputs/cifar_base/session_3_seeds_1011_1213/noise_all_families.json
cifar,sinusoidal,1011,275189094,0.05,0.07503522984624303,0.9950842696629212,analysis/v18_canonical_pipeline/inputs/cifar_base/session_3_seeds_1011_1213/noise_all_families.json
cifar,sinusoidal,1011,275189094,0.075,0.11437898984954074,0.9935042134831459,analysis/v18_canonical_pipeline/inputs/cifar_base/session_3_seeds_1011_1213/noise_all_families.json
cifar,sinusoidal,1011,275189094,0.1,0.1527033519034781,0.9894662921348313,analysis/v18_canonical_pipeline/inputs/cifar_base/session_3_seeds_1011_1213/noise_all_families.json
cifar,sinusoidal,1011,275189094,0.15,0.22117651917934758,0.9755969101123595,analysis/v18_canonical_pipeline/inputs/cifar_base/session_3_seeds_1011_1213/noise_all_families.json
cifar,sinusoidal,1011,275189094,0.2,0.280683627920594,0.9492626404494381,analysis/v18_canonical_pipeline/inputs/cifar_base/session_3_seeds_1011_1213/noise_all_families.json
cifar,sinusoidal,1011,275189094,0.25,0.3354505867412741,0.9208216292134831,analysis/v18_canonical_pipeline/inputs/cifar_base/session_3_seeds_1011_1213/noise_all_families.json
cifar,sinusoidal,1011,1758743687,0.01,0.014463719397611846,0.9998244382022472,analysis/v18_canonical_pipeline/inputs/cifar_base/session_3_seeds_1011_1213/noise_all_families.json
cifar,sinusoidal,1011,1758743687,0.025,0.036332320216486025,0.9975421348314605,analysis/v18_canonical_pipeline/inputs/cifar_base/session_3_seeds_1011_1213/noise_all_families.json
cifar,sinusoidal,1011,1758743687,0.05,0.07394246873101334,0.9940308988764043,analysis/v18_canonical_pipeline/inputs/cifar_base/session_3_seeds_1011_1213/noise_all_families.json
cifar,sinusoidal,1011,1758743687,0.075,0.11299302157408515,0.9935042134831459,analysis/v18_canonical_pipeline/inputs/cifar_base/session_3_seeds_1011_1213/noise_all_families.json
cifar,sinusoidal,1011,1758743687,0.1,0.15145341457554692,0.991573033707865,analysis/v18_canonical_pipeline/inputs/cifar_base/session_3_seeds_1011_1213/noise_all_families.json
cifar,sinusoidal,1011,1758743687,0.15,0.22007715577192213,0.9759480337078651,analysis/v18_canonical_pipeline/inputs/cifar_base/session_3_seeds_1011_1213/noise_all_families.json
cifar,sinusoidal,1011,1758743687,0.2,0.27963527430721546,0.9564606741573034,analysis/v18_canonical_pipeline/inputs/cifar_base/session_3_seeds_1011_1213/noise_all_families.json
cifar,sinusoidal,1011,1758743687,0.25,0.3343289425532092,0.9248595505617977,analysis/v18_canonical_pipeline/inputs/cifar_base/session_3_seeds_1011_1213/noise_all_families.json
cifar,sinusoidal,1011,1358209263,0.01,0.014322329772048597,0.9982443820224717,analysis/v18_canonical_pipeline/inputs/cifar_base/session_3_seeds_1011_1213/noise_all_families.json
cifar,sinusoidal,1011,1358209263,0.025,0.03607375197573486,0.9992977528089888,analysis/v18_canonical_pipeline/inputs/cifar_base/session_3_seeds_1011_1213/noise_all_families.json
cifar,sinusoidal,1011,1358209263,0.05,0.07350669109596292,0.999122191011236,analysis/v18_canonical_pipeline/inputs/cifar_base/session_3_seeds_1011_1213/noise_all_families.json
cifar,sinusoidal,1011,1358209263,0.075,0.11198744666477602,0.9968398876404493,analysis/v18_canonical_pipeline/inputs/cifar_base/session_3_seeds_1011_1213/noise_all_families.json
cifar,sinusoidal,1011,1358209263,0.1,0.14983325770398462,0.9919241573033706,analysis/v18_canonical_pipeline/inputs/cifar_base/session_3_seeds_1011_1213/noise_all_families.json
cifar,sinusoidal,1011,1358209263,0.15,0.21827545504506451,0.9752457865168538,analysis/v18_canonical_pipeline/inputs/cifar_base/session_3_seeds_1011_1213/noise_all_families.json
cifar,sinusoidal,1011,1358209263,0.2,0.2780314350887857,0.9518960674157302,analysis/v18_canonical_pipeline/inputs/cifar_base/session_3_seeds_1011_1213/noise_all_families.json
cifar,sinusoidal,1011,1358209263,0.25,0.33312345794561343,0.9215238764044943,analysis/v18_canonical_pipeline/inputs/cifar_base/session_3_seeds_1011_1213/noise_all_families.json
cifar,sinusoidal,1011,538054647,0.01,0.013859416873037534,0.9989466292134832,analysis/v18_canonical_pipeline/inputs/cifar_base/session_3_seeds_1011_1213/noise_all_families.json
cifar,sinusoidal,1011,538054647,0.025,0.03481600019521849,0.9985955056179775,analysis/v18_canonical_pipeline/inputs/cifar_base/session_3_seeds_1011_1213/noise_all_families.json
cifar,sinusoidal,1011,538054647,0.05,0.0709059651059526,0.9954353932584268,analysis/v18_canonical_pipeline/inputs/cifar_base/session_3_seeds_1011_1213/noise_all_families.json
cifar,sinusoidal,1011,538054647,0.075,0.1083147353455644,0.9903441011235954,analysis/v18_canonical_pipeline/inputs/cifar_base/session_3_seeds_1011_1213/noise_all_families.json
cifar,sinusoidal,1011,538054647,0.1,0.1452604761621375,0.9894662921348313,analysis/v18_canonical_pipeline/inputs/cifar_base/session_3_seeds_1011_1213/noise_all_families.json
cifar,sinusoidal,1011,538054647,0.15,0.21197012056357306,0.974192415730337,analysis/v18_canonical_pipeline/inputs/cifar_base/session_3_seeds_1011_1213/noise_all_families.json
cifar,sinusoidal,1011,538054647,0.2,0.2700864204916633,0.946629213483146,analysis/v18_canonical_pipeline/inputs/cifar_base/session_3_seeds_1011_1213/noise_all_families.json
cifar,sinusoidal,1011,538054647,0.25,0.3235839259332814,0.9141502808988763,analysis/v18_canonical_pipeline/inputs/cifar_base/session_3_seeds_1011_1213/noise_all_families.json
cifar,sinusoidal,1011,1562974180,0.01,0.014217874358888076,0.999122191011236,analysis/v18_canonical_pipeline/inputs/cifar_base/session_3_seeds_1011_1213/noise_all_families.json
cifar,sinusoidal,1011,1562974180,0.025,0.03588125263067973,0.9980688202247189,analysis/v18_canonical_pipeline/inputs/cifar_base/session_3_seeds_1011_1213/noise_all_families.json
cifar,sinusoidal,1011,1562974180,0.05,0.07363522180594981,0.9942064606741571,analysis/v18_canonical_pipeline/inputs/cifar_base/session_3_seeds_1011_1213/noise_all_families.json
cifar,sinusoidal,1011,1562974180,0.075,0.1127519480391998,0.990695224719101,analysis/v18_canonical_pipeline/inputs/cifar_base/session_3_seeds_1011_1213/noise_all_families.json
cifar,sinusoidal,1011,1562974180,0.1,0.15080202133459641,0.9899929775280897,analysis/v18_canonical_pipeline/inputs/cifar_base/session_3_seeds_1011_1213/noise_all_families.json
cifar,sinusoidal,1011,1562974180,0.15,0.21835606291899526,0.9785814606741572,analysis/v18_canonical_pipeline/inputs/cifar_base/session_3_seeds_1011_1213/noise_all_families.json
cifar,sinusoidal,1011,1562974180,0.2,0.2771140694785133,0.9480337078651685,analysis/v18_canonical_pipeline/inputs/cifar_base/session_3_seeds_1011_1213/noise_all_families.json
cifar,sinusoidal,1011,1562974180,0.25,0.33143281921510565,0.9113412921348314,analysis/v18_canonical_pipeline/inputs/cifar_base/session_3_seeds_1011_1213/noise_all_families.json
cifar,sinusoidal,1011,1453668639,0.01,0.01373774492513956,0.9989466292134832,analysis/v18_canonical_pipeline/inputs/cifar_base/session_3_seeds_1011_1213/noise_all_families.json
cifar,sinusoidal,1011,1453668639,0.025,0.03454723383345045,0.9985955056179775,analysis/v18_canonical_pipeline/inputs/cifar_base/session_3_seeds_1011_1213/noise_all_families.json
cifar,sinusoidal,1011,1453668639,0.05,0.07025400767696247,0.9996488764044944,analysis/v18_canonical_pipeline/inputs/cifar_base/session_3_seeds_1011_1213/noise_all_families.json
cifar,sinusoidal,1011,1453668639,0.075,0.10710007604116306,0.9977176966292133,analysis/v18_canonical_pipeline/inputs/cifar_base/session_3_seeds_1011_1213/noise_all_families.json
cifar,sinusoidal,1011,1453668639,0.1,0.14375751733261277,0.991573033707865,analysis/v18_canonical_pipeline/inputs/cifar_base/session_3_seeds_1011_1213/noise_all_families.json
cifar,sinusoidal,1011,1453668639,0.15,0.21105871406969876,0.9784058988764044,analysis/v18_canonical_pipeline/inputs/cifar_base/session_3_seeds_1011_1213/noise_all_families.json
cifar,sinusoidal,1011,1453668639,0.2,0.2701486952701252,0.9589185393258427,analysis/v18_canonical_pipeline/inputs/cifar_base/session_3_seeds_1011_1213/noise_all_families.json
cifar,sinusoidal,1011,1453668639,0.25,0.324686198453678,0.926439606741573,analysis/v18_canonical_pipeline/inputs/cifar_base/session_3_seeds_1011_1213/noise_all_families.json
cifar,sinusoidal,1011,1609069331,0.01,0.01449240382304612,0.999122191011236,analysis/v18_canonical_pipeline/inputs/cifar_base/session_3_seeds_1011_1213/noise_all_families.json
cifar,sinusoidal,1011,1609069331,0.025,0.036418103762429536,0.9975421348314605,analysis/v18_canonical_pipeline/inputs/cifar_base/session_3_seeds_1011_1213/noise_all_families.json
cifar,sinusoidal,1011,1609069331,0.05,0.07412450498022383,0.9966643258426965,analysis/v18_canonical_pipeline/inputs/cifar_base/session_3_seeds_1011_1213/noise_all_families.json
cifar,sinusoidal,1011,1609069331,0.075,0.11312509003523813,0.9945575842696628,analysis/v18_canonical_pipeline/inputs/cifar_base/session_3_seeds_1011_1213/noise_all_families.json
cifar,sinusoidal,1011,1609069331,0.1,0.15150861930772563,0.9903441011235954,analysis/v18_canonical_pipeline/inputs/cifar_base/session_3_seeds_1011_1213/noise_all_families.json
cifar,sinusoidal,1011,1609069331,0.15,0.22039722244630588,0.9699789325842696,analysis/v18_canonical_pipeline/inputs/cifar_base/session_3_seeds_1011_1213/noise_all_families.json
cifar,sinusoidal,1011,1609069331,0.2,0.2799638590533741,0.9415379213483146,analysis/v18_canonical_pipeline/inputs/cifar_base/session_3_seeds_1011_1213/noise_all_families.json
cifar,sinusoidal,1011,1609069331,0.25,0.33450719316582866,0.9009831460674157,analysis/v18_canonical_pipeline/inputs/cifar_base/session_3_seeds_1011_1213/noise_all_families.json
cifar,sinusoidal,1011,1720193045,0.01,0.01519158807416773,0.9994733146067416,analysis/v18_canonical_pipeline/inputs/cifar_base/session_3_seeds_1011_1213/noise_all_families.json
cifar,sinusoidal,1011,1720193045,0.025,0.03817744620788041,0.999122191011236,analysis/v18_canonical_pipeline/inputs/cifar_base/session_3_seeds_1011_1213/noise_all_families.json
cifar,sinusoidal,1011,1720193045,0.05,0.07756439717179217,1.0021067415730336,analysis/v18_canonical_pipeline/inputs/cifar_base/session_3_seeds_1011_1213/noise_all_families.json
cifar,sinusoidal,1011,1720193045,0.075,0.1176234151591907,0.9992977528089888,analysis/v18_canonical_pipeline/inputs/cifar_base/session_3_seeds_1011_1213/noise_all_families.json
cifar,sinusoidal,1011,1720193045,0.1,0.15628338571103395,0.9933286516853931,analysis/v18_canonical_pipeline/inputs/cifar_base/session_3_seeds_1011_1213/noise_all_families.json
cifar,sinusoidal,1011,1720193045,0.15,0.22475618923927995,0.9775280898876404,analysis/v18_canonical_pipeline/inputs/cifar_base/session_3_seeds_1011_1213/noise_all_families.json
cifar,sinusoidal,1011,1720193045,0.2,0.2839248248832315,0.9555828651685393,analysis/v18_canonical_pipeline/inputs/cifar_base/session_3_seeds_1011_1213/noise_all_families.json
cifar,sinusoidal,1011,1720193045,0.25,0.33800904398469794,0.927317415730337,analysis/v18_canonical_pipeline/inputs/cifar_base/session_3_seeds_1011_1213/noise_all_families.json
cifar,sinusoidal,1011,1152993491,0.01,0.01455673097653843,0.9992977528089888,analysis/v18_canonical_pipeline/inputs/cifar_base/session_3_seeds_1011_1213/noise_all_families.json
cifar,sinusoidal,1011,1152993491,0.025,0.036652979276717054,0.9978932584269661,analysis/v18_canonical_pipeline/inputs/cifar_base/session_3_seeds_1011_1213/noise_all_families.json
cifar,sinusoidal,1011,1152993491,0.05,0.07472399456325145,0.9954353932584268,analysis/v18_canonical_pipeline/inputs/cifar_base/session_3_seeds_1011_1213/noise_all_families.json
cifar,sinusoidal,1011,1152993491,0.075,0.11388311172997592,0.9947331460674156,analysis/v18_canonical_pipeline/inputs/cifar_base/session_3_seeds_1011_1213/noise_all_families.json
cifar,sinusoidal,1011,1152993491,0.1,0.15209188820652705,0.9905196629213482,analysis/v18_canonical_pipeline/inputs/cifar_base/session_3_seeds_1011_1213/noise_all_families.json
cifar,sinusoidal,1011,1152993491,0.15,0.22016685452559945,0.9678721910112359,analysis/v18_canonical_pipeline/inputs/cifar_base/session_3_seeds_1011_1213/noise_all_families.json
cifar,sinusoidal,1011,1152993491,0.2,0.27858096336322646,0.9383778089887639,analysis/v18_canonical_pipeline/inputs/cifar_base/session_3_seeds_1011_1213/noise_all_families.json
cifar,sinusoidal,1011,1152993491,0.25,0.3318566821361816,0.9002808988764044,analysis/v18_canonical_pipeline/inputs/cifar_base/session_3_seeds_1011_1213/noise_all_families.json
cifar,sinusoidal,1011,853537900,0.01,0.014083079817178993,0.9989466292134832,analysis/v18_canonical_pipeline/inputs/cifar_base/session_3_seeds_1011_1213/noise_all_families.json
cifar,sinusoidal,1011,853537900,0.025,0.03539553178128982,0.9963132022471908,analysis/v18_canonical_pipeline/inputs/cifar_base/session_3_seeds_1011_1213/noise_all_families.json
cifar,sinusoidal,1011,853537900,0.05,0.07229935358306204,0.9940308988764043,analysis/v18_canonical_pipeline/inputs/cifar_base/session_3_seeds_1011_1213/noise_all_families.json
cifar,sinusoidal,1011,853537900,0.075,0.11089900105943452,0.9908707865168538,analysis/v18_canonical_pipeline/inputs/cifar_base/session_3_seeds_1011_1213/noise_all_families.json
cifar,sinusoidal,1011,853537900,0.1,0.14892630835003126,0.987886235955056,analysis/v18_canonical_pipeline/inputs/cifar_base/session_3_seeds_1011_1213/noise_all_families.json
cifar,sinusoidal,1011,853537900,0.15,0.21675509106981583,0.9747191011235954,analysis/v18_canonical_pipeline/inputs/cifar_base/session_3_seeds_1011_1213/noise_all_families.json
cifar,sinusoidal,1011,853537900,0.2,0.2752869706654141,0.9496137640449437,analysis/v18_canonical_pipeline/inputs/cifar_base/session_3_seeds_1011_1213/noise_all_families.json
cifar,sinusoidal,1011,853537900,0.25,0.32896369544992143,0.9192415730337078,analysis/v18_canonical_pipeline/inputs/cifar_base/session_3_seeds_1011_1213/noise_all_families.json
cifar,sinusoidal,1213,648939596,0.01,0.015399881517672865,1.0007024938531788,analysis/v18_canonical_pipeline/inputs/cifar_base/session_3_seeds_1011_1213/noise_all_families.json
cifar,sinusoidal,1213,648939596,0.025,0.03880711846687255,0.9978925184404634,analysis/v18_canonical_pipeline/inputs/cifar_base/session_3_seeds_1011_1213/noise_all_families.json
cifar,sinusoidal,1213,648939596,0.05,0.07946505447407867,0.9992975061468212,analysis/v18_canonical_pipeline/inputs/cifar_base/session_3_seeds_1011_1213/noise_all_families.json
cifar,sinusoidal,1213,648939596,0.075,0.12182315317333257,0.9984193888303475,analysis/v18_canonical_pipeline/inputs/cifar_base/session_3_seeds_1011_1213/noise_all_families.json
cifar,sinusoidal,1213,648939596,0.1,0.16340925669396725,0.9896382156656127,analysis/v18_canonical_pipeline/inputs/cifar_base/session_3_seeds_1011_1213/noise_all_families.json
cifar,sinusoidal,1213,648939596,0.15,0.23726725905734514,0.9680365296803652,analysis/v18_canonical_pipeline/inputs/cifar_base/session_3_seeds_1011_1213/noise_all_families.json
cifar,sinusoidal,1213,648939596,0.2,0.30021140082171327,0.940990516332982,analysis/v18_canonical_pipeline/inputs/cifar_base/session_3_seeds_1011_1213/noise_all_families.json
cifar,sinusoidal,1213,648939596,0.25,0.35677837441814564,0.9079733052335791,analysis/v18_canonical_pipeline/inputs/cifar_base/session_3_seeds_1011_1213/noise_all_families.json
cifar,sinusoidal,1213,1599028269,0.01,0.015040469473283158,0.9992975061468212,analysis/v18_canonical_pipeline/inputs/cifar_base/session_3_seeds_1011_1213/noise_all_families.json
cifar,sinusoidal,1213,1599028269,0.025,0.037943842332555835,0.9991218826835265,analysis/v18_canonical_pipeline/inputs/cifar_base/session_3_seeds_1011_1213/noise_all_families.json
cifar,sinusoidal,1213,1599028269,0.05,0.07794374544442373,0.9996487530734106,analysis/v18_canonical_pipeline/inputs/cifar_base/session_3_seeds_1011_1213/noise_all_families.json
cifar,sinusoidal,1213,1599028269,0.075,0.12004506000339081,0.9973656480505794,analysis/v18_canonical_pipeline/inputs/cifar_base/session_3_seeds_1011_1213/noise_all_families.json
cifar,sinusoidal,1213,1599028269,0.1,0.1619373029775504,0.9887600983491392,analysis/v18_canonical_pipeline/inputs/cifar_base/session_3_seeds_1011_1213/noise_all_families.json
cifar,sinusoidal,1213,1599028269,0.15,0.23738615368229576,0.972778363189322,analysis/v18_canonical_pipeline/inputs/cifar_base/session_3_seeds_1011_1213/noise_all_families.json
cifar,sinusoidal,1213,1599028269,0.2,0.30194733345724084,0.9499473129610115,analysis/v18_canonical_pipeline/inputs/cifar_base/session_3_seeds_1011_1213/noise_all_families.json
cifar,sinusoidal,1213,1599028269,0.25,0.3599686393886855,0.9229012996136283,analysis/v18_canonical_pipeline/inputs/cifar_base/session_3_seeds_1011_1213/noise_all_families.json
cifar,sinusoidal,1213,1801742653,0.01,0.014436103418127025,1.0001756234632948,analysis/v18_canonical_pipeline/inputs/cifar_base/session_3_seeds_1011_1213/noise_all_families.json
cifar,sinusoidal,1213,1801742653,0.025,0.03637980764571276,1.001756234632947,analysis/v18_canonical_pipeline/inputs/cifar_base/session_3_seeds_1011_1213/noise_all_families.json
cifar,sinusoidal,1213,1801742653,0.05,0.0744745999329252,1.0003512469265894,analysis/v18_canonical_pipeline/inputs/cifar_base/session_3_seeds_1011_1213/noise_all_families.json
cifar,sinusoidal,1213,1801742653,0.075,0.11434982601911635,0.9973656480505794,analysis/v18_canonical_pipeline/inputs/cifar_base/session_3_seeds_1011_1213/noise_all_families.json
cifar,sinusoidal,1213,1801742653,0.1,0.15425427617720203,0.992975061468212,analysis/v18_canonical_pipeline/inputs/cifar_base/session_3_seeds_1011_1213/noise_all_families.json
cifar,sinusoidal,1213,1801742653,0.15,0.22773430885115864,0.9754127151387424,analysis/v18_canonical_pipeline/inputs/cifar_base/session_3_seeds_1011_1213/noise_all_families.json
cifar,sinusoidal,1213,1801742653,0.2,0.2917121742412199,0.9539866526167896,analysis/v18_canonical_pipeline/inputs/cifar_base/session_3_seeds_1011_1213/noise_all_families.json
cifar,sinusoidal,1213,1801742653,0.25,0.34984904257329374,0.9308043554618896,analysis/v18_canonical_pipeline/inputs/cifar_base/session_3_seeds_1011_1213/noise_all_families.json
cifar,sinusoidal,1213,303937385,0.01,0.015594805918860031,1.0014049877063576,analysis/v18_canonical_pipeline/inputs/cifar_base/session_3_seeds_1011_1213/noise_all_families.json
cifar,sinusoidal,1213,303937385,0.025,0.03923123000148747,1.001229364243063,analysis/v18_canonical_pipeline/inputs/cifar_base/session_3_seeds_1011_1213/noise_all_families.json
cifar,sinusoidal,1213,303937385,0.05,0.08003903156234433,1.0010537407797682,analysis/v18_canonical_pipeline/inputs/cifar_base/session_3_seeds_1011_1213/noise_all_families.json
cifar,sinusoidal,1213,303937385,0.075,0.12250784610426743,0.9961362838075165,analysis/v18_canonical_pipeline/inputs/cifar_base/session_3_seeds_1011_1213/noise_all_families.json
cifar,sinusoidal,1213,303937385,0.1,0.16444709941396957,0.9868282402528976,analysis/v18_canonical_pipeline/inputs/cifar_base/session_3_seeds_1011_1213/noise_all_families.json
cifar,sinusoidal,1213,303937385,0.15,0.23914007005242818,0.9666315419740077,analysis/v18_canonical_pipeline/inputs/cifar_base/session_3_seeds_1011_1213/noise_all_families.json
cifar,sinusoidal,1213,303937385,0.2,0.30233787357388675,0.9459079733052335,analysis/v18_canonical_pipeline/inputs/cifar_base/session_3_seeds_1011_1213/noise_all_families.json
cifar,sinusoidal,1213,303937385,0.25,0.3588905996837534,0.9141201264488934,analysis/v18_canonical_pipeline/inputs/cifar_base/session_3_seeds_1011_1213/noise_all_families.json
cifar,sinusoidal,1213,999424688,0.01,0.015220648188318208,0.9998243765367053,analysis/v18_canonical_pipeline/inputs/cifar_base/session_3_seeds_1011_1213/noise_all_families.json
cifar,sinusoidal,1213,999424688,0.025,0.038433596246238315,0.9992975061468212,analysis/v18_canonical_pipeline/inputs/cifar_base/session_3_seeds_1011_1213/noise_all_families.json
cifar,sinusoidal,1213,999424688,0.05,0.07858659346205027,0.9991218826835265,analysis/v18_canonical_pipeline/inputs/cifar_base/session_3_seeds_1011_1213/noise_all_families.json
cifar,sinusoidal,1213,999424688,0.075,0.12011723640648082,0.9945556726378643,analysis/v18_canonical_pipeline/inputs/cifar_base/session_3_seeds_1011_1213/noise_all_families.json
cifar,sinusoidal,1213,999424688,0.1,0.1609750138846636,0.9908675799086756,analysis/v18_canonical_pipeline/inputs/cifar_base/session_3_seeds_1011_1213/noise_all_families.json
cifar,sinusoidal,1213,999424688,0.15,0.23442968788242805,0.9745345978222689,analysis/v18_canonical_pipeline/inputs/cifar_base/session_3_seeds_1011_1213/noise_all_families.json
cifar,sinusoidal,1213,999424688,0.2,0.2977742300620656,0.9520547945205478,analysis/v18_canonical_pipeline/inputs/cifar_base/session_3_seeds_1011_1213/noise_all_families.json
cifar,sinusoidal,1213,999424688,0.25,0.35501807063854474,0.9237794169301018,analysis/v18_canonical_pipeline/inputs/cifar_base/session_3_seeds_1011_1213/noise_all_families.json
cifar,sinusoidal,1213,807525111,0.01,0.01522362085474597,0.9989462592202318,analysis/v18_canonical_pipeline/inputs/cifar_base/session_3_seeds_1011_1213/noise_all_families.json
cifar,sinusoidal,1213,807525111,0.025,0.038430691768537466,1.0001756234632948,analysis/v18_canonical_pipeline/inputs/cifar_base/session_3_seeds_1011_1213/noise_all_families.json
cifar,sinusoidal,1213,807525111,0.05,0.07901901329415138,0.9994731296101159,analysis/v18_canonical_pipeline/inputs/cifar_base/session_3_seeds_1011_1213/noise_all_families.json
cifar,sinusoidal,1213,807525111,0.075,0.1215126850347335,0.9956094134176324,analysis/v18_canonical_pipeline/inputs/cifar_base/session_3_seeds_1011_1213/noise_all_families.json
cifar,sinusoidal,1213,807525111,0.1,0.16328529130525524,0.9878819810326658,analysis/v18_canonical_pipeline/inputs/cifar_base/session_3_seeds_1011_1213/noise_all_families.json
cifar,sinusoidal,1213,807525111,0.15,0.23768807123484784,0.9639971900245873,analysis/v18_canonical_pipeline/inputs/cifar_base/session_3_seeds_1011_1213/noise_all_families.json
cifar,sinusoidal,1213,807525111,0.2,0.30145972864355974,0.9327362135581313,analysis/v18_canonical_pipeline/inputs/cifar_base/session_3_seeds_1011_1213/noise_all_families.json
cifar,sinusoidal,1213,807525111,0.25,0.35904438546999984,0.8986652616789602,analysis/v18_canonical_pipeline/inputs/cifar_base/session_3_seeds_1011_1213/noise_all_families.json
cifar,sinusoidal,1213,2145899554,0.01,0.015611116952405938,0.9998243765367053,analysis/v18_canonical_pipeline/inputs/cifar_base/session_3_seeds_1011_1213/noise_all_families.json
cifar,sinusoidal,1213,2145899554,0.025,0.039315378507851835,0.9994731296101159,analysis/v18_canonical_pipeline/inputs/cifar_base/session_3_seeds_1011_1213/noise_all_families.json
cifar,sinusoidal,1213,2145899554,0.05,0.08030338998979619,0.9961362838075165,analysis/v18_canonical_pipeline/inputs/cifar_base/session_3_seeds_1011_1213/noise_all_families.json
cifar,sinusoidal,1213,2145899554,0.075,0.12278262693662734,0.9936775553213908,analysis/v18_canonical_pipeline/inputs/cifar_base/session_3_seeds_1011_1213/noise_all_families.json
cifar,sinusoidal,1213,2145899554,0.1,0.16439231266106982,0.9882332279592552,analysis/v18_canonical_pipeline/inputs/cifar_base/session_3_seeds_1011_1213/noise_all_families.json
cifar,sinusoidal,1213,2145899554,0.15,0.2380046187325085,0.9703196347031963,analysis/v18_canonical_pipeline/inputs/cifar_base/session_3_seeds_1011_1213/noise_all_families.json
cifar,sinusoidal,1213,2145899554,0.2,0.3006388235563329,0.9415173867228661,analysis/v18_canonical_pipeline/inputs/cifar_base/session_3_seeds_1011_1213/noise_all_families.json
cifar,sinusoidal,1213,2145899554,0.25,0.35728707377810537,0.9111345275728836,analysis/v18_canonical_pipeline/inputs/cifar_base/session_3_seeds_1011_1213/noise_all_families.json
cifar,sinusoidal,1213,2134235847,0.01,0.014848565498004436,0.9996487530734106,analysis/v18_canonical_pipeline/inputs/cifar_base/session_3_seeds_1011_1213/noise_all_families.json
cifar,sinusoidal,1213,2134235847,0.025,0.037470536654310875,1.0003512469265894,analysis/v18_canonical_pipeline/inputs/cifar_base/session_3_seeds_1011_1213/noise_all_families.json
cifar,sinusoidal,1213,2134235847,0.05,0.07698129120747747,0.9966631541974006,analysis/v18_canonical_pipeline/inputs/cifar_base/session_3_seeds_1011_1213/noise_all_families.json
cifar,sinusoidal,1213,2134235847,0.075,0.11852660079964952,0.9968387776606953,analysis/v18_canonical_pipeline/inputs/cifar_base/session_3_seeds_1011_1213/noise_all_families.json
cifar,sinusoidal,1213,2134235847,0.1,0.1596002522764512,0.9922725676150332,analysis/v18_canonical_pipeline/inputs/cifar_base/session_3_seeds_1011_1213/noise_all_families.json
cifar,sinusoidal,1213,2134235847,0.15,0.23250996984025502,0.9685634000702493,analysis/v18_canonical_pipeline/inputs/cifar_base/session_3_seeds_1011_1213/noise_all_families.json
cifar,sinusoidal,1213,2134235847,0.2,0.2948363841990899,0.9446786090621706,analysis/v18_canonical_pipeline/inputs/cifar_base/session_3_seeds_1011_1213/noise_all_families.json
cifar,sinusoidal,1213,2134235847,0.25,0.3509911753981325,0.9100807867931154,analysis/v18_canonical_pipeline/inputs/cifar_base/session_3_seeds_1011_1213/noise_all_families.json
cifar,sinusoidal,1213,1888751591,0.01,0.015510750789963354,1.0003512469265894,analysis/v18_canonical_pipeline/inputs/cifar_base/session_3_seeds_1011_1213/noise_all_families.json
cifar,sinusoidal,1213,1888751591,0.025,0.03898521494395277,0.9998243765367053,analysis/v18_canonical_pipeline/inputs/cifar_base/session_3_seeds_1011_1213/noise_all_families.json
cifar,sinusoidal,1213,1888751591,0.05,0.07938152094392903,0.9991218826835265,analysis/v18_canonical_pipeline/inputs/cifar_base/session_3_seeds_1011_1213/noise_all_families.json
cifar,sinusoidal,1213,1888751591,0.075,0.1210408328405496,0.9982437653670528,analysis/v18_canonical_pipeline/inputs/cifar_base/session_3_seeds_1011_1213/noise_all_families.json
cifar,sinusoidal,1213,1888751591,0.1,0.16188324946610727,0.9896382156656127,analysis/v18_canonical_pipeline/inputs/cifar_base/session_3_seeds_1011_1213/noise_all_families.json
cifar,sinusoidal,1213,1888751591,0.15,0.23492611698708316,0.9703196347031963,analysis/v18_canonical_pipeline/inputs/cifar_base/session_3_seeds_1011_1213/noise_all_families.json
cifar,sinusoidal,1213,1888751591,0.2,0.29812284290413327,0.9415173867228661,analysis/v18_canonical_pipeline/inputs/cifar_base/session_3_seeds_1011_1213/noise_all_families.json
cifar,sinusoidal,1213,1888751591,0.25,0.35542695640390704,0.905163329820864,analysis/v18_canonical_pipeline/inputs/cifar_base/session_3_seeds_1011_1213/noise_all_families.json
cifar,sinusoidal,1213,442392609,0.01,0.015058097875926704,1.0005268703898842,analysis/v18_canonical_pipeline/inputs/cifar_base/session_3_seeds_1011_1213/noise_all_families.json
cifar,sinusoidal,1213,442392609,0.025,0.03785204160971707,1.0005268703898842,analysis/v18_canonical_pipeline/inputs/cifar_base/session_3_seeds_1011_1213/noise_all_families.json
cifar,sinusoidal,1213,442392609,0.05,0.07705794810422335,0.9977168949771688,analysis/v18_canonical_pipeline/inputs/cifar_base/session_3_seeds_1011_1213/noise_all_families.json
cifar,sinusoidal,1213,442392609,0.075,0.11770641071569486,0.992975061468212,analysis/v18_canonical_pipeline/inputs/cifar_base/session_3_seeds_1011_1213/noise_all_families.json
cifar,sinusoidal,1213,442392609,0.1,0.1581565395463936,0.9864769933263082,analysis/v18_canonical_pipeline/inputs/cifar_base/session_3_seeds_1011_1213/noise_all_families.json
cifar,sinusoidal,1213,442392609,0.15,0.23173013408883675,0.966455918510713,analysis/v18_canonical_pipeline/inputs/cifar_base/session_3_seeds_1011_1213/noise_all_families.json
cifar,sinusoidal,1213,442392609,0.2,0.2953810291779815,0.9397611520899191,analysis/v18_canonical_pipeline/inputs/cifar_base/session_3_seeds_1011_1213/noise_all_families.json
cifar,sinusoidal,1213,442392609,0.25,0.3529211567773556,0.9067439409905163,analysis/v18_canonical_pipeline/inputs/cifar_base/session_3_seeds_1011_1213/noise_all_families.json
cifar,rope,1011,275189094,0.025,0.027917061892863353,0.9983831851253031,analysis/v18_canonical_pipeline/inputs/cifar_base/session_3_seeds_1011_1213/noise_all_families.json
cifar,rope,1011,275189094,0.05,0.055802554936300985,0.9975747776879548,analysis/v18_canonical_pipeline/inputs/cifar_base/session_3_seeds_1011_1213/noise_all_families.json
cifar,rope,1011,275189094,0.1,0.11140860824857989,0.9948261924009701,analysis/v18_canonical_pipeline/inputs/cifar_base/session_3_seeds_1011_1213/noise_all_families.json
cifar,rope,1011,275189094,0.2,0.22142203539555336,0.9820533548908651,analysis/v18_canonical_pipeline/inputs/cifar_base/session_3_seeds_1011_1213/noise_all_families.json
cifar,rope,1011,275189094,0.3,0.32960483757294423,0.9566693613581245,analysis/v18_canonical_pipeline/inputs/cifar_base/session_3_seeds_1011_1213/noise_all_families.json
cifar,rope,1011,275189094,0.4,0.4352087004224207,0.9149555375909458,analysis/v18_canonical_pipeline/inputs/cifar_base/session_3_seeds_1011_1213/noise_all_families.json
cifar,rope,1011,275189094,0.5,0.5368183287663425,0.8486661277283752,analysis/v18_canonical_pipeline/inputs/cifar_base/session_3_seeds_1011_1213/noise_all_families.json
cifar,rope,1011,1758743687,0.025,0.02554218271400744,0.9985448666127729,analysis/v18_canonical_pipeline/inputs/cifar_base/session_3_seeds_1011_1213/noise_all_families.json
cifar,rope,1011,1758743687,0.05,0.05108445885631836,0.9977364591754244,analysis/v18_canonical_pipeline/inputs/cifar_base/session_3_seeds_1011_1213/noise_all_families.json
cifar,rope,1011,1758743687,0.1,0.10226480820122037,0.9957962813257882,analysis/v18_canonical_pipeline/inputs/cifar_base/session_3_seeds_1011_1213/noise_all_families.json
cifar,rope,1011,1758743687,0.2,0.2052863907938195,0.9865804365400163,analysis/v18_canonical_pipeline/inputs/cifar_base/session_3_seeds_1011_1213/noise_all_families.json
cifar,rope,1011,1758743687,0.3,0.308923696669714,0.9715440582053356,analysis/v18_canonical_pipeline/inputs/cifar_base/session_3_seeds_1011_1213/noise_all_families.json
cifar,rope,1011,1758743687,0.4,0.41211178207063753,0.9493936944219887,analysis/v18_canonical_pipeline/inputs/cifar_base/session_3_seeds_1011_1213/noise_all_families.json
cifar,rope,1011,1758743687,0.5,0.5133838058486724,0.9147938561034762,analysis/v18_canonical_pipeline/inputs/cifar_base/session_3_seeds_1011_1213/noise_all_families.json
cifar,rope,1011,1358209263,0.025,0.02448118152402086,0.9998383185125304,analysis/v18_canonical_pipeline/inputs/cifar_base/session_3_seeds_1011_1213/noise_all_families.json
cifar,rope,1011,1358209263,0.05,0.04900567691235332,0.9983831851253031,analysis/v18_canonical_pipeline/inputs/cifar_base/session_3_seeds_1011_1213/noise_all_families.json
cifar,rope,1011,1358209263,0.1,0.09827893445170073,0.9978981406628941,analysis/v18_canonical_pipeline/inputs/cifar_base/session_3_seeds_1011_1213/noise_all_families.json
cifar,rope,1011,1358209263,0.2,0.19802697643178926,0.9927243330638642,analysis/v18_canonical_pipeline/inputs/cifar_base/session_3_seeds_1011_1213/noise_all_families.json
cifar,rope,1011,1358209263,0.3,0.2991305604209396,0.9765561843168958,analysis/v18_canonical_pipeline/inputs/cifar_base/session_3_seeds_1011_1213/noise_all_families.json
cifar,rope,1011,1358209263,0.4,0.40029812921749697,0.9568310428455942,analysis/v18_canonical_pipeline/inputs/cifar_base/session_3_seeds_1011_1213/noise_all_families.json
cifar,rope,1011,1358209263,0.5,0.4999553687175648,0.9243330638641877,analysis/v18_canonical_pipeline/inputs/cifar_base/session_3_seeds_1011_1213/noise_all_families.json
cifar,rope,1011,538054647,0.025,0.024604800220930107,0.9985448666127729,analysis/v18_canonical_pipeline/inputs/cifar_base/session_3_seeds_1011_1213/noise_all_families.json
cifar,rope,1011,538054647,0.05,0.049238257926457064,0.997413096200485,analysis/v18_canonical_pipeline/inputs/cifar_base/session_3_seeds_1011_1213/noise_all_families.json
cifar,rope,1011,538054647,0.1,0.09867432429310205,0.9936944219886823,analysis/v18_canonical_pipeline/inputs/cifar_base/session_3_seeds_1011_1213/noise_all_families.json
cifar,rope,1011,538054647,0.2,0.1985517854518246,0.9875505254648344,analysis/v18_canonical_pipeline/inputs/cifar_base/session_3_seeds_1011_1213/noise_all_families.json
cifar,rope,1011,538054647,0.3,0.2997719800686207,0.9723524656426841,analysis/v18_canonical_pipeline/inputs/cifar_base/session_3_seeds_1011_1213/noise_all_families.json
cifar,rope,1011,538054647,0.4,0.4013655274403049,0.9524656426839128,analysis/v18_canonical_pipeline/inputs/cifar_base/session_3_seeds_1011_1213/noise_all_families.json
cifar,rope,1011,538054647,0.5,0.501648309827288,0.916410670978173,analysis/v18_canonical_pipeline/inputs/cifar_base/session_3_seeds_1011_1213/noise_all_families.json
cifar,rope,1011,1562974180,0.025,0.024809551940149097,0.999514955537591,analysis/v18_canonical_pipeline/inputs/cifar_base/session_3_seeds_1011_1213/noise_all_families.json
cifar,rope,1011,1562974180,0.05,0.04965644268120504,0.9980598221503638,analysis/v18_canonical_pipeline/inputs/cifar_base/session_3_seeds_1011_1213/noise_all_families.json
cifar,rope,1011,1562974180,0.1,0.09954138627219503,0.997413096200485,analysis/v18_canonical_pipeline/inputs/cifar_base/session_3_seeds_1011_1213/noise_all_families.json
cifar,rope,1011,1562974180,0.2,0.20033284530423895,0.9940177849636217,analysis/v18_canonical_pipeline/inputs/cifar_base/session_3_seeds_1011_1213/noise_all_families.json
cifar,rope,1011,1562974180,0.3,0.3022581190657597,0.9794664510913501,analysis/v18_canonical_pipeline/inputs/cifar_base/session_3_seeds_1011_1213/noise_all_families.json
cifar,rope,1011,1562974180,0.4,0.4042036347453047,0.9568310428455942,analysis/v18_canonical_pipeline/inputs/cifar_base/session_3_seeds_1011_1213/noise_all_families.json
cifar,rope,1011,1562974180,0.5,0.5048119828122736,0.9275666936135814,analysis/v18_canonical_pipeline/inputs/cifar_base/session_3_seeds_1011_1213/noise_all_families.json
cifar,rope,1011,1453668639,0.025,0.024734515130938356,0.999514955537591,analysis/v18_canonical_pipeline/inputs/cifar_base/session_3_seeds_1011_1213/noise_all_families.json
cifar,rope,1011,1453668639,0.05,0.049486978905655996,0.9985448666127729,analysis/v18_canonical_pipeline/inputs/cifar_base/session_3_seeds_1011_1213/noise_all_families.json
cifar,rope,1011,1453668639,0.1,0.09912195362595737,0.9948261924009701,analysis/v18_canonical_pipeline/inputs/cifar_base/session_3_seeds_1011_1213/noise_all_families.json
cifar,rope,1011,1453668639,0.2,0.1992000504110299,0.9893290218270009,analysis/v18_canonical_pipeline/inputs/cifar_base/session_3_seeds_1011_1213/noise_all_families.json
cifar,rope,1011,1453668639,0.3,0.300393642351119,0.9721907841552143,analysis/v18_canonical_pipeline/inputs/cifar_base/session_3_seeds_1011_1213/noise_all_families.json
cifar,rope,1011,1453668639,0.4,0.40193840807421216,0.9542441390460792,analysis/v18_canonical_pipeline/inputs/cifar_base/session_3_seeds_1011_1213/noise_all_families.json
cifar,rope,1011,1453668639,0.5,0.5023707882561501,0.9092966855295069,analysis/v18_canonical_pipeline/inputs/cifar_base/session_3_seeds_1011_1213/noise_all_families.json
cifar,rope,1011,1609069331,0.025,0.02348823022406812,0.9988682295877123,analysis/v18_canonical_pipeline/inputs/cifar_base/session_3_seeds_1011_1213/noise_all_families.json
cifar,rope,1011,1609069331,0.05,0.0470017993027728,0.9983831851253031,analysis/v18_canonical_pipeline/inputs/cifar_base/session_3_seeds_1011_1213/noise_all_families.json
cifar,rope,1011,1609069331,0.1,0.0942028810435852,0.9964430072756669,analysis/v18_canonical_pipeline/inputs/cifar_base/session_3_seeds_1011_1213/noise_all_families.json
cifar,rope,1011,1609069331,0.2,0.18974230034201744,0.9878738884397738,analysis/v18_canonical_pipeline/inputs/cifar_base/session_3_seeds_1011_1213/noise_all_families.json
cifar,rope,1011,1609069331,0.3,0.28716926416456096,0.9726758286176234,analysis/v18_canonical_pipeline/inputs/cifar_base/session_3_seeds_1011_1213/noise_all_families.json
cifar,rope,1011,1609069331,0.4,0.38595194734177973,0.9529506871463218,analysis/v18_canonical_pipeline/inputs/cifar_base/session_3_seeds_1011_1213/noise_all_families.json
cifar,rope,1011,1609069331,0.5,0.48431772365073567,0.9214227970897334,analysis/v18_canonical_pipeline/inputs/cifar_base/session_3_seeds_1011_1213/noise_all_families.json
cifar,rope,1011,1720193045,0.025,0.02588214493143977,0.9977364591754244,analysis/v18_canonical_pipeline/inputs/cifar_base/session_3_seeds_1011_1213/noise_all_families.json
cifar,rope,1011,1720193045,0.05,0.05179746615724841,0.9964430072756669,analysis/v18_canonical_pipeline/inputs/cifar_base/session_3_seeds_1011_1213/noise_all_families.json
cifar,rope,1011,1720193045,0.1,0.1037691449163133,0.9936944219886823,analysis/v18_canonical_pipeline/inputs/cifar_base/session_3_seeds_1011_1213/noise_all_families.json
cifar,rope,1011,1720193045,0.2,0.20831322384698772,0.9873888439773646,analysis/v18_canonical_pipeline/inputs/cifar_base/session_3_seeds_1011_1213/noise_all_families.json
cifar,rope,1011,1720193045,0.3,0.31317806542408105,0.965723524656427,analysis/v18_canonical_pipeline/inputs/cifar_base/session_3_seeds_1011_1213/noise_all_families.json
cifar,rope,1011,1720193045,0.4,0.41716741313216443,0.9375909458367018,analysis/v18_canonical_pipeline/inputs/cifar_base/session_3_seeds_1011_1213/noise_all_families.json
cifar,rope,1011,1720193045,0.5,0.5185624596824766,0.8895715440582055,analysis/v18_canonical_pipeline/inputs/cifar_base/session_3_seeds_1011_1213/noise_all_families.json
cifar,rope,1011,1152993491,0.025,0.026162329670109494,0.999514955537591,analysis/v18_canonical_pipeline/inputs/cifar_base/session_3_seeds_1011_1213/noise_all_families.json
cifar,rope,1011,1152993491,0.05,0.05232635293790392,0.9990299110751819,analysis/v18_canonical_pipeline/inputs/cifar_base/session_3_seeds_1011_1213/noise_all_families.json
cifar,rope,1011,1152993491,0.1,0.10471415040066198,0.9967663702506063,analysis/v18_canonical_pipeline/inputs/cifar_base/session_3_seeds_1011_1213/noise_all_families.json
cifar,rope,1011,1152993491,0.2,0.20989676287315856,0.9888439773645918,analysis/v18_canonical_pipeline/inputs/cifar_base/session_3_seeds_1011_1213/noise_all_families.json
cifar,rope,1011,1152993491,0.3,0.3155070846850281,0.9746160064672597,analysis/v18_canonical_pipeline/inputs/cifar_base/session_3_seeds_1011_1213/noise_all_families.json
cifar,rope,1011,1152993491,0.4,0.4204244704569562,0.9542441390460792,analysis/v18_canonical_pipeline/inputs/cifar_base/session_3_seeds_1011_1213/noise_all_families.json
cifar,rope,1011,1152993491,0.5,0.5226855236095377,0.9113985448666128,analysis/v18_canonical_pipeline/inputs/cifar_base/session_3_seeds_1011_1213/noise_all_families.json
cifar,rope,1011,853537900,0.025,0.02457104261125752,0.9987065481002425,analysis/v18_canonical_pipeline/inputs/cifar_base/session_3_seeds_1011_1213/noise_all_families.json
cifar,rope,1011,853537900,0.05,0.049150369229318015,0.997413096200485,analysis/v18_canonical_pipeline/inputs/cifar_base/session_3_seeds_1011_1213/noise_all_families.json
cifar,rope,1011,853537900,0.1,0.09840091277315512,0.9948261924009701,analysis/v18_canonical_pipeline/inputs/cifar_base/session_3_seeds_1011_1213/noise_all_families.json
cifar,rope,1011,853537900,0.2,0.197504289511104,0.9893290218270009,analysis/v18_canonical_pipeline/inputs/cifar_base/session_3_seeds_1011_1213/noise_all_families.json
cifar,rope,1011,853537900,0.3,0.2975318737735137,0.9746160064672597,analysis/v18_canonical_pipeline/inputs/cifar_base/session_3_seeds_1011_1213/noise_all_families.json
cifar,rope,1011,853537900,0.4,0.39785365509988,0.9573160873080032,analysis/v18_canonical_pipeline/inputs/cifar_base/session_3_seeds_1011_1213/noise_all_families.json
cifar,rope,1011,853537900,0.5,0.4968412137579026,0.9217461600646728,analysis/v18_canonical_pipeline/inputs/cifar_base/session_3_seeds_1011_1213/noise_all_families.json
cifar,rope,1213,648939596,0.025,0.023954842271410356,1.0,analysis/v18_canonical_pipeline/inputs/cifar_base/session_3_seeds_1011_1213/noise_all_families.json
cifar,rope,1213,648939596,0.05,0.047944867249626266,1.0008093234056328,analysis/v18_canonical_pipeline/inputs/cifar_base/session_3_seeds_1011_1213/noise_all_families.json
cifar,rope,1213,648939596,0.1,0.09614786137253259,0.9998381353188734,analysis/v18_canonical_pipeline/inputs/cifar_base/session_3_seeds_1011_1213/noise_all_families.json
cifar,rope,1213,648939596,0.2,0.19400307210825096,0.9930398187115572,analysis/v18_canonical_pipeline/inputs/cifar_base/session_3_seeds_1011_1213/noise_all_families.json
cifar,rope,1213,648939596,0.3,0.29389075704788614,0.9791194561346716,analysis/v18_canonical_pipeline/inputs/cifar_base/session_3_seeds_1011_1213/noise_all_families.json
cifar,rope,1213,648939596,0.4,0.39451841983792546,0.9588863709938491,analysis/v18_canonical_pipeline/inputs/cifar_base/session_3_seeds_1011_1213/noise_all_families.json
cifar,rope,1213,648939596,0.5,0.49404738519679153,0.9266752994496602,analysis/v18_canonical_pipeline/inputs/cifar_base/session_3_seeds_1011_1213/noise_all_families.json
cifar,rope,1213,1599028269,0.025,0.023122958189675687,1.0006474587245062,analysis/v18_canonical_pipeline/inputs/cifar_base/session_3_seeds_1011_1213/noise_all_families.json
cifar,rope,1213,1599028269,0.05,0.04626391424462467,1.0001618646811266,analysis/v18_canonical_pipeline/inputs/cifar_base/session_3_seeds_1011_1213/noise_all_families.json
cifar,rope,1213,1599028269,0.1,0.09271643115911181,0.9983813531887342,analysis/v18_canonical_pipeline/inputs/cifar_base/session_3_seeds_1011_1213/noise_all_families.json
cifar,rope,1213,1599028269,0.2,0.18680828148563353,0.9914211719002914,analysis/v18_canonical_pipeline/inputs/cifar_base/session_3_seeds_1011_1213/noise_all_families.json
cifar,rope,1213,1599028269,0.3,0.2826717193406011,0.9729685982518615,analysis/v18_canonical_pipeline/inputs/cifar_base/session_3_seeds_1011_1213/noise_all_families.json
cifar,rope,1213,1599028269,0.4,0.37945897796186373,0.9527355131110392,analysis/v18_canonical_pipeline/inputs/cifar_base/session_3_seeds_1011_1213/noise_all_families.json
cifar,rope,1213,1599028269,0.5,0.4757095991245272,0.9208481709291034,analysis/v18_canonical_pipeline/inputs/cifar_base/session_3_seeds_1011_1213/noise_all_families.json
cifar,rope,1213,1801742653,0.025,0.023471086414789545,1.002266105535772,analysis/v18_canonical_pipeline/inputs/cifar_base/session_3_seeds_1011_1213/noise_all_families.json
cifar,rope,1213,1801742653,0.05,0.04698279033341814,1.0008093234056328,analysis/v18_canonical_pipeline/inputs/cifar_base/session_3_seeds_1011_1213/noise_all_families.json
cifar,rope,1213,1801742653,0.1,0.09426724518886735,1.0004855940433797,analysis/v18_canonical_pipeline/inputs/cifar_base/session_3_seeds_1011_1213/noise_all_families.json
cifar,rope,1213,1801742653,0.2,0.190307876412585,0.9925542246681774,analysis/v18_canonical_pipeline/inputs/cifar_base/session_3_seeds_1011_1213/noise_all_families.json
cifar,rope,1213,1801742653,0.3,0.2877363202079241,0.9771770799611526,analysis/v18_canonical_pipeline/inputs/cifar_base/session_3_seeds_1011_1213/noise_all_families.json
cifar,rope,1213,1801742653,0.4,0.38553686073559146,0.9556490773713175,analysis/v18_canonical_pipeline/inputs/cifar_base/session_3_seeds_1011_1213/noise_all_families.json
cifar,rope,1213,1801742653,0.5,0.4824502350300015,0.9227905471026223,analysis/v18_canonical_pipeline/inputs/cifar_base/session_3_seeds_1011_1213/noise_all_families.json
cifar,rope,1213,303937385,0.025,0.0224916824938995,0.9993525412754937,analysis/v18_canonical_pipeline/inputs/cifar_base/session_3_seeds_1011_1213/noise_all_families.json
cifar,rope,1213,303937385,0.05,0.0449851765990356,0.9972483004208482,analysis/v18_canonical_pipeline/inputs/cifar_base/session_3_seeds_1011_1213/noise_all_families.json
cifar,rope,1213,303937385,0.1,0.09010569295082362,0.9967627063774684,analysis/v18_canonical_pipeline/inputs/cifar_base/session_3_seeds_1011_1213/noise_all_families.json
cifar,rope,1213,303937385,0.2,0.18155750933295942,0.989640660407899,analysis/v18_canonical_pipeline/inputs/cifar_base/session_3_seeds_1011_1213/noise_all_families.json
cifar,rope,1213,303937385,0.3,0.27492117677883876,0.972806733570735,analysis/v18_canonical_pipeline/inputs/cifar_base/session_3_seeds_1011_1213/noise_all_families.json
cifar,rope,1213,303937385,0.4,0.3695099848018648,0.9477177079961153,analysis/v18_canonical_pipeline/inputs/cifar_base/session_3_seeds_1011_1213/noise_all_families.json
cifar,rope,1213,303937385,0.5,0.4643151280246891,0.9051472968598252,analysis/v18_canonical_pipeline/inputs/cifar_base/session_3_seeds_1011_1213/noise_all_families.json
cifar,rope,1213,999424688,0.025,0.022902665816140536,0.9996762706377469,analysis/v18_canonical_pipeline/inputs/cifar_base/session_3_seeds_1011_1213/noise_all_families.json
cifar,rope,1213,999424688,0.05,0.04585720006024888,0.9980576238264811,analysis/v18_canonical_pipeline/inputs/cifar_base/session_3_seeds_1011_1213/noise_all_families.json
cifar,rope,1213,999424688,0.1,0.09201844736282476,0.9970864357397216,analysis/v18_canonical_pipeline/inputs/cifar_base/session_3_seeds_1011_1213/noise_all_families.json
cifar,rope,1213,999424688,0.2,0.1858406550155211,0.9860796374231143,analysis/v18_canonical_pipeline/inputs/cifar_base/session_3_seeds_1011_1213/noise_all_families.json
cifar,rope,1213,999424688,0.3,0.2818261664881855,0.9718355454839755,analysis/v18_canonical_pipeline/inputs/cifar_base/session_3_seeds_1011_1213/noise_all_families.json
cifar,rope,1213,999424688,0.4,0.3788870071213417,0.9415668501133053,analysis/v18_canonical_pipeline/inputs/cifar_base/session_3_seeds_1011_1213/noise_all_families.json
cifar,rope,1213,999424688,0.5,0.4753340234575755,0.8962447393978634,analysis/v18_canonical_pipeline/inputs/cifar_base/session_3_seeds_1011_1213/noise_all_families.json
cifar,rope,1213,807525111,0.025,0.023256078249792506,0.9993525412754937,analysis/v18_canonical_pipeline/inputs/cifar_base/session_3_seeds_1011_1213/noise_all_families.json
cifar,rope,1213,807525111,0.05,0.046537250579795936,0.9995144059566202,analysis/v18_canonical_pipeline/inputs/cifar_base/session_3_seeds_1011_1213/noise_all_families.json
cifar,rope,1213,807525111,0.1,0.09330804229167025,0.9966008416963419,analysis/v18_canonical_pipeline/inputs/cifar_base/session_3_seeds_1011_1213/noise_all_families.json
cifar,rope,1213,807525111,0.2,0.1882034330248647,0.9909355778569117,analysis/v18_canonical_pipeline/inputs/cifar_base/session_3_seeds_1011_1213/noise_all_families.json
cifar,rope,1213,807525111,0.3,0.28468497845511925,0.980090644221431,analysis/v18_canonical_pipeline/inputs/cifar_base/session_3_seeds_1011_1213/noise_all_families.json
cifar,rope,1213,807525111,0.4,0.38188532632521754,0.9579151829070897,analysis/v18_canonical_pipeline/inputs/cifar_base/session_3_seeds_1011_1213/noise_all_families.json
cifar,rope,1213,807525111,0.5,0.4787417683410909,0.9323405632890904,analysis/v18_canonical_pipeline/inputs/cifar_base/session_3_seeds_1011_1213/noise_all_families.json
cifar,rope,1213,2145899554,0.025,0.02465483089920891,1.0,analysis/v18_canonical_pipeline/inputs/cifar_base/session_3_seeds_1011_1213/noise_all_families.json
cifar,rope,1213,2145899554,0.05,0.049335879098201973,0.9985432178698608,analysis/v18_canonical_pipeline/inputs/cifar_base/session_3_seeds_1011_1213/noise_all_families.json
cifar,rope,1213,2145899554,0.1,0.09892084065304242,0.9953059242473292,analysis/v18_canonical_pipeline/inputs/cifar_base/session_3_seeds_1011_1213/noise_all_families.json
cifar,rope,1213,2145899554,0.2,0.19952891610615575,0.9876982842343801,analysis/v18_canonical_pipeline/inputs/cifar_base/session_3_seeds_1011_1213/noise_all_families.json
cifar,rope,1213,2145899554,0.3,0.30167438981958694,0.965522822920039,analysis/v18_canonical_pipeline/inputs/cifar_base/session_3_seeds_1011_1213/noise_all_families.json
cifar,rope,1213,2145899554,0.4,0.4036796959861278,0.9373583684040143,analysis/v18_canonical_pipeline/inputs/cifar_base/session_3_seeds_1011_1213/noise_all_families.json
cifar,rope,1213,2145899554,0.5,0.5036177954582121,0.8897701521528003,analysis/v18_canonical_pipeline/inputs/cifar_base/session_3_seeds_1011_1213/noise_all_families.json
cifar,rope,1213,2134235847,0.025,0.024284031102227176,1.0001618646811266,analysis/v18_canonical_pipeline/inputs/cifar_base/session_3_seeds_1011_1213/noise_all_families.json
cifar,rope,1213,2134235847,0.05,0.04861914710887442,0.9990288119132406,analysis/v18_canonical_pipeline/inputs/cifar_base/session_3_seeds_1011_1213/noise_all_families.json
cifar,rope,1213,2134235847,0.1,0.09755299805572158,0.9977338944642279,analysis/v18_canonical_pipeline/inputs/cifar_base/session_3_seeds_1011_1213/noise_all_families.json
cifar,rope,1213,2134235847,0.2,0.19686380881797913,0.9893169310456459,analysis/v18_canonical_pipeline/inputs/cifar_base/session_3_seeds_1011_1213/noise_all_families.json
cifar,rope,1213,2134235847,0.3,0.2975867908291001,0.97588216251214,analysis/v18_canonical_pipeline/inputs/cifar_base/session_3_seeds_1011_1213/noise_all_families.json
cifar,rope,1213,2134235847,0.4,0.39806216784170023,0.9558109420524442,analysis/v18_canonical_pipeline/inputs/cifar_base/session_3_seeds_1011_1213/noise_all_families.json
cifar,rope,1213,2134235847,0.5,0.49674374457194853,0.9231142764648755,analysis/v18_canonical_pipeline/inputs/cifar_base/session_3_seeds_1011_1213/noise_all_families.json
cifar,rope,1213,1888751591,0.025,0.02551243451154664,0.9991906765943671,analysis/v18_canonical_pipeline/inputs/cifar_base/session_3_seeds_1011_1213/noise_all_families.json
cifar,rope,1213,1888751591,0.05,0.05104583217849513,0.9978957591453544,analysis/v18_canonical_pipeline/inputs/cifar_base/session_3_seeds_1011_1213/noise_all_families.json
cifar,rope,1213,1888751591,0.1,0.10228536137583985,0.9933635480738103,analysis/v18_canonical_pipeline/inputs/cifar_base/session_3_seeds_1011_1213/noise_all_families.json
cifar,rope,1213,1888751591,0.2,0.20584572930925676,0.9833279378439626,analysis/v18_canonical_pipeline/inputs/cifar_base/session_3_seeds_1011_1213/noise_all_families.json
cifar,rope,1213,1888751591,0.3,0.3103377436241919,0.9679507931369377,analysis/v18_canonical_pipeline/inputs/cifar_base/session_3_seeds_1011_1213/noise_all_families.json
cifar,rope,1213,1888751591,0.4,0.41441783848704916,0.935577856911622,analysis/v18_canonical_pipeline/inputs/cifar_base/session_3_seeds_1011_1213/noise_all_families.json
cifar,rope,1213,1888751591,0.5,0.5166083007238365,0.8841048883133702,analysis/v18_canonical_pipeline/inputs/cifar_base/session_3_seeds_1011_1213/noise_all_families.json
cifar,rope,1213,442392609,0.025,0.022630001693872998,1.0,analysis/v18_canonical_pipeline/inputs/cifar_base/session_3_seeds_1011_1213/noise_all_families.json
cifar,rope,1213,442392609,0.05,0.04529412658208084,1.0006474587245062,analysis/v18_canonical_pipeline/inputs/cifar_base/session_3_seeds_1011_1213/noise_all_families.json
cifar,rope,1213,442392609,0.1,0.09084307558161024,0.9987050825509873,analysis/v18_canonical_pipeline/inputs/cifar_base/session_3_seeds_1011_1213/noise_all_families.json
cifar,rope,1213,442392609,0.2,0.18336740492099068,0.9933635480738103,analysis/v18_canonical_pipeline/inputs/cifar_base/session_3_seeds_1011_1213/noise_all_families.json
cifar,rope,1213,442392609,0.3,0.2781094707528915,0.9794431854969247,analysis/v18_canonical_pipeline/inputs/cifar_base/session_3_seeds_1011_1213/noise_all_families.json
cifar,rope,1213,442392609,0.4,0.37416748489031065,0.9545160246034315,analysis/v18_canonical_pipeline/inputs/cifar_base/session_3_seeds_1011_1213/noise_all_families.json
cifar,rope,1213,442392609,0.5,0.4699339215303638,0.9232761411460021,analysis/v18_canonical_pipeline/inputs/cifar_base/session_3_seeds_1011_1213/noise_all_families.json
cifar,alibi,1011,275189094,0.005,0.021537308999680937,1.0010458427749696,analysis/v18_canonical_pipeline/inputs/cifar_base/session_3_seeds_1011_1213/noise_all_families.json
cifar,alibi,1011,275189094,0.01,0.04307428103841709,0.9996513857416769,analysis/v18_canonical_pipeline/inputs/cifar_base/session_3_seeds_1011_1213/noise_all_families.json
cifar,alibi,1011,275189094,0.025,0.10769804329279095,0.9869269653128812,analysis/v18_canonical_pipeline/inputs/cifar_base/session_3_seeds_1011_1213/noise_all_families.json
cifar,alibi,1011,275189094,0.05,0.21523639608728537,0.9416071117308698,analysis/v18_canonical_pipeline/inputs/cifar_base/session_3_seeds_1011_1213/noise_all_families.json
cifar,alibi,1011,275189094,0.075,0.3221001696487979,0.8828656092034163,analysis/v18_canonical_pipeline/inputs/cifar_base/session_3_seeds_1011_1213/noise_all_families.json
cifar,alibi,1011,275189094,0.1,0.4283211009536483,0.8129684504096216,analysis/v18_canonical_pipeline/inputs/cifar_base/session_3_seeds_1011_1213/noise_all_families.json
cifar,alibi,1011,275189094,0.15,0.6400155063935434,0.6621927836848527,analysis/v18_canonical_pipeline/inputs/cifar_base/session_3_seeds_1011_1213/noise_all_families.json
cifar,alibi,1011,275189094,0.2,0.851567791521892,0.5344256580094126,analysis/v18_canonical_pipeline/inputs/cifar_base/session_3_seeds_1011_1213/noise_all_families.json
cifar,alibi,1011,1758743687,0.005,0.02169504414858678,0.997908314450061,analysis/v18_canonical_pipeline/inputs/cifar_base/session_3_seeds_1011_1213/noise_all_families.json
cifar,alibi,1011,1758743687,0.01,0.04343795219469557,0.9944221718668294,analysis/v18_canonical_pipeline/inputs/cifar_base/session_3_seeds_1011_1213/noise_all_families.json
cifar,alibi,1011,1758743687,0.025,0.1091368890496744,0.9830922084713264,analysis/v18_canonical_pipeline/inputs/cifar_base/session_3_seeds_1011_1213/noise_all_families.json
cifar,alibi,1011,1758743687,0.05,0.22126643093414763,0.9128464354192086,analysis/v18_canonical_pipeline/inputs/cifar_base/session_3_seeds_1011_1213/noise_all_families.json
cifar,alibi,1011,1758743687,0.075,0.33281309507536927,0.7699145895067108,analysis/v18_canonical_pipeline/inputs/cifar_base/session_3_seeds_1011_1213/noise_all_families.json
cifar,alibi,1011,1758743687,0.1,0.4396957477273909,0.6010109813491371,analysis/v18_canonical_pipeline/inputs/cifar_base/session_3_seeds_1011_1213/noise_all_families.json
cifar,alibi,1011,1758743687,0.15,0.650273993108066,0.2863866132124804,analysis/v18_canonical_pipeline/inputs/cifar_base/session_3_seeds_1011_1213/noise_all_families.json
cifar,alibi,1011,1758743687,0.2,0.8595833834440115,0.15914240892452503,analysis/v18_canonical_pipeline/inputs/cifar_base/session_3_seeds_1011_1213/noise_all_families.json
cifar,alibi,1011,1358209263,0.005,0.02206395092684046,0.9996513857416769,analysis/v18_canonical_pipeline/inputs/cifar_base/session_3_seeds_1011_1213/noise_all_families.json
cifar,alibi,1011,1358209263,0.01,0.04405152949117172,0.9965138574167683,analysis/v18_canonical_pipeline/inputs/cifar_base/session_3_seeds_1011_1213/noise_all_families.json
cifar,alibi,1011,1358209263,0.025,0.10949739693775515,0.9864040439253964,analysis/v18_canonical_pipeline/inputs/cifar_base/session_3_seeds_1011_1213/noise_all_families.json
cifar,alibi,1011,1358209263,0.05,0.21685131996647028,0.9607808959386439,analysis/v18_canonical_pipeline/inputs/cifar_base/session_3_seeds_1011_1213/noise_all_families.json
cifar,alibi,1011,1358209263,0.075,0.32256997738396304,0.896810179536343,analysis/v18_canonical_pipeline/inputs/cifar_base/session_3_seeds_1011_1213/noise_all_families.json
cifar,alibi,1011,1358209263,0.1,0.42741356496684174,0.7981523444308872,analysis/v18_canonical_pipeline/inputs/cifar_base/session_3_seeds_1011_1213/noise_all_families.json
cifar,alibi,1011,1358209263,0.15,0.6365633325521278,0.5581314275753878,analysis/v18_canonical_pipeline/inputs/cifar_base/session_3_seeds_1011_1213/noise_all_families.json
cifar,alibi,1011,1358209263,0.2,0.8467446242814175,0.3623845215269304,analysis/v18_canonical_pipeline/inputs/cifar_base/session_3_seeds_1011_1213/noise_all_families.json
cifar,alibi,1011,538054647,0.005,0.02191909749173916,0.9965138574167683,analysis/v18_canonical_pipeline/inputs/cifar_base/session_3_seeds_1011_1213/noise_all_families.json
cifar,alibi,1011,538054647,0.01,0.04391454657246948,0.9926791005752136,analysis/v18_canonical_pipeline/inputs/cifar_base/session_3_seeds_1011_1213/noise_all_families.json
cifar,alibi,1011,538054647,0.025,0.10989049069105833,0.9654871884260066,analysis/v18_canonical_pipeline/inputs/cifar_base/session_3_seeds_1011_1213/noise_all_families.json
cifar,alibi,1011,538054647,0.05,0.21880127359783896,0.8954157225030503,analysis/v18_canonical_pipeline/inputs/cifar_base/session_3_seeds_1011_1213/noise_all_families.json
cifar,alibi,1011,538054647,0.075,0.3293110474961076,0.7850793097437685,analysis/v18_canonical_pipeline/inputs/cifar_base/session_3_seeds_1011_1213/noise_all_families.json
cifar,alibi,1011,538054647,0.1,0.43817592492674345,0.6674219975597001,analysis/v18_canonical_pipeline/inputs/cifar_base/session_3_seeds_1011_1213/noise_all_families.json
cifar,alibi,1011,538054647,0.15,0.6471922414540344,0.48021614084016034,analysis/v18_canonical_pipeline/inputs/cifar_base/session_3_seeds_1011_1213/noise_all_families.json
cifar,alibi,1011,538054647,0.2,0.8535208757668084,0.36656789262680844,analysis/v18_canonical_pipeline/inputs/cifar_base/session_3_seeds_1011_1213/noise_all_families.json
cifar,alibi,1011,1562974180,0.005,0.02239454025707095,0.9991284643541921,analysis/v18_canonical_pipeline/inputs/cifar_base/session_3_seeds_1011_1213/noise_all_families.json
cifar,alibi,1011,1562974180,0.01,0.04480644908048061,0.9963395502876068,analysis/v18_canonical_pipeline/inputs/cifar_base/session_3_seeds_1011_1213/noise_all_families.json
cifar,alibi,1011,1562974180,0.025,0.11212156450220222,0.9649642670385218,analysis/v18_canonical_pipeline/inputs/cifar_base/session_3_seeds_1011_1213/noise_all_families.json
cifar,alibi,1011,1562974180,0.05,0.22330676651222445,0.8708384172912672,analysis/v18_canonical_pipeline/inputs/cifar_base/session_3_seeds_1011_1213/noise_all_families.json
cifar,alibi,1011,1562974180,0.075,0.3317185981799546,0.7343559351577479,analysis/v18_canonical_pipeline/inputs/cifar_base/session_3_seeds_1011_1213/noise_all_families.json
cifar,alibi,1011,1562974180,0.1,0.4380157248115967,0.5936900819243507,analysis/v18_canonical_pipeline/inputs/cifar_base/session_3_seeds_1011_1213/noise_all_families.json
cifar,alibi,1011,1562974180,0.15,0.6457075567379498,0.40055778281331705,analysis/v18_canonical_pipeline/inputs/cifar_base/session_3_seeds_1011_1213/noise_all_families.json
cifar,alibi,1011,1562974180,0.2,0.8536549763825833,0.2971936552204985,analysis/v18_canonical_pipeline/inputs/cifar_base/session_3_seeds_1011_1213/noise_all_families.json
cifar,alibi,1011,1453668639,0.005,0.022261194409490457,0.9972110859334147,analysis/v18_canonical_pipeline/inputs/cifar_base/session_3_seeds_1011_1213/noise_all_families.json
cifar,alibi,1011,1453668639,0.01,0.04429403289004142,0.9928534077043751,analysis/v18_canonical_pipeline/inputs/cifar_base/session_3_seeds_1011_1213/noise_all_families.json
cifar,alibi,1011,1453668639,0.025,0.10958706680932861,0.9567718319679275,analysis/v18_canonical_pipeline/inputs/cifar_base/session_3_seeds_1011_1213/noise_all_families.json
cifar,alibi,1011,1453668639,0.05,0.21812565633812023,0.8929754226947881,analysis/v18_canonical_pipeline/inputs/cifar_base/session_3_seeds_1011_1213/noise_all_families.json
cifar,alibi,1011,1453668639,0.075,0.32650926874926,0.8202893498344083,analysis/v18_canonical_pipeline/inputs/cifar_base/session_3_seeds_1011_1213/noise_all_families.json
cifar,alibi,1011,1453668639,0.1,0.4334584278017751,0.731392713962001,analysis/v18_canonical_pipeline/inputs/cifar_base/session_3_seeds_1011_1213/noise_all_families.json
cifar,alibi,1011,1453668639,0.15,0.6447159713735586,0.5610946487711347,analysis/v18_canonical_pipeline/inputs/cifar_base/session_3_seeds_1011_1213/noise_all_families.json
cifar,alibi,1011,1453668639,0.2,0.8552516483993703,0.43297890883737145,analysis/v18_canonical_pipeline/inputs/cifar_base/session_3_seeds_1011_1213/noise_all_families.json
cifar,alibi,1011,1609069331,0.005,0.02182368123012189,0.9977340073208995,analysis/v18_canonical_pipeline/inputs/cifar_base/session_3_seeds_1011_1213/noise_all_families.json
cifar,alibi,1011,1609069331,0.01,0.04361702961867443,0.9919818720585672,analysis/v18_canonical_pipeline/inputs/cifar_base/session_3_seeds_1011_1213/noise_all_families.json
cifar,alibi,1011,1609069331,0.025,0.10881795814089755,0.9799546801464178,analysis/v18_canonical_pipeline/inputs/cifar_base/session_3_seeds_1011_1213/noise_all_families.json
cifar,alibi,1011,1609069331,0.05,0.21686868261079284,0.915635349485794,analysis/v18_canonical_pipeline/inputs/cifar_base/session_3_seeds_1011_1213/noise_all_families.json
cifar,alibi,1011,1609069331,0.075,0.3244529018773841,0.8091336935680669,analysis/v18_canonical_pipeline/inputs/cifar_base/session_3_seeds_1011_1213/noise_all_families.json
cifar,alibi,1011,1609069331,0.1,0.4309961417360986,0.6811922607634652,analysis/v18_canonical_pipeline/inputs/cifar_base/session_3_seeds_1011_1213/noise_all_families.json
cifar,alibi,1011,1609069331,0.15,0.6418998753202574,0.46923479170298066,analysis/v18_canonical_pipeline/inputs/cifar_base/session_3_seeds_1011_1213/noise_all_families.json
cifar,alibi,1011,1609069331,0.2,0.8523347599637724,0.338330137702632,analysis/v18_canonical_pipeline/inputs/cifar_base/session_3_seeds_1011_1213/noise_all_families.json
cifar,alibi,1011,1720193045,0.005,0.021381654251175733,0.9989541572250306,analysis/v18_canonical_pipeline/inputs/cifar_base/session_3_seeds_1011_1213/noise_all_families.json
cifar,alibi,1011,1720193045,0.01,0.04284669712854441,0.9982569287083842,analysis/v18_canonical_pipeline/inputs/cifar_base/session_3_seeds_1011_1213/noise_all_families.json
cifar,alibi,1011,1720193045,0.025,0.10824399534175339,0.9851838940212654,analysis/v18_canonical_pipeline/inputs/cifar_base/session_3_seeds_1011_1213/noise_all_families.json
cifar,alibi,1011,1720193045,0.05,0.22075361774128907,0.9259194701063272,analysis/v18_canonical_pipeline/inputs/cifar_base/session_3_seeds_1011_1213/noise_all_families.json
cifar,alibi,1011,1720193045,0.075,0.3298480646333598,0.8211608854802162,analysis/v18_canonical_pipeline/inputs/cifar_base/session_3_seeds_1011_1213/noise_all_families.json
cifar,alibi,1011,1720193045,0.1,0.4365046467365897,0.7062924873627331,analysis/v18_canonical_pipeline/inputs/cifar_base/session_3_seeds_1011_1213/noise_all_families.json
cifar,alibi,1011,1720193045,0.15,0.6474368098211307,0.4971239323688339,analysis/v18_canonical_pipeline/inputs/cifar_base/session_3_seeds_1011_1213/noise_all_families.json
cifar,alibi,1011,1720193045,0.2,0.8575571845094941,0.35628377200627503,analysis/v18_canonical_pipeline/inputs/cifar_base/session_3_seeds_1011_1213/noise_all_families.json
cifar,alibi,1011,1152993491,0.005,0.021782424037268003,0.9986055429667073,analysis/v18_canonical_pipeline/inputs/cifar_base/session_3_seeds_1011_1213/noise_all_families.json
cifar,alibi,1011,1152993491,0.01,0.04358630242801877,0.9973853930625762,analysis/v18_canonical_pipeline/inputs/cifar_base/session_3_seeds_1011_1213/noise_all_families.json
cifar,alibi,1011,1152993491,0.025,0.1089687427009807,0.9803032944047411,analysis/v18_canonical_pipeline/inputs/cifar_base/session_3_seeds_1011_1213/noise_all_families.json
cifar,alibi,1011,1152993491,0.05,0.21737776667805023,0.9295799198187205,analysis/v18_canonical_pipeline/inputs/cifar_base/session_3_seeds_1011_1213/noise_all_families.json
cifar,alibi,1011,1152993491,0.075,0.3246246510248708,0.8359769914589505,analysis/v18_canonical_pipeline/inputs/cifar_base/session_3_seeds_1011_1213/noise_all_families.json
cifar,alibi,1011,1152993491,0.1,0.4308984003487381,0.7172738364999128,analysis/v18_canonical_pipeline/inputs/cifar_base/session_3_seeds_1011_1213/noise_all_families.json
cifar,alibi,1011,1152993491,0.15,0.6420720227478209,0.51211434547673,analysis/v18_canonical_pipeline/inputs/cifar_base/session_3_seeds_1011_1213/noise_all_families.json
cifar,alibi,1011,1152993491,0.2,0.8527557919197909,0.3735401777932717,analysis/v18_canonical_pipeline/inputs/cifar_base/session_3_seeds_1011_1213/noise_all_families.json
cifar,alibi,1011,853537900,0.005,0.021596756448230534,0.9989541572250306,analysis/v18_canonical_pipeline/inputs/cifar_base/session_3_seeds_1011_1213/noise_all_families.json
cifar,alibi,1011,853537900,0.01,0.04317517740118006,0.9970367788042531,analysis/v18_canonical_pipeline/inputs/cifar_base/session_3_seeds_1011_1213/noise_all_families.json
cifar,alibi,1011,853537900,0.025,0.10773685081889184,0.9862297367962348,analysis/v18_canonical_pipeline/inputs/cifar_base/session_3_seeds_1011_1213/noise_all_families.json
cifar,alibi,1011,853537900,0.05,0.21450051119379443,0.9504967753181105,analysis/v18_canonical_pipeline/inputs/cifar_base/session_3_seeds_1011_1213/noise_all_families.json
cifar,alibi,1011,853537900,0.075,0.32039265001516853,0.8997734007320899,analysis/v18_canonical_pipeline/inputs/cifar_base/session_3_seeds_1011_1213/noise_all_families.json
cifar,alibi,1011,853537900,0.1,0.4259048516139496,0.8445180407878682,analysis/v18_canonical_pipeline/inputs/cifar_base/session_3_seeds_1011_1213/noise_all_families.json
cifar,alibi,1011,853537900,0.15,0.6368662106391954,0.7247690430538608,analysis/v18_canonical_pipeline/inputs/cifar_base/session_3_seeds_1011_1213/noise_all_families.json
cifar,alibi,1011,853537900,0.2,0.8479928066426046,0.6099006449363779,analysis/v18_canonical_pipeline/inputs/cifar_base/session_3_seeds_1011_1213/noise_all_families.json
cifar,alibi,1213,648939596,0.005,0.021554805706608046,1.0008732099196647,analysis/v18_canonical_pipeline/inputs/cifar_base/session_3_seeds_1011_1213/noise_all_families.json
cifar,alibi,1213,648939596,0.01,0.043037062854278336,0.9982535801606707,analysis/v18_canonical_pipeline/inputs/cifar_base/session_3_seeds_1011_1213/noise_all_families.json
cifar,alibi,1213,648939596,0.025,0.10720846701733461,0.9870764931889625,analysis/v18_canonical_pipeline/inputs/cifar_base/session_3_seeds_1011_1213/noise_all_families.json
cifar,alibi,1213,648939596,0.05,0.21389230811144952,0.9350331819769472,analysis/v18_canonical_pipeline/inputs/cifar_base/session_3_seeds_1011_1213/noise_all_families.json
cifar,alibi,1213,648939596,0.075,0.3205747282232809,0.8578414250785888,analysis/v18_canonical_pipeline/inputs/cifar_base/session_3_seeds_1011_1213/noise_all_families.json
cifar,alibi,1213,648939596,0.1,0.42707617452808116,0.7605658400279427,analysis/v18_canonical_pipeline/inputs/cifar_base/session_3_seeds_1011_1213/noise_all_families.json
cifar,alibi,1213,648939596,0.15,0.6391774674183477,0.5881942018861334,analysis/v18_canonical_pipeline/inputs/cifar_base/session_3_seeds_1011_1213/noise_all_families.json
cifar,alibi,1213,648939596,0.2,0.8504570579016179,0.4566887879846315,analysis/v18_canonical_pipeline/inputs/cifar_base/session_3_seeds_1011_1213/noise_all_families.json
cifar,alibi,1213,1599028269,0.005,0.02158452613803642,0.9979042961928047,analysis/v18_canonical_pipeline/inputs/cifar_base/session_3_seeds_1011_1213/noise_all_families.json
cifar,alibi,1213,1599028269,0.01,0.04330414079736592,0.9965071603213412,analysis/v18_canonical_pipeline/inputs/cifar_base/session_3_seeds_1011_1213/noise_all_families.json
cifar,alibi,1213,1599028269,0.025,0.10953695062636624,0.9765979741529863,analysis/v18_canonical_pipeline/inputs/cifar_base/session_3_seeds_1011_1213/noise_all_families.json
cifar,alibi,1213,1599028269,0.05,0.22146651252803207,0.9022004889975549,analysis/v18_canonical_pipeline/inputs/cifar_base/session_3_seeds_1011_1213/noise_all_families.json
cifar,alibi,1213,1599028269,0.075,0.3298854958484378,0.7951449528466642,analysis/v18_canonical_pipeline/inputs/cifar_base/session_3_seeds_1011_1213/noise_all_families.json
cifar,alibi,1213,1599028269,0.1,0.4358652164786233,0.6744673419490045,analysis/v18_canonical_pipeline/inputs/cifar_base/session_3_seeds_1011_1213/noise_all_families.json
cifar,alibi,1213,1599028269,0.15,0.6457301424768345,0.47729654208871813,analysis/v18_canonical_pipeline/inputs/cifar_base/session_3_seeds_1011_1213/noise_all_families.json
cifar,alibi,1213,1599028269,0.2,0.8552203767551944,0.3644778204680405,analysis/v18_canonical_pipeline/inputs/cifar_base/session_3_seeds_1011_1213/noise_all_families.json
cifar,alibi,1213,1801742653,0.005,0.021497817847103154,0.9998253580160671,analysis/v18_canonical_pipeline/inputs/cifar_base/session_3_seeds_1011_1213/noise_all_families.json
cifar,alibi,1213,1801742653,0.01,0.043041773461010825,0.9982535801606707,analysis/v18_canonical_pipeline/inputs/cifar_base/session_3_seeds_1011_1213/noise_all_families.json
cifar,alibi,1213,1801742653,0.025,0.10800584793562591,0.9869018512050295,analysis/v18_canonical_pipeline/inputs/cifar_base/session_3_seeds_1011_1213/noise_all_families.json
cifar,alibi,1213,1801742653,0.05,0.21733289127171637,0.9310164163464896,analysis/v18_canonical_pipeline/inputs/cifar_base/session_3_seeds_1011_1213/noise_all_families.json
cifar,alibi,1213,1801742653,0.075,0.3259740791292684,0.8227383863080684,analysis/v18_canonical_pipeline/inputs/cifar_base/session_3_seeds_1011_1213/noise_all_families.json
cifar,alibi,1213,1801742653,0.1,0.4313515551796267,0.7006636395389451,analysis/v18_canonical_pipeline/inputs/cifar_base/session_3_seeds_1011_1213/noise_all_families.json
cifar,alibi,1213,1801742653,0.15,0.6409386238375443,0.3754802654558156,analysis/v18_canonical_pipeline/inputs/cifar_base/session_3_seeds_1011_1213/noise_all_families.json
cifar,alibi,1213,1801742653,0.2,0.8507646702184339,0.2013622074746769,analysis/v18_canonical_pipeline/inputs/cifar_base/session_3_seeds_1011_1213/noise_all_families.json
cifar,alibi,1213,303937385,0.005,0.02150212490694354,0.9993014320642682,analysis/v18_canonical_pipeline/inputs/cifar_base/session_3_seeds_1011_1213/noise_all_families.json
cifar,alibi,1213,303937385,0.01,0.04297241541558729,0.994411456514146,analysis/v18_canonical_pipeline/inputs/cifar_base/session_3_seeds_1011_1213/noise_all_families.json
cifar,alibi,1213,303937385,0.025,0.10724484281922765,0.9706601466992665,analysis/v18_canonical_pipeline/inputs/cifar_base/session_3_seeds_1011_1213/noise_all_families.json
cifar,alibi,1213,303937385,0.05,0.21399367517031848,0.8594132029339853,analysis/v18_canonical_pipeline/inputs/cifar_base/session_3_seeds_1011_1213/noise_all_families.json
cifar,alibi,1213,303937385,0.075,0.3201418789775908,0.7083478868319943,analysis/v18_canonical_pipeline/inputs/cifar_base/session_3_seeds_1011_1213/noise_all_families.json
cifar,alibi,1213,303937385,0.1,0.4258018205596392,0.5509954593084178,analysis/v18_canonical_pipeline/inputs/cifar_base/session_3_seeds_1011_1213/noise_all_families.json
cifar,alibi,1213,303937385,0.15,0.636748180404982,0.354697869367796,analysis/v18_canonical_pipeline/inputs/cifar_base/session_3_seeds_1011_1213/noise_all_families.json
cifar,alibi,1213,303937385,0.2,0.8479217120213803,0.25165909884736287,analysis/v18_canonical_pipeline/inputs/cifar_base/session_3_seeds_1011_1213/noise_all_families.json
cifar,alibi,1213,999424688,0.005,0.02161981981089787,1.0,analysis/v18_canonical_pipeline/inputs/cifar_base/session_3_seeds_1011_1213/noise_all_families.json
cifar,alibi,1213,999424688,0.01,0.04326187431070047,0.9975550122249389,analysis/v18_canonical_pipeline/inputs/cifar_base/session_3_seeds_1011_1213/noise_all_families.json
cifar,alibi,1213,999424688,0.025,0.10828349647625102,0.9792176039119803,analysis/v18_canonical_pipeline/inputs/cifar_base/session_3_seeds_1011_1213/noise_all_families.json
cifar,alibi,1213,999424688,0.05,0.21659952787529405,0.9105833042263359,analysis/v18_canonical_pipeline/inputs/cifar_base/session_3_seeds_1011_1213/noise_all_families.json
cifar,alibi,1213,999424688,0.075,0.3244265985146451,0.792874607055536,analysis/v18_canonical_pipeline/inputs/cifar_base/session_3_seeds_1011_1213/noise_all_families.json
cifar,alibi,1213,999424688,0.1,0.4318366619793132,0.6639888229130283,analysis/v18_canonical_pipeline/inputs/cifar_base/session_3_seeds_1011_1213/noise_all_families.json
cifar,alibi,1213,999424688,0.15,0.6447613329241751,0.43101641634648963,analysis/v18_canonical_pipeline/inputs/cifar_base/session_3_seeds_1011_1213/noise_all_families.json
cifar,alibi,1213,999424688,0.2,0.8526116478845737,0.2939224589591337,analysis/v18_canonical_pipeline/inputs/cifar_base/session_3_seeds_1011_1213/noise_all_families.json
cifar,alibi,1213,807525111,0.005,0.02126099576142389,1.000174641983933,analysis/v18_canonical_pipeline/inputs/cifar_base/session_3_seeds_1011_1213/noise_all_families.json
cifar,alibi,1213,807525111,0.01,0.04253966747710614,0.9963325183374083,analysis/v18_canonical_pipeline/inputs/cifar_base/session_3_seeds_1011_1213/noise_all_families.json
cifar,alibi,1213,807525111,0.025,0.10649852910961465,0.9872511351728954,analysis/v18_canonical_pipeline/inputs/cifar_base/session_3_seeds_1011_1213/noise_all_families.json
cifar,alibi,1213,807525111,0.05,0.21338831774783237,0.9530213063220399,analysis/v18_canonical_pipeline/inputs/cifar_base/session_3_seeds_1011_1213/noise_all_families.json
cifar,alibi,1213,807525111,0.075,0.32031034718672075,0.8960880195599021,analysis/v18_canonical_pipeline/inputs/cifar_base/session_3_seeds_1011_1213/noise_all_families.json
cifar,alibi,1213,807525111,0.1,0.42718970644329085,0.7979392245895913,analysis/v18_canonical_pipeline/inputs/cifar_base/session_3_seeds_1011_1213/noise_all_families.json
cifar,alibi,1213,807525111,0.15,0.6414376738816228,0.5663639538945162,analysis/v18_canonical_pipeline/inputs/cifar_base/session_3_seeds_1011_1213/noise_all_families.json
cifar,alibi,1213,807525111,0.2,0.8542248048314132,0.36081033880544877,analysis/v18_canonical_pipeline/inputs/cifar_base/session_3_seeds_1011_1213/noise_all_families.json
cifar,alibi,1213,2145899554,0.005,0.021676613791454438,0.9968564442892072,analysis/v18_canonical_pipeline/inputs/cifar_base/session_3_seeds_1011_1213/noise_all_families.json
cifar,alibi,1213,2145899554,0.01,0.0433794464401898,0.9935382465944813,analysis/v18_canonical_pipeline/inputs/cifar_base/session_3_seeds_1011_1213/noise_all_families.json
cifar,alibi,1213,2145899554,0.025,0.10855318291624719,0.9788683199441145,analysis/v18_canonical_pipeline/inputs/cifar_base/session_3_seeds_1011_1213/noise_all_families.json
cifar,alibi,1213,2145899554,0.05,0.21680981346995326,0.9259517988124344,analysis/v18_canonical_pipeline/inputs/cifar_base/session_3_seeds_1011_1213/noise_all_families.json
cifar,alibi,1213,2145899554,0.075,0.3237800625045596,0.8637792525323087,analysis/v18_canonical_pipeline/inputs/cifar_base/session_3_seeds_1011_1213/noise_all_families.json
cifar,alibi,1213,2145899554,0.1,0.42958869089876606,0.8005588543485854,analysis/v18_canonical_pipeline/inputs/cifar_base/session_3_seeds_1011_1213/noise_all_families.json
cifar,alibi,1213,2145899554,0.15,0.6399217806599952,0.6901851205029689,analysis/v18_canonical_pipeline/inputs/cifar_base/session_3_seeds_1011_1213/noise_all_families.json
cifar,alibi,1213,2145899554,0.2,0.8509610120101311,0.5897659797415299,analysis/v18_canonical_pipeline/inputs/cifar_base/session_3_seeds_1011_1213/noise_all_families.json
cifar,alibi,1213,2134235847,0.005,0.021398940282814367,1.0012224938875305,analysis/v18_canonical_pipeline/inputs/cifar_base/session_3_seeds_1011_1213/noise_all_families.json
cifar,alibi,1213,2134235847,0.01,0.042810337871340066,0.997205728257073,analysis/v18_canonical_pipeline/inputs/cifar_base/session_3_seeds_1011_1213/noise_all_families.json
cifar,alibi,1213,2134235847,0.025,0.10721394007092273,0.9860286412853648,analysis/v18_canonical_pipeline/inputs/cifar_base/session_3_seeds_1011_1213/noise_all_families.json
cifar,alibi,1213,2134235847,0.05,0.21535025454961626,0.913377575969263,analysis/v18_canonical_pipeline/inputs/cifar_base/session_3_seeds_1011_1213/noise_all_families.json
cifar,alibi,1213,2134235847,0.075,0.32360452389486505,0.7951449528466642,analysis/v18_canonical_pipeline/inputs/cifar_base/session_3_seeds_1011_1213/noise_all_families.json
cifar,alibi,1213,2134235847,0.1,0.4309378331513486,0.6439049947607405,analysis/v18_canonical_pipeline/inputs/cifar_base/session_3_seeds_1011_1213/noise_all_families.json
cifar,alibi,1213,2134235847,0.15,0.6439117280922758,0.35242752357666784,analysis/v18_canonical_pipeline/inputs/cifar_base/session_3_seeds_1011_1213/noise_all_families.json
cifar,alibi,1213,2134235847,0.2,0.8554973670339729,0.1938526021655606,analysis/v18_canonical_pipeline/inputs/cifar_base/session_3_seeds_1011_1213/noise_all_families.json
cifar,alibi,1213,1888751591,0.005,0.021750169249815838,0.9991267900803353,analysis/v18_canonical_pipeline/inputs/cifar_base/session_3_seeds_1011_1213/noise_all_families.json
cifar,alibi,1213,1888751591,0.01,0.04350907449392708,0.9951100244498777,analysis/v18_canonical_pipeline/inputs/cifar_base/session_3_seeds_1011_1213/noise_all_families.json
cifar,alibi,1213,1888751591,0.025,0.10880170506992694,0.9792176039119803,analysis/v18_canonical_pipeline/inputs/cifar_base/session_3_seeds_1011_1213/noise_all_families.json
cifar,alibi,1213,1888751591,0.05,0.21727151338628894,0.8829898707649319,analysis/v18_canonical_pipeline/inputs/cifar_base/session_3_seeds_1011_1213/noise_all_families.json
cifar,alibi,1213,1888751591,0.075,0.3246289620452078,0.7537548026545582,analysis/v18_canonical_pipeline/inputs/cifar_base/session_3_seeds_1011_1213/noise_all_families.json
cifar,alibi,1213,1888751591,0.1,0.4309988916613054,0.6208522528815927,analysis/v18_canonical_pipeline/inputs/cifar_base/session_3_seeds_1011_1213/noise_all_families.json
cifar,alibi,1213,1888751591,0.15,0.64281393119171,0.40726510653161013,analysis/v18_canonical_pipeline/inputs/cifar_base/session_3_seeds_1011_1213/noise_all_families.json
cifar,alibi,1213,1888751591,0.2,0.8540540940542303,0.27244149493538244,analysis/v18_canonical_pipeline/inputs/cifar_base/session_3_seeds_1011_1213/noise_all_families.json
cifar,alibi,1213,442392609,0.005,0.0218382862112401,0.9982535801606707,analysis/v18_canonical_pipeline/inputs/cifar_base/session_3_seeds_1011_1213/noise_all_families.json
cifar,alibi,1213,442392609,0.01,0.0437824704267377,0.9949353824659448,analysis/v18_canonical_pipeline/inputs/cifar_base/session_3_seeds_1011_1213/noise_all_families.json
cifar,alibi,1213,442392609,0.025,0.10994879236422586,0.9769472581208521,analysis/v18_canonical_pipeline/inputs/cifar_base/session_3_seeds_1011_1213/noise_all_families.json
cifar,alibi,1213,442392609,0.05,0.21910210256445636,0.921760391198044,analysis/v18_canonical_pipeline/inputs/cifar_base/session_3_seeds_1011_1213/noise_all_families.json
cifar,alibi,1213,442392609,0.075,0.3258656398645283,0.8615089067411805,analysis/v18_canonical_pipeline/inputs/cifar_base/session_3_seeds_1011_1213/noise_all_families.json
cifar,alibi,1213,442392609,0.1,0.4319555793708723,0.7848410757946209,analysis/v18_canonical_pipeline/inputs/cifar_base/session_3_seeds_1011_1213/noise_all_families.json
cifar,alibi,1213,442392609,0.15,0.6435783363664302,0.5792874607055536,analysis/v18_canonical_pipeline/inputs/cifar_base/session_3_seeds_1011_1213/noise_all_families.json
cifar,alibi,1213,442392609,0.2,0.8504956678156388,0.48550471533356615,analysis/v18_canonical_pipeline/inputs/cifar_base/session_3_seeds_1011_1213/noise_all_families.json
imagenet,learned,42,1712846226,0.0025,0.004045672984273396,1.0003633720930232,analysis/v18_canonical_pipeline/inputs/imagenet_base/session_1_seeds_42/noise_all_families.json
imagenet,learned,42,1712846226,0.005,0.008067898779958295,1.0007267441860463,analysis/v18_canonical_pipeline/inputs/imagenet_base/session_1_seeds_42/noise_all_families.json
imagenet,learned,42,1712846226,0.01,0.016180151842482986,1.0010901162790697,analysis/v18_canonical_pipeline/inputs/imagenet_base/session_1_seeds_42/noise_all_families.json
imagenet,learned,42,1712846226,0.02,0.032851404474868305,1.0003633720930232,analysis/v18_canonical_pipeline/inputs/imagenet_base/session_1_seeds_42/noise_all_families.json
imagenet,learned,42,1712846226,0.04,0.0658458704494852,0.9970930232558138,analysis/v18_canonical_pipeline/inputs/imagenet_base/session_1_seeds_42/noise_all_families.json
imagenet,learned,42,1712846226,0.05,0.08134535124042253,0.9963662790697674,analysis/v18_canonical_pipeline/inputs/imagenet_base/session_1_seeds_42/noise_all_families.json
imagenet,learned,42,1712846226,0.06,0.09638984575886121,0.9974563953488372,analysis/v18_canonical_pipeline/inputs/imagenet_base/session_1_seeds_42/noise_all_families.json
imagenet,learned,42,1712846226,0.08,0.12603639932219832,0.9974563953488372,analysis/v18_canonical_pipeline/inputs/imagenet_base/session_1_seeds_42/noise_all_families.json
imagenet,learned,42,2059244268,0.0025,0.003889994850490059,1.0003633720930232,analysis/v18_canonical_pipeline/inputs/imagenet_base/session_1_seeds_42/noise_all_families.json
imagenet,learned,42,2059244268,0.005,0.007785844386880188,1.0003633720930232,analysis/v18_canonical_pipeline/inputs/imagenet_base/session_1_seeds_42/noise_all_families.json
imagenet,learned,42,2059244268,0.01,0.015709945430190726,1.0007267441860463,analysis/v18_canonical_pipeline/inputs/imagenet_base/session_1_seeds_42/noise_all_families.json
imagenet,learned,42,2059244268,0.02,0.03217701003671569,1.0010901162790697,analysis/v18_canonical_pipeline/inputs/imagenet_base/session_1_seeds_42/noise_all_families.json
imagenet,learned,42,2059244268,0.04,0.06600805000142795,0.9970930232558138,analysis/v18_canonical_pipeline/inputs/imagenet_base/session_1_seeds_42/noise_all_families.json
imagenet,learned,42,2059244268,0.05,0.08237417502105648,0.9967296511627907,analysis/v18_canonical_pipeline/inputs/imagenet_base/session_1_seeds_42/noise_all_families.json
imagenet,learned,42,2059244268,0.06,0.09823569269113133,0.9970930232558138,analysis/v18_canonical_pipeline/inputs/imagenet_base/session_1_seeds_42/noise_all_families.json
imagenet,learned,42,2059244268,0.08,0.12870394584732536,0.9967296511627907,analysis/v18_canonical_pipeline/inputs/imagenet_base/session_1_seeds_42/noise_all_families.json
imagenet,learned,42,325141848,0.0025,0.0038426271429818143,1.0003633720930232,analysis/v18_canonical_pipeline/inputs/imagenet_base/session_1_seeds_42/noise_all_families.json
imagenet,learned,42,325141848,0.005,0.0076564346135396906,1.0003633720930232,analysis/v18_canonical_pipeline/inputs/imagenet_base/session_1_seeds_42/noise_all_families.json
imagenet,learned,42,325141848,0.01,0.015330014461962553,1.0007267441860463,analysis/v18_canonical_pipeline/inputs/imagenet_base/session_1_seeds_42/noise_all_families.json
imagenet,learned,42,325141848,0.02,0.0311721677915058,1.0007267441860463,analysis/v18_canonical_pipeline/inputs/imagenet_base/session_1_seeds_42/noise_all_families.json
imagenet,learned,42,325141848,0.04,0.06417064670920783,1.0018168604651163,analysis/v18_canonical_pipeline/inputs/imagenet_base/session_1_seeds_42/noise_all_families.json
imagenet,learned,42,325141848,0.05,0.0803621342274434,1.0018168604651163,analysis/v18_canonical_pipeline/inputs/imagenet_base/session_1_seeds_42/noise_all_families.json
imagenet,learned,42,325141848,0.06,0.09616043757866086,1.001453488372093,analysis/v18_canonical_pipeline/inputs/imagenet_base/session_1_seeds_42/noise_all_families.json
imagenet,learned,42,325141848,0.08,0.12691095722211618,0.9974563953488372,analysis/v18_canonical_pipeline/inputs/imagenet_base/session_1_seeds_42/noise_all_families.json
imagenet,learned,42,366946340,0.0025,0.004076232303540326,1.0,analysis/v18_canonical_pipeline/inputs/imagenet_base/session_1_seeds_42/noise_all_families.json
imagenet,learned,42,366946340,0.005,0.008166604074167898,1.0003633720930232,analysis/v18_canonical_pipeline/inputs/imagenet_base/session_1_seeds_42/noise_all_families.json
imagenet,learned,42,366946340,0.01,0.01648856116196398,1.0007267441860463,analysis/v18_canonical_pipeline/inputs/imagenet_base/session_1_seeds_42/noise_all_families.json
imagenet,learned,42,366946340,0.02,0.03371384129425822,0.9992732558139534,analysis/v18_canonical_pipeline/inputs/imagenet_base/session_1_seeds_42/noise_all_families.json
imagenet,learned,42,366946340,0.04,0.06804068988199154,0.9967296511627907,analysis/v18_canonical_pipeline/inputs/imagenet_base/session_1_seeds_42/noise_all_families.json
imagenet,learned,42,366946340,0.05,0.08417629888051968,0.9960029069767442,analysis/v18_canonical_pipeline/inputs/imagenet_base/session_1_seeds_42/noise_all_families.json
imagenet,learned,42,366946340,0.06,0.09971659601579096,0.9960029069767442,analysis/v18_canonical_pipeline/inputs/imagenet_base/session_1_seeds_42/noise_all_families.json
imagenet,learned,42,366946340,0.08,0.12979253691123444,0.993095930232558,analysis/v18_canonical_pipeline/inputs/imagenet_base/session_1_seeds_42/noise_all_families.json
imagenet,learned,42,342173717,0.0025,0.0037026114438775243,1.0007267441860463,analysis/v18_canonical_pipeline/inputs/imagenet_base/session_1_seeds_42/noise_all_families.json
imagenet,learned,42,342173717,0.005,0.0074034265396643,1.0003633720930232,analysis/v18_canonical_pipeline/inputs/imagenet_base/session_1_seeds_42/noise_all_families.json
imagenet,learned,42,342173717,0.01,0.014929536901989964,0.9992732558139534,analysis/v18_canonical_pipeline/inputs/imagenet_base/session_1_seeds_42/noise_all_families.json
imagenet,learned,42,342173717,0.02,0.03066163783384357,1.0003633720930232,analysis/v18_canonical_pipeline/inputs/imagenet_base/session_1_seeds_42/noise_all_families.json
imagenet,learned,42,342173717,0.04,0.06393609131681999,0.998546511627907,analysis/v18_canonical_pipeline/inputs/imagenet_base/session_1_seeds_42/noise_all_families.json
imagenet,learned,42,342173717,0.05,0.08055683429961864,0.9974563953488372,analysis/v18_canonical_pipeline/inputs/imagenet_base/session_1_seeds_42/noise_all_families.json
imagenet,learned,42,342173717,0.06,0.09685206006089145,0.9952761627906976,analysis/v18_canonical_pipeline/inputs/imagenet_base/session_1_seeds_42/noise_all_families.json
imagenet,learned,42,342173717,0.08,0.12836923937239117,0.9923691860465115,analysis/v18_canonical_pipeline/inputs/imagenet_base/session_1_seeds_42/noise_all_families.json
imagenet,learned,42,780632440,0.0025,0.0038529704497959694,1.0,analysis/v18_canonical_pipeline/inputs/imagenet_base/session_1_seeds_42/noise_all_families.json
imagenet,learned,42,780632440,0.005,0.007677871972576485,1.0,analysis/v18_canonical_pipeline/inputs/imagenet_base/session_1_seeds_42/noise_all_families.json
imagenet,learned,42,780632440,0.01,0.015358014775956568,0.9992732558139534,analysis/v18_canonical_pipeline/inputs/imagenet_base/session_1_seeds_42/noise_all_families.json
imagenet,learned,42,780632440,0.02,0.031029627993854645,1.0003633720930232,analysis/v18_canonical_pipeline/inputs/imagenet_base/session_1_seeds_42/noise_all_families.json
imagenet,learned,42,780632440,0.04,0.06338527819009707,0.9989098837209301,analysis/v18_canonical_pipeline/inputs/imagenet_base/session_1_seeds_42/noise_all_families.json
imagenet,learned,42,780632440,0.05,0.079503956595212,1.0003633720930232,analysis/v18_canonical_pipeline/inputs/imagenet_base/session_1_seeds_42/noise_all_families.json
imagenet,learned,42,780632440,0.06,0.09541200150198158,0.9989098837209301,analysis/v18_canonical_pipeline/inputs/imagenet_base/session_1_seeds_42/noise_all_families.json
imagenet,learned,42,780632440,0.08,0.1265488192780951,0.9981831395348836,analysis/v18_canonical_pipeline/inputs/imagenet_base/session_1_seeds_42/noise_all_families.json
imagenet,learned,42,460493296,0.0025,0.003901266721276805,1.0,analysis/v18_canonical_pipeline/inputs/imagenet_base/session_1_seeds_42/noise_all_families.json
imagenet,learned,42,460493296,0.005,0.007782881915107777,1.0007267441860463,analysis/v18_canonical_pipeline/inputs/imagenet_base/session_1_seeds_42/noise_all_families.json
imagenet,learned,42,460493296,0.01,0.015604953568481005,1.0007267441860463,analysis/v18_canonical_pipeline/inputs/imagenet_base/session_1_seeds_42/noise_all_families.json
imagenet,learned,42,460493296,0.02,0.03165912814946122,1.0021802325581395,analysis/v18_canonical_pipeline/inputs/imagenet_base/session_1_seeds_42/noise_all_families.json
imagenet,learned,42,460493296,0.04,0.06465513435233848,1.0007267441860463,analysis/v18_canonical_pipeline/inputs/imagenet_base/session_1_seeds_42/noise_all_families.json
imagenet,learned,42,460493296,0.05,0.08081003946956021,0.9981831395348836,analysis/v18_canonical_pipeline/inputs/imagenet_base/session_1_seeds_42/noise_all_families.json
imagenet,learned,42,460493296,0.06,0.09659572864472918,0.9945494186046511,analysis/v18_canonical_pipeline/inputs/imagenet_base/session_1_seeds_42/noise_all_families.json
imagenet,learned,42,460493296,0.08,0.1273101715715528,0.9927325581395349,analysis/v18_canonical_pipeline/inputs/imagenet_base/session_1_seeds_42/noise_all_families.json
imagenet,learned,42,1456730185,0.0025,0.0037669146856362024,1.0003633720930232,analysis/v18_canonical_pipeline/inputs/imagenet_base/session_1_seeds_42/noise_all_families.json
imagenet,learned,42,1456730185,0.005,0.007553836760434266,0.9996366279069766,analysis/v18_canonical_pipeline/inputs/imagenet_base/session_1_seeds_42/noise_all_families.json
imagenet,learned,42,1456730185,0.01,0.01530295306824815,1.0003633720930232,analysis/v18_canonical_pipeline/inputs/imagenet_base/session_1_seeds_42/noise_all_families.json
imagenet,learned,42,1456730185,0.02,0.03153851144683468,0.9974563953488372,analysis/v18_canonical_pipeline/inputs/imagenet_base/session_1_seeds_42/noise_all_families.json
imagenet,learned,42,1456730185,0.04,0.06522195267139815,0.9970930232558138,analysis/v18_canonical_pipeline/inputs/imagenet_base/session_1_seeds_42/noise_all_families.json
imagenet,learned,42,1456730185,0.05,0.08165410717424579,0.9938226744186045,analysis/v18_canonical_pipeline/inputs/imagenet_base/session_1_seeds_42/noise_all_families.json
imagenet,learned,42,1456730185,0.06,0.09764588629852612,0.9923691860465115,analysis/v18_canonical_pipeline/inputs/imagenet_base/session_1_seeds_42/noise_all_families.json
imagenet,learned,42,1456730185,0.08,0.1285615757668232,0.9901889534883721,analysis/v18_canonical_pipeline/inputs/imagenet_base/session_1_seeds_42/noise_all_families.json
imagenet,learned,42,1763599044,0.0025,0.004048929246528566,1.0003633720930232,analysis/v18_canonical_pipeline/inputs/imagenet_base/session_1_seeds_42/noise_all_families.json
imagenet,learned,42,1763599044,0.005,0.008114703583015831,1.0003633720930232,analysis/v18_canonical_pipeline/inputs/imagenet_base/session_1_seeds_42/noise_all_families.json
imagenet,learned,42,1763599044,0.01,0.01641697381673361,1.0003633720930232,analysis/v18_canonical_pipeline/inputs/imagenet_base/session_1_seeds_42/noise_all_families.json
imagenet,learned,42,1763599044,0.02,0.03365448380586972,0.9989098837209301,analysis/v18_canonical_pipeline/inputs/imagenet_base/session_1_seeds_42/noise_all_families.json
imagenet,learned,42,1763599044,0.04,0.06789080839650416,1.0007267441860463,analysis/v18_canonical_pipeline/inputs/imagenet_base/session_1_seeds_42/noise_all_families.json
imagenet,learned,42,1763599044,0.05,0.0839140238268956,0.9967296511627907,analysis/v18_canonical_pipeline/inputs/imagenet_base/session_1_seeds_42/noise_all_families.json
imagenet,learned,42,1763599044,0.06,0.09936650350905674,0.9941860465116279,analysis/v18_canonical_pipeline/inputs/imagenet_base/session_1_seeds_42/noise_all_families.json
imagenet,learned,42,1763599044,0.08,0.12952638134110012,0.9920058139534883,analysis/v18_canonical_pipeline/inputs/imagenet_base/session_1_seeds_42/noise_all_families.json
imagenet,learned,42,299045659,0.0025,0.00400520990816666,1.0007267441860463,analysis/v18_canonical_pipeline/inputs/imagenet_base/session_1_seeds_42/noise_all_families.json
imagenet,learned,42,299045659,0.005,0.008025530199530282,1.0007267441860463,analysis/v18_canonical_pipeline/inputs/imagenet_base/session_1_seeds_42/noise_all_families.json
imagenet,learned,42,299045659,0.01,0.016219692151140264,1.0003633720930232,analysis/v18_canonical_pipeline/inputs/imagenet_base/session_1_seeds_42/noise_all_families.json
imagenet,learned,42,299045659,0.02,0.033148679228254756,1.0,analysis/v18_canonical_pipeline/inputs/imagenet_base/session_1_seeds_42/noise_all_families.json
imagenet,learned,42,299045659,0.04,0.06702422674179104,1.0,analysis/v18_canonical_pipeline/inputs/imagenet_base/session_1_seeds_42/noise_all_families.json
imagenet,learned,42,299045659,0.05,0.08316154276427146,0.9996366279069766,analysis/v18_canonical_pipeline/inputs/imagenet_base/session_1_seeds_42/noise_all_families.json
imagenet,learned,42,299045659,0.06,0.09883541788908962,0.9960029069767442,analysis/v18_canonical_pipeline/inputs/imagenet_base/session_1_seeds_42/noise_all_families.json
imagenet,learned,42,299045659,0.08,0.12937791765425058,0.9967296511627907,analysis/v18_canonical_pipeline/inputs/imagenet_base/session_1_seeds_42/noise_all_families.json
imagenet,sinusoidal,42,1712846226,0.01,0.007958810484388922,0.9992942836979534,analysis/v18_canonical_pipeline/inputs/imagenet_base/session_1_seeds_42/noise_all_families.json
imagenet,sinusoidal,42,1712846226,0.025,0.019994477657423623,0.9992942836979534,analysis/v18_canonical_pipeline/inputs/imagenet_base/session_1_seeds_42/noise_all_families.json
imagenet,sinusoidal,42,1712846226,0.05,0.04073129224342721,0.9985885673959068,analysis/v18_canonical_pipeline/inputs/imagenet_base/session_1_seeds_42/noise_all_families.json
imagenet,sinusoidal,42,1712846226,0.1,0.08540379914802447,1.0003528581510233,analysis/v18_canonical_pipeline/inputs/imagenet_base/session_1_seeds_42/noise_all_families.json
imagenet,sinusoidal,42,1712846226,0.2,0.17863439066151546,0.9957657021877204,analysis/v18_canonical_pipeline/inputs/imagenet_base/session_1_seeds_42/noise_all_families.json
imagenet,sinusoidal,42,2059244268,0.01,0.00804884198448607,0.9992942836979534,analysis/v18_canonical_pipeline/inputs/imagenet_base/session_1_seeds_42/noise_all_families.json
imagenet,sinusoidal,42,2059244268,0.025,0.02021702622735588,0.9985885673959068,analysis/v18_canonical_pipeline/inputs/imagenet_base/session_1_seeds_42/noise_all_families.json
imagenet,sinusoidal,42,2059244268,0.05,0.04115803311610239,0.99894142554693,analysis/v18_canonical_pipeline/inputs/imagenet_base/session_1_seeds_42/noise_all_families.json
imagenet,sinusoidal,42,2059244268,0.1,0.08619345819378359,0.9992942836979534,analysis/v18_canonical_pipeline/inputs/imagenet_base/session_1_seeds_42/noise_all_families.json
imagenet,sinusoidal,42,2059244268,0.2,0.18017241256433086,0.99894142554693,analysis/v18_canonical_pipeline/inputs/imagenet_base/session_1_seeds_42/noise_all_families.json
imagenet,sinusoidal,42,325141848,0.01,0.008225840421912997,0.9992942836979534,analysis/v18_canonical_pipeline/inputs/imagenet_base/session_1_seeds_42/noise_all_families.json
imagenet,sinusoidal,42,325141848,0.025,0.020671991375171075,0.9985885673959068,analysis/v18_canonical_pipeline/inputs/imagenet_base/session_1_seeds_42/noise_all_families.json
imagenet,sinusoidal,42,325141848,0.05,0.04212984456260235,0.99894142554693,analysis/v18_canonical_pipeline/inputs/imagenet_base/session_1_seeds_42/noise_all_families.json
imagenet,sinusoidal,42,325141848,0.1,0.08815489963238356,0.9985885673959068,analysis/v18_canonical_pipeline/inputs/imagenet_base/session_1_seeds_42/noise_all_families.json
imagenet,sinusoidal,42,325141848,0.2,0.1833192530565768,0.9904728299223712,analysis/v18_canonical_pipeline/inputs/imagenet_base/session_1_seeds_42/noise_all_families.json
imagenet,sinusoidal,42,366946340,0.01,0.008069899756436412,0.9996471418489766,analysis/v18_canonical_pipeline/inputs/imagenet_base/session_1_seeds_42/noise_all_families.json
imagenet,sinusoidal,42,366946340,0.025,0.020283702848838604,0.9992942836979534,analysis/v18_canonical_pipeline/inputs/imagenet_base/session_1_seeds_42/noise_all_families.json
imagenet,sinusoidal,42,366946340,0.05,0.04138610461334013,0.9992942836979534,analysis/v18_canonical_pipeline/inputs/imagenet_base/session_1_seeds_42/noise_all_families.json
imagenet,sinusoidal,42,366946340,0.1,0.08692754663266955,1.0,analysis/v18_canonical_pipeline/inputs/imagenet_base/session_1_seeds_42/noise_all_families.json
imagenet,sinusoidal,42,366946340,0.2,0.18093521521560216,0.9982357092448834,analysis/v18_canonical_pipeline/inputs/imagenet_base/session_1_seeds_42/noise_all_families.json
imagenet,sinusoidal,42,342173717,0.01,0.008012519179705668,0.99894142554693,analysis/v18_canonical_pipeline/inputs/imagenet_base/session_1_seeds_42/noise_all_families.json
imagenet,sinusoidal,42,342173717,0.025,0.02014672996129815,0.9978828510938602,analysis/v18_canonical_pipeline/inputs/imagenet_base/session_1_seeds_42/noise_all_families.json
imagenet,sinusoidal,42,342173717,0.05,0.04110737661802801,0.9992942836979534,analysis/v18_canonical_pipeline/inputs/imagenet_base/session_1_seeds_42/noise_all_families.json
imagenet,sinusoidal,42,342173717,0.1,0.08625889436337698,0.9996471418489766,analysis/v18_canonical_pipeline/inputs/imagenet_base/session_1_seeds_42/noise_all_families.json
imagenet,sinusoidal,42,342173717,0.2,0.1801228804701561,0.9908256880733944,analysis/v18_canonical_pipeline/inputs/imagenet_base/session_1_seeds_42/noise_all_families.json
imagenet,sinusoidal,42,780632440,0.01,0.008293189247207091,0.9996471418489766,analysis/v18_canonical_pipeline/inputs/imagenet_base/session_1_seeds_42/noise_all_families.json
imagenet,sinusoidal,42,780632440,0.025,0.02086014199472295,1.0003528581510233,analysis/v18_canonical_pipeline/inputs/imagenet_base/session_1_seeds_42/noise_all_families.json
imagenet,sinusoidal,42,780632440,0.05,0.04256174616944847,1.0021171489061396,analysis/v18_canonical_pipeline/inputs/imagenet_base/session_1_seeds_42/noise_all_families.json
imagenet,sinusoidal,42,780632440,0.1,0.08902844651637927,1.0035285815102328,analysis/v18_canonical_pipeline/inputs/imagenet_base/session_1_seeds_42/noise_all_families.json
imagenet,sinusoidal,42,780632440,0.2,0.18422082562637734,0.9954128440366972,analysis/v18_canonical_pipeline/inputs/imagenet_base/session_1_seeds_42/noise_all_families.json
imagenet,sinusoidal,42,460493296,0.01,0.008041762688010448,0.99894142554693,analysis/v18_canonical_pipeline/inputs/imagenet_base/session_1_seeds_42/noise_all_families.json
imagenet,sinusoidal,42,460493296,0.025,0.02021672196423928,0.9975299929428368,analysis/v18_canonical_pipeline/inputs/imagenet_base/session_1_seeds_42/noise_all_families.json
imagenet,sinusoidal,42,460493296,0.05,0.04121919205899625,0.9975299929428368,analysis/v18_canonical_pipeline/inputs/imagenet_base/session_1_seeds_42/noise_all_families.json
imagenet,sinusoidal,42,460493296,0.1,0.08646244890882852,0.9978828510938602,analysis/v18_canonical_pipeline/inputs/imagenet_base/session_1_seeds_42/noise_all_families.json
imagenet,sinusoidal,42,460493296,0.2,0.18045479971616002,0.9901199717713478,analysis/v18_canonical_pipeline/inputs/imagenet_base/session_1_seeds_42/noise_all_families.json
imagenet,sinusoidal,42,1456730185,0.01,0.0079869190363163,0.9996471418489766,analysis/v18_canonical_pipeline/inputs/imagenet_base/session_1_seeds_42/noise_all_families.json
imagenet,sinusoidal,42,1456730185,0.025,0.020103181056723405,0.9996471418489766,analysis/v18_canonical_pipeline/inputs/imagenet_base/session_1_seeds_42/noise_all_families.json
imagenet,sinusoidal,42,1456730185,0.05,0.041054599785913214,0.9975299929428368,analysis/v18_canonical_pipeline/inputs/imagenet_base/session_1_seeds_42/noise_all_families.json
imagenet,sinusoidal,42,1456730185,0.1,0.08615208270659439,0.99894142554693,analysis/v18_canonical_pipeline/inputs/imagenet_base/session_1_seeds_42/noise_all_families.json
imagenet,sinusoidal,42,1456730185,0.2,0.1794110603810903,0.994001411432604,analysis/v18_canonical_pipeline/inputs/imagenet_base/session_1_seeds_42/noise_all_families.json
imagenet,sinusoidal,42,1763599044,0.01,0.00819199944375092,0.9992942836979534,analysis/v18_canonical_pipeline/inputs/imagenet_base/session_1_seeds_42/noise_all_families.json
imagenet,sinusoidal,42,1763599044,0.025,0.02060862640864017,0.9978828510938602,analysis/v18_canonical_pipeline/inputs/imagenet_base/session_1_seeds_42/noise_all_families.json
imagenet,sinusoidal,42,1763599044,0.05,0.04205195481570791,0.99894142554693,analysis/v18_canonical_pipeline/inputs/imagenet_base/session_1_seeds_42/noise_all_families.json
imagenet,sinusoidal,42,1763599044,0.1,0.08816004159937406,1.0007057163020465,analysis/v18_canonical_pipeline/inputs/imagenet_base/session_1_seeds_42/noise_all_families.json
imagenet,sinusoidal,42,1763599044,0.2,0.18311780513649284,0.981651376146789,analysis/v18_canonical_pipeline/inputs/imagenet_base/session_1_seeds_42/noise_all_families.json
imagenet,sinusoidal,42,299045659,0.01,0.008049213698590442,0.9992942836979534,analysis/v18_canonical_pipeline/inputs/imagenet_base/session_1_seeds_42/noise_all_families.json
imagenet,sinusoidal,42,299045659,0.025,0.020259745557539042,0.9975299929428368,analysis/v18_canonical_pipeline/inputs/imagenet_base/session_1_seeds_42/noise_all_families.json
imagenet,sinusoidal,42,299045659,0.05,0.04136374814661114,0.9985885673959068,analysis/v18_canonical_pipeline/inputs/imagenet_base/session_1_seeds_42/noise_all_families.json
imagenet,sinusoidal,42,299045659,0.1,0.0867185116272702,1.0,analysis/v18_canonical_pipeline/inputs/imagenet_base/session_1_seeds_42/noise_all_families.json
imagenet,sinusoidal,42,299045659,0.2,0.18116564811168762,0.9943542695836274,analysis/v18_canonical_pipeline/inputs/imagenet_base/session_1_seeds_42/noise_all_families.json
imagenet,rope,42,1712846226,0.025,0.024574495284161252,1.0,analysis/v18_canonical_pipeline/inputs/imagenet_base/session_1_seeds_42/noise_all_families.json
imagenet,rope,42,1712846226,0.05,0.04921230103272524,1.0,analysis/v18_canonical_pipeline/inputs/imagenet_base/session_1_seeds_42/noise_all_families.json
imagenet,rope,42,1712846226,0.1,0.09874251151062803,1.000684462696783,analysis/v18_canonical_pipeline/inputs/imagenet_base/session_1_seeds_42/noise_all_families.json
imagenet,rope,42,1712846226,0.2,0.19938030451591318,0.9911019849418208,analysis/v18_canonical_pipeline/inputs/imagenet_base/session_1_seeds_42/noise_all_families.json
imagenet,rope,42,1712846226,0.4,0.40531648580698854,0.9691991786447639,analysis/v18_canonical_pipeline/inputs/imagenet_base/session_1_seeds_42/noise_all_families.json
imagenet,rope,42,2059244268,0.025,0.024550396077014168,0.9982888432580425,analysis/v18_canonical_pipeline/inputs/imagenet_base/session_1_seeds_42/noise_all_families.json
imagenet,rope,42,2059244268,0.05,0.0491359195146275,0.9969199178644764,analysis/v18_canonical_pipeline/inputs/imagenet_base/session_1_seeds_42/noise_all_families.json
imagenet,rope,42,2059244268,0.1,0.09850018333501356,0.9955509924709103,analysis/v18_canonical_pipeline/inputs/imagenet_base/session_1_seeds_42/noise_all_families.json
imagenet,rope,42,2059244268,0.2,0.19844492131026023,0.9924709103353868,analysis/v18_canonical_pipeline/inputs/imagenet_base/session_1_seeds_42/noise_all_families.json
imagenet,rope,42,2059244268,0.4,0.4034554018636736,0.971937029431896,analysis/v18_canonical_pipeline/inputs/imagenet_base/session_1_seeds_42/noise_all_families.json
imagenet,rope,42,325141848,0.025,0.024435731212541556,0.9982888432580425,analysis/v18_canonical_pipeline/inputs/imagenet_base/session_1_seeds_42/noise_all_families.json
imagenet,rope,42,325141848,0.05,0.04888384458369654,0.9976043805612594,analysis/v18_canonical_pipeline/inputs/imagenet_base/session_1_seeds_42/noise_all_families.json
imagenet,rope,42,325141848,0.1,0.09797202406133658,0.9969199178644764,analysis/v18_canonical_pipeline/inputs/imagenet_base/session_1_seeds_42/noise_all_families.json
imagenet,rope,42,325141848,0.2,0.19749332559015195,0.9952087611225189,analysis/v18_canonical_pipeline/inputs/imagenet_base/session_1_seeds_42/noise_all_families.json
imagenet,rope,42,325141848,0.4,0.40087744344708937,0.9736481861738535,analysis/v18_canonical_pipeline/inputs/imagenet_base/session_1_seeds_42/noise_all_families.json
imagenet,rope,42,366946340,0.025,0.024154374468457338,0.999315537303217,analysis/v18_canonical_pipeline/inputs/imagenet_base/session_1_seeds_42/noise_all_families.json
imagenet,rope,42,366946340,0.05,0.04831902491212799,0.9986310746064339,analysis/v18_canonical_pipeline/inputs/imagenet_base/session_1_seeds_42/noise_all_families.json
imagenet,rope,42,366946340,0.1,0.09675957308815356,0.9976043805612594,analysis/v18_canonical_pipeline/inputs/imagenet_base/session_1_seeds_42/noise_all_families.json
imagenet,rope,42,366946340,0.2,0.194901299323877,0.9928131416837783,analysis/v18_canonical_pipeline/inputs/imagenet_base/session_1_seeds_42/noise_all_families.json
imagenet,rope,42,366946340,0.4,0.3967226170961114,0.9678302532511979,analysis/v18_canonical_pipeline/inputs/imagenet_base/session_1_seeds_42/noise_all_families.json
imagenet,rope,42,342173717,0.025,0.0236580248772313,0.9986310746064339,analysis/v18_canonical_pipeline/inputs/imagenet_base/session_1_seeds_42/noise_all_families.json
imagenet,rope,42,342173717,0.05,0.047337293220992636,0.9979466119096511,analysis/v18_canonical_pipeline/inputs/imagenet_base/session_1_seeds_42/noise_all_families.json
imagenet,rope,42,342173717,0.1,0.09491077436858443,0.9958932238193019,analysis/v18_canonical_pipeline/inputs/imagenet_base/session_1_seeds_42/noise_all_families.json
imagenet,rope,42,342173717,0.2,0.19153743621413163,0.9907597535934292,analysis/v18_canonical_pipeline/inputs/imagenet_base/session_1_seeds_42/noise_all_families.json
imagenet,rope,42,342173717,0.4,0.3918568722889874,0.9688569472963723,analysis/v18_canonical_pipeline/inputs/imagenet_base/session_1_seeds_42/noise_all_families.json
imagenet,rope,42,780632440,0.025,0.02454657003187909,0.9982888432580425,analysis/v18_canonical_pipeline/inputs/imagenet_base/session_1_seeds_42/noise_all_families.json
imagenet,rope,42,780632440,0.05,0.04913811878436422,0.9972621492128679,analysis/v18_canonical_pipeline/inputs/imagenet_base/session_1_seeds_42/noise_all_families.json
imagenet,rope,42,780632440,0.1,0.09846824901580219,0.9969199178644764,analysis/v18_canonical_pipeline/inputs/imagenet_base/session_1_seeds_42/noise_all_families.json
imagenet,rope,42,780632440,0.2,0.19816199020885258,0.9962354551676933,analysis/v18_canonical_pipeline/inputs/imagenet_base/session_1_seeds_42/noise_all_families.json
imagenet,rope,42,780632440,0.4,0.40248899566258645,0.969883641341547,analysis/v18_canonical_pipeline/inputs/imagenet_base/session_1_seeds_42/noise_all_families.json
imagenet,rope,42,460493296,0.025,0.023787275455123786,0.9982888432580425,analysis/v18_canonical_pipeline/inputs/imagenet_base/session_1_seeds_42/noise_all_families.json
imagenet,rope,42,460493296,0.05,0.04757945427724091,0.9976043805612594,analysis/v18_canonical_pipeline/inputs/imagenet_base/session_1_seeds_42/noise_all_families.json
imagenet,rope,42,460493296,0.1,0.0953213229926503,0.9948665297741274,analysis/v18_canonical_pipeline/inputs/imagenet_base/session_1_seeds_42/noise_all_families.json
imagenet,rope,42,460493296,0.2,0.19230801532675595,0.9890485968514716,analysis/v18_canonical_pipeline/inputs/imagenet_base/session_1_seeds_42/noise_all_families.json
imagenet,rope,42,460493296,0.4,0.3939037462799456,0.9633812457221081,analysis/v18_canonical_pipeline/inputs/imagenet_base/session_1_seeds_42/noise_all_families.json
imagenet,rope,42,1456730185,0.025,0.02412020663799524,0.9989733059548255,analysis/v18_canonical_pipeline/inputs/imagenet_base/session_1_seeds_42/noise_all_families.json
imagenet,rope,42,1456730185,0.05,0.048258077000997344,0.9986310746064339,analysis/v18_canonical_pipeline/inputs/imagenet_base/session_1_seeds_42/noise_all_families.json
imagenet,rope,42,1456730185,0.1,0.09670465304469845,0.9986310746064339,analysis/v18_canonical_pipeline/inputs/imagenet_base/session_1_seeds_42/noise_all_families.json
imagenet,rope,42,1456730185,0.2,0.19506730049953167,0.9941820670773444,analysis/v18_canonical_pipeline/inputs/imagenet_base/session_1_seeds_42/noise_all_families.json
imagenet,rope,42,1456730185,0.4,0.3967297855900379,0.9685147159479809,analysis/v18_canonical_pipeline/inputs/imagenet_base/session_1_seeds_42/noise_all_families.json
imagenet,rope,42,1763599044,0.025,0.02401324716159933,0.9989733059548255,analysis/v18_canonical_pipeline/inputs/imagenet_base/session_1_seeds_42/noise_all_families.json
imagenet,rope,42,1763599044,0.05,0.04804185987791465,0.9982888432580425,analysis/v18_canonical_pipeline/inputs/imagenet_base/session_1_seeds_42/noise_all_families.json
imagenet,rope,42,1763599044,0.1,0.09629982654673303,0.9976043805612594,analysis/v18_canonical_pipeline/inputs/imagenet_base/session_1_seeds_42/noise_all_families.json
imagenet,rope,42,1763599044,0.2,0.19427809994350345,0.9934976043805613,analysis/v18_canonical_pipeline/inputs/imagenet_base/session_1_seeds_42/noise_all_families.json
imagenet,rope,42,1763599044,0.4,0.3968088084330605,0.9722792607802876,analysis/v18_canonical_pipeline/inputs/imagenet_base/session_1_seeds_42/noise_all_families.json
imagenet,rope,42,299045659,0.025,0.02525449898384823,0.9986310746064339,analysis/v18_canonical_pipeline/inputs/imagenet_base/session_1_seeds_42/noise_all_families.json
imagenet,rope,42,299045659,0.05,0.05054864171639716,0.9982888432580425,analysis/v18_canonical_pipeline/inputs/imagenet_base/session_1_seeds_42/noise_all_families.json
imagenet,rope,42,299045659,0.1,0.10131255492976275,0.9979466119096511,analysis/v18_canonical_pipeline/inputs/imagenet_base/session_1_seeds_42/noise_all_families.json
imagenet,rope,42,299045659,0.2,0.20412078692020244,0.9917864476386038,analysis/v18_canonical_pipeline/inputs/imagenet_base/session_1_seeds_42/noise_all_families.json
imagenet,rope,42,299045659,0.4,0.4137101260866155,0.9650924024640657,analysis/v18_canonical_pipeline/inputs/imagenet_base/session_1_seeds_42/noise_all_families.json
imagenet,alibi,42,1712846226,0.001,0.0043968164348222125,0.9985770188545003,analysis/v18_canonical_pipeline/inputs/imagenet_base/session_1_seeds_42/noise_all_families.json
imagenet,alibi,42,1712846226,0.0025,0.01097875349328061,0.9939523301316259,analysis/v18_canonical_pipeline/inputs/imagenet_base/session_1_seeds_42/noise_all_families.json
imagenet,alibi,42,1712846226,0.005,0.021926376270058834,0.9886161508360014,analysis/v18_canonical_pipeline/inputs/imagenet_base/session_1_seeds_42/noise_all_families.json
imagenet,alibi,42,1712846226,0.01,0.04381243335667998,0.968694414799004,analysis/v18_canonical_pipeline/inputs/imagenet_base/session_1_seeds_42/noise_all_families.json
imagenet,alibi,42,1712846226,0.025,0.10960339256459518,0.8523657061543934,analysis/v18_canonical_pipeline/inputs/imagenet_base/session_1_seeds_42/noise_all_families.json
imagenet,alibi,42,1712846226,0.05,0.2176816709187732,0.536819637139808,analysis/v18_canonical_pipeline/inputs/imagenet_base/session_1_seeds_42/noise_all_families.json
imagenet,alibi,42,2059244268,0.001,0.004592155931718007,0.9982212735681253,analysis/v18_canonical_pipeline/inputs/imagenet_base/session_1_seeds_42/noise_all_families.json
imagenet,alibi,42,2059244268,0.0025,0.011528505456128643,0.9957310565635006,analysis/v18_canonical_pipeline/inputs/imagenet_base/session_1_seeds_42/noise_all_families.json
imagenet,alibi,42,2059244268,0.005,0.023218628515290003,0.9889718961223765,analysis/v18_canonical_pipeline/inputs/imagenet_base/session_1_seeds_42/noise_all_families.json
imagenet,alibi,42,2059244268,0.01,0.046804017109326815,0.9630024902170047,analysis/v18_canonical_pipeline/inputs/imagenet_base/session_1_seeds_42/noise_all_families.json
imagenet,alibi,42,2059244268,0.025,0.11416428001386487,0.7990039131981502,analysis/v18_canonical_pipeline/inputs/imagenet_base/session_1_seeds_42/noise_all_families.json
imagenet,alibi,42,2059244268,0.05,0.22099643332248314,0.5720384204909286,analysis/v18_canonical_pipeline/inputs/imagenet_base/session_1_seeds_42/noise_all_families.json
imagenet,alibi,42,325141848,0.001,0.004386741098968591,0.9982212735681253,analysis/v18_canonical_pipeline/inputs/imagenet_base/session_1_seeds_42/noise_all_families.json
imagenet,alibi,42,325141848,0.0025,0.010963127806184067,0.9971540377090005,analysis/v18_canonical_pipeline/inputs/imagenet_base/session_1_seeds_42/noise_all_families.json
imagenet,alibi,42,325141848,0.005,0.021910670712420238,0.992529348986126,analysis/v18_canonical_pipeline/inputs/imagenet_base/session_1_seeds_42/noise_all_families.json
imagenet,alibi,42,325141848,0.01,0.04375830486291092,0.9804340092493775,analysis/v18_canonical_pipeline/inputs/imagenet_base/session_1_seeds_42/noise_all_families.json
imagenet,alibi,42,325141848,0.025,0.1089228592138889,0.9110636784062612,analysis/v18_canonical_pipeline/inputs/imagenet_base/session_1_seeds_42/noise_all_families.json
imagenet,alibi,42,325141848,0.05,0.2159443319869692,0.7143365350409108,analysis/v18_canonical_pipeline/inputs/imagenet_base/session_1_seeds_42/noise_all_families.json
imagenet,alibi,42,366946340,0.001,0.004455166310062051,0.9982212735681253,analysis/v18_canonical_pipeline/inputs/imagenet_base/session_1_seeds_42/noise_all_families.json
imagenet,alibi,42,366946340,0.0025,0.011166045225583909,0.9964425471362505,analysis/v18_canonical_pipeline/inputs/imagenet_base/session_1_seeds_42/noise_all_families.json
imagenet,alibi,42,366946340,0.005,0.022420326239040236,0.9932408395588759,analysis/v18_canonical_pipeline/inputs/imagenet_base/session_1_seeds_42/noise_all_families.json
imagenet,alibi,42,366946340,0.01,0.04509326465376304,0.9754535752401281,analysis/v18_canonical_pipeline/inputs/imagenet_base/session_1_seeds_42/noise_all_families.json
imagenet,alibi,42,366946340,0.025,0.11225840144584362,0.824973319103522,analysis/v18_canonical_pipeline/inputs/imagenet_base/session_1_seeds_42/noise_all_families.json
imagenet,alibi,42,366946340,0.05,0.22058673001547105,0.4364994663820705,analysis/v18_canonical_pipeline/inputs/imagenet_base/session_1_seeds_42/noise_all_families.json
imagenet,alibi,42,342173717,0.001,0.00434288786933135,0.9985770188545003,analysis/v18_canonical_pipeline/inputs/imagenet_base/session_1_seeds_42/noise_all_families.json
imagenet,alibi,42,342173717,0.0025,0.010860352414315499,0.9978655282817503,analysis/v18_canonical_pipeline/inputs/imagenet_base/session_1_seeds_42/noise_all_families.json
imagenet,alibi,42,342173717,0.005,0.02173217793857416,0.9943080754180007,analysis/v18_canonical_pipeline/inputs/imagenet_base/session_1_seeds_42/noise_all_families.json
imagenet,alibi,42,342173717,0.01,0.043507404303408166,0.9825684809676273,analysis/v18_canonical_pipeline/inputs/imagenet_base/session_1_seeds_42/noise_all_families.json
imagenet,alibi,42,342173717,0.025,0.10875474917067927,0.9110636784062612,analysis/v18_canonical_pipeline/inputs/imagenet_base/session_1_seeds_42/noise_all_families.json
imagenet,alibi,42,342173717,0.05,0.2164505192394111,0.7463536108146568,analysis/v18_canonical_pipeline/inputs/imagenet_base/session_1_seeds_42/noise_all_families.json
imagenet,alibi,42,780632440,0.001,0.004434101718790484,0.9992885094272502,analysis/v18_canonical_pipeline/inputs/imagenet_base/session_1_seeds_42/noise_all_families.json
imagenet,alibi,42,780632440,0.0025,0.011062139441388116,0.9996442547136252,analysis/v18_canonical_pipeline/inputs/imagenet_base/session_1_seeds_42/noise_all_families.json
imagenet,alibi,42,780632440,0.005,0.022051395726983582,0.9932408395588759,analysis/v18_canonical_pipeline/inputs/imagenet_base/session_1_seeds_42/noise_all_families.json
imagenet,alibi,42,780632440,0.01,0.04384790165077357,0.9722518676627535,analysis/v18_canonical_pipeline/inputs/imagenet_base/session_1_seeds_42/noise_all_families.json
imagenet,alibi,42,780632440,0.025,0.10850785236422683,0.9135538954108859,analysis/v18_canonical_pipeline/inputs/imagenet_base/session_1_seeds_42/noise_all_families.json
imagenet,alibi,42,780632440,0.05,0.2157707630277629,0.7726787620064035,analysis/v18_canonical_pipeline/inputs/imagenet_base/session_1_seeds_42/noise_all_families.json
imagenet,alibi,42,460493296,0.001,0.004469011224580047,1.0003557452863752,analysis/v18_canonical_pipeline/inputs/imagenet_base/session_1_seeds_42/noise_all_families.json
imagenet,alibi,42,460493296,0.0025,0.011182889777720143,1.0,analysis/v18_canonical_pipeline/inputs/imagenet_base/session_1_seeds_42/noise_all_families.json
imagenet,alibi,42,460493296,0.005,0.022408291406797905,0.9896833866951265,analysis/v18_canonical_pipeline/inputs/imagenet_base/session_1_seeds_42/noise_all_families.json
imagenet,alibi,42,460493296,0.01,0.04498108866937227,0.9637139807897547,analysis/v18_canonical_pipeline/inputs/imagenet_base/session_1_seeds_42/noise_all_families.json
imagenet,alibi,42,460493296,0.025,0.11180152945881115,0.8537886872998933,analysis/v18_canonical_pipeline/inputs/imagenet_base/session_1_seeds_42/noise_all_families.json
imagenet,alibi,42,460493296,0.05,0.21929595583511888,0.585200996086802,analysis/v18_canonical_pipeline/inputs/imagenet_base/session_1_seeds_42/noise_all_families.json
imagenet,alibi,42,1456730185,0.001,0.004447069146207585,0.9982212735681253,analysis/v18_canonical_pipeline/inputs/imagenet_base/session_1_seeds_42/noise_all_families.json
imagenet,alibi,42,1456730185,0.0025,0.0111103087376649,0.9967982924226255,analysis/v18_canonical_pipeline/inputs/imagenet_base/session_1_seeds_42/noise_all_families.json
imagenet,alibi,42,1456730185,0.005,0.022185206983395708,0.9893276414087514,analysis/v18_canonical_pipeline/inputs/imagenet_base/session_1_seeds_42/noise_all_families.json
imagenet,alibi,42,1456730185,0.01,0.04422659134044021,0.9651369619352543,analysis/v18_canonical_pipeline/inputs/imagenet_base/session_1_seeds_42/noise_all_families.json
imagenet,alibi,42,1456730185,0.025,0.10974110212941293,0.8609035930273925,analysis/v18_canonical_pipeline/inputs/imagenet_base/session_1_seeds_42/noise_all_families.json
imagenet,alibi,42,1456730185,0.05,0.21541178272328892,0.672358591248666,analysis/v18_canonical_pipeline/inputs/imagenet_base/session_1_seeds_42/noise_all_families.json
imagenet,alibi,42,1763599044,0.001,0.0043543258502083924,0.9989327641408752,analysis/v18_canonical_pipeline/inputs/imagenet_base/session_1_seeds_42/noise_all_families.json
imagenet,alibi,42,1763599044,0.0025,0.010894616808983612,0.9996442547136252,analysis/v18_canonical_pipeline/inputs/imagenet_base/session_1_seeds_42/noise_all_families.json
imagenet,alibi,42,1763599044,0.005,0.02181812749507559,0.9985770188545003,analysis/v18_canonical_pipeline/inputs/imagenet_base/session_1_seeds_42/noise_all_families.json
imagenet,alibi,42,1763599044,0.01,0.04372301608443108,0.992173603699751,analysis/v18_canonical_pipeline/inputs/imagenet_base/session_1_seeds_42/noise_all_families.json
imagenet,alibi,42,1763599044,0.025,0.10950923919050118,0.9327641408751336,analysis/v18_canonical_pipeline/inputs/imagenet_base/session_1_seeds_42/noise_all_families.json
imagenet,alibi,42,1763599044,0.05,0.21855830056198444,0.7100675916044114,analysis/v18_canonical_pipeline/inputs/imagenet_base/session_1_seeds_42/noise_all_families.json
imagenet,alibi,42,299045659,0.001,0.004483956523643219,1.0003557452863752,analysis/v18_canonical_pipeline/inputs/imagenet_base/session_1_seeds_42/noise_all_families.json
imagenet,alibi,42,299045659,0.0025,0.011225561309029599,0.9989327641408752,analysis/v18_canonical_pipeline/inputs/imagenet_base/session_1_seeds_42/noise_all_families.json
imagenet,alibi,42,299045659,0.005,0.02233431850302516,0.9950195659907507,analysis/v18_canonical_pipeline/inputs/imagenet_base/session_1_seeds_42/noise_all_families.json
imagenet,alibi,42,299045659,0.01,0.0438993979678414,0.9861259338313767,analysis/v18_canonical_pipeline/inputs/imagenet_base/session_1_seeds_42/noise_all_families.json
imagenet,alibi,42,299045659,0.025,0.11067511082638358,0.9413020277481324,analysis/v18_canonical_pipeline/inputs/imagenet_base/session_1_seeds_42/noise_all_families.json
imagenet,alibi,42,299045659,0.05,0.21806318885604234,0.7548914976876556,analysis/v18_canonical_pipeline/inputs/imagenet_base/session_1_seeds_42/noise_all_families.json
imagenet,learned,123,1129524128,0.0025,0.0035016635369456758,0.9996380745566414,analysis/v18_canonical_pipeline/inputs/imagenet_base/session_2_seeds_123/noise_all_families.json
imagenet,learned,123,1129524128,0.005,0.007007410618538976,0.9996380745566414,analysis/v18_canonical_pipeline/inputs/imagenet_base/session_2_seeds_123/noise_all_families.json
imagenet,learned,123,1129524128,0.01,0.014149571143096078,0.9996380745566414,analysis/v18_canonical_pipeline/inputs/imagenet_base/session_2_seeds_123/noise_all_families.json
imagenet,learned,123,1129524128,0.02,0.029142635174112308,0.9992761491132828,analysis/v18_canonical_pipeline/inputs/imagenet_base/session_2_seeds_123/noise_all_families.json
imagenet,learned,123,1129524128,0.04,0.06145052706781917,0.996742671009772,analysis/v18_canonical_pipeline/inputs/imagenet_base/session_2_seeds_123/noise_all_families.json
imagenet,learned,123,1129524128,0.05,0.07794400530599119,0.9971045964531308,analysis/v18_canonical_pipeline/inputs/imagenet_base/session_2_seeds_123/noise_all_families.json
imagenet,learned,123,1129524128,0.06,0.0942486367741441,0.9945711183496201,analysis/v18_canonical_pipeline/inputs/imagenet_base/session_2_seeds_123/noise_all_families.json
imagenet,learned,123,1129524128,0.08,0.12588200692520574,0.9916757148027506,analysis/v18_canonical_pipeline/inputs/imagenet_base/session_2_seeds_123/noise_all_families.json
imagenet,learned,123,1618910425,0.0025,0.0035328111460560044,0.9996380745566414,analysis/v18_canonical_pipeline/inputs/imagenet_base/session_2_seeds_123/noise_all_families.json
imagenet,learned,123,1618910425,0.005,0.007058356131324807,1.0,analysis/v18_canonical_pipeline/inputs/imagenet_base/session_2_seeds_123/noise_all_families.json
imagenet,learned,123,1618910425,0.01,0.014226402351558467,0.9989142236699241,analysis/v18_canonical_pipeline/inputs/imagenet_base/session_2_seeds_123/noise_all_families.json
imagenet,learned,123,1618910425,0.02,0.029315970314208795,0.9985522982265654,analysis/v18_canonical_pipeline/inputs/imagenet_base/session_2_seeds_123/noise_all_families.json
imagenet,learned,123,1618910425,0.04,0.06194865005968835,0.995656894679696,analysis/v18_canonical_pipeline/inputs/imagenet_base/session_2_seeds_123/noise_all_families.json
imagenet,learned,123,1618910425,0.05,0.07845325553744598,0.9949330437929786,analysis/v18_canonical_pipeline/inputs/imagenet_base/session_2_seeds_123/noise_all_families.json
imagenet,learned,123,1618910425,0.06,0.09460406253637144,0.9942091929062613,analysis/v18_canonical_pipeline/inputs/imagenet_base/session_2_seeds_123/noise_all_families.json
imagenet,learned,123,1618910425,0.08,0.1255733013150748,0.9876945349258053,analysis/v18_canonical_pipeline/inputs/imagenet_base/session_2_seeds_123/noise_all_families.json
imagenet,learned,123,179672207,0.0025,0.0035652577788729874,1.0,analysis/v18_canonical_pipeline/inputs/imagenet_base/session_2_seeds_123/noise_all_families.json
imagenet,learned,123,179672207,0.005,0.007151056340238146,1.0,analysis/v18_canonical_pipeline/inputs/imagenet_base/session_2_seeds_123/noise_all_families.json
imagenet,learned,123,179672207,0.01,0.014516508124220987,1.0003619254433587,analysis/v18_canonical_pipeline/inputs/imagenet_base/session_2_seeds_123/noise_all_families.json
imagenet,learned,123,179672207,0.02,0.030102099905323733,0.9992761491132828,analysis/v18_canonical_pipeline/inputs/imagenet_base/session_2_seeds_123/noise_all_families.json
imagenet,learned,123,179672207,0.04,0.06328053241875153,0.9963807455664134,analysis/v18_canonical_pipeline/inputs/imagenet_base/session_2_seeds_123/noise_all_families.json
imagenet,learned,123,179672207,0.05,0.07981317542011049,0.9938472674629028,analysis/v18_canonical_pipeline/inputs/imagenet_base/session_2_seeds_123/noise_all_families.json
imagenet,learned,123,179672207,0.06,0.09594721399460399,0.9934853420195441,analysis/v18_canonical_pipeline/inputs/imagenet_base/session_2_seeds_123/noise_all_families.json
imagenet,learned,123,179672207,0.08,0.12690992272377397,0.986970684039088,analysis/v18_canonical_pipeline/inputs/imagenet_base/session_2_seeds_123/noise_all_families.json
imagenet,learned,123,193161432,0.0025,0.00355364002515501,1.0,analysis/v18_canonical_pipeline/inputs/imagenet_base/session_2_seeds_123/noise_all_families.json
imagenet,learned,123,193161432,0.005,0.007091890219236839,0.9996380745566414,analysis/v18_canonical_pipeline/inputs/imagenet_base/session_2_seeds_123/noise_all_families.json
imagenet,learned,123,193161432,0.01,0.014253706240033135,0.9996380745566414,analysis/v18_canonical_pipeline/inputs/imagenet_base/session_2_seeds_123/noise_all_families.json
imagenet,learned,123,193161432,0.02,0.029197968621704776,1.0010857763300762,analysis/v18_canonical_pipeline/inputs/imagenet_base/session_2_seeds_123/noise_all_families.json
imagenet,learned,123,193161432,0.04,0.06157699895356451,0.9978284473398481,analysis/v18_canonical_pipeline/inputs/imagenet_base/session_2_seeds_123/noise_all_families.json
imagenet,learned,123,193161432,0.05,0.07821245090306826,0.9952949692363374,analysis/v18_canonical_pipeline/inputs/imagenet_base/session_2_seeds_123/noise_all_families.json
imagenet,learned,123,193161432,0.06,0.09464492074042052,0.9916757148027506,analysis/v18_canonical_pipeline/inputs/imagenet_base/session_2_seeds_123/noise_all_families.json
imagenet,learned,123,193161432,0.08,0.12624374690661075,0.9905899384726747,analysis/v18_canonical_pipeline/inputs/imagenet_base/session_2_seeds_123/noise_all_families.json
imagenet,learned,123,1322018208,0.0025,0.0035983014257073556,1.0,analysis/v18_canonical_pipeline/inputs/imagenet_base/session_2_seeds_123/noise_all_families.json
imagenet,learned,123,1322018208,0.005,0.00720274078647336,0.9996380745566414,analysis/v18_canonical_pipeline/inputs/imagenet_base/session_2_seeds_123/noise_all_families.json
imagenet,learned,123,1322018208,0.01,0.0145717735966949,0.9989142236699241,analysis/v18_canonical_pipeline/inputs/imagenet_base/session_2_seeds_123/noise_all_families.json
imagenet,learned,123,1322018208,0.02,0.030144111561536527,0.9985522982265654,analysis/v18_canonical_pipeline/inputs/imagenet_base/session_2_seeds_123/noise_all_families.json
imagenet,learned,123,1322018208,0.04,0.06368066767135894,0.992399565689468,analysis/v18_canonical_pipeline/inputs/imagenet_base/session_2_seeds_123/noise_all_families.json
imagenet,learned,123,1322018208,0.05,0.08050832610389691,0.9905899384726747,analysis/v18_canonical_pipeline/inputs/imagenet_base/session_2_seeds_123/noise_all_families.json
imagenet,learned,123,1322018208,0.06,0.09689382172307441,0.9898660875859573,analysis/v18_canonical_pipeline/inputs/imagenet_base/session_2_seeds_123/noise_all_families.json
imagenet,learned,123,1322018208,0.08,0.12811764518263266,0.9862468331523707,analysis/v18_canonical_pipeline/inputs/imagenet_base/session_2_seeds_123/noise_all_families.json
imagenet,learned,123,1910794309,0.0025,0.0037351386108010875,1.0,analysis/v18_canonical_pipeline/inputs/imagenet_base/session_2_seeds_123/noise_all_families.json
imagenet,learned,123,1910794309,0.005,0.007450428701132356,1.0,analysis/v18_canonical_pipeline/inputs/imagenet_base/session_2_seeds_123/noise_all_families.json
imagenet,learned,123,1910794309,0.01,0.014957144962625067,0.9985522982265654,analysis/v18_canonical_pipeline/inputs/imagenet_base/session_2_seeds_123/noise_all_families.json
imagenet,learned,123,1910794309,0.02,0.030574843452413333,0.9963807455664134,analysis/v18_canonical_pipeline/inputs/imagenet_base/session_2_seeds_123/noise_all_families.json
imagenet,learned,123,1910794309,0.04,0.06382751263482928,0.9934853420195441,analysis/v18_canonical_pipeline/inputs/imagenet_base/session_2_seeds_123/noise_all_families.json
imagenet,learned,123,1910794309,0.05,0.08039732211584599,0.9934853420195441,analysis/v18_canonical_pipeline/inputs/imagenet_base/session_2_seeds_123/noise_all_families.json
imagenet,learned,123,1910794309,0.06,0.09648022944391545,0.9916757148027506,analysis/v18_canonical_pipeline/inputs/imagenet_base/session_2_seeds_123/noise_all_families.json
imagenet,learned,123,1910794309,0.08,0.12716629185510192,0.9873326094824467,analysis/v18_canonical_pipeline/inputs/imagenet_base/session_2_seeds_123/noise_all_families.json
imagenet,learned,123,1432882998,0.0025,0.0038149143955250675,1.0003619254433587,analysis/v18_canonical_pipeline/inputs/imagenet_base/session_2_seeds_123/noise_all_families.json
imagenet,learned,123,1432882998,0.005,0.007568136449349762,1.0003619254433587,analysis/v18_canonical_pipeline/inputs/imagenet_base/session_2_seeds_123/noise_all_families.json
imagenet,learned,123,1432882998,0.01,0.014998915834329433,0.9985522982265654,analysis/v18_canonical_pipeline/inputs/imagenet_base/session_2_seeds_123/noise_all_families.json
imagenet,learned,123,1432882998,0.02,0.02997462344697709,0.9963807455664134,analysis/v18_canonical_pipeline/inputs/imagenet_base/session_2_seeds_123/noise_all_families.json
imagenet,learned,123,1432882998,0.04,0.06137804507380514,0.995656894679696,analysis/v18_canonical_pipeline/inputs/imagenet_base/session_2_seeds_123/noise_all_families.json
imagenet,learned,123,1432882998,0.05,0.07740276492768555,0.9942091929062613,analysis/v18_canonical_pipeline/inputs/imagenet_base/session_2_seeds_123/noise_all_families.json
imagenet,learned,123,1432882998,0.06,0.09332301838468617,0.9942091929062613,analysis/v18_canonical_pipeline/inputs/imagenet_base/session_2_seeds_123/noise_all_families.json
imagenet,learned,123,1432882998,0.08,0.1245652568899174,0.9887803112558814,analysis/v18_canonical_pipeline/inputs/imagenet_base/session_2_seeds_123/noise_all_families.json
imagenet,learned,123,4050907,0.0025,0.0036216805285480447,1.0,analysis/v18_canonical_pipeline/inputs/imagenet_base/session_2_seeds_123/noise_all_families.json
imagenet,learned,123,4050907,0.005,0.007219111232869604,0.9996380745566414,analysis/v18_canonical_pipeline/inputs/imagenet_base/session_2_seeds_123/noise_all_families.json
imagenet,learned,123,4050907,0.01,0.01445689556082779,1.0,analysis/v18_canonical_pipeline/inputs/imagenet_base/session_2_seeds_123/noise_all_families.json
imagenet,learned,123,4050907,0.02,0.029385655235604925,0.9989142236699241,analysis/v18_canonical_pipeline/inputs/imagenet_base/session_2_seeds_123/noise_all_families.json
imagenet,learned,123,4050907,0.04,0.061279716728366684,0.9949330437929786,analysis/v18_canonical_pipeline/inputs/imagenet_base/session_2_seeds_123/noise_all_families.json
imagenet,learned,123,4050907,0.05,0.07763959712188157,0.9949330437929786,analysis/v18_canonical_pipeline/inputs/imagenet_base/session_2_seeds_123/noise_all_families.json
imagenet,learned,123,4050907,0.06,0.09387278484798822,0.9945711183496201,analysis/v18_canonical_pipeline/inputs/imagenet_base/session_2_seeds_123/noise_all_families.json
imagenet,learned,123,4050907,0.08,0.12552723275630764,0.9902280130293161,analysis/v18_canonical_pipeline/inputs/imagenet_base/session_2_seeds_123/noise_all_families.json
imagenet,learned,123,815771577,0.0025,0.003721110353971727,1.0,analysis/v18_canonical_pipeline/inputs/imagenet_base/session_2_seeds_123/noise_all_families.json
imagenet,learned,123,815771577,0.005,0.007468936676220719,1.0003619254433587,analysis/v18_canonical_pipeline/inputs/imagenet_base/session_2_seeds_123/noise_all_families.json
imagenet,learned,123,815771577,0.01,0.015141532499790188,1.0,analysis/v18_canonical_pipeline/inputs/imagenet_base/session_2_seeds_123/noise_all_families.json
imagenet,learned,123,815771577,0.02,0.031208965409731268,0.9992761491132828,analysis/v18_canonical_pipeline/inputs/imagenet_base/session_2_seeds_123/noise_all_families.json
imagenet,learned,123,815771577,0.04,0.06489412669626873,0.9978284473398481,analysis/v18_canonical_pipeline/inputs/imagenet_base/session_2_seeds_123/noise_all_families.json
imagenet,learned,123,815771577,0.05,0.08148602296947445,0.9942091929062613,analysis/v18_canonical_pipeline/inputs/imagenet_base/session_2_seeds_123/noise_all_families.json
imagenet,learned,123,815771577,0.06,0.0975040104167589,0.9931234165761854,analysis/v18_canonical_pipeline/inputs/imagenet_base/session_2_seeds_123/noise_all_families.json
imagenet,learned,123,815771577,0.08,0.12796982103255963,0.9916757148027506,analysis/v18_canonical_pipeline/inputs/imagenet_base/session_2_seeds_123/noise_all_families.json
imagenet,learned,123,1821774437,0.0025,0.003687349620466231,1.0,analysis/v18_canonical_pipeline/inputs/imagenet_base/session_2_seeds_123/noise_all_families.json
imagenet,learned,123,1821774437,0.005,0.007344468541648985,0.9996380745566414,analysis/v18_canonical_pipeline/inputs/imagenet_base/session_2_seeds_123/noise_all_families.json
imagenet,learned,123,1821774437,0.01,0.014702797697446191,0.9992761491132828,analysis/v18_canonical_pipeline/inputs/imagenet_base/session_2_seeds_123/noise_all_families.json
imagenet,learned,123,1821774437,0.02,0.02992981888537345,0.9971045964531308,analysis/v18_canonical_pipeline/inputs/imagenet_base/session_2_seeds_123/noise_all_families.json
imagenet,learned,123,1821774437,0.04,0.06234293644762871,0.9949330437929786,analysis/v18_canonical_pipeline/inputs/imagenet_base/session_2_seeds_123/noise_all_families.json
imagenet,learned,123,1821774437,0.05,0.0786280417743208,0.9952949692363374,analysis/v18_canonical_pipeline/inputs/imagenet_base/session_2_seeds_123/noise_all_families.json
imagenet,learned,123,1821774437,0.06,0.0945268133254613,0.9952949692363374,analysis/v18_canonical_pipeline/inputs/imagenet_base/session_2_seeds_123/noise_all_families.json
imagenet,learned,123,1821774437,0.08,0.12509437203456666,0.9938472674629028,analysis/v18_canonical_pipeline/inputs/imagenet_base/session_2_seeds_123/noise_all_families.json
imagenet,sinusoidal,123,1129524128,0.01,0.00798811160988232,0.998581560283688,analysis/v18_canonical_pipeline/inputs/imagenet_base/session_2_seeds_123/noise_all_families.json
imagenet,sinusoidal,123,1129524128,0.025,0.020090198149902407,0.9978723404255321,analysis/v18_canonical_pipeline/inputs/imagenet_base/session_2_seeds_123/noise_all_families.json
imagenet,sinusoidal,123,1129524128,0.05,0.040987528020733056,0.997163120567376,analysis/v18_canonical_pipeline/inputs/imagenet_base/session_2_seeds_123/noise_all_families.json
imagenet,sinusoidal,123,1129524128,0.1,0.08605205655657792,1.0,analysis/v18_canonical_pipeline/inputs/imagenet_base/session_2_seeds_123/noise_all_families.json
imagenet,sinusoidal,123,1129524128,0.2,0.18073862438998292,0.9907801418439717,analysis/v18_canonical_pipeline/inputs/imagenet_base/session_2_seeds_123/noise_all_families.json
imagenet,sinusoidal,123,1618910425,0.01,0.007976915076760632,0.998936170212766,analysis/v18_canonical_pipeline/inputs/imagenet_base/session_2_seeds_123/noise_all_families.json
imagenet,sinusoidal,123,1618910425,0.025,0.020059015501432107,0.99822695035461,analysis/v18_canonical_pipeline/inputs/imagenet_base/session_2_seeds_123/noise_all_families.json
imagenet,sinusoidal,123,1618910425,0.05,0.0409118465382466,0.9975177304964539,analysis/v18_canonical_pipeline/inputs/imagenet_base/session_2_seeds_123/noise_all_families.json
imagenet,sinusoidal,123,1618910425,0.1,0.08589641507257532,0.9957446808510638,analysis/v18_canonical_pipeline/inputs/imagenet_base/session_2_seeds_123/noise_all_families.json
imagenet,sinusoidal,123,1618910425,0.2,0.180986997643355,0.9843971631205675,analysis/v18_canonical_pipeline/inputs/imagenet_base/session_2_seeds_123/noise_all_families.json
imagenet,sinusoidal,123,179672207,0.01,0.008030607173238148,0.998581560283688,analysis/v18_canonical_pipeline/inputs/imagenet_base/session_2_seeds_123/noise_all_families.json
imagenet,sinusoidal,123,179672207,0.025,0.020185198598940492,0.99822695035461,analysis/v18_canonical_pipeline/inputs/imagenet_base/session_2_seeds_123/noise_all_families.json
imagenet,sinusoidal,123,179672207,0.05,0.04114313034741603,0.998581560283688,analysis/v18_canonical_pipeline/inputs/imagenet_base/session_2_seeds_123/noise_all_families.json
imagenet,sinusoidal,123,179672207,0.1,0.08624446691235511,0.996099290780142,analysis/v18_canonical_pipeline/inputs/imagenet_base/session_2_seeds_123/noise_all_families.json
imagenet,sinusoidal,123,179672207,0.2,0.180709045919815,0.9929078014184398,analysis/v18_canonical_pipeline/inputs/imagenet_base/session_2_seeds_123/noise_all_families.json
imagenet,sinusoidal,123,193161432,0.01,0.008004860678687229,0.999645390070922,analysis/v18_canonical_pipeline/inputs/imagenet_base/session_2_seeds_123/noise_all_families.json
imagenet,sinusoidal,123,193161432,0.025,0.02010772274530144,0.9978723404255321,analysis/v18_canonical_pipeline/inputs/imagenet_base/session_2_seeds_123/noise_all_families.json
imagenet,sinusoidal,123,193161432,0.05,0.040890497156977346,0.999645390070922,analysis/v18_canonical_pipeline/inputs/imagenet_base/session_2_seeds_123/noise_all_families.json
imagenet,sinusoidal,123,193161432,0.1,0.0852720591799187,0.997163120567376,analysis/v18_canonical_pipeline/inputs/imagenet_base/session_2_seeds_123/noise_all_families.json
imagenet,sinusoidal,123,193161432,0.2,0.17883276948226584,0.9882978723404257,analysis/v18_canonical_pipeline/inputs/imagenet_base/session_2_seeds_123/noise_all_families.json
imagenet,sinusoidal,123,1322018208,0.01,0.007932855382986253,0.9992907801418441,analysis/v18_canonical_pipeline/inputs/imagenet_base/session_2_seeds_123/noise_all_families.json
imagenet,sinusoidal,123,1322018208,0.025,0.019958433873152645,0.9992907801418441,analysis/v18_canonical_pipeline/inputs/imagenet_base/session_2_seeds_123/noise_all_families.json
imagenet,sinusoidal,123,1322018208,0.05,0.04072694705910519,1.000354609929078,analysis/v18_canonical_pipeline/inputs/imagenet_base/session_2_seeds_123/noise_all_families.json
imagenet,sinusoidal,123,1322018208,0.1,0.08551136157974715,0.999645390070922,analysis/v18_canonical_pipeline/inputs/imagenet_base/session_2_seeds_123/noise_all_families.json
imagenet,sinusoidal,123,1322018208,0.2,0.17974435485530146,0.9904255319148938,analysis/v18_canonical_pipeline/inputs/imagenet_base/session_2_seeds_123/noise_all_families.json
imagenet,sinusoidal,123,1910794309,0.01,0.007881144938412726,0.9992907801418441,analysis/v18_canonical_pipeline/inputs/imagenet_base/session_2_seeds_123/noise_all_families.json
imagenet,sinusoidal,123,1910794309,0.025,0.019821496782850518,0.998581560283688,analysis/v18_canonical_pipeline/inputs/imagenet_base/session_2_seeds_123/noise_all_families.json
imagenet,sinusoidal,123,1910794309,0.05,0.04046191216453095,1.0,analysis/v18_canonical_pipeline/inputs/imagenet_base/session_2_seeds_123/noise_all_families.json
imagenet,sinusoidal,123,1910794309,0.1,0.08516154550537838,1.0021276595744681,analysis/v18_canonical_pipeline/inputs/imagenet_base/session_2_seeds_123/noise_all_families.json
imagenet,sinusoidal,123,1910794309,0.2,0.1796248829415072,0.997163120567376,analysis/v18_canonical_pipeline/inputs/imagenet_base/session_2_seeds_123/noise_all_families.json
imagenet,sinusoidal,123,1432882998,0.01,0.008005999961145097,0.9992907801418441,analysis/v18_canonical_pipeline/inputs/imagenet_base/session_2_seeds_123/noise_all_families.json
imagenet,sinusoidal,123,1432882998,0.025,0.020132926901314335,0.99822695035461,analysis/v18_canonical_pipeline/inputs/imagenet_base/session_2_seeds_123/noise_all_families.json
imagenet,sinusoidal,123,1432882998,0.05,0.04103969026401911,0.998581560283688,analysis/v18_canonical_pipeline/inputs/imagenet_base/session_2_seeds_123/noise_all_families.json
imagenet,sinusoidal,123,1432882998,0.1,0.08604644131016306,0.997163120567376,analysis/v18_canonical_pipeline/inputs/imagenet_base/session_2_seeds_123/noise_all_families.json
imagenet,sinusoidal,123,1432882998,0.2,0.18137040781652036,0.9886524822695035,analysis/v18_canonical_pipeline/inputs/imagenet_base/session_2_seeds_123/noise_all_families.json
imagenet,sinusoidal,123,4050907,0.01,0.007991709987247651,1.000354609929078,analysis/v18_canonical_pipeline/inputs/imagenet_base/session_2_seeds_123/noise_all_families.json
imagenet,sinusoidal,123,4050907,0.025,0.0200945178163981,0.9968085106382979,analysis/v18_canonical_pipeline/inputs/imagenet_base/session_2_seeds_123/noise_all_families.json
imagenet,sinusoidal,123,4050907,0.05,0.04096977882586425,0.9975177304964539,analysis/v18_canonical_pipeline/inputs/imagenet_base/session_2_seeds_123/noise_all_families.json
imagenet,sinusoidal,123,4050907,0.1,0.08591990956094654,0.9957446808510638,analysis/v18_canonical_pipeline/inputs/imagenet_base/session_2_seeds_123/noise_all_families.json
imagenet,sinusoidal,123,4050907,0.2,0.18030841086311825,0.9918439716312056,analysis/v18_canonical_pipeline/inputs/imagenet_base/session_2_seeds_123/noise_all_families.json
imagenet,sinusoidal,123,815771577,0.01,0.008065554871821319,0.9992907801418441,analysis/v18_canonical_pipeline/inputs/imagenet_base/session_2_seeds_123/noise_all_families.json
imagenet,sinusoidal,123,815771577,0.025,0.020287062389808454,1.0,analysis/v18_canonical_pipeline/inputs/imagenet_base/session_2_seeds_123/noise_all_families.json
imagenet,sinusoidal,123,815771577,0.05,0.041361925172347186,0.998936170212766,analysis/v18_canonical_pipeline/inputs/imagenet_base/session_2_seeds_123/noise_all_families.json
imagenet,sinusoidal,123,815771577,0.1,0.08662687365445643,0.998581560283688,analysis/v18_canonical_pipeline/inputs/imagenet_base/session_2_seeds_123/noise_all_families.json
imagenet,sinusoidal,123,815771577,0.2,0.18155272501719358,0.9946808510638299,analysis/v18_canonical_pipeline/inputs/imagenet_base/session_2_seeds_123/noise_all_families.json
imagenet,sinusoidal,123,1821774437,0.01,0.008060044838629474,1.001063829787234,analysis/v18_canonical_pipeline/inputs/imagenet_base/session_2_seeds_123/noise_all_families.json
imagenet,sinusoidal,123,1821774437,0.025,0.020252750766933145,0.998936170212766,analysis/v18_canonical_pipeline/inputs/imagenet_base/session_2_seeds_123/noise_all_families.json
imagenet,sinusoidal,123,1821774437,0.05,0.04123508603066927,0.9992907801418441,analysis/v18_canonical_pipeline/inputs/imagenet_base/session_2_seeds_123/noise_all_families.json
imagenet,sinusoidal,123,1821774437,0.1,0.08633256003940107,1.0,analysis/v18_canonical_pipeline/inputs/imagenet_base/session_2_seeds_123/noise_all_families.json
imagenet,sinusoidal,123,1821774437,0.2,0.18124815507400685,0.998936170212766,analysis/v18_canonical_pipeline/inputs/imagenet_base/session_2_seeds_123/noise_all_families.json
imagenet,rope,123,1129524128,0.025,0.024180066732383248,0.9993120055039559,analysis/v18_canonical_pipeline/inputs/imagenet_base/session_2_seeds_123/noise_all_families.json
imagenet,rope,123,1129524128,0.05,0.04838631344810997,0.9979360165118678,analysis/v18_canonical_pipeline/inputs/imagenet_base/session_2_seeds_123/noise_all_families.json
imagenet,rope,123,1129524128,0.1,0.09695951350448793,0.9982800137598898,analysis/v18_canonical_pipeline/inputs/imagenet_base/session_2_seeds_123/noise_all_families.json
imagenet,rope,123,1129524128,0.2,0.19504649832966423,0.9951840385276917,analysis/v18_canonical_pipeline/inputs/imagenet_base/session_2_seeds_123/noise_all_families.json
imagenet,rope,123,1129524128,0.4,0.39496156841335794,0.9683522531819745,analysis/v18_canonical_pipeline/inputs/imagenet_base/session_2_seeds_123/noise_all_families.json
imagenet,rope,123,1618910425,0.025,0.024699459002636842,0.9989680082559338,analysis/v18_canonical_pipeline/inputs/imagenet_base/session_2_seeds_123/noise_all_families.json
imagenet,rope,123,1618910425,0.05,0.049426340411798934,0.9975920192638459,analysis/v18_canonical_pipeline/inputs/imagenet_base/session_2_seeds_123/noise_all_families.json
imagenet,rope,123,1618910425,0.1,0.09907011448917614,0.9972480220158237,analysis/v18_canonical_pipeline/inputs/imagenet_base/session_2_seeds_123/noise_all_families.json
imagenet,rope,123,1618910425,0.2,0.19941090404665346,0.9955280357757137,analysis/v18_canonical_pipeline/inputs/imagenet_base/session_2_seeds_123/noise_all_families.json
imagenet,rope,123,1618910425,0.4,0.40322237602146405,0.9717922256621947,analysis/v18_canonical_pipeline/inputs/imagenet_base/session_2_seeds_123/noise_all_families.json
imagenet,rope,123,179672207,0.025,0.02322515865997484,0.9972480220158237,analysis/v18_canonical_pipeline/inputs/imagenet_base/session_2_seeds_123/noise_all_families.json
imagenet,rope,123,179672207,0.05,0.04646490836543015,0.9965600275197798,analysis/v18_canonical_pipeline/inputs/imagenet_base/session_2_seeds_123/noise_all_families.json
imagenet,rope,123,179672207,0.1,0.09312202278841028,0.9955280357757137,analysis/v18_canonical_pipeline/inputs/imagenet_base/session_2_seeds_123/noise_all_families.json
imagenet,rope,123,179672207,0.2,0.18775472367843993,0.9948400412796697,analysis/v18_canonical_pipeline/inputs/imagenet_base/session_2_seeds_123/noise_all_families.json
imagenet,rope,123,179672207,0.4,0.3833414905781091,0.9686962504299965,analysis/v18_canonical_pipeline/inputs/imagenet_base/session_2_seeds_123/noise_all_families.json
imagenet,rope,123,193161432,0.025,0.024438300823270653,1.000343997248022,analysis/v18_canonical_pipeline/inputs/imagenet_base/session_2_seeds_123/noise_all_families.json
imagenet,rope,123,193161432,0.05,0.048899269853307524,1.001031991744066,analysis/v18_canonical_pipeline/inputs/imagenet_base/session_2_seeds_123/noise_all_families.json
imagenet,rope,123,193161432,0.1,0.09796940580817888,1.0024079807361541,analysis/v18_canonical_pipeline/inputs/imagenet_base/session_2_seeds_123/noise_all_families.json
imagenet,rope,123,193161432,0.2,0.19704247804673897,0.9979360165118678,analysis/v18_canonical_pipeline/inputs/imagenet_base/session_2_seeds_123/noise_all_families.json
imagenet,rope,123,193161432,0.4,0.3993564763104288,0.977984176126591,analysis/v18_canonical_pipeline/inputs/imagenet_base/session_2_seeds_123/noise_all_families.json
imagenet,rope,123,1322018208,0.025,0.02406751373141869,0.9989680082559338,analysis/v18_canonical_pipeline/inputs/imagenet_base/session_2_seeds_123/noise_all_families.json
imagenet,rope,123,1322018208,0.05,0.04816753345117954,1.0006879944960438,analysis/v18_canonical_pipeline/inputs/imagenet_base/session_2_seeds_123/noise_all_families.json
imagenet,rope,123,1322018208,0.1,0.09658897216150565,1.000343997248022,analysis/v18_canonical_pipeline/inputs/imagenet_base/session_2_seeds_123/noise_all_families.json
imagenet,rope,123,1322018208,0.2,0.1947901365612814,0.9965600275197798,analysis/v18_canonical_pipeline/inputs/imagenet_base/session_2_seeds_123/noise_all_families.json
imagenet,rope,123,1322018208,0.4,0.39571610690658393,0.9728242174062607,analysis/v18_canonical_pipeline/inputs/imagenet_base/session_2_seeds_123/noise_all_families.json
imagenet,rope,123,1910794309,0.025,0.02391816207490634,0.9996560027519779,analysis/v18_canonical_pipeline/inputs/imagenet_base/session_2_seeds_123/noise_all_families.json
imagenet,rope,123,1910794309,0.05,0.04784431148097957,0.9989680082559338,analysis/v18_canonical_pipeline/inputs/imagenet_base/session_2_seeds_123/noise_all_families.json
imagenet,rope,123,1910794309,0.1,0.0958404489195416,0.9993120055039559,analysis/v18_canonical_pipeline/inputs/imagenet_base/session_2_seeds_123/noise_all_families.json
imagenet,rope,123,1910794309,0.2,0.1929556271956904,0.9975920192638459,analysis/v18_canonical_pipeline/inputs/imagenet_base/session_2_seeds_123/noise_all_families.json
imagenet,rope,123,1910794309,0.4,0.3920640993648795,0.9738562091503267,analysis/v18_canonical_pipeline/inputs/imagenet_base/session_2_seeds_123/noise_all_families.json
imagenet,rope,123,1432882998,0.025,0.02459528731036941,0.9993120055039559,analysis/v18_canonical_pipeline/inputs/imagenet_base/session_2_seeds_123/noise_all_families.json
imagenet,rope,123,1432882998,0.05,0.04922870816317486,0.9989680082559338,analysis/v18_canonical_pipeline/inputs/imagenet_base/session_2_seeds_123/noise_all_families.json
imagenet,rope,123,1432882998,0.1,0.09871566197986958,0.9975920192638459,analysis/v18_canonical_pipeline/inputs/imagenet_base/session_2_seeds_123/noise_all_families.json
imagenet,rope,123,1432882998,0.2,0.1988464633586591,0.9934640522875816,analysis/v18_canonical_pipeline/inputs/imagenet_base/session_2_seeds_123/noise_all_families.json
imagenet,rope,123,1432882998,0.4,0.4032589833297926,0.9673202614379084,analysis/v18_canonical_pipeline/inputs/imagenet_base/session_2_seeds_123/noise_all_families.json
imagenet,rope,123,4050907,0.025,0.02470222348410313,1.0006879944960438,analysis/v18_canonical_pipeline/inputs/imagenet_base/session_2_seeds_123/noise_all_families.json
imagenet,rope,123,4050907,0.05,0.049427144899201386,0.9996560027519779,analysis/v18_canonical_pipeline/inputs/imagenet_base/session_2_seeds_123/noise_all_families.json
imagenet,rope,123,4050907,0.1,0.09903554691105453,0.9979360165118678,analysis/v18_canonical_pipeline/inputs/imagenet_base/session_2_seeds_123/noise_all_families.json
imagenet,rope,123,4050907,0.2,0.19918751033236876,0.9941520467836257,analysis/v18_canonical_pipeline/inputs/imagenet_base/session_2_seeds_123/noise_all_families.json
imagenet,rope,123,4050907,0.4,0.40187397131087227,0.9700722394220845,analysis/v18_canonical_pipeline/inputs/imagenet_base/session_2_seeds_123/noise_all_families.json
imagenet,rope,123,815771577,0.025,0.023968184224699235,1.000343997248022,analysis/v18_canonical_pipeline/inputs/imagenet_base/session_2_seeds_123/noise_all_families.json
imagenet,rope,123,815771577,0.05,0.047965480550842786,0.9989680082559338,analysis/v18_canonical_pipeline/inputs/imagenet_base/session_2_seeds_123/noise_all_families.json
imagenet,rope,123,815771577,0.1,0.09614039257969091,0.9972480220158237,analysis/v18_canonical_pipeline/inputs/imagenet_base/session_2_seeds_123/noise_all_families.json
imagenet,rope,123,815771577,0.2,0.1935295844902664,0.9934640522875816,analysis/v18_canonical_pipeline/inputs/imagenet_base/session_2_seeds_123/noise_all_families.json
imagenet,rope,123,815771577,0.4,0.39258512810973517,0.9728242174062607,analysis/v18_canonical_pipeline/inputs/imagenet_base/session_2_seeds_123/noise_all_families.json
imagenet,rope,123,1821774437,0.025,0.024483891661007992,0.9986240110079119,analysis/v18_canonical_pipeline/inputs/imagenet_base/session_2_seeds_123/noise_all_families.json
imagenet,rope,123,1821774437,0.05,0.049002508856773416,0.9979360165118678,analysis/v18_canonical_pipeline/inputs/imagenet_base/session_2_seeds_123/noise_all_families.json
imagenet,rope,123,1821774437,0.1,0.0982354286124091,0.9958720330237357,analysis/v18_canonical_pipeline/inputs/imagenet_base/session_2_seeds_123/noise_all_families.json
imagenet,rope,123,1821774437,0.2,0.19764420215086617,0.9924320605435156,analysis/v18_canonical_pipeline/inputs/imagenet_base/session_2_seeds_123/noise_all_families.json
imagenet,rope,123,1821774437,0.4,0.3990345683238166,0.9659442724458204,analysis/v18_canonical_pipeline/inputs/imagenet_base/session_2_seeds_123/noise_all_families.json
imagenet,alibi,123,1129524128,0.001,0.004609965666691964,0.9978685612788634,analysis/v18_canonical_pipeline/inputs/imagenet_base/session_2_seeds_123/noise_all_families.json
imagenet,alibi,123,1129524128,0.0025,0.011520008261994048,0.9925399644760213,analysis/v18_canonical_pipeline/inputs/imagenet_base/session_2_seeds_123/noise_all_families.json
imagenet,alibi,123,1129524128,0.005,0.02299678708147279,0.991474245115453,analysis/v18_canonical_pipeline/inputs/imagenet_base/session_2_seeds_123/noise_all_families.json
imagenet,alibi,123,1129524128,0.01,0.045750969783902175,0.9740674955595027,analysis/v18_canonical_pipeline/inputs/imagenet_base/session_2_seeds_123/noise_all_families.json
imagenet,alibi,123,1129524128,0.025,0.11261142662061291,0.8120781527531084,analysis/v18_canonical_pipeline/inputs/imagenet_base/session_2_seeds_123/noise_all_families.json
imagenet,alibi,123,1129524128,0.05,0.22074609650359975,0.3644760213143872,analysis/v18_canonical_pipeline/inputs/imagenet_base/session_2_seeds_123/noise_all_families.json
imagenet,alibi,123,1618910425,0.001,0.004421291242131991,0.999644760213144,analysis/v18_canonical_pipeline/inputs/imagenet_base/session_2_seeds_123/noise_all_families.json
imagenet,alibi,123,1618910425,0.0025,0.011047479717734135,0.9985790408525754,analysis/v18_canonical_pipeline/inputs/imagenet_base/session_2_seeds_123/noise_all_families.json
imagenet,alibi,123,1618910425,0.005,0.022064690700817256,0.9936056838365896,analysis/v18_canonical_pipeline/inputs/imagenet_base/session_2_seeds_123/noise_all_families.json
imagenet,alibi,123,1618910425,0.01,0.04395717803968551,0.9797513321492007,analysis/v18_canonical_pipeline/inputs/imagenet_base/session_2_seeds_123/noise_all_families.json
imagenet,alibi,123,1618910425,0.025,0.10875111554434147,0.9403197158081706,analysis/v18_canonical_pipeline/inputs/imagenet_base/session_2_seeds_123/noise_all_families.json
imagenet,alibi,123,1618910425,0.05,0.21561237461538602,0.8266429840142097,analysis/v18_canonical_pipeline/inputs/imagenet_base/session_2_seeds_123/noise_all_families.json
imagenet,alibi,123,179672207,0.001,0.0045095989769881935,1.0,analysis/v18_canonical_pipeline/inputs/imagenet_base/session_2_seeds_123/noise_all_families.json
imagenet,alibi,123,179672207,0.0025,0.011305220979032788,0.9950266429840142,analysis/v18_canonical_pipeline/inputs/imagenet_base/session_2_seeds_123/noise_all_families.json
imagenet,alibi,123,179672207,0.005,0.022704665603315508,0.9904085257548845,analysis/v18_canonical_pipeline/inputs/imagenet_base/session_2_seeds_123/noise_all_families.json
imagenet,alibi,123,179672207,0.01,0.04564808480978995,0.9701598579040852,analysis/v18_canonical_pipeline/inputs/imagenet_base/session_2_seeds_123/noise_all_families.json
imagenet,alibi,123,179672207,0.025,0.1131412240173134,0.7381882770870338,analysis/v18_canonical_pipeline/inputs/imagenet_base/session_2_seeds_123/noise_all_families.json
imagenet,alibi,123,179672207,0.05,0.22046269265441792,0.3399644760213144,analysis/v18_canonical_pipeline/inputs/imagenet_base/session_2_seeds_123/noise_all_families.json
imagenet,alibi,123,193161432,0.001,0.004480787696383927,0.9971580817051511,analysis/v18_canonical_pipeline/inputs/imagenet_base/session_2_seeds_123/noise_all_families.json
imagenet,alibi,123,193161432,0.0025,0.011182865795127159,0.9953818827708705,analysis/v18_canonical_pipeline/inputs/imagenet_base/session_2_seeds_123/noise_all_families.json
imagenet,alibi,123,193161432,0.005,0.022300786728642937,0.9911190053285968,analysis/v18_canonical_pipeline/inputs/imagenet_base/session_2_seeds_123/noise_all_families.json
imagenet,alibi,123,193161432,0.01,0.044385566671545605,0.9740674955595027,analysis/v18_canonical_pipeline/inputs/imagenet_base/session_2_seeds_123/noise_all_families.json
imagenet,alibi,123,193161432,0.025,0.11000702173154372,0.8586145648312612,analysis/v18_canonical_pipeline/inputs/imagenet_base/session_2_seeds_123/noise_all_families.json
imagenet,alibi,123,193161432,0.05,0.2178826310306948,0.5339253996447603,analysis/v18_canonical_pipeline/inputs/imagenet_base/session_2_seeds_123/noise_all_families.json
imagenet,alibi,123,1322018208,0.001,0.004398354640076448,0.9968028419182948,analysis/v18_canonical_pipeline/inputs/imagenet_base/session_2_seeds_123/noise_all_families.json
imagenet,alibi,123,1322018208,0.0025,0.010983400580949675,0.9982238010657194,analysis/v18_canonical_pipeline/inputs/imagenet_base/session_2_seeds_123/noise_all_families.json
imagenet,alibi,123,1322018208,0.005,0.021928562203340513,0.9896980461811723,analysis/v18_canonical_pipeline/inputs/imagenet_base/session_2_seeds_123/noise_all_families.json
imagenet,alibi,123,1322018208,0.01,0.04372693733599873,0.9730017761989344,analysis/v18_canonical_pipeline/inputs/imagenet_base/session_2_seeds_123/noise_all_families.json
imagenet,alibi,123,1322018208,0.025,0.10867090882366184,0.8397868561278863,analysis/v18_canonical_pipeline/inputs/imagenet_base/session_2_seeds_123/noise_all_families.json
imagenet,alibi,123,1322018208,0.05,0.2162685509564802,0.5896980461811723,analysis/v18_canonical_pipeline/inputs/imagenet_base/session_2_seeds_123/noise_all_families.json
imagenet,alibi,123,1910794309,0.001,0.004546467862375422,0.9968028419182948,analysis/v18_canonical_pipeline/inputs/imagenet_base/session_2_seeds_123/noise_all_families.json
imagenet,alibi,123,1910794309,0.0025,0.011403673178880365,0.9936056838365896,analysis/v18_canonical_pipeline/inputs/imagenet_base/session_2_seeds_123/noise_all_families.json
imagenet,alibi,123,1910794309,0.005,0.022932063700265463,0.985790408525755,analysis/v18_canonical_pipeline/inputs/imagenet_base/session_2_seeds_123/noise_all_families.json
imagenet,alibi,123,1910794309,0.01,0.04627917288139157,0.9495559502664299,analysis/v18_canonical_pipeline/inputs/imagenet_base/session_2_seeds_123/noise_all_families.json
imagenet,alibi,123,1910794309,0.025,0.11534490769325946,0.549911190053286,analysis/v18_canonical_pipeline/inputs/imagenet_base/session_2_seeds_123/noise_all_families.json
imagenet,alibi,123,1910794309,0.05,0.22381374435071927,0.1641207815275311,analysis/v18_canonical_pipeline/inputs/imagenet_base/session_2_seeds_123/noise_all_families.json
imagenet,alibi,123,1432882998,0.001,0.0044055467922113544,0.9982238010657194,analysis/v18_canonical_pipeline/inputs/imagenet_base/session_2_seeds_123/noise_all_families.json
imagenet,alibi,123,1432882998,0.0025,0.011003724828294202,0.9953818827708705,analysis/v18_canonical_pipeline/inputs/imagenet_base/session_2_seeds_123/noise_all_families.json
imagenet,alibi,123,1432882998,0.005,0.02197097992883362,0.991829484902309,analysis/v18_canonical_pipeline/inputs/imagenet_base/session_2_seeds_123/noise_all_families.json
imagenet,alibi,123,1432882998,0.01,0.043789576707499916,0.9772646536412078,analysis/v18_canonical_pipeline/inputs/imagenet_base/session_2_seeds_123/noise_all_families.json
imagenet,alibi,123,1432882998,0.025,0.10851338700506262,0.8664298401420959,analysis/v18_canonical_pipeline/inputs/imagenet_base/session_2_seeds_123/noise_all_families.json
imagenet,alibi,123,1432882998,0.05,0.2154163511149034,0.6085257548845471,analysis/v18_canonical_pipeline/inputs/imagenet_base/session_2_seeds_123/noise_all_families.json
imagenet,alibi,123,4050907,0.001,0.0044902657189882,0.9978685612788634,analysis/v18_canonical_pipeline/inputs/imagenet_base/session_2_seeds_123/noise_all_families.json
imagenet,alibi,123,4050907,0.0025,0.01119342999448786,0.9953818827708705,analysis/v18_canonical_pipeline/inputs/imagenet_base/session_2_seeds_123/noise_all_families.json
imagenet,alibi,123,4050907,0.005,0.02229143715889021,0.9879218472468916,analysis/v18_canonical_pipeline/inputs/imagenet_base/session_2_seeds_123/noise_all_families.json
imagenet,alibi,123,4050907,0.01,0.04428469752346719,0.9687388987566609,analysis/v18_canonical_pipeline/inputs/imagenet_base/session_2_seeds_123/noise_all_families.json
imagenet,alibi,123,4050907,0.025,0.10949021429293665,0.8532859680284192,analysis/v18_canonical_pipeline/inputs/imagenet_base/session_2_seeds_123/noise_all_families.json
imagenet,alibi,123,4050907,0.05,0.21732744234464993,0.6383658969804619,analysis/v18_canonical_pipeline/inputs/imagenet_base/session_2_seeds_123/noise_all_families.json
imagenet,alibi,123,815771577,0.001,0.004437803250758864,0.9978685612788634,analysis/v18_canonical_pipeline/inputs/imagenet_base/session_2_seeds_123/noise_all_families.json
imagenet,alibi,123,815771577,0.0025,0.011113380897681184,0.9953818827708705,analysis/v18_canonical_pipeline/inputs/imagenet_base/session_2_seeds_123/noise_all_families.json
imagenet,alibi,123,815771577,0.005,0.02229290395755248,0.9925399644760213,analysis/v18_canonical_pipeline/inputs/imagenet_base/session_2_seeds_123/noise_all_families.json
imagenet,alibi,123,815771577,0.01,0.0448563360539103,0.974777975133215,analysis/v18_canonical_pipeline/inputs/imagenet_base/session_2_seeds_123/noise_all_families.json
imagenet,alibi,123,815771577,0.025,0.11327131750522265,0.7587921847246892,analysis/v18_canonical_pipeline/inputs/imagenet_base/session_2_seeds_123/noise_all_families.json
imagenet,alibi,123,815771577,0.05,0.22324560014952555,0.23268206039076378,analysis/v18_canonical_pipeline/inputs/imagenet_base/session_2_seeds_123/noise_all_families.json
imagenet,alibi,123,1821774437,0.001,0.004407886125122562,1.0,analysis/v18_canonical_pipeline/inputs/imagenet_base/session_2_seeds_123/noise_all_families.json
imagenet,alibi,123,1821774437,0.0025,0.011003993130286396,0.9968028419182948,analysis/v18_canonical_pipeline/inputs/imagenet_base/session_2_seeds_123/noise_all_families.json
imagenet,alibi,123,1821774437,0.005,0.021956677678210204,0.9971580817051511,analysis/v18_canonical_pipeline/inputs/imagenet_base/session_2_seeds_123/noise_all_families.json
imagenet,alibi,123,1821774437,0.01,0.04372730871980042,0.9882770870337478,analysis/v18_canonical_pipeline/inputs/imagenet_base/session_2_seeds_123/noise_all_families.json
imagenet,alibi,123,1821774437,0.025,0.10842767331059018,0.9399644760213144,analysis/v18_canonical_pipeline/inputs/imagenet_base/session_2_seeds_123/noise_all_families.json
imagenet,alibi,123,1821774437,0.05,0.21573046651345842,0.8458259325044406,analysis/v18_canonical_pipeline/inputs/imagenet_base/session_2_seeds_123/noise_all_families.json
imagenet,learned,456,794217802,0.0025,0.0031315922489277533,1.000367376928729,analysis/v18_canonical_pipeline/inputs/imagenet_base/session_3_seeds_456/noise_all_families.json
imagenet,learned,456,794217802,0.005,0.006240105790434729,1.000367376928729,analysis/v18_canonical_pipeline/inputs/imagenet_base/session_3_seeds_456/noise_all_families.json
imagenet,learned,456,794217802,0.01,0.012521919851544642,1.0007347538574578,analysis/v18_canonical_pipeline/inputs/imagenet_base/session_3_seeds_456/noise_all_families.json
imagenet,learned,456,794217802,0.02,0.025599888395387342,1.0,analysis/v18_canonical_pipeline/inputs/imagenet_base/session_3_seeds_456/noise_all_families.json
imagenet,learned,456,794217802,0.04,0.05430118292515999,1.0,analysis/v18_canonical_pipeline/inputs/imagenet_base/session_3_seeds_456/noise_all_families.json
imagenet,learned,456,794217802,0.05,0.06934571383418964,0.9988978692138134,analysis/v18_canonical_pipeline/inputs/imagenet_base/session_3_seeds_456/noise_all_families.json
imagenet,learned,456,794217802,0.06,0.08447271076091295,0.9996326230712712,analysis/v18_canonical_pipeline/inputs/imagenet_base/session_3_seeds_456/noise_all_families.json
imagenet,learned,456,794217802,0.08,0.11476498474857161,0.9970609845701691,analysis/v18_canonical_pipeline/inputs/imagenet_base/session_3_seeds_456/noise_all_families.json
imagenet,learned,456,650510565,0.0025,0.0033297810212904416,1.000367376928729,analysis/v18_canonical_pipeline/inputs/imagenet_base/session_3_seeds_456/noise_all_families.json
imagenet,learned,456,650510565,0.005,0.006649593644467696,1.0011021307861867,analysis/v18_canonical_pipeline/inputs/imagenet_base/session_3_seeds_456/noise_all_families.json
imagenet,learned,456,650510565,0.01,0.013361376075879347,1.000367376928729,analysis/v18_canonical_pipeline/inputs/imagenet_base/session_3_seeds_456/noise_all_families.json
imagenet,learned,456,650510565,0.02,0.02714550618747697,1.0018368846436445,analysis/v18_canonical_pipeline/inputs/imagenet_base/session_3_seeds_456/noise_all_families.json
imagenet,learned,456,650510565,0.04,0.055878609158484194,0.9981631153563556,analysis/v18_canonical_pipeline/inputs/imagenet_base/session_3_seeds_456/noise_all_families.json
imagenet,learned,456,650510565,0.05,0.07046498095349125,0.9952240999265247,analysis/v18_canonical_pipeline/inputs/imagenet_base/session_3_seeds_456/noise_all_families.json
imagenet,learned,456,650510565,0.06,0.08512210466940362,0.9948567229977958,analysis/v18_canonical_pipeline/inputs/imagenet_base/session_3_seeds_456/noise_all_families.json
imagenet,learned,456,650510565,0.08,0.11484880274798857,0.9926524614254226,analysis/v18_canonical_pipeline/inputs/imagenet_base/session_3_seeds_456/noise_all_families.json
imagenet,learned,456,1336624712,0.0025,0.0032639062825939444,1.0,analysis/v18_canonical_pipeline/inputs/imagenet_base/session_3_seeds_456/noise_all_families.json
imagenet,learned,456,1336624712,0.005,0.006542739764413446,1.0,analysis/v18_canonical_pipeline/inputs/imagenet_base/session_3_seeds_456/noise_all_families.json
imagenet,learned,456,1336624712,0.01,0.01321962861723414,1.0,analysis/v18_canonical_pipeline/inputs/imagenet_base/session_3_seeds_456/noise_all_families.json
imagenet,learned,456,1336624712,0.02,0.02711264578933473,0.9985304922850846,analysis/v18_canonical_pipeline/inputs/imagenet_base/session_3_seeds_456/noise_all_families.json
imagenet,learned,456,1336624712,0.04,0.05631346375206666,0.9977957384276268,analysis/v18_canonical_pipeline/inputs/imagenet_base/session_3_seeds_456/noise_all_families.json
imagenet,learned,456,1336624712,0.05,0.0710908906950069,0.9963262307127113,analysis/v18_canonical_pipeline/inputs/imagenet_base/session_3_seeds_456/noise_all_families.json
imagenet,learned,456,1336624712,0.06,0.08589846477898615,0.9952240999265247,analysis/v18_canonical_pipeline/inputs/imagenet_base/session_3_seeds_456/noise_all_families.json
imagenet,learned,456,1336624712,0.08,0.11586726361071747,0.9937545922116092,analysis/v18_canonical_pipeline/inputs/imagenet_base/session_3_seeds_456/noise_all_families.json
imagenet,learned,456,1266112268,0.0025,0.0034679154065479505,1.0,analysis/v18_canonical_pipeline/inputs/imagenet_base/session_3_seeds_456/noise_all_families.json
imagenet,learned,456,1266112268,0.005,0.006947626837525797,0.9996326230712712,analysis/v18_canonical_pipeline/inputs/imagenet_base/session_3_seeds_456/noise_all_families.json
imagenet,learned,456,1266112268,0.01,0.01403331802363847,0.9996326230712712,analysis/v18_canonical_pipeline/inputs/imagenet_base/session_3_seeds_456/noise_all_families.json
imagenet,learned,456,1266112268,0.02,0.028701430061159692,1.000367376928729,analysis/v18_canonical_pipeline/inputs/imagenet_base/session_3_seeds_456/noise_all_families.json
imagenet,learned,456,1266112268,0.04,0.05874546587549228,0.9974283614988979,analysis/v18_canonical_pipeline/inputs/imagenet_base/session_3_seeds_456/noise_all_families.json
imagenet,learned,456,1266112268,0.05,0.07344792399140715,0.9952240999265247,analysis/v18_canonical_pipeline/inputs/imagenet_base/session_3_seeds_456/noise_all_families.json
imagenet,learned,456,1266112268,0.06,0.08801126443942592,0.9937545922116092,analysis/v18_canonical_pipeline/inputs/imagenet_base/session_3_seeds_456/noise_all_families.json
imagenet,learned,456,1266112268,0.08,0.1175570848929929,0.9930198383541514,analysis/v18_canonical_pipeline/inputs/imagenet_base/session_3_seeds_456/noise_all_families.json
imagenet,learned,456,1226451937,0.0025,0.0032650118176088846,1.000367376928729,analysis/v18_canonical_pipeline/inputs/imagenet_base/session_3_seeds_456/noise_all_families.json
imagenet,learned,456,1226451937,0.005,0.006511847275233588,0.9996326230712712,analysis/v18_canonical_pipeline/inputs/imagenet_base/session_3_seeds_456/noise_all_families.json
imagenet,learned,456,1226451937,0.01,0.013057667981001008,0.9996326230712712,analysis/v18_canonical_pipeline/inputs/imagenet_base/session_3_seeds_456/noise_all_families.json
imagenet,learned,456,1226451937,0.02,0.026520525698463738,0.9981631153563556,analysis/v18_canonical_pipeline/inputs/imagenet_base/session_3_seeds_456/noise_all_families.json
imagenet,learned,456,1226451937,0.04,0.05515143489983009,0.9963262307127113,analysis/v18_canonical_pipeline/inputs/imagenet_base/session_3_seeds_456/noise_all_families.json
imagenet,learned,456,1226451937,0.05,0.06997610575507512,0.9955914768552535,analysis/v18_canonical_pipeline/inputs/imagenet_base/session_3_seeds_456/noise_all_families.json
imagenet,learned,456,1226451937,0.06,0.08494811608986068,0.9955914768552535,analysis/v18_canonical_pipeline/inputs/imagenet_base/session_3_seeds_456/noise_all_families.json
imagenet,learned,456,1226451937,0.08,0.1151854066833762,0.994121969140338,analysis/v18_canonical_pipeline/inputs/imagenet_base/session_3_seeds_456/noise_all_families.json
imagenet,learned,456,110430652,0.0025,0.0034372596677476504,1.0007347538574578,analysis/v18_canonical_pipeline/inputs/imagenet_base/session_3_seeds_456/noise_all_families.json
imagenet,learned,456,110430652,0.005,0.0068336615315163695,1.000367376928729,analysis/v18_canonical_pipeline/inputs/imagenet_base/session_3_seeds_456/noise_all_families.json
imagenet,learned,456,110430652,0.01,0.013584398478500273,1.0011021307861867,analysis/v18_canonical_pipeline/inputs/imagenet_base/session_3_seeds_456/noise_all_families.json
imagenet,learned,456,110430652,0.02,0.02711798324159511,0.9988978692138134,analysis/v18_canonical_pipeline/inputs/imagenet_base/session_3_seeds_456/noise_all_families.json
imagenet,learned,456,110430652,0.04,0.055452283080658964,0.9981631153563556,analysis/v18_canonical_pipeline/inputs/imagenet_base/session_3_seeds_456/noise_all_families.json
imagenet,learned,456,110430652,0.05,0.07026591198714775,0.9974283614988979,analysis/v18_canonical_pipeline/inputs/imagenet_base/session_3_seeds_456/noise_all_families.json
imagenet,learned,456,110430652,0.06,0.08529893946224508,0.9970609845701691,analysis/v18_canonical_pipeline/inputs/imagenet_base/session_3_seeds_456/noise_all_families.json
imagenet,learned,456,110430652,0.08,0.1156585742686914,0.9952240999265247,analysis/v18_canonical_pipeline/inputs/imagenet_base/session_3_seeds_456/noise_all_families.json
imagenet,learned,456,1269834480,0.0025,0.003328631382253212,1.0,analysis/v18_canonical_pipeline/inputs/imagenet_base/session_3_seeds_456/noise_all_families.json
imagenet,learned,456,1269834480,0.005,0.006654012583378871,1.000367376928729,analysis/v18_canonical_pipeline/inputs/imagenet_base/session_3_seeds_456/noise_all_families.json
imagenet,learned,456,1269834480,0.01,0.013392536513461813,0.9988978692138134,analysis/v18_canonical_pipeline/inputs/imagenet_base/session_3_seeds_456/noise_all_families.json
imagenet,learned,456,1269834480,0.02,0.027282495325186597,1.000367376928729,analysis/v18_canonical_pipeline/inputs/imagenet_base/session_3_seeds_456/noise_all_families.json
imagenet,learned,456,1269834480,0.04,0.056353783205079416,0.9985304922850846,analysis/v18_canonical_pipeline/inputs/imagenet_base/session_3_seeds_456/noise_all_families.json
imagenet,learned,456,1269834480,0.05,0.07112034327993087,0.9970609845701691,analysis/v18_canonical_pipeline/inputs/imagenet_base/session_3_seeds_456/noise_all_families.json
imagenet,learned,456,1269834480,0.06,0.08594562811545735,0.9977957384276268,analysis/v18_canonical_pipeline/inputs/imagenet_base/session_3_seeds_456/noise_all_families.json
imagenet,learned,456,1269834480,0.08,0.11598374791003649,0.9974283614988979,analysis/v18_canonical_pipeline/inputs/imagenet_base/session_3_seeds_456/noise_all_families.json
imagenet,learned,456,748602735,0.0025,0.0032461045247231196,1.0,analysis/v18_canonical_pipeline/inputs/imagenet_base/session_3_seeds_456/noise_all_families.json
imagenet,learned,456,748602735,0.005,0.006478925326988929,1.000367376928729,analysis/v18_canonical_pipeline/inputs/imagenet_base/session_3_seeds_456/noise_all_families.json
imagenet,learned,456,748602735,0.01,0.013011570685576668,1.0011021307861867,analysis/v18_canonical_pipeline/inputs/imagenet_base/session_3_seeds_456/noise_all_families.json
imagenet,learned,456,748602735,0.02,0.026506748559827476,1.0007347538574578,analysis/v18_canonical_pipeline/inputs/imagenet_base/session_3_seeds_456/noise_all_families.json
imagenet,learned,456,748602735,0.04,0.055185451949122735,1.000367376928729,analysis/v18_canonical_pipeline/inputs/imagenet_base/session_3_seeds_456/noise_all_families.json
imagenet,learned,456,748602735,0.05,0.06997997585048382,1.0,analysis/v18_canonical_pipeline/inputs/imagenet_base/session_3_seeds_456/noise_all_families.json
imagenet,learned,456,748602735,0.06,0.08492812996754875,1.0014695077149156,analysis/v18_canonical_pipeline/inputs/imagenet_base/session_3_seeds_456/noise_all_families.json
imagenet,learned,456,748602735,0.08,0.11525957967644408,0.9970609845701691,analysis/v18_canonical_pipeline/inputs/imagenet_base/session_3_seeds_456/noise_all_families.json
imagenet,learned,456,232799592,0.0025,0.003339685938454664,1.0,analysis/v18_canonical_pipeline/inputs/imagenet_base/session_3_seeds_456/noise_all_families.json
imagenet,learned,456,232799592,0.005,0.00670286862710735,0.9996326230712712,analysis/v18_canonical_pipeline/inputs/imagenet_base/session_3_seeds_456/noise_all_families.json
imagenet,learned,456,232799592,0.01,0.013590599208779492,0.9996326230712712,analysis/v18_canonical_pipeline/inputs/imagenet_base/session_3_seeds_456/noise_all_families.json
imagenet,learned,456,232799592,0.02,0.027943751717400017,1.0,analysis/v18_canonical_pipeline/inputs/imagenet_base/session_3_seeds_456/noise_all_families.json
imagenet,learned,456,232799592,0.04,0.05755851744103359,0.9963262307127113,analysis/v18_canonical_pipeline/inputs/imagenet_base/session_3_seeds_456/noise_all_families.json
imagenet,learned,456,232799592,0.05,0.07224404958087843,0.9963262307127113,analysis/v18_canonical_pipeline/inputs/imagenet_base/session_3_seeds_456/noise_all_families.json
imagenet,learned,456,232799592,0.06,0.08689184642983161,0.9948567229977958,analysis/v18_canonical_pipeline/inputs/imagenet_base/session_3_seeds_456/noise_all_families.json
imagenet,learned,456,232799592,0.08,0.11659493579133827,0.9948567229977958,analysis/v18_canonical_pipeline/inputs/imagenet_base/session_3_seeds_456/noise_all_families.json
imagenet,learned,456,1515444192,0.0025,0.003194971445933731,1.0,analysis/v18_canonical_pipeline/inputs/imagenet_base/session_3_seeds_456/noise_all_families.json
imagenet,learned,456,1515444192,0.005,0.006383329568272861,1.0,analysis/v18_canonical_pipeline/inputs/imagenet_base/session_3_seeds_456/noise_all_families.json
imagenet,learned,456,1515444192,0.01,0.012839701083841741,0.9988978692138134,analysis/v18_canonical_pipeline/inputs/imagenet_base/session_3_seeds_456/noise_all_families.json
imagenet,learned,456,1515444192,0.02,0.026219088107887333,0.9996326230712712,analysis/v18_canonical_pipeline/inputs/imagenet_base/session_3_seeds_456/noise_all_families.json
imagenet,learned,456,1515444192,0.04,0.05471036699922877,0.9977957384276268,analysis/v18_canonical_pipeline/inputs/imagenet_base/session_3_seeds_456/noise_all_families.json
imagenet,learned,456,1515444192,0.05,0.06936128581312465,0.9955914768552535,analysis/v18_canonical_pipeline/inputs/imagenet_base/session_3_seeds_456/noise_all_families.json
imagenet,learned,456,1515444192,0.06,0.08409074904293164,0.9963262307127113,analysis/v18_canonical_pipeline/inputs/imagenet_base/session_3_seeds_456/noise_all_families.json
imagenet,learned,456,1515444192,0.08,0.11381370432854364,0.9937545922116092,analysis/v18_canonical_pipeline/inputs/imagenet_base/session_3_seeds_456/noise_all_families.json
imagenet,sinusoidal,456,794217802,0.01,0.00827856606555158,1.0003554923569145,analysis/v18_canonical_pipeline/inputs/imagenet_base/session_3_seeds_456/noise_all_families.json
imagenet,sinusoidal,456,794217802,0.025,0.02077397906378397,0.9985780305723428,analysis/v18_canonical_pipeline/inputs/imagenet_base/session_3_seeds_456/noise_all_families.json
imagenet,sinusoidal,456,794217802,0.05,0.04217546724145553,0.9978670458585142,analysis/v18_canonical_pipeline/inputs/imagenet_base/session_3_seeds_456/noise_all_families.json
imagenet,sinusoidal,456,794217802,0.1,0.08759213427050129,0.9957340917170281,analysis/v18_canonical_pipeline/inputs/imagenet_base/session_3_seeds_456/noise_all_families.json
imagenet,sinusoidal,456,794217802,0.2,0.18226255859910967,0.9875577675079986,analysis/v18_canonical_pipeline/inputs/imagenet_base/session_3_seeds_456/noise_all_families.json
imagenet,sinusoidal,456,650510565,0.01,0.008239828457344299,1.0,analysis/v18_canonical_pipeline/inputs/imagenet_base/session_3_seeds_456/noise_all_families.json
imagenet,sinusoidal,456,650510565,0.025,0.020710090863396827,1.0007109847138287,analysis/v18_canonical_pipeline/inputs/imagenet_base/session_3_seeds_456/noise_all_families.json
imagenet,sinusoidal,456,650510565,0.05,0.04216453332795149,0.9996445076430858,analysis/v18_canonical_pipeline/inputs/imagenet_base/session_3_seeds_456/noise_all_families.json
imagenet,sinusoidal,456,650510565,0.1,0.08798933868889204,0.9964450764308568,analysis/v18_canonical_pipeline/inputs/imagenet_base/session_3_seeds_456/noise_all_families.json
imagenet,sinusoidal,456,650510565,0.2,0.18364710021584682,0.9957340917170281,analysis/v18_canonical_pipeline/inputs/imagenet_base/session_3_seeds_456/noise_all_families.json
imagenet,sinusoidal,456,1336624712,0.01,0.008161037406027829,1.0010664770707431,analysis/v18_canonical_pipeline/inputs/imagenet_base/session_3_seeds_456/noise_all_families.json
imagenet,sinusoidal,456,1336624712,0.025,0.02049808939915907,1.0028439388553148,analysis/v18_canonical_pipeline/inputs/imagenet_base/session_3_seeds_456/noise_all_families.json
imagenet,sinusoidal,456,1336624712,0.05,0.041739974069156256,1.0,analysis/v18_canonical_pipeline/inputs/imagenet_base/session_3_seeds_456/noise_all_families.json
imagenet,sinusoidal,456,1336624712,0.1,0.08733189205182752,0.9950231070031994,analysis/v18_canonical_pipeline/inputs/imagenet_base/session_3_seeds_456/noise_all_families.json
imagenet,sinusoidal,456,1336624712,0.2,0.18267566077239863,0.9850693210095983,analysis/v18_canonical_pipeline/inputs/imagenet_base/session_3_seeds_456/noise_all_families.json
imagenet,sinusoidal,456,1266112268,0.01,0.008223107749681555,1.0010664770707431,analysis/v18_canonical_pipeline/inputs/imagenet_base/session_3_seeds_456/noise_all_families.json
imagenet,sinusoidal,456,1266112268,0.025,0.02064758954502759,0.9989335229292571,analysis/v18_canonical_pipeline/inputs/imagenet_base/session_3_seeds_456/noise_all_families.json
imagenet,sinusoidal,456,1266112268,0.05,0.041992197569053515,0.9978670458585142,analysis/v18_canonical_pipeline/inputs/imagenet_base/session_3_seeds_456/noise_all_families.json
imagenet,sinusoidal,456,1266112268,0.1,0.08768367093527453,0.9932456452186279,analysis/v18_canonical_pipeline/inputs/imagenet_base/session_3_seeds_456/noise_all_families.json
imagenet,sinusoidal,456,1266112268,0.2,0.18342956856376696,0.9832918592250268,analysis/v18_canonical_pipeline/inputs/imagenet_base/session_3_seeds_456/noise_all_families.json
imagenet,sinusoidal,456,1226451937,0.01,0.008348997759840694,1.0003554923569145,analysis/v18_canonical_pipeline/inputs/imagenet_base/session_3_seeds_456/noise_all_families.json
imagenet,sinusoidal,456,1226451937,0.025,0.02098432250336638,0.9989335229292571,analysis/v18_canonical_pipeline/inputs/imagenet_base/session_3_seeds_456/noise_all_families.json
imagenet,sinusoidal,456,1226451937,0.05,0.04275871263510706,0.9982225382154284,analysis/v18_canonical_pipeline/inputs/imagenet_base/session_3_seeds_456/noise_all_families.json
imagenet,sinusoidal,456,1226451937,0.1,0.0892833147856421,0.9960895840739425,analysis/v18_canonical_pipeline/inputs/imagenet_base/session_3_seeds_456/noise_all_families.json
imagenet,sinusoidal,456,1226451937,0.2,0.18533367708617526,0.9840028439388554,analysis/v18_canonical_pipeline/inputs/imagenet_base/session_3_seeds_456/noise_all_families.json
imagenet,sinusoidal,456,110430652,0.01,0.00822702459302246,0.9989335229292571,analysis/v18_canonical_pipeline/inputs/imagenet_base/session_3_seeds_456/noise_all_families.json
imagenet,sinusoidal,456,110430652,0.025,0.020650857225769682,0.9996445076430858,analysis/v18_canonical_pipeline/inputs/imagenet_base/session_3_seeds_456/noise_all_families.json
imagenet,sinusoidal,456,110430652,0.05,0.04198131342330644,1.0010664770707431,analysis/v18_canonical_pipeline/inputs/imagenet_base/session_3_seeds_456/noise_all_families.json
imagenet,sinusoidal,456,110430652,0.1,0.08757944379533916,1.0017774617845718,analysis/v18_canonical_pipeline/inputs/imagenet_base/session_3_seeds_456/noise_all_families.json
imagenet,sinusoidal,456,110430652,0.2,0.18347943922204854,0.9896907216494847,analysis/v18_canonical_pipeline/inputs/imagenet_base/session_3_seeds_456/noise_all_families.json
imagenet,sinusoidal,456,1269834480,0.01,0.008185620611616675,0.9989335229292571,analysis/v18_canonical_pipeline/inputs/imagenet_base/session_3_seeds_456/noise_all_families.json
imagenet,sinusoidal,456,1269834480,0.025,0.020582274307254594,0.9971560611446855,analysis/v18_canonical_pipeline/inputs/imagenet_base/session_3_seeds_456/noise_all_families.json
imagenet,sinusoidal,456,1269834480,0.05,0.041935853278759455,0.9960895840739425,analysis/v18_canonical_pipeline/inputs/imagenet_base/session_3_seeds_456/noise_all_families.json
imagenet,sinusoidal,456,1269834480,0.1,0.08751014572736364,0.9992890152861713,analysis/v18_canonical_pipeline/inputs/imagenet_base/session_3_seeds_456/noise_all_families.json
imagenet,sinusoidal,456,1269834480,0.2,0.18239908734993385,0.9918236757909705,analysis/v18_canonical_pipeline/inputs/imagenet_base/session_3_seeds_456/noise_all_families.json
imagenet,sinusoidal,456,748602735,0.01,0.008380316202251745,0.9996445076430858,analysis/v18_canonical_pipeline/inputs/imagenet_base/session_3_seeds_456/noise_all_families.json
imagenet,sinusoidal,456,748602735,0.025,0.021029159905984734,0.9992890152861713,analysis/v18_canonical_pipeline/inputs/imagenet_base/session_3_seeds_456/noise_all_families.json
imagenet,sinusoidal,456,748602735,0.05,0.04269534001999928,0.9985780305723428,analysis/v18_canonical_pipeline/inputs/imagenet_base/session_3_seeds_456/noise_all_families.json
imagenet,sinusoidal,456,748602735,0.1,0.08880593442419975,0.9957340917170281,analysis/v18_canonical_pipeline/inputs/imagenet_base/session_3_seeds_456/noise_all_families.json
imagenet,sinusoidal,456,748602735,0.2,0.1850916447120576,0.9854248133665127,analysis/v18_canonical_pipeline/inputs/imagenet_base/session_3_seeds_456/noise_all_families.json
imagenet,sinusoidal,456,232799592,0.01,0.008277601396935385,0.9996445076430858,analysis/v18_canonical_pipeline/inputs/imagenet_base/session_3_seeds_456/noise_all_families.json
imagenet,sinusoidal,456,232799592,0.025,0.020820215677240704,0.9996445076430858,analysis/v18_canonical_pipeline/inputs/imagenet_base/session_3_seeds_456/noise_all_families.json
imagenet,sinusoidal,456,232799592,0.05,0.042449604748594424,0.9971560611446855,analysis/v18_canonical_pipeline/inputs/imagenet_base/session_3_seeds_456/noise_all_families.json
imagenet,sinusoidal,456,232799592,0.1,0.0885347083284896,0.9943121222893708,analysis/v18_canonical_pipeline/inputs/imagenet_base/session_3_seeds_456/noise_all_families.json
imagenet,sinusoidal,456,232799592,0.2,0.18329673054297377,0.9896907216494847,analysis/v18_canonical_pipeline/inputs/imagenet_base/session_3_seeds_456/noise_all_families.json
imagenet,sinusoidal,456,1515444192,0.01,0.00819150714611036,1.0007109847138287,analysis/v18_canonical_pipeline/inputs/imagenet_base/session_3_seeds_456/noise_all_families.json
imagenet,sinusoidal,456,1515444192,0.025,0.020572973759315032,0.9982225382154284,analysis/v18_canonical_pipeline/inputs/imagenet_base/session_3_seeds_456/noise_all_families.json
imagenet,sinusoidal,456,1515444192,0.05,0.04184793668048982,0.9960895840739425,analysis/v18_canonical_pipeline/inputs/imagenet_base/session_3_seeds_456/noise_all_families.json
imagenet,sinusoidal,456,1515444192,0.1,0.08729695614368999,0.9950231070031994,analysis/v18_canonical_pipeline/inputs/imagenet_base/session_3_seeds_456/noise_all_families.json
imagenet,sinusoidal,456,1515444192,0.2,0.18263353712008853,0.9893352292925702,analysis/v18_canonical_pipeline/inputs/imagenet_base/session_3_seeds_456/noise_all_families.json
imagenet,rope,456,794217802,0.025,0.02447720312704558,0.9996569468267582,analysis/v18_canonical_pipeline/inputs/imagenet_base/session_3_seeds_456/noise_all_families.json
imagenet,rope,456,794217802,0.05,0.04899786904771384,1.0,analysis/v18_canonical_pipeline/inputs/imagenet_base/session_3_seeds_456/noise_all_families.json
imagenet,rope,456,794217802,0.1,0.09792956179009754,0.9982847341337908,analysis/v18_canonical_pipeline/inputs/imagenet_base/session_3_seeds_456/noise_all_families.json
imagenet,rope,456,794217802,0.2,0.1972315201078489,0.9914236706689536,analysis/v18_canonical_pipeline/inputs/imagenet_base/session_3_seeds_456/noise_all_families.json
imagenet,rope,456,794217802,0.4,0.3995956786921398,0.9684391080617496,analysis/v18_canonical_pipeline/inputs/imagenet_base/session_3_seeds_456/noise_all_families.json
imagenet,rope,456,650510565,0.025,0.02419398538999196,1.0,analysis/v18_canonical_pipeline/inputs/imagenet_base/session_3_seeds_456/noise_all_families.json
imagenet,rope,456,650510565,0.05,0.048446236135139174,0.9996569468267582,analysis/v18_canonical_pipeline/inputs/imagenet_base/session_3_seeds_456/noise_all_families.json
imagenet,rope,456,650510565,0.1,0.09698192248817124,0.9993138936535163,analysis/v18_canonical_pipeline/inputs/imagenet_base/session_3_seeds_456/noise_all_families.json
imagenet,rope,456,650510565,0.2,0.19510635453666944,0.9955403087478558,analysis/v18_canonical_pipeline/inputs/imagenet_base/session_3_seeds_456/noise_all_families.json
imagenet,rope,456,650510565,0.4,0.396220445599252,0.9708404802744426,analysis/v18_canonical_pipeline/inputs/imagenet_base/session_3_seeds_456/noise_all_families.json
imagenet,rope,456,1336624712,0.025,0.02445865119640182,0.9996569468267582,analysis/v18_canonical_pipeline/inputs/imagenet_base/session_3_seeds_456/noise_all_families.json
imagenet,rope,456,1336624712,0.05,0.04893093132686773,0.9989708404802745,analysis/v18_canonical_pipeline/inputs/imagenet_base/session_3_seeds_456/noise_all_families.json
imagenet,rope,456,1336624712,0.1,0.09800271009217817,0.9982847341337908,analysis/v18_canonical_pipeline/inputs/imagenet_base/session_3_seeds_456/noise_all_families.json
imagenet,rope,456,1336624712,0.2,0.1972941989160672,0.9927958833619211,analysis/v18_canonical_pipeline/inputs/imagenet_base/session_3_seeds_456/noise_all_families.json
imagenet,rope,456,1336624712,0.4,0.4013926037497561,0.9639794168096055,analysis/v18_canonical_pipeline/inputs/imagenet_base/session_3_seeds_456/noise_all_families.json
imagenet,rope,456,1266112268,0.025,0.02486232314669934,0.9993138936535163,analysis/v18_canonical_pipeline/inputs/imagenet_base/session_3_seeds_456/noise_all_families.json
imagenet,rope,456,1266112268,0.05,0.04975106233326408,1.000343053173242,analysis/v18_canonical_pipeline/inputs/imagenet_base/session_3_seeds_456/noise_all_families.json
imagenet,rope,456,1266112268,0.1,0.09971297792558531,1.0010291595197256,analysis/v18_canonical_pipeline/inputs/imagenet_base/session_3_seeds_456/noise_all_families.json
imagenet,rope,456,1266112268,0.2,0.2010912752959994,0.9955403087478558,analysis/v18_canonical_pipeline/inputs/imagenet_base/session_3_seeds_456/noise_all_families.json
imagenet,rope,456,1266112268,0.4,0.4095610510170842,0.9653516295025729,analysis/v18_canonical_pipeline/inputs/imagenet_base/session_3_seeds_456/noise_all_families.json
imagenet,rope,456,1226451937,0.025,0.024113780299156617,1.0,analysis/v18_canonical_pipeline/inputs/imagenet_base/session_3_seeds_456/noise_all_families.json
imagenet,rope,456,1226451937,0.05,0.048216146360243024,0.9996569468267582,analysis/v18_canonical_pipeline/inputs/imagenet_base/session_3_seeds_456/noise_all_families.json
imagenet,rope,456,1226451937,0.1,0.09660115405950294,0.9986277873070325,analysis/v18_canonical_pipeline/inputs/imagenet_base/session_3_seeds_456/noise_all_families.json
imagenet,rope,456,1226451937,0.2,0.1948523517180215,0.9958833619210978,analysis/v18_canonical_pipeline/inputs/imagenet_base/session_3_seeds_456/noise_all_families.json
imagenet,rope,456,1226451937,0.4,0.3964797836944997,0.9680960548885077,analysis/v18_canonical_pipeline/inputs/imagenet_base/session_3_seeds_456/noise_all_families.json
imagenet,rope,456,110430652,0.025,0.02429827678388346,1.000343053173242,analysis/v18_canonical_pipeline/inputs/imagenet_base/session_3_seeds_456/noise_all_families.json
imagenet,rope,456,110430652,0.05,0.04847906675509447,1.0013722126929674,analysis/v18_canonical_pipeline/inputs/imagenet_base/session_3_seeds_456/noise_all_families.json
imagenet,rope,456,110430652,0.1,0.09694616820118715,1.0010291595197256,analysis/v18_canonical_pipeline/inputs/imagenet_base/session_3_seeds_456/noise_all_families.json
imagenet,rope,456,110430652,0.2,0.19547607247445611,0.9965694682675815,analysis/v18_canonical_pipeline/inputs/imagenet_base/session_3_seeds_456/noise_all_families.json
imagenet,rope,456,110430652,0.4,0.39637659493116656,0.9694682675814751,analysis/v18_canonical_pipeline/inputs/imagenet_base/session_3_seeds_456/noise_all_families.json
imagenet,rope,456,1269834480,0.025,0.02543980434781393,0.9989708404802745,analysis/v18_canonical_pipeline/inputs/imagenet_base/session_3_seeds_456/noise_all_families.json
imagenet,rope,456,1269834480,0.05,0.050873292219449834,0.9986277873070325,analysis/v18_canonical_pipeline/inputs/imagenet_base/session_3_seeds_456/noise_all_families.json
imagenet,rope,456,1269834480,0.1,0.10192293268207905,0.997598627787307,analysis/v18_canonical_pipeline/inputs/imagenet_base/session_3_seeds_456/noise_all_families.json
imagenet,rope,456,1269834480,0.2,0.2050996175304383,0.9931389365351629,analysis/v18_canonical_pipeline/inputs/imagenet_base/session_3_seeds_456/noise_all_families.json
imagenet,rope,456,1269834480,0.4,0.4140207947540376,0.9608919382504288,analysis/v18_canonical_pipeline/inputs/imagenet_base/session_3_seeds_456/noise_all_families.json
imagenet,rope,456,748602735,0.025,0.024640986858618,0.9986277873070325,analysis/v18_canonical_pipeline/inputs/imagenet_base/session_3_seeds_456/noise_all_families.json
imagenet,rope,456,748602735,0.05,0.04913529460475876,0.9972555746140652,analysis/v18_canonical_pipeline/inputs/imagenet_base/session_3_seeds_456/noise_all_families.json
imagenet,rope,456,748602735,0.1,0.09827286358298641,0.9965694682675815,analysis/v18_canonical_pipeline/inputs/imagenet_base/session_3_seeds_456/noise_all_families.json
imagenet,rope,456,748602735,0.2,0.1980725102845665,0.9955403087478558,analysis/v18_canonical_pipeline/inputs/imagenet_base/session_3_seeds_456/noise_all_families.json
imagenet,rope,456,748602735,0.4,0.40074157920546616,0.967409948542024,analysis/v18_canonical_pipeline/inputs/imagenet_base/session_3_seeds_456/noise_all_families.json
imagenet,rope,456,232799592,0.025,0.02398125688744171,0.9993138936535163,analysis/v18_canonical_pipeline/inputs/imagenet_base/session_3_seeds_456/noise_all_families.json
imagenet,rope,456,232799592,0.05,0.04799771573652028,0.9982847341337908,analysis/v18_canonical_pipeline/inputs/imagenet_base/session_3_seeds_456/noise_all_families.json
imagenet,rope,456,232799592,0.1,0.09610958623270506,0.9962264150943396,analysis/v18_canonical_pipeline/inputs/imagenet_base/session_3_seeds_456/noise_all_families.json
imagenet,rope,456,232799592,0.2,0.19357332391090531,0.9876500857632933,analysis/v18_canonical_pipeline/inputs/imagenet_base/session_3_seeds_456/noise_all_families.json
imagenet,rope,456,232799592,0.4,0.39582077788552733,0.9526586620926244,analysis/v18_canonical_pipeline/inputs/imagenet_base/session_3_seeds_456/noise_all_families.json
imagenet,rope,456,1515444192,0.025,0.024135681906281094,1.0006861063464838,analysis/v18_canonical_pipeline/inputs/imagenet_base/session_3_seeds_456/noise_all_families.json
imagenet,rope,456,1515444192,0.05,0.048272849550238264,0.9996569468267582,analysis/v18_canonical_pipeline/inputs/imagenet_base/session_3_seeds_456/noise_all_families.json
imagenet,rope,456,1515444192,0.1,0.09673696629224013,0.997598627787307,analysis/v18_canonical_pipeline/inputs/imagenet_base/session_3_seeds_456/noise_all_families.json
imagenet,rope,456,1515444192,0.2,0.1952794642657244,0.9921097770154375,analysis/v18_canonical_pipeline/inputs/imagenet_base/session_3_seeds_456/noise_all_families.json
imagenet,rope,456,1515444192,0.4,0.3983779178801012,0.9608919382504288,analysis/v18_canonical_pipeline/inputs/imagenet_base/session_3_seeds_456/noise_all_families.json
imagenet,alibi,456,794217802,0.001,0.004415936269790374,0.9992839240959541,analysis/v18_canonical_pipeline/inputs/imagenet_base/session_3_seeds_456/noise_all_families.json
imagenet,alibi,456,794217802,0.0025,0.01103390931725202,0.9974937343358394,analysis/v18_canonical_pipeline/inputs/imagenet_base/session_3_seeds_456/noise_all_families.json
imagenet,alibi,456,794217802,0.005,0.022054094531695823,0.9931972789115645,analysis/v18_canonical_pipeline/inputs/imagenet_base/session_3_seeds_456/noise_all_families.json
imagenet,alibi,456,794217802,0.01,0.04408720022152173,0.9659863945578231,analysis/v18_canonical_pipeline/inputs/imagenet_base/session_3_seeds_456/noise_all_families.json
imagenet,alibi,456,794217802,0.025,0.11011886236695467,0.8349445041174364,analysis/v18_canonical_pipeline/inputs/imagenet_base/session_3_seeds_456/noise_all_families.json
imagenet,alibi,456,794217802,0.05,0.21861626144275723,0.5284640171858216,analysis/v18_canonical_pipeline/inputs/imagenet_base/session_3_seeds_456/noise_all_families.json
imagenet,alibi,456,650510565,0.001,0.004366768828726885,0.9989258861439312,analysis/v18_canonical_pipeline/inputs/imagenet_base/session_3_seeds_456/noise_all_families.json
imagenet,alibi,456,650510565,0.0025,0.010919765962586366,0.9992839240959541,analysis/v18_canonical_pipeline/inputs/imagenet_base/session_3_seeds_456/noise_all_families.json
imagenet,alibi,456,650510565,0.005,0.021851225970611513,0.9957035445757249,analysis/v18_canonical_pipeline/inputs/imagenet_base/session_3_seeds_456/noise_all_families.json
imagenet,alibi,456,650510565,0.01,0.043751869392107345,0.9903329752953813,analysis/v18_canonical_pipeline/inputs/imagenet_base/session_3_seeds_456/noise_all_families.json
imagenet,alibi,456,650510565,0.025,0.10936042413040196,0.9197994987468671,analysis/v18_canonical_pipeline/inputs/imagenet_base/session_3_seeds_456/noise_all_families.json
imagenet,alibi,456,650510565,0.05,0.21721460882490118,0.5864661654135338,analysis/v18_canonical_pipeline/inputs/imagenet_base/session_3_seeds_456/noise_all_families.json
imagenet,alibi,456,1336624712,0.001,0.004439274455887449,1.0014321518080915,analysis/v18_canonical_pipeline/inputs/imagenet_base/session_3_seeds_456/noise_all_families.json
imagenet,alibi,456,1336624712,0.0025,0.011110415598326156,0.9992839240959541,analysis/v18_canonical_pipeline/inputs/imagenet_base/session_3_seeds_456/noise_all_families.json
imagenet,alibi,456,1336624712,0.005,0.022263355211275107,0.9964196204797707,analysis/v18_canonical_pipeline/inputs/imagenet_base/session_3_seeds_456/noise_all_families.json
imagenet,alibi,456,1336624712,0.01,0.04468591233807077,0.9853204439670605,analysis/v18_canonical_pipeline/inputs/imagenet_base/session_3_seeds_456/noise_all_families.json
imagenet,alibi,456,1336624712,0.025,0.11187218073778253,0.8671679197994987,analysis/v18_canonical_pipeline/inputs/imagenet_base/session_3_seeds_456/noise_all_families.json
imagenet,alibi,456,1336624712,0.05,0.2208546524934417,0.48227712137486567,analysis/v18_canonical_pipeline/inputs/imagenet_base/session_3_seeds_456/noise_all_families.json
imagenet,alibi,456,1266112268,0.001,0.0044590065516996995,0.9960615825277479,analysis/v18_canonical_pipeline/inputs/imagenet_base/session_3_seeds_456/noise_all_families.json
imagenet,alibi,456,1266112268,0.0025,0.011140228459232987,0.9960615825277479,analysis/v18_canonical_pipeline/inputs/imagenet_base/session_3_seeds_456/noise_all_families.json
imagenet,alibi,456,1266112268,0.005,0.022252347016751526,0.9935553168635876,analysis/v18_canonical_pipeline/inputs/imagenet_base/session_3_seeds_456/noise_all_families.json
imagenet,alibi,456,1266112268,0.01,0.044391327758238376,0.9810239885427854,analysis/v18_canonical_pipeline/inputs/imagenet_base/session_3_seeds_456/noise_all_families.json
imagenet,alibi,456,1266112268,0.025,0.1107072260098369,0.8732545649838882,analysis/v18_canonical_pipeline/inputs/imagenet_base/session_3_seeds_456/noise_all_families.json
imagenet,alibi,456,1266112268,0.05,0.22017847158737008,0.664876476906552,analysis/v18_canonical_pipeline/inputs/imagenet_base/session_3_seeds_456/noise_all_families.json
imagenet,alibi,456,1226451937,0.001,0.004512598772286563,1.0,analysis/v18_canonical_pipeline/inputs/imagenet_base/session_3_seeds_456/noise_all_families.json
imagenet,alibi,456,1226451937,0.0025,0.011305444076078018,0.9964196204797707,analysis/v18_canonical_pipeline/inputs/imagenet_base/session_3_seeds_456/noise_all_families.json
imagenet,alibi,456,1226451937,0.005,0.022688299219509527,0.9924812030075186,analysis/v18_canonical_pipeline/inputs/imagenet_base/session_3_seeds_456/noise_all_families.json
imagenet,alibi,456,1226451937,0.01,0.04559716498092478,0.9591836734693877,analysis/v18_canonical_pipeline/inputs/imagenet_base/session_3_seeds_456/noise_all_families.json
imagenet,alibi,456,1226451937,0.025,0.11328138126303579,0.694593626924454,analysis/v18_canonical_pipeline/inputs/imagenet_base/session_3_seeds_456/noise_all_families.json
imagenet,alibi,456,1226451937,0.05,0.2218963234250441,0.2807017543859649,analysis/v18_canonical_pipeline/inputs/imagenet_base/session_3_seeds_456/noise_all_families.json
imagenet,alibi,456,110430652,0.001,0.004406497388502884,0.9985678481919082,analysis/v18_canonical_pipeline/inputs/imagenet_base/session_3_seeds_456/noise_all_families.json
imagenet,alibi,456,110430652,0.0025,0.011014886446715765,0.9960615825277479,analysis/v18_canonical_pipeline/inputs/imagenet_base/session_3_seeds_456/noise_all_families.json
imagenet,alibi,456,110430652,0.005,0.02202485622720814,0.9892588614393124,analysis/v18_canonical_pipeline/inputs/imagenet_base/session_3_seeds_456/noise_all_families.json
imagenet,alibi,456,110430652,0.01,0.04403578907309075,0.9695667740780521,analysis/v18_canonical_pipeline/inputs/imagenet_base/session_3_seeds_456/noise_all_families.json
imagenet,alibi,456,110430652,0.025,0.10990824614271558,0.8600071607590404,analysis/v18_canonical_pipeline/inputs/imagenet_base/session_3_seeds_456/noise_all_families.json
imagenet,alibi,456,110430652,0.05,0.2186769047707739,0.5424274973147154,analysis/v18_canonical_pipeline/inputs/imagenet_base/session_3_seeds_456/noise_all_families.json
imagenet,alibi,456,1269834480,0.001,0.004405853580100332,0.9985678481919082,analysis/v18_canonical_pipeline/inputs/imagenet_base/session_3_seeds_456/noise_all_families.json
imagenet,alibi,456,1269834480,0.0025,0.011031464209745646,0.9978517722878625,analysis/v18_canonical_pipeline/inputs/imagenet_base/session_3_seeds_456/noise_all_families.json
imagenet,alibi,456,1269834480,0.005,0.022113405829948446,0.9931972789115645,analysis/v18_canonical_pipeline/inputs/imagenet_base/session_3_seeds_456/noise_all_families.json
imagenet,alibi,456,1269834480,0.01,0.04434269836853542,0.978875760830648,analysis/v18_canonical_pipeline/inputs/imagenet_base/session_3_seeds_456/noise_all_families.json
imagenet,alibi,456,1269834480,0.025,0.11045820131276961,0.8850698174006445,analysis/v18_canonical_pipeline/inputs/imagenet_base/session_3_seeds_456/noise_all_families.json
imagenet,alibi,456,1269834480,0.05,0.21875865175268003,0.6115288220551378,analysis/v18_canonical_pipeline/inputs/imagenet_base/session_3_seeds_456/noise_all_families.json
imagenet,alibi,456,748602735,0.001,0.00446301138192798,0.9967776584317938,analysis/v18_canonical_pipeline/inputs/imagenet_base/session_3_seeds_456/noise_all_families.json
imagenet,alibi,456,748602735,0.0025,0.011137374070997363,0.995345506623702,analysis/v18_canonical_pipeline/inputs/imagenet_base/session_3_seeds_456/noise_all_families.json
imagenet,alibi,456,748602735,0.005,0.022215125158463304,0.9881847475832437,analysis/v18_canonical_pipeline/inputs/imagenet_base/session_3_seeds_456/noise_all_families.json
imagenet,alibi,456,748602735,0.01,0.044246568183146144,0.970282849982098,analysis/v18_canonical_pipeline/inputs/imagenet_base/session_3_seeds_456/noise_all_families.json
imagenet,alibi,456,748602735,0.025,0.10959162555848001,0.8675259577515215,analysis/v18_canonical_pipeline/inputs/imagenet_base/session_3_seeds_456/noise_all_families.json
imagenet,alibi,456,748602735,0.05,0.21726716925585238,0.6394557823129251,analysis/v18_canonical_pipeline/inputs/imagenet_base/session_3_seeds_456/noise_all_families.json
imagenet,alibi,456,232799592,0.001,0.004444729771690059,0.9974937343358394,analysis/v18_canonical_pipeline/inputs/imagenet_base/session_3_seeds_456/noise_all_families.json
imagenet,alibi,456,232799592,0.0025,0.011110801113753841,0.9957035445757249,analysis/v18_canonical_pipeline/inputs/imagenet_base/session_3_seeds_456/noise_all_families.json
imagenet,alibi,456,232799592,0.005,0.02222185672909873,0.9881847475832437,analysis/v18_canonical_pipeline/inputs/imagenet_base/session_3_seeds_456/noise_all_families.json
imagenet,alibi,456,232799592,0.01,0.04443463614838695,0.9645542427497313,analysis/v18_canonical_pipeline/inputs/imagenet_base/session_3_seeds_456/noise_all_families.json
imagenet,alibi,456,232799592,0.025,0.11024303798237124,0.8016469745793052,analysis/v18_canonical_pipeline/inputs/imagenet_base/session_3_seeds_456/noise_all_families.json
imagenet,alibi,456,232799592,0.05,0.2173223085031721,0.5134264232008592,analysis/v18_canonical_pipeline/inputs/imagenet_base/session_3_seeds_456/noise_all_families.json
imagenet,alibi,456,1515444192,0.001,0.0043225311177006185,0.9974937343358394,analysis/v18_canonical_pipeline/inputs/imagenet_base/session_3_seeds_456/noise_all_families.json
imagenet,alibi,456,1515444192,0.0025,0.010809808375198071,0.9974937343358394,analysis/v18_canonical_pipeline/inputs/imagenet_base/session_3_seeds_456/noise_all_families.json
imagenet,alibi,456,1515444192,0.005,0.021628290694802984,0.9931972789115645,analysis/v18_canonical_pipeline/inputs/imagenet_base/session_3_seeds_456/noise_all_families.json
imagenet,alibi,456,1515444192,0.01,0.04327078303877531,0.9860365198711062,analysis/v18_canonical_pipeline/inputs/imagenet_base/session_3_seeds_456/noise_all_families.json
imagenet,alibi,456,1515444192,0.025,0.10805267576550459,0.9248120300751879,analysis/v18_canonical_pipeline/inputs/imagenet_base/session_3_seeds_456/noise_all_families.json
imagenet,alibi,456,1515444192,0.05,0.21564389190925706,0.6552094522019334,analysis/v18_canonical_pipeline/inputs/imagenet_base/session_3_seeds_456/noise_all_families.json
imagenet,learned,789,480992697,0.0025,0.0036718853013823693,1.000367242012486,analysis/v18_canonical_pipeline/inputs/imagenet_base/session_4_seeds_789/noise_all_families.json
imagenet,learned,789,480992697,0.005,0.00742782746007204,1.000367242012486,analysis/v18_canonical_pipeline/inputs/imagenet_base/session_4_seeds_789/noise_all_families.json
imagenet,learned,789,480992697,0.01,0.015344692765940414,1.000367242012486,analysis/v18_canonical_pipeline/inputs/imagenet_base/session_4_seeds_789/noise_all_families.json
imagenet,learned,789,480992697,0.02,0.03283833360778103,0.9992655159750276,analysis/v18_canonical_pipeline/inputs/imagenet_base/session_4_seeds_789/noise_all_families.json
imagenet,learned,789,480992697,0.04,0.07135126275088804,0.9966948218876239,analysis/v18_canonical_pipeline/inputs/imagenet_base/session_4_seeds_789/noise_all_families.json
imagenet,learned,789,480992697,0.05,0.09033970813637025,0.995225853837679,analysis/v18_canonical_pipeline/inputs/imagenet_base/session_4_seeds_789/noise_all_families.json
imagenet,learned,789,480992697,0.06,0.10819412979628901,0.9933896437752479,analysis/v18_canonical_pipeline/inputs/imagenet_base/session_4_seeds_789/noise_all_families.json
imagenet,learned,789,480992697,0.08,0.13996441518955277,0.9926551597502754,analysis/v18_canonical_pipeline/inputs/imagenet_base/session_4_seeds_789/noise_all_families.json
imagenet,learned,789,499098383,0.0025,0.003912927319906317,1.0,analysis/v18_canonical_pipeline/inputs/imagenet_base/session_4_seeds_789/noise_all_families.json
imagenet,learned,789,499098383,0.005,0.007866213891989137,0.9996327579875137,analysis/v18_canonical_pipeline/inputs/imagenet_base/session_4_seeds_789/noise_all_families.json
imagenet,learned,789,499098383,0.01,0.016055642251568563,1.0,analysis/v18_canonical_pipeline/inputs/imagenet_base/session_4_seeds_789/noise_all_families.json
imagenet,learned,789,499098383,0.02,0.033751810675350255,0.9981637899375689,analysis/v18_canonical_pipeline/inputs/imagenet_base/session_4_seeds_789/noise_all_families.json
imagenet,learned,789,499098383,0.04,0.0713164891936564,0.9966948218876239,analysis/v18_canonical_pipeline/inputs/imagenet_base/session_4_seeds_789/noise_all_families.json
imagenet,learned,789,499098383,0.05,0.08958600784116375,0.9963275798751376,analysis/v18_canonical_pipeline/inputs/imagenet_base/session_4_seeds_789/noise_all_families.json
imagenet,learned,789,499098383,0.06,0.10700826280009171,0.9974293059125964,analysis/v18_canonical_pipeline/inputs/imagenet_base/session_4_seeds_789/noise_all_families.json
imagenet,learned,789,499098383,0.08,0.13860085307804898,0.9930224017627617,analysis/v18_canonical_pipeline/inputs/imagenet_base/session_4_seeds_789/noise_all_families.json
imagenet,learned,789,1484136836,0.0025,0.0036850865323494195,1.0,analysis/v18_canonical_pipeline/inputs/imagenet_base/session_4_seeds_789/noise_all_families.json
imagenet,learned,789,1484136836,0.005,0.007330098991122697,1.000367242012486,analysis/v18_canonical_pipeline/inputs/imagenet_base/session_4_seeds_789/noise_all_families.json
imagenet,learned,789,1484136836,0.01,0.014744457500769258,0.9996327579875137,analysis/v18_canonical_pipeline/inputs/imagenet_base/session_4_seeds_789/noise_all_families.json
imagenet,learned,789,1484136836,0.02,0.030833229069983394,0.998531031950055,analysis/v18_canonical_pipeline/inputs/imagenet_base/session_4_seeds_789/noise_all_families.json
imagenet,learned,789,1484136836,0.04,0.0677098379752691,1.0,analysis/v18_canonical_pipeline/inputs/imagenet_base/session_4_seeds_789/noise_all_families.json
imagenet,learned,789,1484136836,0.05,0.08667684094414645,0.9977965479250825,analysis/v18_canonical_pipeline/inputs/imagenet_base/session_4_seeds_789/noise_all_families.json
imagenet,learned,789,1484136836,0.06,0.10499610495350443,0.9959603378626515,analysis/v18_canonical_pipeline/inputs/imagenet_base/session_4_seeds_789/noise_all_families.json
imagenet,learned,789,1484136836,0.08,0.13840182631275613,0.9963275798751376,analysis/v18_canonical_pipeline/inputs/imagenet_base/session_4_seeds_789/noise_all_families.json
imagenet,learned,789,1949810196,0.0025,0.0036162385970161565,1.0007344840249726,analysis/v18_canonical_pipeline/inputs/imagenet_base/session_4_seeds_789/noise_all_families.json
imagenet,learned,789,1949810196,0.005,0.007195539182328145,1.0011017260374586,analysis/v18_canonical_pipeline/inputs/imagenet_base/session_4_seeds_789/noise_all_families.json
imagenet,learned,789,1949810196,0.01,0.014462350614720608,1.000367242012486,analysis/v18_canonical_pipeline/inputs/imagenet_base/session_4_seeds_789/noise_all_families.json
imagenet,learned,789,1949810196,0.02,0.030219038448501014,1.0,analysis/v18_canonical_pipeline/inputs/imagenet_base/session_4_seeds_789/noise_all_families.json
imagenet,learned,789,1949810196,0.04,0.0662025431829429,0.9977965479250825,analysis/v18_canonical_pipeline/inputs/imagenet_base/session_4_seeds_789/noise_all_families.json
imagenet,learned,789,1949810196,0.05,0.08474096603351329,0.9977965479250825,analysis/v18_canonical_pipeline/inputs/imagenet_base/session_4_seeds_789/noise_all_families.json
imagenet,learned,789,1949810196,0.06,0.10278955394522424,0.9974293059125964,analysis/v18_canonical_pipeline/inputs/imagenet_base/session_4_seeds_789/noise_all_families.json
imagenet,learned,789,1949810196,0.08,0.13603757132390465,0.9977965479250825,analysis/v18_canonical_pipeline/inputs/imagenet_base/session_4_seeds_789/noise_all_families.json
imagenet,learned,789,718483333,0.0025,0.0038281594307159935,1.0,analysis/v18_canonical_pipeline/inputs/imagenet_base/session_4_seeds_789/noise_all_families.json
imagenet,learned,789,718483333,0.005,0.007628961853401273,1.0,analysis/v18_canonical_pipeline/inputs/imagenet_base/session_4_seeds_789/noise_all_families.json
imagenet,learned,789,718483333,0.01,0.015371880268070391,1.0,analysis/v18_canonical_pipeline/inputs/imagenet_base/session_4_seeds_789/noise_all_families.json
imagenet,learned,789,718483333,0.02,0.03205543928492558,0.9992655159750276,analysis/v18_canonical_pipeline/inputs/imagenet_base/session_4_seeds_789/noise_all_families.json
imagenet,learned,789,718483333,0.04,0.06923376382143845,0.9996327579875137,analysis/v18_canonical_pipeline/inputs/imagenet_base/session_4_seeds_789/noise_all_families.json
imagenet,learned,789,718483333,0.05,0.08791549900075982,0.998531031950055,analysis/v18_canonical_pipeline/inputs/imagenet_base/session_4_seeds_789/noise_all_families.json
imagenet,learned,789,718483333,0.06,0.10566005247908167,1.0,analysis/v18_canonical_pipeline/inputs/imagenet_base/session_4_seeds_789/noise_all_families.json
imagenet,learned,789,718483333,0.08,0.13757940801881915,0.9963275798751376,analysis/v18_canonical_pipeline/inputs/imagenet_base/session_4_seeds_789/noise_all_families.json
imagenet,learned,789,1920916044,0.0025,0.003797616495972035,1.0,analysis/v18_canonical_pipeline/inputs/imagenet_base/session_4_seeds_789/noise_all_families.json
imagenet,learned,789,1920916044,0.005,0.007650749333451505,0.9996327579875137,analysis/v18_canonical_pipeline/inputs/imagenet_base/session_4_seeds_789/noise_all_families.json
imagenet,learned,789,1920916044,0.01,0.015654509479045266,0.9992655159750276,analysis/v18_canonical_pipeline/inputs/imagenet_base/session_4_seeds_789/noise_all_families.json
imagenet,learned,789,1920916044,0.02,0.0329773222158689,0.9974293059125964,analysis/v18_canonical_pipeline/inputs/imagenet_base/session_4_seeds_789/noise_all_families.json
imagenet,learned,789,1920916044,0.04,0.07014656539836998,0.9959603378626515,analysis/v18_canonical_pipeline/inputs/imagenet_base/session_4_seeds_789/noise_all_families.json
imagenet,learned,789,1920916044,0.05,0.08846565343762965,0.9977965479250825,analysis/v18_canonical_pipeline/inputs/imagenet_base/session_4_seeds_789/noise_all_families.json
imagenet,learned,789,1920916044,0.06,0.10598634139380253,0.9988982739625414,analysis/v18_canonical_pipeline/inputs/imagenet_base/session_4_seeds_789/noise_all_families.json
imagenet,learned,789,1920916044,0.08,0.137994441465265,0.9970620639001101,analysis/v18_canonical_pipeline/inputs/imagenet_base/session_4_seeds_789/noise_all_families.json
imagenet,learned,789,75097514,0.0025,0.003609254540576233,1.0007344840249726,analysis/v18_canonical_pipeline/inputs/imagenet_base/session_4_seeds_789/noise_all_families.json
imagenet,learned,789,75097514,0.005,0.007236432293348193,1.0011017260374586,analysis/v18_canonical_pipeline/inputs/imagenet_base/session_4_seeds_789/noise_all_families.json
imagenet,learned,789,75097514,0.01,0.014754091917097653,1.000367242012486,analysis/v18_canonical_pipeline/inputs/imagenet_base/session_4_seeds_789/noise_all_families.json
imagenet,learned,789,75097514,0.02,0.031122439562303705,0.9992655159750276,analysis/v18_canonical_pipeline/inputs/imagenet_base/session_4_seeds_789/noise_all_families.json
imagenet,learned,789,75097514,0.04,0.06739248430763452,1.000367242012486,analysis/v18_canonical_pipeline/inputs/imagenet_base/session_4_seeds_789/noise_all_families.json
imagenet,learned,789,75097514,0.05,0.08570607048003817,1.0,analysis/v18_canonical_pipeline/inputs/imagenet_base/session_4_seeds_789/noise_all_families.json
imagenet,learned,789,75097514,0.06,0.10330331079772338,1.0,analysis/v18_canonical_pipeline/inputs/imagenet_base/session_4_seeds_789/noise_all_families.json
imagenet,learned,789,75097514,0.08,0.1354800325078193,0.9963275798751376,analysis/v18_canonical_pipeline/inputs/imagenet_base/session_4_seeds_789/noise_all_families.json
imagenet,learned,789,1838896125,0.0025,0.004049177046402588,0.9996327579875137,analysis/v18_canonical_pipeline/inputs/imagenet_base/session_4_seeds_789/noise_all_families.json
imagenet,learned,789,1838896125,0.005,0.008169621009898978,0.9996327579875137,analysis/v18_canonical_pipeline/inputs/imagenet_base/session_4_seeds_789/noise_all_families.json
imagenet,learned,789,1838896125,0.01,0.016722578496495492,0.9988982739625414,analysis/v18_canonical_pipeline/inputs/imagenet_base/session_4_seeds_789/noise_all_families.json
imagenet,learned,789,1838896125,0.02,0.03503643840850838,0.9977965479250825,analysis/v18_canonical_pipeline/inputs/imagenet_base/session_4_seeds_789/noise_all_families.json
imagenet,learned,789,1838896125,0.04,0.07356947523341846,0.9981637899375689,analysis/v18_canonical_pipeline/inputs/imagenet_base/session_4_seeds_789/noise_all_families.json
imagenet,learned,789,1838896125,0.05,0.09238153877897129,0.9966948218876239,analysis/v18_canonical_pipeline/inputs/imagenet_base/session_4_seeds_789/noise_all_families.json
imagenet,learned,789,1838896125,0.06,0.11014801578415874,0.9966948218876239,analysis/v18_canonical_pipeline/inputs/imagenet_base/session_4_seeds_789/noise_all_families.json
imagenet,learned,789,1838896125,0.08,0.14182309032419932,0.9941241278002203,analysis/v18_canonical_pipeline/inputs/imagenet_base/session_4_seeds_789/noise_all_families.json
imagenet,learned,789,956457833,0.0025,0.00387903890693611,1.0,analysis/v18_canonical_pipeline/inputs/imagenet_base/session_4_seeds_789/noise_all_families.json
imagenet,learned,789,956457833,0.005,0.007769519901030579,1.000367242012486,analysis/v18_canonical_pipeline/inputs/imagenet_base/session_4_seeds_789/noise_all_families.json
imagenet,learned,789,956457833,0.01,0.01575116201282958,1.000367242012486,analysis/v18_canonical_pipeline/inputs/imagenet_base/session_4_seeds_789/noise_all_families.json
imagenet,learned,789,956457833,0.02,0.03280672057049353,1.000367242012486,analysis/v18_canonical_pipeline/inputs/imagenet_base/session_4_seeds_789/noise_all_families.json
imagenet,learned,789,956457833,0.04,0.06956066621070328,1.0025706940874035,analysis/v18_canonical_pipeline/inputs/imagenet_base/session_4_seeds_789/noise_all_families.json
imagenet,learned,789,956457833,0.05,0.08790077766395342,0.9992655159750276,analysis/v18_canonical_pipeline/inputs/imagenet_base/session_4_seeds_789/noise_all_families.json
imagenet,learned,789,956457833,0.06,0.10548707247461654,0.9988982739625414,analysis/v18_canonical_pipeline/inputs/imagenet_base/session_4_seeds_789/noise_all_families.json
imagenet,learned,789,956457833,0.08,0.13735569090715333,0.9977965479250825,analysis/v18_canonical_pipeline/inputs/imagenet_base/session_4_seeds_789/noise_all_families.json
imagenet,learned,789,599568522,0.0025,0.003772590095600161,1.000367242012486,analysis/v18_canonical_pipeline/inputs/imagenet_base/session_4_seeds_789/noise_all_families.json
imagenet,learned,789,599568522,0.005,0.0075629174595043085,1.0011017260374586,analysis/v18_canonical_pipeline/inputs/imagenet_base/session_4_seeds_789/noise_all_families.json
imagenet,learned,789,599568522,0.01,0.015420740593566393,0.9996327579875137,analysis/v18_canonical_pipeline/inputs/imagenet_base/session_4_seeds_789/noise_all_families.json
imagenet,learned,789,599568522,0.02,0.03270384173974973,0.9981637899375689,analysis/v18_canonical_pipeline/inputs/imagenet_base/session_4_seeds_789/noise_all_families.json
imagenet,learned,789,599568522,0.04,0.07118203054163345,1.0007344840249726,analysis/v18_canonical_pipeline/inputs/imagenet_base/session_4_seeds_789/noise_all_families.json
imagenet,learned,789,599568522,0.05,0.09026604814843434,1.0022034520749172,analysis/v18_canonical_pipeline/inputs/imagenet_base/session_4_seeds_789/noise_all_families.json
imagenet,learned,789,599568522,0.06,0.1082604522415658,1.0007344840249726,analysis/v18_canonical_pipeline/inputs/imagenet_base/session_4_seeds_789/noise_all_families.json
imagenet,learned,789,599568522,0.08,0.14010285633894629,0.9948586118251929,analysis/v18_canonical_pipeline/inputs/imagenet_base/session_4_seeds_789/noise_all_families.json
imagenet,sinusoidal,789,480992697,0.01,0.00819371134612178,0.9989399293286217,analysis/v18_canonical_pipeline/inputs/imagenet_base/session_4_seeds_789/noise_all_families.json
imagenet,sinusoidal,789,480992697,0.025,0.020659222298008935,0.997173144876325,analysis/v18_canonical_pipeline/inputs/imagenet_base/session_4_seeds_789/noise_all_families.json
imagenet,sinusoidal,789,480992697,0.05,0.04236996494175121,0.9957597173144876,analysis/v18_canonical_pipeline/inputs/imagenet_base/session_4_seeds_789/noise_all_families.json
imagenet,sinusoidal,789,480992697,0.1,0.0890719140675395,0.9978798586572437,analysis/v18_canonical_pipeline/inputs/imagenet_base/session_4_seeds_789/noise_all_families.json
imagenet,sinusoidal,789,480992697,0.2,0.18451502741919085,0.9869257950530036,analysis/v18_canonical_pipeline/inputs/imagenet_base/session_4_seeds_789/noise_all_families.json
imagenet,sinusoidal,789,499098383,0.01,0.00832185776271961,0.9992932862190812,analysis/v18_canonical_pipeline/inputs/imagenet_base/session_4_seeds_789/noise_all_families.json
imagenet,sinusoidal,789,499098383,0.025,0.02097522426679935,0.9985865724381625,analysis/v18_canonical_pipeline/inputs/imagenet_base/session_4_seeds_789/noise_all_families.json
imagenet,sinusoidal,789,499098383,0.05,0.04297216588611239,0.9989399293286217,analysis/v18_canonical_pipeline/inputs/imagenet_base/session_4_seeds_789/noise_all_families.json
imagenet,sinusoidal,789,499098383,0.1,0.09014339108204693,0.9954063604240282,analysis/v18_canonical_pipeline/inputs/imagenet_base/session_4_seeds_789/noise_all_families.json
imagenet,sinusoidal,789,499098383,0.2,0.18573444370424017,0.9798586572438163,analysis/v18_canonical_pipeline/inputs/imagenet_base/session_4_seeds_789/noise_all_families.json
imagenet,sinusoidal,789,1484136836,0.01,0.00817894340344825,0.9982332155477032,analysis/v18_canonical_pipeline/inputs/imagenet_base/session_4_seeds_789/noise_all_families.json
imagenet,sinusoidal,789,1484136836,0.025,0.020597754972422912,0.9975265017667845,analysis/v18_canonical_pipeline/inputs/imagenet_base/session_4_seeds_789/noise_all_families.json
imagenet,sinusoidal,789,1484136836,0.05,0.04216680378567462,0.995053003533569,analysis/v18_canonical_pipeline/inputs/imagenet_base/session_4_seeds_789/noise_all_families.json
imagenet,sinusoidal,789,1484136836,0.1,0.08860957843664607,0.9929328621908127,analysis/v18_canonical_pipeline/inputs/imagenet_base/session_4_seeds_789/noise_all_families.json
imagenet,sinusoidal,789,1484136836,0.2,0.18400972633187102,0.9819787985865723,analysis/v18_canonical_pipeline/inputs/imagenet_base/session_4_seeds_789/noise_all_families.json
imagenet,sinusoidal,789,1949810196,0.01,0.008098995171048682,1.0,analysis/v18_canonical_pipeline/inputs/imagenet_base/session_4_seeds_789/noise_all_families.json
imagenet,sinusoidal,789,1949810196,0.025,0.02037453535459175,0.9996466431095405,analysis/v18_canonical_pipeline/inputs/imagenet_base/session_4_seeds_789/noise_all_families.json
imagenet,sinusoidal,789,1949810196,0.05,0.04165793357266701,0.997173144876325,analysis/v18_canonical_pipeline/inputs/imagenet_base/session_4_seeds_789/noise_all_families.json
imagenet,sinusoidal,789,1949810196,0.1,0.08769456038106649,0.9943462897526502,analysis/v18_canonical_pipeline/inputs/imagenet_base/session_4_seeds_789/noise_all_families.json
imagenet,sinusoidal,789,1949810196,0.2,0.1824123004703654,0.9876325088339222,analysis/v18_canonical_pipeline/inputs/imagenet_base/session_4_seeds_789/noise_all_families.json
imagenet,sinusoidal,789,718483333,0.01,0.008216299918656246,0.9985865724381625,analysis/v18_canonical_pipeline/inputs/imagenet_base/session_4_seeds_789/noise_all_families.json
imagenet,sinusoidal,789,718483333,0.025,0.020674513489446055,0.9989399293286217,analysis/v18_canonical_pipeline/inputs/imagenet_base/session_4_seeds_789/noise_all_families.json
imagenet,sinusoidal,789,718483333,0.05,0.04226490415756706,0.995053003533569,analysis/v18_canonical_pipeline/inputs/imagenet_base/session_4_seeds_789/noise_all_families.json
imagenet,sinusoidal,789,718483333,0.1,0.08879999403314193,0.995053003533569,analysis/v18_canonical_pipeline/inputs/imagenet_base/session_4_seeds_789/noise_all_families.json
imagenet,sinusoidal,789,718483333,0.2,0.18441320888407173,0.9879858657243816,analysis/v18_canonical_pipeline/inputs/imagenet_base/session_4_seeds_789/noise_all_families.json
imagenet,sinusoidal,789,1920916044,0.01,0.008233192259406436,1.0003533568904592,analysis/v18_canonical_pipeline/inputs/imagenet_base/session_4_seeds_789/noise_all_families.json
imagenet,sinusoidal,789,1920916044,0.025,0.020749479482127676,1.0,analysis/v18_canonical_pipeline/inputs/imagenet_base/session_4_seeds_789/noise_all_families.json
imagenet,sinusoidal,789,1920916044,0.05,0.04251399412078422,0.9964664310954062,analysis/v18_canonical_pipeline/inputs/imagenet_base/session_4_seeds_789/noise_all_families.json
imagenet,sinusoidal,789,1920916044,0.1,0.08933525377045277,0.9943462897526502,analysis/v18_canonical_pipeline/inputs/imagenet_base/session_4_seeds_789/noise_all_families.json
imagenet,sinusoidal,789,1920916044,0.2,0.18525046850795499,0.9830388692579506,analysis/v18_canonical_pipeline/inputs/imagenet_base/session_4_seeds_789/noise_all_families.json
imagenet,sinusoidal,789,75097514,0.01,0.008332731045314363,0.9989399293286217,analysis/v18_canonical_pipeline/inputs/imagenet_base/session_4_seeds_789/noise_all_families.json
imagenet,sinusoidal,789,75097514,0.025,0.02095844113852685,0.9978798586572437,analysis/v18_canonical_pipeline/inputs/imagenet_base/session_4_seeds_789/noise_all_families.json
imagenet,sinusoidal,789,75097514,0.05,0.04278307334667972,0.995053003533569,analysis/v18_canonical_pipeline/inputs/imagenet_base/session_4_seeds_789/noise_all_families.json
imagenet,sinusoidal,789,75097514,0.1,0.08957034308157355,0.9893992932862191,analysis/v18_canonical_pipeline/inputs/imagenet_base/session_4_seeds_789/noise_all_families.json
imagenet,sinusoidal,789,75097514,0.2,0.1855320133631713,0.980565371024735,analysis/v18_canonical_pipeline/inputs/imagenet_base/session_4_seeds_789/noise_all_families.json
imagenet,sinusoidal,789,1838896125,0.01,0.0082789156876066,0.9992932862190812,analysis/v18_canonical_pipeline/inputs/imagenet_base/session_4_seeds_789/noise_all_families.json
imagenet,sinusoidal,789,1838896125,0.025,0.020854199201356536,0.9978798586572437,analysis/v18_canonical_pipeline/inputs/imagenet_base/session_4_seeds_789/noise_all_families.json
imagenet,sinusoidal,789,1838896125,0.05,0.042729159394695126,0.9968197879858657,analysis/v18_canonical_pipeline/inputs/imagenet_base/session_4_seeds_789/noise_all_families.json
imagenet,sinusoidal,789,1838896125,0.1,0.08981711007184855,0.9925795053003534,analysis/v18_canonical_pipeline/inputs/imagenet_base/session_4_seeds_789/noise_all_families.json
imagenet,sinusoidal,789,1838896125,0.2,0.18530015716227713,0.9851590106007067,analysis/v18_canonical_pipeline/inputs/imagenet_base/session_4_seeds_789/noise_all_families.json
imagenet,sinusoidal,789,956457833,0.01,0.008186942705236715,0.9982332155477032,analysis/v18_canonical_pipeline/inputs/imagenet_base/session_4_seeds_789/noise_all_families.json
imagenet,sinusoidal,789,956457833,0.025,0.020564724311096228,0.9964664310954062,analysis/v18_canonical_pipeline/inputs/imagenet_base/session_4_seeds_789/noise_all_families.json
imagenet,sinusoidal,789,956457833,0.05,0.041991815912049014,0.9943462897526502,analysis/v18_canonical_pipeline/inputs/imagenet_base/session_4_seeds_789/noise_all_families.json
imagenet,sinusoidal,789,956457833,0.1,0.08829141162957067,0.992226148409894,analysis/v18_canonical_pipeline/inputs/imagenet_base/session_4_seeds_789/noise_all_families.json
imagenet,sinusoidal,789,956457833,0.2,0.18378926221286498,0.9770318021201413,analysis/v18_canonical_pipeline/inputs/imagenet_base/session_4_seeds_789/noise_all_families.json
imagenet,sinusoidal,789,599568522,0.01,0.008293925036505669,0.9992932862190812,analysis/v18_canonical_pipeline/inputs/imagenet_base/session_4_seeds_789/noise_all_families.json
imagenet,sinusoidal,789,599568522,0.025,0.020871230367517635,0.9975265017667845,analysis/v18_canonical_pipeline/inputs/imagenet_base/session_4_seeds_789/noise_all_families.json
imagenet,sinusoidal,789,599568522,0.05,0.04267382420345507,0.9975265017667845,analysis/v18_canonical_pipeline/inputs/imagenet_base/session_4_seeds_789/noise_all_families.json
imagenet,sinusoidal,789,599568522,0.1,0.0896570843183448,0.9904593639575971,analysis/v18_canonical_pipeline/inputs/imagenet_base/session_4_seeds_789/noise_all_families.json
imagenet,sinusoidal,789,599568522,0.2,0.18594210543277617,0.9862190812720848,analysis/v18_canonical_pipeline/inputs/imagenet_base/session_4_seeds_789/noise_all_families.json
imagenet,rope,789,480992697,0.025,0.024093274555886234,1.001022146507666,analysis/v18_canonical_pipeline/inputs/imagenet_base/session_4_seeds_789/noise_all_families.json
imagenet,rope,789,480992697,0.05,0.0481419222228996,1.0003407155025552,analysis/v18_canonical_pipeline/inputs/imagenet_base/session_4_seeds_789/noise_all_families.json
imagenet,rope,789,480992697,0.1,0.09636479050237162,1.0006814310051106,analysis/v18_canonical_pipeline/inputs/imagenet_base/session_4_seeds_789/noise_all_families.json
imagenet,rope,789,480992697,0.2,0.19434345083947732,0.9979557069846677,analysis/v18_canonical_pipeline/inputs/imagenet_base/session_4_seeds_789/noise_all_families.json
imagenet,rope,789,480992697,0.4,0.3955763372127969,0.9761499148211243,analysis/v18_canonical_pipeline/inputs/imagenet_base/session_4_seeds_789/noise_all_families.json
imagenet,rope,789,499098383,0.025,0.024845003609575277,0.9993185689948892,analysis/v18_canonical_pipeline/inputs/imagenet_base/session_4_seeds_789/noise_all_families.json
imagenet,rope,789,499098383,0.05,0.049812114749545375,0.9993185689948892,analysis/v18_canonical_pipeline/inputs/imagenet_base/session_4_seeds_789/noise_all_families.json
imagenet,rope,789,499098383,0.1,0.09889065670755998,0.9989778534923339,analysis/v18_canonical_pipeline/inputs/imagenet_base/session_4_seeds_789/noise_all_families.json
imagenet,rope,789,499098383,0.2,0.19818378198011058,0.9921635434412266,analysis/v18_canonical_pipeline/inputs/imagenet_base/session_4_seeds_789/noise_all_families.json
imagenet,rope,789,499098383,0.4,0.4020958184827833,0.9747870528109028,analysis/v18_canonical_pipeline/inputs/imagenet_base/session_4_seeds_789/noise_all_families.json
imagenet,rope,789,1484136836,0.025,0.02443381683139803,1.0,analysis/v18_canonical_pipeline/inputs/imagenet_base/session_4_seeds_789/noise_all_families.json
imagenet,rope,789,1484136836,0.05,0.04899050920314622,0.9993185689948892,analysis/v18_canonical_pipeline/inputs/imagenet_base/session_4_seeds_789/noise_all_families.json
imagenet,rope,789,1484136836,0.1,0.09789943248086022,0.9952299829642249,analysis/v18_canonical_pipeline/inputs/imagenet_base/session_4_seeds_789/noise_all_families.json
imagenet,rope,789,1484136836,0.2,0.19706282087933952,0.9935264054514481,analysis/v18_canonical_pipeline/inputs/imagenet_base/session_4_seeds_789/noise_all_families.json
imagenet,rope,789,1484136836,0.4,0.4014912289173541,0.9741056218057922,analysis/v18_canonical_pipeline/inputs/imagenet_base/session_4_seeds_789/noise_all_families.json
imagenet,rope,789,1949810196,0.025,0.02468617004610668,0.9993185689948892,analysis/v18_canonical_pipeline/inputs/imagenet_base/session_4_seeds_789/noise_all_families.json
imagenet,rope,789,1949810196,0.05,0.04946401612711298,0.9989778534923339,analysis/v18_canonical_pipeline/inputs/imagenet_base/session_4_seeds_789/noise_all_families.json
imagenet,rope,789,1949810196,0.1,0.09883996728700085,0.9965928449744462,analysis/v18_canonical_pipeline/inputs/imagenet_base/session_4_seeds_789/noise_all_families.json
imagenet,rope,789,1949810196,0.2,0.19823961340032706,0.9945485519591142,analysis/v18_canonical_pipeline/inputs/imagenet_base/session_4_seeds_789/noise_all_families.json
imagenet,rope,789,1949810196,0.4,0.40147191583163483,0.9649063032367973,analysis/v18_canonical_pipeline/inputs/imagenet_base/session_4_seeds_789/noise_all_families.json
imagenet,rope,789,718483333,0.025,0.025360199100356813,1.0,analysis/v18_canonical_pipeline/inputs/imagenet_base/session_4_seeds_789/noise_all_families.json
imagenet,rope,789,718483333,0.05,0.050844595174380926,0.9993185689948892,analysis/v18_canonical_pipeline/inputs/imagenet_base/session_4_seeds_789/noise_all_families.json
imagenet,rope,789,718483333,0.1,0.10178497804052081,0.9962521294718909,analysis/v18_canonical_pipeline/inputs/imagenet_base/session_4_seeds_789/noise_all_families.json
imagenet,rope,789,718483333,0.2,0.20426656351842365,0.9911413969335604,analysis/v18_canonical_pipeline/inputs/imagenet_base/session_4_seeds_789/noise_all_families.json
imagenet,rope,789,718483333,0.4,0.4115592223502667,0.965587734241908,analysis/v18_canonical_pipeline/inputs/imagenet_base/session_4_seeds_789/noise_all_families.json
imagenet,rope,789,1920916044,0.025,0.025395647817658035,0.9993185689948892,analysis/v18_canonical_pipeline/inputs/imagenet_base/session_4_seeds_789/noise_all_families.json
imagenet,rope,789,1920916044,0.05,0.050797813194587045,0.9993185689948892,analysis/v18_canonical_pipeline/inputs/imagenet_base/session_4_seeds_789/noise_all_families.json
imagenet,rope,789,1920916044,0.1,0.10176025566839927,0.9976149914821124,analysis/v18_canonical_pipeline/inputs/imagenet_base/session_4_seeds_789/noise_all_families.json
imagenet,rope,789,1920916044,0.2,0.20490167722441585,0.989778534923339,analysis/v18_canonical_pipeline/inputs/imagenet_base/session_4_seeds_789/noise_all_families.json
imagenet,rope,789,1920916044,0.4,0.4135699200986959,0.9580919931856899,analysis/v18_canonical_pipeline/inputs/imagenet_base/session_4_seeds_789/noise_all_families.json
imagenet,rope,789,75097514,0.025,0.02387751172000249,0.9996592844974446,analysis/v18_canonical_pipeline/inputs/imagenet_base/session_4_seeds_789/noise_all_families.json
imagenet,rope,789,75097514,0.05,0.04790320233084288,1.0003407155025552,analysis/v18_canonical_pipeline/inputs/imagenet_base/session_4_seeds_789/noise_all_families.json
imagenet,rope,789,75097514,0.1,0.09590457233824767,0.9996592844974446,analysis/v18_canonical_pipeline/inputs/imagenet_base/session_4_seeds_789/noise_all_families.json
imagenet,rope,789,75097514,0.2,0.19387005086541878,0.9962521294718909,analysis/v18_canonical_pipeline/inputs/imagenet_base/session_4_seeds_789/noise_all_families.json
imagenet,rope,789,75097514,0.4,0.39479523648935133,0.9734241908006814,analysis/v18_canonical_pipeline/inputs/imagenet_base/session_4_seeds_789/noise_all_families.json
imagenet,rope,789,1838896125,0.025,0.02479985140357382,1.0006814310051106,analysis/v18_canonical_pipeline/inputs/imagenet_base/session_4_seeds_789/noise_all_families.json
imagenet,rope,789,1838896125,0.05,0.049641726191257646,1.0006814310051106,analysis/v18_canonical_pipeline/inputs/imagenet_base/session_4_seeds_789/noise_all_families.json
imagenet,rope,789,1838896125,0.1,0.09955453251296455,0.9982964224872232,analysis/v18_canonical_pipeline/inputs/imagenet_base/session_4_seeds_789/noise_all_families.json
imagenet,rope,789,1838896125,0.2,0.20071540317360417,0.9938671209540034,analysis/v18_canonical_pipeline/inputs/imagenet_base/session_4_seeds_789/noise_all_families.json
imagenet,rope,789,1838896125,0.4,0.4073992093498563,0.9679727427597956,analysis/v18_canonical_pipeline/inputs/imagenet_base/session_4_seeds_789/noise_all_families.json
imagenet,rope,789,956457833,0.025,0.024674749352946414,1.0,analysis/v18_canonical_pipeline/inputs/imagenet_base/session_4_seeds_789/noise_all_families.json
imagenet,rope,789,956457833,0.05,0.04938534730279909,0.9989778534923339,analysis/v18_canonical_pipeline/inputs/imagenet_base/session_4_seeds_789/noise_all_families.json
imagenet,rope,789,956457833,0.1,0.0989596561022397,0.9976149914821124,analysis/v18_canonical_pipeline/inputs/imagenet_base/session_4_seeds_789/noise_all_families.json
imagenet,rope,789,956457833,0.2,0.19967853868862362,0.9959114139693357,analysis/v18_canonical_pipeline/inputs/imagenet_base/session_4_seeds_789/noise_all_families.json
imagenet,rope,789,956457833,0.4,0.4092333282199967,0.9679727427597956,analysis/v18_canonical_pipeline/inputs/imagenet_base/session_4_seeds_789/noise_all_families.json
imagenet,rope,789,599568522,0.025,0.02507753442899698,1.0003407155025552,analysis/v18_canonical_pipeline/inputs/imagenet_base/session_4_seeds_789/noise_all_families.json
imagenet,rope,789,599568522,0.05,0.05024053697415634,0.9996592844974446,analysis/v18_canonical_pipeline/inputs/imagenet_base/session_4_seeds_789/noise_all_families.json
imagenet,rope,789,599568522,0.1,0.10072952757572343,1.0003407155025552,analysis/v18_canonical_pipeline/inputs/imagenet_base/session_4_seeds_789/noise_all_families.json
imagenet,rope,789,599568522,0.2,0.20238835273665615,0.9952299829642249,analysis/v18_canonical_pipeline/inputs/imagenet_base/session_4_seeds_789/noise_all_families.json
imagenet,rope,789,599568522,0.4,0.40984748196426907,0.9683134582623509,analysis/v18_canonical_pipeline/inputs/imagenet_base/session_4_seeds_789/noise_all_families.json
imagenet,alibi,789,480992697,0.001,0.004479721064942302,1.0010729613733904,analysis/v18_canonical_pipeline/inputs/imagenet_base/session_4_seeds_789/noise_all_families.json
imagenet,alibi,789,480992697,0.0025,0.011226564575636885,0.9978540772532188,analysis/v18_canonical_pipeline/inputs/imagenet_base/session_4_seeds_789/noise_all_families.json
imagenet,alibi,789,480992697,0.005,0.02253794174012478,0.9978540772532188,analysis/v18_canonical_pipeline/inputs/imagenet_base/session_4_seeds_789/noise_all_families.json
imagenet,alibi,789,480992697,0.01,0.04531920882411773,0.9806866952789699,analysis/v18_canonical_pipeline/inputs/imagenet_base/session_4_seeds_789/noise_all_families.json
imagenet,alibi,789,480992697,0.025,0.11283267941460633,0.8816165951359085,analysis/v18_canonical_pipeline/inputs/imagenet_base/session_4_seeds_789/noise_all_families.json
imagenet,alibi,789,480992697,0.05,0.22096257860968507,0.5529327610872675,analysis/v18_canonical_pipeline/inputs/imagenet_base/session_4_seeds_789/noise_all_families.json
imagenet,alibi,789,499098383,0.001,0.004384039274667178,0.9996423462088697,analysis/v18_canonical_pipeline/inputs/imagenet_base/session_4_seeds_789/noise_all_families.json
imagenet,alibi,789,499098383,0.0025,0.010968686239019613,0.9982117310443491,analysis/v18_canonical_pipeline/inputs/imagenet_base/session_4_seeds_789/noise_all_families.json
imagenet,alibi,789,499098383,0.005,0.02196151298752351,0.9949928469241774,analysis/v18_canonical_pipeline/inputs/imagenet_base/session_4_seeds_789/noise_all_families.json
imagenet,alibi,789,499098383,0.01,0.043975303605494204,0.990701001430615,analysis/v18_canonical_pipeline/inputs/imagenet_base/session_4_seeds_789/noise_all_families.json
imagenet,alibi,789,499098383,0.025,0.10979077653018689,0.9531473533619456,analysis/v18_canonical_pipeline/inputs/imagenet_base/session_4_seeds_789/noise_all_families.json
imagenet,alibi,789,499098383,0.05,0.21877466554413177,0.8512160228898425,analysis/v18_canonical_pipeline/inputs/imagenet_base/session_4_seeds_789/noise_all_families.json
imagenet,alibi,789,1484136836,0.001,0.0043519914935211705,0.9978540772532188,analysis/v18_canonical_pipeline/inputs/imagenet_base/session_4_seeds_789/noise_all_families.json
imagenet,alibi,789,1484136836,0.0025,0.010887431742225163,0.9992846924177397,analysis/v18_canonical_pipeline/inputs/imagenet_base/session_4_seeds_789/noise_all_families.json
imagenet,alibi,789,1484136836,0.005,0.02179813588724142,0.9939198855507867,analysis/v18_canonical_pipeline/inputs/imagenet_base/session_4_seeds_789/noise_all_families.json
imagenet,alibi,789,1484136836,0.01,0.04365511691251854,0.9817596566523605,analysis/v18_canonical_pipeline/inputs/imagenet_base/session_4_seeds_789/noise_all_families.json
imagenet,alibi,789,1484136836,0.025,0.10857258926264222,0.9320457796852647,analysis/v18_canonical_pipeline/inputs/imagenet_base/session_4_seeds_789/noise_all_families.json
imagenet,alibi,789,1484136836,0.05,0.21543217060378714,0.7725321888412018,analysis/v18_canonical_pipeline/inputs/imagenet_base/session_4_seeds_789/noise_all_families.json
imagenet,alibi,789,1949810196,0.001,0.004386562951460879,0.9989270386266095,analysis/v18_canonical_pipeline/inputs/imagenet_base/session_4_seeds_789/noise_all_families.json
imagenet,alibi,789,1949810196,0.0025,0.010963907842680995,0.9971387696709584,analysis/v18_canonical_pipeline/inputs/imagenet_base/session_4_seeds_789/noise_all_families.json
imagenet,alibi,789,1949810196,0.005,0.02192150088736264,0.9917739628040058,analysis/v18_canonical_pipeline/inputs/imagenet_base/session_4_seeds_789/noise_all_families.json
imagenet,alibi,789,1949810196,0.01,0.04382472771301172,0.9763948497854077,analysis/v18_canonical_pipeline/inputs/imagenet_base/session_4_seeds_789/noise_all_families.json
imagenet,alibi,789,1949810196,0.025,0.10932190852684648,0.8841201716738197,analysis/v18_canonical_pipeline/inputs/imagenet_base/session_4_seeds_789/noise_all_families.json
imagenet,alibi,789,1949810196,0.05,0.2172748513085975,0.625178826895565,analysis/v18_canonical_pipeline/inputs/imagenet_base/session_4_seeds_789/noise_all_families.json
imagenet,alibi,789,718483333,0.001,0.004361931803158666,1.001788268955651,analysis/v18_canonical_pipeline/inputs/imagenet_base/session_4_seeds_789/noise_all_families.json
imagenet,alibi,789,718483333,0.0025,0.01090082583701131,1.0007153075822603,analysis/v18_canonical_pipeline/inputs/imagenet_base/session_4_seeds_789/noise_all_families.json
imagenet,alibi,789,718483333,0.005,0.02178982878454038,0.9939198855507867,analysis/v18_canonical_pipeline/inputs/imagenet_base/session_4_seeds_789/noise_all_families.json
imagenet,alibi,789,718483333,0.01,0.04353820373395623,0.9892703862660944,analysis/v18_canonical_pipeline/inputs/imagenet_base/session_4_seeds_789/noise_all_families.json
imagenet,alibi,789,718483333,0.025,0.10862920741623666,0.9188125894134477,analysis/v18_canonical_pipeline/inputs/imagenet_base/session_4_seeds_789/noise_all_families.json
imagenet,alibi,789,718483333,0.05,0.21685617095612755,0.778969957081545,analysis/v18_canonical_pipeline/inputs/imagenet_base/session_4_seeds_789/noise_all_families.json
imagenet,alibi,789,1920916044,0.001,0.0043799355496773815,0.9978540772532188,analysis/v18_canonical_pipeline/inputs/imagenet_base/session_4_seeds_789/noise_all_families.json
imagenet,alibi,789,1920916044,0.0025,0.010954434251419783,0.9978540772532188,analysis/v18_canonical_pipeline/inputs/imagenet_base/session_4_seeds_789/noise_all_families.json
imagenet,alibi,789,1920916044,0.005,0.021936962240222308,0.996065808297568,analysis/v18_canonical_pipeline/inputs/imagenet_base/session_4_seeds_789/noise_all_families.json
imagenet,alibi,789,1920916044,0.01,0.04407448692111263,0.9853361945636624,analysis/v18_canonical_pipeline/inputs/imagenet_base/session_4_seeds_789/noise_all_families.json
imagenet,alibi,789,1920916044,0.025,0.11004692791126987,0.9130901287553648,analysis/v18_canonical_pipeline/inputs/imagenet_base/session_4_seeds_789/noise_all_families.json
imagenet,alibi,789,1920916044,0.05,0.21742156928537856,0.6895565092989986,analysis/v18_canonical_pipeline/inputs/imagenet_base/session_4_seeds_789/noise_all_families.json
imagenet,alibi,789,75097514,0.001,0.004373553596723031,0.9971387696709584,analysis/v18_canonical_pipeline/inputs/imagenet_base/session_4_seeds_789/noise_all_families.json
imagenet,alibi,789,75097514,0.0025,0.010936182559342823,0.9910586552217453,analysis/v18_canonical_pipeline/inputs/imagenet_base/session_4_seeds_789/noise_all_families.json
imagenet,alibi,789,75097514,0.005,0.02187920253406053,0.9899856938483549,analysis/v18_canonical_pipeline/inputs/imagenet_base/session_4_seeds_789/noise_all_families.json
imagenet,alibi,789,75097514,0.01,0.043766736074281505,0.978898426323319,analysis/v18_canonical_pipeline/inputs/imagenet_base/session_4_seeds_789/noise_all_families.json
imagenet,alibi,789,75097514,0.025,0.10923337935623614,0.9016452074391988,analysis/v18_canonical_pipeline/inputs/imagenet_base/session_4_seeds_789/noise_all_families.json
imagenet,alibi,789,75097514,0.05,0.21751338942572299,0.7195994277539342,analysis/v18_canonical_pipeline/inputs/imagenet_base/session_4_seeds_789/noise_all_families.json
imagenet,alibi,789,1838896125,0.001,0.0046614127703139595,1.0007153075822603,analysis/v18_canonical_pipeline/inputs/imagenet_base/session_4_seeds_789/noise_all_families.json
imagenet,alibi,789,1838896125,0.0025,0.011562872690150125,0.996423462088698,analysis/v18_canonical_pipeline/inputs/imagenet_base/session_4_seeds_789/noise_all_families.json
imagenet,alibi,789,1838896125,0.005,0.02289968259899687,0.9867668097281832,analysis/v18_canonical_pipeline/inputs/imagenet_base/session_4_seeds_789/noise_all_families.json
imagenet,alibi,789,1838896125,0.01,0.04519215573328458,0.9502861230329042,analysis/v18_canonical_pipeline/inputs/imagenet_base/session_4_seeds_789/noise_all_families.json
imagenet,alibi,789,1838896125,0.025,0.11063862806808727,0.8140200286123033,analysis/v18_canonical_pipeline/inputs/imagenet_base/session_4_seeds_789/noise_all_families.json
imagenet,alibi,789,1838896125,0.05,0.2187010152243127,0.6097997138769671,analysis/v18_canonical_pipeline/inputs/imagenet_base/session_4_seeds_789/noise_all_families.json
imagenet,alibi,789,956457833,0.001,0.004477657854777569,0.9996423462088697,analysis/v18_canonical_pipeline/inputs/imagenet_base/session_4_seeds_789/noise_all_families.json
imagenet,alibi,789,956457833,0.0025,0.011161741922163881,0.996065808297568,analysis/v18_canonical_pipeline/inputs/imagenet_base/session_4_seeds_789/noise_all_families.json
imagenet,alibi,789,956457833,0.005,0.022218077247973696,0.9932045779685266,analysis/v18_canonical_pipeline/inputs/imagenet_base/session_4_seeds_789/noise_all_families.json
imagenet,alibi,789,956457833,0.01,0.0440895925420365,0.9814020028612302,analysis/v18_canonical_pipeline/inputs/imagenet_base/session_4_seeds_789/noise_all_families.json
imagenet,alibi,789,956457833,0.025,0.10919818302046533,0.9449213161659513,analysis/v18_canonical_pipeline/inputs/imagenet_base/session_4_seeds_789/noise_all_families.json
imagenet,alibi,789,956457833,0.05,0.21761563683760557,0.8408440629470673,analysis/v18_canonical_pipeline/inputs/imagenet_base/session_4_seeds_789/noise_all_families.json
imagenet,alibi,789,599568522,0.001,0.0043363684357048534,0.9996423462088697,analysis/v18_canonical_pipeline/inputs/imagenet_base/session_4_seeds_789/noise_all_families.json
imagenet,alibi,789,599568522,0.0025,0.010846961912520194,1.0007153075822603,analysis/v18_canonical_pipeline/inputs/imagenet_base/session_4_seeds_789/noise_all_families.json
imagenet,alibi,789,599568522,0.005,0.02171373088549475,0.9957081545064378,analysis/v18_canonical_pipeline/inputs/imagenet_base/session_4_seeds_789/noise_all_families.json
imagenet,alibi,789,599568522,0.01,0.04349605768628972,0.9874821173104436,analysis/v18_canonical_pipeline/inputs/imagenet_base/session_4_seeds_789/noise_all_families.json
imagenet,alibi,789,599568522,0.025,0.10892753312979886,0.9388412017167382,analysis/v18_canonical_pipeline/inputs/imagenet_base/session_4_seeds_789/noise_all_families.json
imagenet,alibi,789,599568522,0.05,0.2172486486464939,0.7643061516452074,analysis/v18_canonical_pipeline/inputs/imagenet_base/session_4_seeds_789/noise_all_families.json
imagenet,learned,1011,275189094,0.0025,0.003926373661865829,0.9992724627137141,analysis/v18_canonical_pipeline/inputs/imagenet_base/session_5_seeds_1011/noise_all_families.json
imagenet,learned,1011,275189094,0.005,0.007851138019143994,0.9989086940705711,analysis/v18_canonical_pipeline/inputs/imagenet_base/session_5_seeds_1011/noise_all_families.json
imagenet,learned,1011,275189094,0.01,0.015873435264457184,0.9978173881411423,analysis/v18_canonical_pipeline/inputs/imagenet_base/session_5_seeds_1011/noise_all_families.json
imagenet,learned,1011,275189094,0.02,0.03285544476038424,0.9978173881411423,analysis/v18_canonical_pipeline/inputs/imagenet_base/session_5_seeds_1011/noise_all_families.json
imagenet,learned,1011,275189094,0.04,0.06836495967825716,0.9952710076391417,analysis/v18_canonical_pipeline/inputs/imagenet_base/session_5_seeds_1011/noise_all_families.json
imagenet,learned,1011,275189094,0.05,0.08542588501761374,0.9930883957802839,analysis/v18_canonical_pipeline/inputs/imagenet_base/session_5_seeds_1011/noise_all_families.json
imagenet,learned,1011,275189094,0.06,0.10163199839371956,0.991997089850855,analysis/v18_canonical_pipeline/inputs/imagenet_base/session_5_seeds_1011/noise_all_families.json
imagenet,learned,1011,275189094,0.08,0.13205914655035592,0.9865405602037105,analysis/v18_canonical_pipeline/inputs/imagenet_base/session_5_seeds_1011/noise_all_families.json
imagenet,learned,1011,1758743687,0.0025,0.003689424222204002,0.9996362313568571,analysis/v18_canonical_pipeline/inputs/imagenet_base/session_5_seeds_1011/noise_all_families.json
imagenet,learned,1011,1758743687,0.005,0.007389208519783673,0.9992724627137141,analysis/v18_canonical_pipeline/inputs/imagenet_base/session_5_seeds_1011/noise_all_families.json
imagenet,learned,1011,1758743687,0.01,0.015002743214152774,0.9996362313568571,analysis/v18_canonical_pipeline/inputs/imagenet_base/session_5_seeds_1011/noise_all_families.json
imagenet,learned,1011,1758743687,0.02,0.03136358177169945,0.9981811567842852,analysis/v18_canonical_pipeline/inputs/imagenet_base/session_5_seeds_1011/noise_all_families.json
imagenet,learned,1011,1758743687,0.04,0.06656229047477998,0.9934521644234267,analysis/v18_canonical_pipeline/inputs/imagenet_base/session_5_seeds_1011/noise_all_families.json
imagenet,learned,1011,1758743687,0.05,0.0838138134428222,0.9909057839214259,analysis/v18_canonical_pipeline/inputs/imagenet_base/session_5_seeds_1011/noise_all_families.json
imagenet,learned,1011,1758743687,0.06,0.10022953016482655,0.9890869407057112,analysis/v18_canonical_pipeline/inputs/imagenet_base/session_5_seeds_1011/noise_all_families.json
imagenet,learned,1011,1758743687,0.08,0.13062393730270372,0.9879956347762824,analysis/v18_canonical_pipeline/inputs/imagenet_base/session_5_seeds_1011/noise_all_families.json
imagenet,learned,1011,1358209263,0.0025,0.0038448704172603268,0.9989086940705711,analysis/v18_canonical_pipeline/inputs/imagenet_base/session_5_seeds_1011/noise_all_families.json
imagenet,learned,1011,1358209263,0.005,0.007685778232581008,0.9985449254274283,analysis/v18_canonical_pipeline/inputs/imagenet_base/session_5_seeds_1011/noise_all_families.json
imagenet,learned,1011,1358209263,0.01,0.015535776497445043,0.9992724627137141,analysis/v18_canonical_pipeline/inputs/imagenet_base/session_5_seeds_1011/noise_all_families.json
imagenet,learned,1011,1358209263,0.02,0.032187091626836646,0.9981811567842852,analysis/v18_canonical_pipeline/inputs/imagenet_base/session_5_seeds_1011/noise_all_families.json
imagenet,learned,1011,1358209263,0.04,0.06767443539834454,0.9981811567842852,analysis/v18_canonical_pipeline/inputs/imagenet_base/session_5_seeds_1011/noise_all_families.json
imagenet,learned,1011,1358209263,0.05,0.08492256264295986,0.9970898508548564,analysis/v18_canonical_pipeline/inputs/imagenet_base/session_5_seeds_1011/noise_all_families.json
imagenet,learned,1011,1358209263,0.06,0.10117237538280101,0.9927246271371407,analysis/v18_canonical_pipeline/inputs/imagenet_base/session_5_seeds_1011/noise_all_families.json
imagenet,learned,1011,1358209263,0.08,0.13104589887227228,0.9887231720625683,analysis/v18_canonical_pipeline/inputs/imagenet_base/session_5_seeds_1011/noise_all_families.json
imagenet,learned,1011,538054647,0.0025,0.0036262362360821544,0.9985449254274283,analysis/v18_canonical_pipeline/inputs/imagenet_base/session_5_seeds_1011/noise_all_families.json
imagenet,learned,1011,538054647,0.005,0.007254799535652938,0.9974536194979993,analysis/v18_canonical_pipeline/inputs/imagenet_base/session_5_seeds_1011/noise_all_families.json
imagenet,learned,1011,538054647,0.01,0.014725947595882421,0.9981811567842852,analysis/v18_canonical_pipeline/inputs/imagenet_base/session_5_seeds_1011/noise_all_families.json
imagenet,learned,1011,538054647,0.02,0.030977954058440813,0.9978173881411423,analysis/v18_canonical_pipeline/inputs/imagenet_base/session_5_seeds_1011/noise_all_families.json
imagenet,learned,1011,538054647,0.04,0.06700997593449431,0.9945434703528557,analysis/v18_canonical_pipeline/inputs/imagenet_base/session_5_seeds_1011/noise_all_families.json
imagenet,learned,1011,538054647,0.05,0.08483457221818777,0.9945434703528557,analysis/v18_canonical_pipeline/inputs/imagenet_base/session_5_seeds_1011/noise_all_families.json
imagenet,learned,1011,538054647,0.06,0.10170257159504603,0.9927246271371407,analysis/v18_canonical_pipeline/inputs/imagenet_base/session_5_seeds_1011/noise_all_families.json
imagenet,learned,1011,538054647,0.08,0.1326492338173475,0.9898144779919972,analysis/v18_canonical_pipeline/inputs/imagenet_base/session_5_seeds_1011/noise_all_families.json
imagenet,learned,1011,1562974180,0.0025,0.00362803966467265,0.9992724627137141,analysis/v18_canonical_pipeline/inputs/imagenet_base/session_5_seeds_1011/noise_all_families.json
imagenet,learned,1011,1562974180,0.005,0.007300378085802173,0.9989086940705711,analysis/v18_canonical_pipeline/inputs/imagenet_base/session_5_seeds_1011/noise_all_families.json
imagenet,learned,1011,1562974180,0.01,0.014963873620839488,0.9981811567842852,analysis/v18_canonical_pipeline/inputs/imagenet_base/session_5_seeds_1011/noise_all_families.json
imagenet,learned,1011,1562974180,0.02,0.031793150382023246,0.9985449254274283,analysis/v18_canonical_pipeline/inputs/imagenet_base/session_5_seeds_1011/noise_all_families.json
imagenet,learned,1011,1562974180,0.04,0.0683066676733902,0.9952710076391417,analysis/v18_canonical_pipeline/inputs/imagenet_base/session_5_seeds_1011/noise_all_families.json
imagenet,learned,1011,1562974180,0.05,0.08598053953056332,0.9923608584939979,analysis/v18_canonical_pipeline/inputs/imagenet_base/session_5_seeds_1011/noise_all_families.json
imagenet,learned,1011,1562974180,0.06,0.1025364931174043,0.991997089850855,analysis/v18_canonical_pipeline/inputs/imagenet_base/session_5_seeds_1011/noise_all_families.json
imagenet,learned,1011,1562974180,0.08,0.13273955727082803,0.9898144779919972,analysis/v18_canonical_pipeline/inputs/imagenet_base/session_5_seeds_1011/noise_all_families.json
imagenet,learned,1011,1453668639,0.0025,0.0036004912810347874,0.9996362313568571,analysis/v18_canonical_pipeline/inputs/imagenet_base/session_5_seeds_1011/noise_all_families.json
imagenet,learned,1011,1453668639,0.005,0.007212116095540748,0.9992724627137141,analysis/v18_canonical_pipeline/inputs/imagenet_base/session_5_seeds_1011/noise_all_families.json
imagenet,learned,1011,1453668639,0.01,0.014662719825817697,0.9992724627137141,analysis/v18_canonical_pipeline/inputs/imagenet_base/session_5_seeds_1011/noise_all_families.json
imagenet,learned,1011,1453668639,0.02,0.03084895018575113,0.9989086940705711,analysis/v18_canonical_pipeline/inputs/imagenet_base/session_5_seeds_1011/noise_all_families.json
imagenet,learned,1011,1453668639,0.04,0.06619407682312296,0.9956347762822845,analysis/v18_canonical_pipeline/inputs/imagenet_base/session_5_seeds_1011/noise_all_families.json
imagenet,learned,1011,1453668639,0.05,0.08370887190515658,0.9938159330665698,analysis/v18_canonical_pipeline/inputs/imagenet_base/session_5_seeds_1011/noise_all_families.json
imagenet,learned,1011,1453668639,0.06,0.10044473074983706,0.9923608584939979,analysis/v18_canonical_pipeline/inputs/imagenet_base/session_5_seeds_1011/noise_all_families.json
imagenet,learned,1011,1453668639,0.08,0.13138425815821456,0.9890869407057112,analysis/v18_canonical_pipeline/inputs/imagenet_base/session_5_seeds_1011/noise_all_families.json
imagenet,learned,1011,1609069331,0.0025,0.0036424589310661247,0.9996362313568571,analysis/v18_canonical_pipeline/inputs/imagenet_base/session_5_seeds_1011/noise_all_families.json
imagenet,learned,1011,1609069331,0.005,0.007319162639857489,0.9992724627137141,analysis/v18_canonical_pipeline/inputs/imagenet_base/session_5_seeds_1011/noise_all_families.json
imagenet,learned,1011,1609069331,0.01,0.014975748257275854,0.9996362313568571,analysis/v18_canonical_pipeline/inputs/imagenet_base/session_5_seeds_1011/noise_all_families.json
imagenet,learned,1011,1609069331,0.02,0.03154916144249366,0.9989086940705711,analysis/v18_canonical_pipeline/inputs/imagenet_base/session_5_seeds_1011/noise_all_families.json
imagenet,learned,1011,1609069331,0.04,0.06708688798723789,0.9981811567842852,analysis/v18_canonical_pipeline/inputs/imagenet_base/session_5_seeds_1011/noise_all_families.json
imagenet,learned,1011,1609069331,0.05,0.08448252559653123,0.9952710076391417,analysis/v18_canonical_pipeline/inputs/imagenet_base/session_5_seeds_1011/noise_all_families.json
imagenet,learned,1011,1609069331,0.06,0.10101801768885646,0.9927246271371407,analysis/v18_canonical_pipeline/inputs/imagenet_base/session_5_seeds_1011/noise_all_families.json
imagenet,learned,1011,1609069331,0.08,0.13165240738919357,0.9861767915605676,analysis/v18_canonical_pipeline/inputs/imagenet_base/session_5_seeds_1011/noise_all_families.json
imagenet,learned,1011,1720193045,0.0025,0.0036772939512967847,0.9989086940705711,analysis/v18_canonical_pipeline/inputs/imagenet_base/session_5_seeds_1011/noise_all_families.json
imagenet,learned,1011,1720193045,0.005,0.00740788093301825,0.9989086940705711,analysis/v18_canonical_pipeline/inputs/imagenet_base/session_5_seeds_1011/noise_all_families.json
imagenet,learned,1011,1720193045,0.01,0.015115320226352405,1.0,analysis/v18_canonical_pipeline/inputs/imagenet_base/session_5_seeds_1011/noise_all_families.json
imagenet,learned,1011,1720193045,0.02,0.031775520539921866,1.0,analysis/v18_canonical_pipeline/inputs/imagenet_base/session_5_seeds_1011/noise_all_families.json
imagenet,learned,1011,1720193045,0.04,0.06761868826407916,0.9956347762822845,analysis/v18_canonical_pipeline/inputs/imagenet_base/session_5_seeds_1011/noise_all_families.json
imagenet,learned,1011,1720193045,0.05,0.08522521594099432,0.9927246271371407,analysis/v18_canonical_pipeline/inputs/imagenet_base/session_5_seeds_1011/noise_all_families.json
imagenet,learned,1011,1720193045,0.06,0.10197449174866784,0.9934521644234267,analysis/v18_canonical_pipeline/inputs/imagenet_base/session_5_seeds_1011/noise_all_families.json
imagenet,learned,1011,1720193045,0.08,0.13290309067964134,0.9890869407057112,analysis/v18_canonical_pipeline/inputs/imagenet_base/session_5_seeds_1011/noise_all_families.json
imagenet,learned,1011,1152993491,0.0025,0.0036690456189077884,0.9989086940705711,analysis/v18_canonical_pipeline/inputs/imagenet_base/session_5_seeds_1011/noise_all_families.json
imagenet,learned,1011,1152993491,0.005,0.007349204171274318,0.9989086940705711,analysis/v18_canonical_pipeline/inputs/imagenet_base/session_5_seeds_1011/noise_all_families.json
imagenet,learned,1011,1152993491,0.01,0.014928630697221598,0.9985449254274283,analysis/v18_canonical_pipeline/inputs/imagenet_base/session_5_seeds_1011/noise_all_families.json
imagenet,learned,1011,1152993491,0.02,0.03118306095232291,0.9974536194979993,analysis/v18_canonical_pipeline/inputs/imagenet_base/session_5_seeds_1011/noise_all_families.json
imagenet,learned,1011,1152993491,0.04,0.06587492212674295,0.9949072389959985,analysis/v18_canonical_pipeline/inputs/imagenet_base/session_5_seeds_1011/noise_all_families.json
imagenet,learned,1011,1152993491,0.05,0.08292779316023609,0.9927246271371407,analysis/v18_canonical_pipeline/inputs/imagenet_base/session_5_seeds_1011/noise_all_families.json
imagenet,learned,1011,1152993491,0.06,0.0992865859608805,0.9927246271371407,analysis/v18_canonical_pipeline/inputs/imagenet_base/session_5_seeds_1011/noise_all_families.json
imagenet,learned,1011,1152993491,0.08,0.12989363972635803,0.9869043288468534,analysis/v18_canonical_pipeline/inputs/imagenet_base/session_5_seeds_1011/noise_all_families.json
imagenet,learned,1011,853537900,0.0025,0.003499842658137361,0.9996362313568571,analysis/v18_canonical_pipeline/inputs/imagenet_base/session_5_seeds_1011/noise_all_families.json
imagenet,learned,1011,853537900,0.005,0.006999581170903034,0.9989086940705711,analysis/v18_canonical_pipeline/inputs/imagenet_base/session_5_seeds_1011/noise_all_families.json
imagenet,learned,1011,853537900,0.01,0.014178328808395304,0.9985449254274283,analysis/v18_canonical_pipeline/inputs/imagenet_base/session_5_seeds_1011/noise_all_families.json
imagenet,learned,1011,853537900,0.02,0.029749215900204396,0.9989086940705711,analysis/v18_canonical_pipeline/inputs/imagenet_base/session_5_seeds_1011/noise_all_families.json
imagenet,learned,1011,853537900,0.04,0.06442445605327166,0.9949072389959985,analysis/v18_canonical_pipeline/inputs/imagenet_base/session_5_seeds_1011/noise_all_families.json
imagenet,learned,1011,853537900,0.05,0.08199121052169002,0.9938159330665698,analysis/v18_canonical_pipeline/inputs/imagenet_base/session_5_seeds_1011/noise_all_families.json
imagenet,learned,1011,853537900,0.06,0.09894957210869683,0.9938159330665698,analysis/v18_canonical_pipeline/inputs/imagenet_base/session_5_seeds_1011/noise_all_families.json
imagenet,learned,1011,853537900,0.08,0.13056415489795078,0.9839941797017098,analysis/v18_canonical_pipeline/inputs/imagenet_base/session_5_seeds_1011/noise_all_families.json
imagenet,sinusoidal,1011,275189094,0.01,0.008760243209217889,0.9985959985959986,analysis/v18_canonical_pipeline/inputs/imagenet_base/session_5_seeds_1011/noise_all_families.json
imagenet,sinusoidal,1011,275189094,0.025,0.02229119992122873,0.9982449982449982,analysis/v18_canonical_pipeline/inputs/imagenet_base/session_5_seeds_1011/noise_all_families.json
imagenet,sinusoidal,1011,275189094,0.05,0.04478190714337776,0.998946998946999,analysis/v18_canonical_pipeline/inputs/imagenet_base/session_5_seeds_1011/noise_all_families.json
imagenet,sinusoidal,1011,275189094,0.1,0.091841836136816,0.9933309933309934,analysis/v18_canonical_pipeline/inputs/imagenet_base/session_5_seeds_1011/noise_all_families.json
imagenet,sinusoidal,1011,275189094,0.2,0.18876010645272798,0.9835029835029836,analysis/v18_canonical_pipeline/inputs/imagenet_base/session_5_seeds_1011/noise_all_families.json
imagenet,sinusoidal,1011,1758743687,0.01,0.008942510361944229,1.0,analysis/v18_canonical_pipeline/inputs/imagenet_base/session_5_seeds_1011/noise_all_families.json
imagenet,sinusoidal,1011,1758743687,0.025,0.022444674821488507,1.0,analysis/v18_canonical_pipeline/inputs/imagenet_base/session_5_seeds_1011/noise_all_families.json
imagenet,sinusoidal,1011,1758743687,0.05,0.04482331867198363,0.9985959985959986,analysis/v18_canonical_pipeline/inputs/imagenet_base/session_5_seeds_1011/noise_all_families.json
imagenet,sinusoidal,1011,1758743687,0.1,0.09208225297993157,0.9964899964899966,analysis/v18_canonical_pipeline/inputs/imagenet_base/session_5_seeds_1011/noise_all_families.json
imagenet,sinusoidal,1011,1758743687,0.2,0.18808823152406373,0.9803439803439804,analysis/v18_canonical_pipeline/inputs/imagenet_base/session_5_seeds_1011/noise_all_families.json
imagenet,sinusoidal,1011,1358209263,0.01,0.008881100002601743,0.9982449982449982,analysis/v18_canonical_pipeline/inputs/imagenet_base/session_5_seeds_1011/noise_all_families.json
imagenet,sinusoidal,1011,1358209263,0.025,0.02190362911124648,0.9975429975429976,analysis/v18_canonical_pipeline/inputs/imagenet_base/session_5_seeds_1011/noise_all_families.json
imagenet,sinusoidal,1011,1358209263,0.05,0.04362515305239023,0.997893997893998,analysis/v18_canonical_pipeline/inputs/imagenet_base/session_5_seeds_1011/noise_all_families.json
imagenet,sinusoidal,1011,1358209263,0.1,0.09008179507966484,0.997893997893998,analysis/v18_canonical_pipeline/inputs/imagenet_base/session_5_seeds_1011/noise_all_families.json
imagenet,sinusoidal,1011,1358209263,0.2,0.18539655079800327,0.9873639873639873,analysis/v18_canonical_pipeline/inputs/imagenet_base/session_5_seeds_1011/noise_all_families.json
imagenet,sinusoidal,1011,538054647,0.01,0.008499474370878824,0.9985959985959986,analysis/v18_canonical_pipeline/inputs/imagenet_base/session_5_seeds_1011/noise_all_families.json
imagenet,sinusoidal,1011,538054647,0.025,0.021526471573914473,0.9975429975429976,analysis/v18_canonical_pipeline/inputs/imagenet_base/session_5_seeds_1011/noise_all_families.json
imagenet,sinusoidal,1011,538054647,0.05,0.04367351108781211,0.9971919971919972,analysis/v18_canonical_pipeline/inputs/imagenet_base/session_5_seeds_1011/noise_all_families.json
imagenet,sinusoidal,1011,538054647,0.1,0.08984692111230022,0.9901719901719902,analysis/v18_canonical_pipeline/inputs/imagenet_base/session_5_seeds_1011/noise_all_families.json
imagenet,sinusoidal,1011,538054647,0.2,0.18450064217963397,0.9757809757809758,analysis/v18_canonical_pipeline/inputs/imagenet_base/session_5_seeds_1011/noise_all_families.json
imagenet,sinusoidal,1011,1562974180,0.01,0.008852075771651443,0.998946998946999,analysis/v18_canonical_pipeline/inputs/imagenet_base/session_5_seeds_1011/noise_all_families.json
imagenet,sinusoidal,1011,1562974180,0.025,0.021603463964393266,0.9996489996489997,analysis/v18_canonical_pipeline/inputs/imagenet_base/session_5_seeds_1011/noise_all_families.json
imagenet,sinusoidal,1011,1562974180,0.05,0.04412414337270219,0.9985959985959986,analysis/v18_canonical_pipeline/inputs/imagenet_base/session_5_seeds_1011/noise_all_families.json
imagenet,sinusoidal,1011,1562974180,0.1,0.09181173020400114,0.9947349947349948,analysis/v18_canonical_pipeline/inputs/imagenet_base/session_5_seeds_1011/noise_all_families.json
imagenet,sinusoidal,1011,1562974180,0.2,0.18838985369983682,0.9831519831519832,analysis/v18_canonical_pipeline/inputs/imagenet_base/session_5_seeds_1011/noise_all_families.json
imagenet,sinusoidal,1011,1453668639,0.01,0.00875087205943211,0.9985959985959986,analysis/v18_canonical_pipeline/inputs/imagenet_base/session_5_seeds_1011/noise_all_families.json
imagenet,sinusoidal,1011,1453668639,0.025,0.021733447117362695,0.9982449982449982,analysis/v18_canonical_pipeline/inputs/imagenet_base/session_5_seeds_1011/noise_all_families.json
imagenet,sinusoidal,1011,1453668639,0.05,0.04390698890420981,1.0014040014040015,analysis/v18_canonical_pipeline/inputs/imagenet_base/session_5_seeds_1011/noise_all_families.json
imagenet,sinusoidal,1011,1453668639,0.1,0.09006474769376817,0.9950859950859952,analysis/v18_canonical_pipeline/inputs/imagenet_base/session_5_seeds_1011/noise_all_families.json
imagenet,sinusoidal,1011,1453668639,0.2,0.18578423874288214,0.9831519831519832,analysis/v18_canonical_pipeline/inputs/imagenet_base/session_5_seeds_1011/noise_all_families.json
imagenet,sinusoidal,1011,1609069331,0.01,0.008437782886425499,0.997893997893998,analysis/v18_canonical_pipeline/inputs/imagenet_base/session_5_seeds_1011/noise_all_families.json
imagenet,sinusoidal,1011,1609069331,0.025,0.021373109549118773,0.997893997893998,analysis/v18_canonical_pipeline/inputs/imagenet_base/session_5_seeds_1011/noise_all_families.json
imagenet,sinusoidal,1011,1609069331,0.05,0.04334133783377434,0.997893997893998,analysis/v18_canonical_pipeline/inputs/imagenet_base/session_5_seeds_1011/noise_all_families.json
imagenet,sinusoidal,1011,1609069331,0.1,0.09000930533999277,0.9933309933309934,analysis/v18_canonical_pipeline/inputs/imagenet_base/session_5_seeds_1011/noise_all_families.json
imagenet,sinusoidal,1011,1609069331,0.2,0.18524055071840753,0.985959985959986,analysis/v18_canonical_pipeline/inputs/imagenet_base/session_5_seeds_1011/noise_all_families.json
imagenet,sinusoidal,1011,1720193045,0.01,0.008629301663349435,0.998946998946999,analysis/v18_canonical_pipeline/inputs/imagenet_base/session_5_seeds_1011/noise_all_families.json
imagenet,sinusoidal,1011,1720193045,0.025,0.021621982089695953,0.9982449982449982,analysis/v18_canonical_pipeline/inputs/imagenet_base/session_5_seeds_1011/noise_all_families.json
imagenet,sinusoidal,1011,1720193045,0.05,0.04380786290218592,0.9982449982449982,analysis/v18_canonical_pipeline/inputs/imagenet_base/session_5_seeds_1011/noise_all_families.json
imagenet,sinusoidal,1011,1720193045,0.1,0.09008929816542866,0.9961389961389961,analysis/v18_canonical_pipeline/inputs/imagenet_base/session_5_seeds_1011/noise_all_families.json
imagenet,sinusoidal,1011,1720193045,0.2,0.18523867302282487,0.9873639873639873,analysis/v18_canonical_pipeline/inputs/imagenet_base/session_5_seeds_1011/noise_all_families.json
imagenet,sinusoidal,1011,1152993491,0.01,0.008709434300071069,1.0003510003510006,analysis/v18_canonical_pipeline/inputs/imagenet_base/session_5_seeds_1011/noise_all_families.json
imagenet,sinusoidal,1011,1152993491,0.025,0.02184452459817362,0.9992979992979992,analysis/v18_canonical_pipeline/inputs/imagenet_base/session_5_seeds_1011/noise_all_families.json
imagenet,sinusoidal,1011,1152993491,0.05,0.044341996650255816,0.9957879957879958,analysis/v18_canonical_pipeline/inputs/imagenet_base/session_5_seeds_1011/noise_all_families.json
imagenet,sinusoidal,1011,1152993491,0.1,0.09147348428645379,0.9940329940329942,analysis/v18_canonical_pipeline/inputs/imagenet_base/session_5_seeds_1011/noise_all_families.json
imagenet,sinusoidal,1011,1152993491,0.2,0.1878280062652798,0.9813969813969814,analysis/v18_canonical_pipeline/inputs/imagenet_base/session_5_seeds_1011/noise_all_families.json
imagenet,sinusoidal,1011,853537900,0.01,0.008462172781600984,1.0,analysis/v18_canonical_pipeline/inputs/imagenet_base/session_5_seeds_1011/noise_all_families.json
imagenet,sinusoidal,1011,853537900,0.025,0.021069621987409037,0.9996489996489997,analysis/v18_canonical_pipeline/inputs/imagenet_base/session_5_seeds_1011/noise_all_families.json
imagenet,sinusoidal,1011,853537900,0.05,0.043429390168590654,1.0003510003510006,analysis/v18_canonical_pipeline/inputs/imagenet_base/session_5_seeds_1011/noise_all_families.json
imagenet,sinusoidal,1011,853537900,0.1,0.0906348613851066,0.9985959985959986,analysis/v18_canonical_pipeline/inputs/imagenet_base/session_5_seeds_1011/noise_all_families.json
imagenet,sinusoidal,1011,853537900,0.2,0.18641200995914065,0.9856089856089856,analysis/v18_canonical_pipeline/inputs/imagenet_base/session_5_seeds_1011/noise_all_families.json
imagenet,rope,1011,275189094,0.025,0.024056356489182557,1.0,analysis/v18_canonical_pipeline/inputs/imagenet_base/session_5_seeds_1011/noise_all_families.json
imagenet,rope,1011,275189094,0.05,0.04812903828811713,0.9986282578875171,analysis/v18_canonical_pipeline/inputs/imagenet_base/session_5_seeds_1011/noise_all_families.json
imagenet,rope,1011,275189094,0.1,0.09646639441547637,0.9969135802469136,analysis/v18_canonical_pipeline/inputs/imagenet_base/session_5_seeds_1011/noise_all_families.json
imagenet,rope,1011,275189094,0.2,0.19460238703064195,0.9934842249657063,analysis/v18_canonical_pipeline/inputs/imagenet_base/session_5_seeds_1011/noise_all_families.json
imagenet,rope,1011,275189094,0.4,0.3965631798854353,0.9643347050754457,analysis/v18_canonical_pipeline/inputs/imagenet_base/session_5_seeds_1011/noise_all_families.json
imagenet,rope,1011,1758743687,0.025,0.02427083059002675,1.0003429355281206,analysis/v18_canonical_pipeline/inputs/imagenet_base/session_5_seeds_1011/noise_all_families.json
imagenet,rope,1011,1758743687,0.05,0.04858861650026834,0.9989711934156378,analysis/v18_canonical_pipeline/inputs/imagenet_base/session_5_seeds_1011/noise_all_families.json
imagenet,rope,1011,1758743687,0.1,0.09739426793990742,0.9993141289437586,analysis/v18_canonical_pipeline/inputs/imagenet_base/session_5_seeds_1011/noise_all_families.json
imagenet,rope,1011,1758743687,0.2,0.19555486799960703,0.9948559670781892,analysis/v18_canonical_pipeline/inputs/imagenet_base/session_5_seeds_1011/noise_all_families.json
imagenet,rope,1011,1758743687,0.4,0.3956912566543027,0.96639231824417,analysis/v18_canonical_pipeline/inputs/imagenet_base/session_5_seeds_1011/noise_all_families.json
imagenet,rope,1011,1358209263,0.025,0.023777603400660024,0.9986282578875171,analysis/v18_canonical_pipeline/inputs/imagenet_base/session_5_seeds_1011/noise_all_families.json
imagenet,rope,1011,1358209263,0.05,0.04758197878185906,0.9975994513031549,analysis/v18_canonical_pipeline/inputs/imagenet_base/session_5_seeds_1011/noise_all_families.json
imagenet,rope,1011,1358209263,0.1,0.09525683996725177,0.9979423868312757,analysis/v18_canonical_pipeline/inputs/imagenet_base/session_5_seeds_1011/noise_all_families.json
imagenet,rope,1011,1358209263,0.2,0.19183304115739258,0.9931412894375857,analysis/v18_canonical_pipeline/inputs/imagenet_base/session_5_seeds_1011/noise_all_families.json
imagenet,rope,1011,1358209263,0.4,0.3920852967164814,0.9694787379972564,analysis/v18_canonical_pipeline/inputs/imagenet_base/session_5_seeds_1011/noise_all_families.json
imagenet,rope,1011,538054647,0.025,0.023829135487784068,0.9982853223593963,analysis/v18_canonical_pipeline/inputs/imagenet_base/session_5_seeds_1011/noise_all_families.json
imagenet,rope,1011,538054647,0.05,0.0476675706532377,0.9986282578875171,analysis/v18_canonical_pipeline/inputs/imagenet_base/session_5_seeds_1011/noise_all_families.json
imagenet,rope,1011,538054647,0.1,0.09547596067648101,0.9958847736625513,analysis/v18_canonical_pipeline/inputs/imagenet_base/session_5_seeds_1011/noise_all_families.json
imagenet,rope,1011,538054647,0.2,0.19249762569945275,0.9917695473251028,analysis/v18_canonical_pipeline/inputs/imagenet_base/session_5_seeds_1011/noise_all_families.json
imagenet,rope,1011,538054647,0.4,0.39369808835635745,0.9698216735253772,analysis/v18_canonical_pipeline/inputs/imagenet_base/session_5_seeds_1011/noise_all_families.json
imagenet,rope,1011,1562974180,0.025,0.024757403103473356,0.9986282578875171,analysis/v18_canonical_pipeline/inputs/imagenet_base/session_5_seeds_1011/noise_all_families.json
imagenet,rope,1011,1562974180,0.05,0.049526628006285545,0.9969135802469136,analysis/v18_canonical_pipeline/inputs/imagenet_base/session_5_seeds_1011/noise_all_families.json
imagenet,rope,1011,1562974180,0.1,0.09922922647989227,0.9958847736625513,analysis/v18_canonical_pipeline/inputs/imagenet_base/session_5_seeds_1011/noise_all_families.json
imagenet,rope,1011,1562974180,0.2,0.19991363327551084,0.9927983539094649,analysis/v18_canonical_pipeline/inputs/imagenet_base/session_5_seeds_1011/noise_all_families.json
imagenet,rope,1011,1562974180,0.4,0.40551304783486203,0.9691358024691357,analysis/v18_canonical_pipeline/inputs/imagenet_base/session_5_seeds_1011/noise_all_families.json
imagenet,rope,1011,1453668639,0.025,0.024184504461942896,0.9993141289437586,analysis/v18_canonical_pipeline/inputs/imagenet_base/session_5_seeds_1011/noise_all_families.json
imagenet,rope,1011,1453668639,0.05,0.04839615452194642,0.9996570644718792,analysis/v18_canonical_pipeline/inputs/imagenet_base/session_5_seeds_1011/noise_all_families.json
imagenet,rope,1011,1453668639,0.1,0.09696331810737532,0.9982853223593963,analysis/v18_canonical_pipeline/inputs/imagenet_base/session_5_seeds_1011/noise_all_families.json
imagenet,rope,1011,1453668639,0.2,0.1950243259220065,0.9934842249657063,analysis/v18_canonical_pipeline/inputs/imagenet_base/session_5_seeds_1011/noise_all_families.json
imagenet,rope,1011,1453668639,0.4,0.3953585681167428,0.9633058984910837,analysis/v18_canonical_pipeline/inputs/imagenet_base/session_5_seeds_1011/noise_all_families.json
imagenet,rope,1011,1609069331,0.025,0.023671384021187028,0.9989711934156378,analysis/v18_canonical_pipeline/inputs/imagenet_base/session_5_seeds_1011/noise_all_families.json
imagenet,rope,1011,1609069331,0.05,0.04736902961876122,0.9989711934156378,analysis/v18_canonical_pipeline/inputs/imagenet_base/session_5_seeds_1011/noise_all_families.json
imagenet,rope,1011,1609069331,0.1,0.09498096316467296,0.9969135802469136,analysis/v18_canonical_pipeline/inputs/imagenet_base/session_5_seeds_1011/noise_all_families.json
imagenet,rope,1011,1609069331,0.2,0.19159038366806014,0.9900548696844993,analysis/v18_canonical_pipeline/inputs/imagenet_base/session_5_seeds_1011/noise_all_families.json
imagenet,rope,1011,1609069331,0.4,0.3909226569252835,0.9636488340192043,analysis/v18_canonical_pipeline/inputs/imagenet_base/session_5_seeds_1011/noise_all_families.json
imagenet,rope,1011,1720193045,0.025,0.02406223124247105,0.9979423868312757,analysis/v18_canonical_pipeline/inputs/imagenet_base/session_5_seeds_1011/noise_all_families.json
imagenet,rope,1011,1720193045,0.05,0.04815137768585912,0.9972565157750342,analysis/v18_canonical_pipeline/inputs/imagenet_base/session_5_seeds_1011/noise_all_families.json
imagenet,rope,1011,1720193045,0.1,0.09654499100106487,0.9941700960219478,analysis/v18_canonical_pipeline/inputs/imagenet_base/session_5_seeds_1011/noise_all_families.json
imagenet,rope,1011,1720193045,0.2,0.19470123516936882,0.9886831275720164,analysis/v18_canonical_pipeline/inputs/imagenet_base/session_5_seeds_1011/noise_all_families.json
imagenet,rope,1011,1720193045,0.4,0.3958607520833888,0.9612482853223593,analysis/v18_canonical_pipeline/inputs/imagenet_base/session_5_seeds_1011/noise_all_families.json
imagenet,rope,1011,1152993491,0.025,0.02396188128954905,1.001028806584362,analysis/v18_canonical_pipeline/inputs/imagenet_base/session_5_seeds_1011/noise_all_families.json
imagenet,rope,1011,1152993491,0.05,0.047978416956239826,1.0003429355281206,analysis/v18_canonical_pipeline/inputs/imagenet_base/session_5_seeds_1011/noise_all_families.json
imagenet,rope,1011,1152993491,0.1,0.09606580730536371,0.9962277091906722,analysis/v18_canonical_pipeline/inputs/imagenet_base/session_5_seeds_1011/noise_all_families.json
imagenet,rope,1011,1152993491,0.2,0.19373683669760214,0.9886831275720164,analysis/v18_canonical_pipeline/inputs/imagenet_base/session_5_seeds_1011/noise_all_families.json
imagenet,rope,1011,1152993491,0.4,0.39309595790178126,0.9633058984910837,analysis/v18_canonical_pipeline/inputs/imagenet_base/session_5_seeds_1011/noise_all_families.json
imagenet,rope,1011,853537900,0.025,0.023940384738191028,0.9986282578875171,analysis/v18_canonical_pipeline/inputs/imagenet_base/session_5_seeds_1011/noise_all_families.json
imagenet,rope,1011,853537900,0.05,0.04797238349756457,0.9979423868312757,analysis/v18_canonical_pipeline/inputs/imagenet_base/session_5_seeds_1011/noise_all_families.json
imagenet,rope,1011,853537900,0.1,0.09626551162796194,0.9965706447187928,analysis/v18_canonical_pipeline/inputs/imagenet_base/session_5_seeds_1011/noise_all_families.json
imagenet,rope,1011,853537900,0.2,0.19390595663809693,0.9876543209876543,analysis/v18_canonical_pipeline/inputs/imagenet_base/session_5_seeds_1011/noise_all_families.json
imagenet,rope,1011,853537900,0.4,0.3936409382198713,0.9633058984910837,analysis/v18_canonical_pipeline/inputs/imagenet_base/session_5_seeds_1011/noise_all_families.json
imagenet,alibi,1011,275189094,0.001,0.004633444064850001,0.9989388043862752,analysis/v18_canonical_pipeline/inputs/imagenet_base/session_5_seeds_1011/noise_all_families.json
imagenet,alibi,1011,275189094,0.0025,0.011568875401638642,0.998231340643792,analysis/v18_canonical_pipeline/inputs/imagenet_base/session_5_seeds_1011/noise_all_families.json
imagenet,alibi,1011,275189094,0.005,0.023031429844012834,0.9950477538026177,analysis/v18_canonical_pipeline/inputs/imagenet_base/session_5_seeds_1011/noise_all_families.json
imagenet,alibi,1011,275189094,0.01,0.04549601694983733,0.9886805801202688,analysis/v18_canonical_pipeline/inputs/imagenet_base/session_5_seeds_1011/noise_all_families.json
imagenet,alibi,1011,275189094,0.025,0.1108819215357026,0.9214715245843651,analysis/v18_canonical_pipeline/inputs/imagenet_base/session_5_seeds_1011/noise_all_families.json
imagenet,alibi,1011,275189094,0.05,0.21761171126871032,0.7470817120622568,analysis/v18_canonical_pipeline/inputs/imagenet_base/session_5_seeds_1011/noise_all_families.json
imagenet,alibi,1011,1758743687,0.001,0.00441539201493023,0.9989388043862752,analysis/v18_canonical_pipeline/inputs/imagenet_base/session_5_seeds_1011/noise_all_families.json
imagenet,alibi,1011,1758743687,0.0025,0.011046285786711933,0.9957552175451009,analysis/v18_canonical_pipeline/inputs/imagenet_base/session_5_seeds_1011/noise_all_families.json
imagenet,alibi,1011,1758743687,0.005,0.02211657189319384,0.9932790944464097,analysis/v18_canonical_pipeline/inputs/imagenet_base/session_5_seeds_1011/noise_all_families.json
imagenet,alibi,1011,1758743687,0.01,0.04430354783354536,0.9798372833392288,analysis/v18_canonical_pipeline/inputs/imagenet_base/session_5_seeds_1011/noise_all_families.json
imagenet,alibi,1011,1758743687,0.025,0.11026759723903229,0.8829147506190308,analysis/v18_canonical_pipeline/inputs/imagenet_base/session_5_seeds_1011/noise_all_families.json
imagenet,alibi,1011,1758743687,0.05,0.2155055311009126,0.5868411743898125,analysis/v18_canonical_pipeline/inputs/imagenet_base/session_5_seeds_1011/noise_all_families.json
imagenet,alibi,1011,1358209263,0.001,0.004342734221855396,1.0003537318712417,analysis/v18_canonical_pipeline/inputs/imagenet_base/session_5_seeds_1011/noise_all_families.json
imagenet,alibi,1011,1358209263,0.0025,0.010862400894079954,0.998231340643792,analysis/v18_canonical_pipeline/inputs/imagenet_base/session_5_seeds_1011/noise_all_families.json
imagenet,alibi,1011,1358209263,0.005,0.02175368508697304,0.9968164131588257,analysis/v18_canonical_pipeline/inputs/imagenet_base/session_5_seeds_1011/noise_all_families.json
imagenet,alibi,1011,1358209263,0.01,0.043695806931679015,0.9869119207640609,analysis/v18_canonical_pipeline/inputs/imagenet_base/session_5_seeds_1011/noise_all_families.json
imagenet,alibi,1011,1358209263,0.025,0.1111542236351905,0.9296073576229219,analysis/v18_canonical_pipeline/inputs/imagenet_base/session_5_seeds_1011/noise_all_families.json
imagenet,alibi,1011,1358209263,0.05,0.22133993748202582,0.7039264237707817,analysis/v18_canonical_pipeline/inputs/imagenet_base/session_5_seeds_1011/noise_all_families.json
imagenet,alibi,1011,538054647,0.001,0.004542350194728885,0.9971701450300673,analysis/v18_canonical_pipeline/inputs/imagenet_base/session_5_seeds_1011/noise_all_families.json
imagenet,alibi,1011,538054647,0.0025,0.011372600722232321,0.9954014856738593,analysis/v18_canonical_pipeline/inputs/imagenet_base/session_5_seeds_1011/noise_all_families.json
imagenet,alibi,1011,538054647,0.005,0.022801912696950286,0.9844357976653697,analysis/v18_canonical_pipeline/inputs/imagenet_base/session_5_seeds_1011/noise_all_families.json
imagenet,alibi,1011,538054647,0.01,0.04578244930658251,0.9405730456314115,analysis/v18_canonical_pipeline/inputs/imagenet_base/session_5_seeds_1011/noise_all_families.json
imagenet,alibi,1011,538054647,0.025,0.11258854347659236,0.6522815705695083,analysis/v18_canonical_pipeline/inputs/imagenet_base/session_5_seeds_1011/noise_all_families.json
imagenet,alibi,1011,538054647,0.05,0.220252581535508,0.3484258931729749,analysis/v18_canonical_pipeline/inputs/imagenet_base/session_5_seeds_1011/noise_all_families.json
imagenet,alibi,1011,1562974180,0.001,0.004471457126832215,0.9975238769013088,analysis/v18_canonical_pipeline/inputs/imagenet_base/session_5_seeds_1011/noise_all_families.json
imagenet,alibi,1011,1562974180,0.0025,0.011158826566112974,0.9943402900601345,analysis/v18_canonical_pipeline/inputs/imagenet_base/session_5_seeds_1011/noise_all_families.json
imagenet,alibi,1011,1562974180,0.005,0.022255746282071498,0.9869119207640609,analysis/v18_canonical_pipeline/inputs/imagenet_base/session_5_seeds_1011/noise_all_families.json
imagenet,alibi,1011,1562974180,0.01,0.044292312039474896,0.9571984435797666,analysis/v18_canonical_pipeline/inputs/imagenet_base/session_5_seeds_1011/noise_all_families.json
imagenet,alibi,1011,1562974180,0.025,0.10933535998579337,0.8058012026883624,analysis/v18_canonical_pipeline/inputs/imagenet_base/session_5_seeds_1011/noise_all_families.json
imagenet,alibi,1011,1562974180,0.05,0.21569681236422214,0.520339582596392,analysis/v18_canonical_pipeline/inputs/imagenet_base/session_5_seeds_1011/noise_all_families.json
imagenet,alibi,1011,1453668639,0.001,0.004823789251391121,0.9957552175451009,analysis/v18_canonical_pipeline/inputs/imagenet_base/session_5_seeds_1011/noise_all_families.json
imagenet,alibi,1011,1453668639,0.0025,0.011952048384225308,0.9908029713477186,analysis/v18_canonical_pipeline/inputs/imagenet_base/session_5_seeds_1011/noise_all_families.json
imagenet,alibi,1011,1453668639,0.005,0.02357092450204408,0.9819596745666785,analysis/v18_canonical_pipeline/inputs/imagenet_base/session_5_seeds_1011/noise_all_families.json
imagenet,alibi,1011,1453668639,0.01,0.045923075538380494,0.948001414927485,analysis/v18_canonical_pipeline/inputs/imagenet_base/session_5_seeds_1011/noise_all_families.json
imagenet,alibi,1011,1453668639,0.025,0.11052055221081017,0.858153519632119,analysis/v18_canonical_pipeline/inputs/imagenet_base/session_5_seeds_1011/noise_all_families.json
imagenet,alibi,1011,1453668639,0.05,0.21795464932113381,0.6897771489211179,analysis/v18_canonical_pipeline/inputs/imagenet_base/session_5_seeds_1011/noise_all_families.json
imagenet,alibi,1011,1609069331,0.001,0.0045739411810262025,0.9971701450300673,analysis/v18_canonical_pipeline/inputs/imagenet_base/session_5_seeds_1011/noise_all_families.json
imagenet,alibi,1011,1609069331,0.0025,0.011430753559543714,0.998231340643792,analysis/v18_canonical_pipeline/inputs/imagenet_base/session_5_seeds_1011/noise_all_families.json
imagenet,alibi,1011,1609069331,0.005,0.022776910544562757,0.9915104350902018,analysis/v18_canonical_pipeline/inputs/imagenet_base/session_5_seeds_1011/noise_all_families.json
imagenet,alibi,1011,1609069331,0.01,0.04500570160624389,0.9518924655111427,analysis/v18_canonical_pipeline/inputs/imagenet_base/session_5_seeds_1011/noise_all_families.json
imagenet,alibi,1011,1609069331,0.025,0.1103542118047745,0.7541563494870889,analysis/v18_canonical_pipeline/inputs/imagenet_base/session_5_seeds_1011/noise_all_families.json
imagenet,alibi,1011,1609069331,0.05,0.21703954192158728,0.393349840820658,analysis/v18_canonical_pipeline/inputs/imagenet_base/session_5_seeds_1011/noise_all_families.json
imagenet,alibi,1011,1720193045,0.001,0.004693069538035658,0.9992925362575169,analysis/v18_canonical_pipeline/inputs/imagenet_base/session_5_seeds_1011/noise_all_families.json
imagenet,alibi,1011,1720193045,0.0025,0.011812322373119214,0.9971701450300673,analysis/v18_canonical_pipeline/inputs/imagenet_base/session_5_seeds_1011/noise_all_families.json
imagenet,alibi,1011,1720193045,0.005,0.023721781423926107,0.9911567032189602,analysis/v18_canonical_pipeline/inputs/imagenet_base/session_5_seeds_1011/noise_all_families.json
imagenet,alibi,1011,1720193045,0.01,0.04774714829290038,0.9695790590732226,analysis/v18_canonical_pipeline/inputs/imagenet_base/session_5_seeds_1011/noise_all_families.json
imagenet,alibi,1011,1720193045,0.025,0.11665017676219963,0.8372833392288647,analysis/v18_canonical_pipeline/inputs/imagenet_base/session_5_seeds_1011/noise_all_families.json
imagenet,alibi,1011,1720193045,0.05,0.22041628942453295,0.5217545100813583,analysis/v18_canonical_pipeline/inputs/imagenet_base/session_5_seeds_1011/noise_all_families.json
imagenet,alibi,1011,1152993491,0.001,0.004482193817694061,0.9961089494163425,analysis/v18_canonical_pipeline/inputs/imagenet_base/session_5_seeds_1011/noise_all_families.json
imagenet,alibi,1011,1152993491,0.0025,0.011220587314478989,0.9936328263176514,analysis/v18_canonical_pipeline/inputs/imagenet_base/session_5_seeds_1011/noise_all_families.json
imagenet,alibi,1011,1152993491,0.005,0.022494887915473025,0.9900955076052352,analysis/v18_canonical_pipeline/inputs/imagenet_base/session_5_seeds_1011/noise_all_families.json
imagenet,alibi,1011,1152993491,0.01,0.045180492281976306,0.9663954722320482,analysis/v18_canonical_pipeline/inputs/imagenet_base/session_5_seeds_1011/noise_all_families.json
imagenet,alibi,1011,1152993491,0.025,0.11235590443984587,0.7817474354439335,analysis/v18_canonical_pipeline/inputs/imagenet_base/session_5_seeds_1011/noise_all_families.json
imagenet,alibi,1011,1152993491,0.05,0.21937239969352815,0.46551114255394416,analysis/v18_canonical_pipeline/inputs/imagenet_base/session_5_seeds_1011/noise_all_families.json
imagenet,alibi,1011,853537900,0.001,0.004551937906332037,0.9968164131588257,analysis/v18_canonical_pipeline/inputs/imagenet_base/session_5_seeds_1011/noise_all_families.json
imagenet,alibi,1011,853537900,0.0025,0.011394969520537975,0.9964626812875841,analysis/v18_canonical_pipeline/inputs/imagenet_base/session_5_seeds_1011/noise_all_families.json
imagenet,alibi,1011,853537900,0.005,0.022798930686598887,0.9908029713477186,analysis/v18_canonical_pipeline/inputs/imagenet_base/session_5_seeds_1011/noise_all_families.json
imagenet,alibi,1011,853537900,0.01,0.04539739088003872,0.972762645914397,analysis/v18_canonical_pipeline/inputs/imagenet_base/session_5_seeds_1011/noise_all_families.json
imagenet,alibi,1011,853537900,0.025,0.11095886985972588,0.8726565263530246,analysis/v18_canonical_pipeline/inputs/imagenet_base/session_5_seeds_1011/noise_all_families.json
imagenet,alibi,1011,853537900,0.05,0.21785354266531665,0.7078174743544394,analysis/v18_canonical_pipeline/inputs/imagenet_base/session_5_seeds_1011/noise_all_families.json
imagenet,learned,1213,648939596,0.0025,0.003455023070926333,0.9989098837209301,analysis/v18_canonical_pipeline/inputs/imagenet_base/session_6_seeds_1213/noise_all_families.json
imagenet,learned,1213,648939596,0.005,0.0069201071913878726,0.9989098837209301,analysis/v18_canonical_pipeline/inputs/imagenet_base/session_6_seeds_1213/noise_all_families.json
imagenet,learned,1213,648939596,0.01,0.014032416881540668,0.998546511627907,analysis/v18_canonical_pipeline/inputs/imagenet_base/session_6_seeds_1213/noise_all_families.json
imagenet,learned,1213,648939596,0.02,0.02919767334847111,1.0,analysis/v18_canonical_pipeline/inputs/imagenet_base/session_6_seeds_1213/noise_all_families.json
imagenet,learned,1213,648939596,0.04,0.06265625707744918,0.9949127906976742,analysis/v18_canonical_pipeline/inputs/imagenet_base/session_6_seeds_1213/noise_all_families.json
imagenet,learned,1213,648939596,0.05,0.0798082501387855,0.9923691860465115,analysis/v18_canonical_pipeline/inputs/imagenet_base/session_6_seeds_1213/noise_all_families.json
imagenet,learned,1213,648939596,0.06,0.09661900956415431,0.9905523255813953,analysis/v18_canonical_pipeline/inputs/imagenet_base/session_6_seeds_1213/noise_all_families.json
imagenet,learned,1213,648939596,0.08,0.1285949299207955,0.9883720930232558,analysis/v18_canonical_pipeline/inputs/imagenet_base/session_6_seeds_1213/noise_all_families.json
imagenet,learned,1213,1599028269,0.0025,0.003625798324128829,1.0003633720930232,analysis/v18_canonical_pipeline/inputs/imagenet_base/session_6_seeds_1213/noise_all_families.json
imagenet,learned,1213,1599028269,0.005,0.0072696291059549945,1.0003633720930232,analysis/v18_canonical_pipeline/inputs/imagenet_base/session_6_seeds_1213/noise_all_families.json
imagenet,learned,1213,1599028269,0.01,0.014744513209469505,1.0003633720930232,analysis/v18_canonical_pipeline/inputs/imagenet_base/session_6_seeds_1213/noise_all_families.json
imagenet,learned,1213,1599028269,0.02,0.030661491052704715,0.9981831395348836,analysis/v18_canonical_pipeline/inputs/imagenet_base/session_6_seeds_1213/noise_all_families.json
imagenet,learned,1213,1599028269,0.04,0.0650331890100995,0.9938226744186045,analysis/v18_canonical_pipeline/inputs/imagenet_base/session_6_seeds_1213/noise_all_families.json
imagenet,learned,1213,1599028269,0.05,0.08220670113760278,0.9916424418604649,analysis/v18_canonical_pipeline/inputs/imagenet_base/session_6_seeds_1213/noise_all_families.json
imagenet,learned,1213,1599028269,0.06,0.0989277841851416,0.9909156976744186,analysis/v18_canonical_pipeline/inputs/imagenet_base/session_6_seeds_1213/noise_all_families.json
imagenet,learned,1213,1599028269,0.08,0.13075557638621316,0.984375,analysis/v18_canonical_pipeline/inputs/imagenet_base/session_6_seeds_1213/noise_all_families.json
imagenet,learned,1213,1801742653,0.0025,0.0034529616229653864,1.0007267441860463,analysis/v18_canonical_pipeline/inputs/imagenet_base/session_6_seeds_1213/noise_all_families.json
imagenet,learned,1213,1801742653,0.005,0.006908350398629834,1.0003633720930232,analysis/v18_canonical_pipeline/inputs/imagenet_base/session_6_seeds_1213/noise_all_families.json
imagenet,learned,1213,1801742653,0.01,0.013965299614350446,1.0,analysis/v18_canonical_pipeline/inputs/imagenet_base/session_6_seeds_1213/noise_all_families.json
imagenet,learned,1213,1801742653,0.02,0.028962400863169143,1.0003633720930232,analysis/v18_canonical_pipeline/inputs/imagenet_base/session_6_seeds_1213/noise_all_families.json
imagenet,learned,1213,1801742653,0.04,0.06199556010673443,0.9970930232558138,analysis/v18_canonical_pipeline/inputs/imagenet_base/session_6_seeds_1213/noise_all_families.json
imagenet,learned,1213,1801742653,0.05,0.07888091861515775,0.9949127906976742,analysis/v18_canonical_pipeline/inputs/imagenet_base/session_6_seeds_1213/noise_all_families.json
imagenet,learned,1213,1801742653,0.06,0.09541260786033677,0.9927325581395349,analysis/v18_canonical_pipeline/inputs/imagenet_base/session_6_seeds_1213/noise_all_families.json
imagenet,learned,1213,1801742653,0.08,0.12685154830881806,0.988735465116279,analysis/v18_canonical_pipeline/inputs/imagenet_base/session_6_seeds_1213/noise_all_families.json
imagenet,learned,1213,303937385,0.0025,0.003422101841977602,1.0007267441860463,analysis/v18_canonical_pipeline/inputs/imagenet_base/session_6_seeds_1213/noise_all_families.json
imagenet,learned,1213,303937385,0.005,0.006869459715112994,1.0003633720930232,analysis/v18_canonical_pipeline/inputs/imagenet_base/session_6_seeds_1213/noise_all_families.json
imagenet,learned,1213,303937385,0.01,0.014002667257861857,1.0007267441860463,analysis/v18_canonical_pipeline/inputs/imagenet_base/session_6_seeds_1213/noise_all_families.json
imagenet,learned,1213,303937385,0.02,0.02950093369608543,1.0003633720930232,analysis/v18_canonical_pipeline/inputs/imagenet_base/session_6_seeds_1213/noise_all_families.json
imagenet,learned,1213,303937385,0.04,0.06406366698785704,0.9949127906976742,analysis/v18_canonical_pipeline/inputs/imagenet_base/session_6_seeds_1213/noise_all_families.json
imagenet,learned,1213,303937385,0.05,0.08161130891809808,0.9916424418604649,analysis/v18_canonical_pipeline/inputs/imagenet_base/session_6_seeds_1213/noise_all_families.json
imagenet,learned,1213,303937385,0.06,0.09859332685112793,0.9876453488372093,analysis/v18_canonical_pipeline/inputs/imagenet_base/session_6_seeds_1213/noise_all_families.json
imagenet,learned,1213,303937385,0.08,0.13024678344720317,0.9840116279069766,analysis/v18_canonical_pipeline/inputs/imagenet_base/session_6_seeds_1213/noise_all_families.json
imagenet,learned,1213,999424688,0.0025,0.0036491606384154046,1.0,analysis/v18_canonical_pipeline/inputs/imagenet_base/session_6_seeds_1213/noise_all_families.json
imagenet,learned,1213,999424688,0.005,0.007281561467021057,1.0003633720930232,analysis/v18_canonical_pipeline/inputs/imagenet_base/session_6_seeds_1213/noise_all_families.json
imagenet,learned,1213,999424688,0.01,0.014631588265107836,0.9996366279069766,analysis/v18_canonical_pipeline/inputs/imagenet_base/session_6_seeds_1213/noise_all_families.json
imagenet,learned,1213,999424688,0.02,0.029987241047743366,0.9992732558139534,analysis/v18_canonical_pipeline/inputs/imagenet_base/session_6_seeds_1213/noise_all_families.json
imagenet,learned,1213,999424688,0.04,0.06296423017136309,0.9952761627906976,analysis/v18_canonical_pipeline/inputs/imagenet_base/session_6_seeds_1213/noise_all_families.json
imagenet,learned,1213,999424688,0.05,0.07958257563734876,0.9938226744186045,analysis/v18_canonical_pipeline/inputs/imagenet_base/session_6_seeds_1213/noise_all_families.json
imagenet,learned,1213,999424688,0.06,0.09584659560066294,0.9920058139534883,analysis/v18_canonical_pipeline/inputs/imagenet_base/session_6_seeds_1213/noise_all_families.json
imagenet,learned,1213,999424688,0.08,0.1270350929147131,0.9858284883720929,analysis/v18_canonical_pipeline/inputs/imagenet_base/session_6_seeds_1213/noise_all_families.json
imagenet,learned,1213,807525111,0.0025,0.0035905181013675376,1.0007267441860463,analysis/v18_canonical_pipeline/inputs/imagenet_base/session_6_seeds_1213/noise_all_families.json
imagenet,learned,1213,807525111,0.005,0.007201992664187216,1.0010901162790697,analysis/v18_canonical_pipeline/inputs/imagenet_base/session_6_seeds_1213/noise_all_families.json
imagenet,learned,1213,807525111,0.01,0.014628597047238609,1.0003633720930232,analysis/v18_canonical_pipeline/inputs/imagenet_base/session_6_seeds_1213/noise_all_families.json
imagenet,learned,1213,807525111,0.02,0.030527380172681872,1.0,analysis/v18_canonical_pipeline/inputs/imagenet_base/session_6_seeds_1213/noise_all_families.json
imagenet,learned,1213,807525111,0.04,0.06524726275934307,0.9934593023255813,analysis/v18_canonical_pipeline/inputs/imagenet_base/session_6_seeds_1213/noise_all_families.json
imagenet,learned,1213,807525111,0.05,0.08263043399581937,0.9901889534883721,analysis/v18_canonical_pipeline/inputs/imagenet_base/session_6_seeds_1213/noise_all_families.json
imagenet,learned,1213,807525111,0.06,0.09939782771178009,0.9898255813953487,analysis/v18_canonical_pipeline/inputs/imagenet_base/session_6_seeds_1213/noise_all_families.json
imagenet,learned,1213,807525111,0.08,0.1307226317354002,0.9861918604651162,analysis/v18_canonical_pipeline/inputs/imagenet_base/session_6_seeds_1213/noise_all_families.json
imagenet,learned,1213,2145899554,0.0025,0.004019697869776376,1.0003633720930232,analysis/v18_canonical_pipeline/inputs/imagenet_base/session_6_seeds_1213/noise_all_families.json
imagenet,learned,1213,2145899554,0.005,0.008052705583627187,1.0,analysis/v18_canonical_pipeline/inputs/imagenet_base/session_6_seeds_1213/noise_all_families.json
imagenet,learned,1213,2145899554,0.01,0.01623748152331959,1.0003633720930232,analysis/v18_canonical_pipeline/inputs/imagenet_base/session_6_seeds_1213/noise_all_families.json
imagenet,learned,1213,2145899554,0.02,0.03298394674048952,0.998546511627907,analysis/v18_canonical_pipeline/inputs/imagenet_base/session_6_seeds_1213/noise_all_families.json
imagenet,learned,1213,2145899554,0.04,0.06644939467290228,0.9956395348837208,analysis/v18_canonical_pipeline/inputs/imagenet_base/session_6_seeds_1213/noise_all_families.json
imagenet,learned,1213,2145899554,0.05,0.08260906994824022,0.993095930232558,analysis/v18_canonical_pipeline/inputs/imagenet_base/session_6_seeds_1213/noise_all_families.json
imagenet,learned,1213,2145899554,0.06,0.09838043097289872,0.9916424418604649,analysis/v18_canonical_pipeline/inputs/imagenet_base/session_6_seeds_1213/noise_all_families.json
imagenet,learned,1213,2145899554,0.08,0.12878622847970772,0.9901889534883721,analysis/v18_canonical_pipeline/inputs/imagenet_base/session_6_seeds_1213/noise_all_families.json
imagenet,learned,1213,2134235847,0.0025,0.003972127309997538,0.9989098837209301,analysis/v18_canonical_pipeline/inputs/imagenet_base/session_6_seeds_1213/noise_all_families.json
imagenet,learned,1213,2134235847,0.005,0.007969933645299448,0.998546511627907,analysis/v18_canonical_pipeline/inputs/imagenet_base/session_6_seeds_1213/noise_all_families.json
imagenet,learned,1213,2134235847,0.01,0.01613691084894094,0.9981831395348836,analysis/v18_canonical_pipeline/inputs/imagenet_base/session_6_seeds_1213/noise_all_families.json
imagenet,learned,1213,2134235847,0.02,0.03324826614735991,0.9989098837209301,analysis/v18_canonical_pipeline/inputs/imagenet_base/session_6_seeds_1213/noise_all_families.json
imagenet,learned,1213,2134235847,0.04,0.06854477498770507,0.9923691860465115,analysis/v18_canonical_pipeline/inputs/imagenet_base/session_6_seeds_1213/noise_all_families.json
imagenet,learned,1213,2134235847,0.05,0.08541499693961588,0.9916424418604649,analysis/v18_canonical_pipeline/inputs/imagenet_base/session_6_seeds_1213/noise_all_families.json
imagenet,learned,1213,2134235847,0.06,0.10146292745036156,0.9912790697674417,analysis/v18_canonical_pipeline/inputs/imagenet_base/session_6_seeds_1213/noise_all_families.json
imagenet,learned,1213,2134235847,0.08,0.1316102172514129,0.9869186046511628,analysis/v18_canonical_pipeline/inputs/imagenet_base/session_6_seeds_1213/noise_all_families.json
imagenet,learned,1213,1888751591,0.0025,0.003562342956209387,1.0003633720930232,analysis/v18_canonical_pipeline/inputs/imagenet_base/session_6_seeds_1213/noise_all_families.json
imagenet,learned,1213,1888751591,0.005,0.007158706339950886,1.0010901162790697,analysis/v18_canonical_pipeline/inputs/imagenet_base/session_6_seeds_1213/noise_all_families.json
imagenet,learned,1213,1888751591,0.01,0.014569357655387872,1.0007267441860463,analysis/v18_canonical_pipeline/inputs/imagenet_base/session_6_seeds_1213/noise_all_families.json
imagenet,learned,1213,1888751591,0.02,0.0303217814700639,0.998546511627907,analysis/v18_canonical_pipeline/inputs/imagenet_base/session_6_seeds_1213/noise_all_families.json
imagenet,learned,1213,1888751591,0.04,0.06394508071279394,0.9952761627906976,analysis/v18_canonical_pipeline/inputs/imagenet_base/session_6_seeds_1213/noise_all_families.json
imagenet,learned,1213,1888751591,0.05,0.08067912952899911,0.9949127906976742,analysis/v18_canonical_pipeline/inputs/imagenet_base/session_6_seeds_1213/noise_all_families.json
imagenet,learned,1213,1888751591,0.06,0.09696489774361054,0.9909156976744186,analysis/v18_canonical_pipeline/inputs/imagenet_base/session_6_seeds_1213/noise_all_families.json
imagenet,learned,1213,1888751591,0.08,0.12796767254251762,0.988735465116279,analysis/v18_canonical_pipeline/inputs/imagenet_base/session_6_seeds_1213/noise_all_families.json
imagenet,learned,1213,442392609,0.0025,0.003517583372090057,1.0003633720930232,analysis/v18_canonical_pipeline/inputs/imagenet_base/session_6_seeds_1213/noise_all_families.json
imagenet,learned,1213,442392609,0.005,0.00700153831813978,0.9989098837209301,analysis/v18_canonical_pipeline/inputs/imagenet_base/session_6_seeds_1213/noise_all_families.json
imagenet,learned,1213,442392609,0.01,0.014027778814929483,0.9989098837209301,analysis/v18_canonical_pipeline/inputs/imagenet_base/session_6_seeds_1213/noise_all_families.json
imagenet,learned,1213,442392609,0.02,0.028705323679148277,0.9992732558139534,analysis/v18_canonical_pipeline/inputs/imagenet_base/session_6_seeds_1213/noise_all_families.json
imagenet,learned,1213,442392609,0.04,0.061090275647153094,0.9956395348837208,analysis/v18_canonical_pipeline/inputs/imagenet_base/session_6_seeds_1213/noise_all_families.json
imagenet,learned,1213,442392609,0.05,0.07795027083696983,0.9912790697674417,analysis/v18_canonical_pipeline/inputs/imagenet_base/session_6_seeds_1213/noise_all_families.json
imagenet,learned,1213,442392609,0.06,0.09462301146844133,0.9898255813953487,analysis/v18_canonical_pipeline/inputs/imagenet_base/session_6_seeds_1213/noise_all_families.json
imagenet,learned,1213,442392609,0.08,0.12657337963744728,0.9869186046511628,analysis/v18_canonical_pipeline/inputs/imagenet_base/session_6_seeds_1213/noise_all_families.json
imagenet,sinusoidal,1213,648939596,0.01,0.007941698303891687,0.999284436493739,analysis/v18_canonical_pipeline/inputs/imagenet_base/session_6_seeds_1213/noise_all_families.json
imagenet,sinusoidal,1213,648939596,0.025,0.019977010709313636,0.9985688729874778,analysis/v18_canonical_pipeline/inputs/imagenet_base/session_6_seeds_1213/noise_all_families.json
imagenet,sinusoidal,1213,648939596,0.05,0.04080963819679629,1.0003577817531306,analysis/v18_canonical_pipeline/inputs/imagenet_base/session_6_seeds_1213/noise_all_families.json
imagenet,sinusoidal,1213,648939596,0.1,0.08573097578914038,1.0003577817531306,analysis/v18_canonical_pipeline/inputs/imagenet_base/session_6_seeds_1213/noise_all_families.json
imagenet,sinusoidal,1213,648939596,0.2,0.17934990226219383,0.9917710196779964,analysis/v18_canonical_pipeline/inputs/imagenet_base/session_6_seeds_1213/noise_all_families.json
imagenet,sinusoidal,1213,1599028269,0.01,0.007969741057291894,0.9985688729874778,analysis/v18_canonical_pipeline/inputs/imagenet_base/session_6_seeds_1213/noise_all_families.json
imagenet,sinusoidal,1213,1599028269,0.025,0.02005921610334374,0.9971377459749554,analysis/v18_canonical_pipeline/inputs/imagenet_base/session_6_seeds_1213/noise_all_families.json
imagenet,sinusoidal,1213,1599028269,0.05,0.04100402521430598,0.9964221824686942,analysis/v18_canonical_pipeline/inputs/imagenet_base/session_6_seeds_1213/noise_all_families.json
imagenet,sinusoidal,1213,1599028269,0.1,0.08621876911451448,0.9974955277280859,analysis/v18_canonical_pipeline/inputs/imagenet_base/session_6_seeds_1213/noise_all_families.json
imagenet,sinusoidal,1213,1599028269,0.2,0.18011927754132834,0.9899821109123436,analysis/v18_canonical_pipeline/inputs/imagenet_base/session_6_seeds_1213/noise_all_families.json
imagenet,sinusoidal,1213,1801742653,0.01,0.00803374939910592,0.9996422182468695,analysis/v18_canonical_pipeline/inputs/imagenet_base/session_6_seeds_1213/noise_all_families.json
imagenet,sinusoidal,1213,1801742653,0.025,0.02023261906167748,0.999284436493739,analysis/v18_canonical_pipeline/inputs/imagenet_base/session_6_seeds_1213/noise_all_families.json
imagenet,sinusoidal,1213,1801742653,0.05,0.04140024666566737,1.0003577817531306,analysis/v18_canonical_pipeline/inputs/imagenet_base/session_6_seeds_1213/noise_all_families.json
imagenet,sinusoidal,1213,1801742653,0.1,0.0869586984825755,0.998211091234347,analysis/v18_canonical_pipeline/inputs/imagenet_base/session_6_seeds_1213/noise_all_families.json
imagenet,sinusoidal,1213,1801742653,0.2,0.1808266303049498,0.998211091234347,analysis/v18_canonical_pipeline/inputs/imagenet_base/session_6_seeds_1213/noise_all_families.json
imagenet,sinusoidal,1213,303937385,0.01,0.007994268676086658,1.0003577817531306,analysis/v18_canonical_pipeline/inputs/imagenet_base/session_6_seeds_1213/noise_all_families.json
imagenet,sinusoidal,1213,303937385,0.025,0.020117698329096417,0.9996422182468695,analysis/v18_canonical_pipeline/inputs/imagenet_base/session_6_seeds_1213/noise_all_families.json
imagenet,sinusoidal,1213,303937385,0.05,0.04107860043224652,1.0010733452593918,analysis/v18_canonical_pipeline/inputs/imagenet_base/session_6_seeds_1213/noise_all_families.json
imagenet,sinusoidal,1213,303937385,0.1,0.08607799057628762,0.998211091234347,analysis/v18_canonical_pipeline/inputs/imagenet_base/session_6_seeds_1213/noise_all_families.json
imagenet,sinusoidal,1213,303937385,0.2,0.17951109060393947,0.9935599284436495,analysis/v18_canonical_pipeline/inputs/imagenet_base/session_6_seeds_1213/noise_all_families.json
imagenet,sinusoidal,1213,999424688,0.01,0.008045972441151758,0.999284436493739,analysis/v18_canonical_pipeline/inputs/imagenet_base/session_6_seeds_1213/noise_all_families.json
imagenet,sinusoidal,1213,999424688,0.025,0.0202417282166145,0.9996422182468695,analysis/v18_canonical_pipeline/inputs/imagenet_base/session_6_seeds_1213/noise_all_families.json
imagenet,sinusoidal,1213,999424688,0.05,0.041313374711466136,0.9996422182468695,analysis/v18_canonical_pipeline/inputs/imagenet_base/session_6_seeds_1213/noise_all_families.json
imagenet,sinusoidal,1213,999424688,0.1,0.0865934279088065,1.0021466905187837,analysis/v18_canonical_pipeline/inputs/imagenet_base/session_6_seeds_1213/noise_all_families.json
imagenet,sinusoidal,1213,999424688,0.2,0.1806292075213652,0.9924865831842576,analysis/v18_canonical_pipeline/inputs/imagenet_base/session_6_seeds_1213/noise_all_families.json
imagenet,sinusoidal,1213,807525111,0.01,0.00807192897910792,0.9985688729874778,analysis/v18_canonical_pipeline/inputs/imagenet_base/session_6_seeds_1213/noise_all_families.json
imagenet,sinusoidal,1213,807525111,0.025,0.020298449981925617,0.998211091234347,analysis/v18_canonical_pipeline/inputs/imagenet_base/session_6_seeds_1213/noise_all_families.json
imagenet,sinusoidal,1213,807525111,0.05,0.04143713302846916,0.9989266547406083,analysis/v18_canonical_pipeline/inputs/imagenet_base/session_6_seeds_1213/noise_all_families.json
imagenet,sinusoidal,1213,807525111,0.1,0.08690525124033202,0.999284436493739,analysis/v18_canonical_pipeline/inputs/imagenet_base/session_6_seeds_1213/noise_all_families.json
imagenet,sinusoidal,1213,807525111,0.2,0.18081219755481664,0.9935599284436495,analysis/v18_canonical_pipeline/inputs/imagenet_base/session_6_seeds_1213/noise_all_families.json
imagenet,sinusoidal,1213,2145899554,0.01,0.008069029361756505,1.0,analysis/v18_canonical_pipeline/inputs/imagenet_base/session_6_seeds_1213/noise_all_families.json
imagenet,sinusoidal,1213,2145899554,0.025,0.020319885878331063,0.999284436493739,analysis/v18_canonical_pipeline/inputs/imagenet_base/session_6_seeds_1213/noise_all_families.json
imagenet,sinusoidal,1213,2145899554,0.05,0.04154698992502235,0.9974955277280859,analysis/v18_canonical_pipeline/inputs/imagenet_base/session_6_seeds_1213/noise_all_families.json
imagenet,sinusoidal,1213,2145899554,0.1,0.08701725672270831,1.0007155635062612,analysis/v18_canonical_pipeline/inputs/imagenet_base/session_6_seeds_1213/noise_all_families.json
imagenet,sinusoidal,1213,2145899554,0.2,0.1808380216700676,0.9974955277280859,analysis/v18_canonical_pipeline/inputs/imagenet_base/session_6_seeds_1213/noise_all_families.json
imagenet,sinusoidal,1213,2134235847,0.01,0.008083815546183351,0.9985688729874778,analysis/v18_canonical_pipeline/inputs/imagenet_base/session_6_seeds_1213/noise_all_families.json
imagenet,sinusoidal,1213,2134235847,0.025,0.020357710451652376,1.0003577817531306,analysis/v18_canonical_pipeline/inputs/imagenet_base/session_6_seeds_1213/noise_all_families.json
imagenet,sinusoidal,1213,2134235847,0.05,0.041647654175835436,1.001788908765653,analysis/v18_canonical_pipeline/inputs/imagenet_base/session_6_seeds_1213/noise_all_families.json
imagenet,sinusoidal,1213,2134235847,0.1,0.08760378034521553,1.0007155635062612,analysis/v18_canonical_pipeline/inputs/imagenet_base/session_6_seeds_1213/noise_all_families.json
imagenet,sinusoidal,1213,2134235847,0.2,0.18270503294894044,0.986046511627907,analysis/v18_canonical_pipeline/inputs/imagenet_base/session_6_seeds_1213/noise_all_families.json
imagenet,sinusoidal,1213,1888751591,0.01,0.008072185563705486,0.999284436493739,analysis/v18_canonical_pipeline/inputs/imagenet_base/session_6_seeds_1213/noise_all_families.json
imagenet,sinusoidal,1213,1888751591,0.025,0.020303681666634578,0.9996422182468695,analysis/v18_canonical_pipeline/inputs/imagenet_base/session_6_seeds_1213/noise_all_families.json
imagenet,sinusoidal,1213,1888751591,0.05,0.04145076414415545,0.999284436493739,analysis/v18_canonical_pipeline/inputs/imagenet_base/session_6_seeds_1213/noise_all_families.json
imagenet,sinusoidal,1213,1888751591,0.1,0.08690096644632679,1.0021466905187837,analysis/v18_canonical_pipeline/inputs/imagenet_base/session_6_seeds_1213/noise_all_families.json
imagenet,sinusoidal,1213,1888751591,0.2,0.180520743693129,0.9971377459749554,analysis/v18_canonical_pipeline/inputs/imagenet_base/session_6_seeds_1213/noise_all_families.json
imagenet,sinusoidal,1213,442392609,0.01,0.008014915389895235,1.0003577817531306,analysis/v18_canonical_pipeline/inputs/imagenet_base/session_6_seeds_1213/noise_all_families.json
imagenet,sinusoidal,1213,442392609,0.025,0.02017258488283024,1.0,analysis/v18_canonical_pipeline/inputs/imagenet_base/session_6_seeds_1213/noise_all_families.json
imagenet,sinusoidal,1213,442392609,0.05,0.04125099046155043,1.0007155635062612,analysis/v18_canonical_pipeline/inputs/imagenet_base/session_6_seeds_1213/noise_all_families.json
imagenet,sinusoidal,1213,442392609,0.1,0.08667909468253504,0.9971377459749554,analysis/v18_canonical_pipeline/inputs/imagenet_base/session_6_seeds_1213/noise_all_families.json
imagenet,sinusoidal,1213,442392609,0.2,0.18061319120052155,0.9932021466905189,analysis/v18_canonical_pipeline/inputs/imagenet_base/session_6_seeds_1213/noise_all_families.json
imagenet,rope,1213,648939596,0.025,0.02600683217689643,0.9993153029784321,analysis/v18_canonical_pipeline/inputs/imagenet_base/session_6_seeds_1213/noise_all_families.json
imagenet,rope,1213,648939596,0.05,0.05201530118681635,0.998630605956864,analysis/v18_canonical_pipeline/inputs/imagenet_base/session_6_seeds_1213/noise_all_families.json
imagenet,rope,1213,648939596,0.1,0.1042023045175454,0.9972612119137281,analysis/v18_canonical_pipeline/inputs/imagenet_base/session_6_seeds_1213/noise_all_families.json
imagenet,rope,1213,648939596,0.2,0.20913915062181818,0.9880178021225606,analysis/v18_canonical_pipeline/inputs/imagenet_base/session_6_seeds_1213/noise_all_families.json
imagenet,rope,1213,648939596,0.4,0.4216797828287248,0.9613146182814104,analysis/v18_canonical_pipeline/inputs/imagenet_base/session_6_seeds_1213/noise_all_families.json
imagenet,rope,1213,1599028269,0.025,0.025568850323839785,1.0,analysis/v18_canonical_pipeline/inputs/imagenet_base/session_6_seeds_1213/noise_all_families.json
imagenet,rope,1213,1599028269,0.05,0.051146968077405326,1.000684697021568,analysis/v18_canonical_pipeline/inputs/imagenet_base/session_6_seeds_1213/noise_all_families.json
imagenet,rope,1213,1599028269,0.1,0.10215912118690168,0.9982882574460802,analysis/v18_canonical_pipeline/inputs/imagenet_base/session_6_seeds_1213/noise_all_families.json
imagenet,rope,1213,1599028269,0.2,0.20521168447641921,0.9907565902088326,analysis/v18_canonical_pipeline/inputs/imagenet_base/session_6_seeds_1213/noise_all_families.json
imagenet,rope,1213,1599028269,0.4,0.4140101220696376,0.9643957548784662,analysis/v18_canonical_pipeline/inputs/imagenet_base/session_6_seeds_1213/noise_all_families.json
imagenet,rope,1213,1801742653,0.025,0.025671316358432086,0.998972954467648,analysis/v18_canonical_pipeline/inputs/imagenet_base/session_6_seeds_1213/noise_all_families.json
imagenet,rope,1213,1801742653,0.05,0.05075897521377051,0.9993153029784321,analysis/v18_canonical_pipeline/inputs/imagenet_base/session_6_seeds_1213/noise_all_families.json
imagenet,rope,1213,1801742653,0.1,0.10120882502448204,0.9952071208490243,analysis/v18_canonical_pipeline/inputs/imagenet_base/session_6_seeds_1213/noise_all_families.json
imagenet,rope,1213,1801742653,0.2,0.20303175162542153,0.9910989387196165,analysis/v18_canonical_pipeline/inputs/imagenet_base/session_6_seeds_1213/noise_all_families.json
imagenet,rope,1213,1801742653,0.4,0.40988994676499835,0.9654228004108181,analysis/v18_canonical_pipeline/inputs/imagenet_base/session_6_seeds_1213/noise_all_families.json
imagenet,rope,1213,303937385,0.025,0.024585870296785908,0.998972954467648,analysis/v18_canonical_pipeline/inputs/imagenet_base/session_6_seeds_1213/noise_all_families.json
imagenet,rope,1213,303937385,0.05,0.049135519959572174,0.998972954467648,analysis/v18_canonical_pipeline/inputs/imagenet_base/session_6_seeds_1213/noise_all_families.json
imagenet,rope,1213,303937385,0.1,0.0982923239104561,0.998630605956864,analysis/v18_canonical_pipeline/inputs/imagenet_base/session_6_seeds_1213/noise_all_families.json
imagenet,rope,1213,303937385,0.2,0.1973007064118973,0.9904142416980485,analysis/v18_canonical_pipeline/inputs/imagenet_base/session_6_seeds_1213/noise_all_families.json
imagenet,rope,1213,303937385,0.4,0.3991733580898296,0.9698733310510098,analysis/v18_canonical_pipeline/inputs/imagenet_base/session_6_seeds_1213/noise_all_families.json
imagenet,rope,1213,999424688,0.025,0.024650785929347198,0.9993153029784321,analysis/v18_canonical_pipeline/inputs/imagenet_base/session_6_seeds_1213/noise_all_families.json
imagenet,rope,1213,999424688,0.05,0.04917753715516252,0.9996576514892159,analysis/v18_canonical_pipeline/inputs/imagenet_base/session_6_seeds_1213/noise_all_families.json
imagenet,rope,1213,999424688,0.1,0.09793972412349645,0.9993153029784321,analysis/v18_canonical_pipeline/inputs/imagenet_base/session_6_seeds_1213/noise_all_families.json
imagenet,rope,1213,999424688,0.2,0.19653088886343686,0.9934953782951043,analysis/v18_canonical_pipeline/inputs/imagenet_base/session_6_seeds_1213/noise_all_families.json
imagenet,rope,1213,999424688,0.4,0.39946162800951707,0.9657651489216021,analysis/v18_canonical_pipeline/inputs/imagenet_base/session_6_seeds_1213/noise_all_families.json
imagenet,rope,1213,807525111,0.025,0.024999506869629092,1.0,analysis/v18_canonical_pipeline/inputs/imagenet_base/session_6_seeds_1213/noise_all_families.json
imagenet,rope,1213,807525111,0.05,0.05007684029931177,0.9996576514892159,analysis/v18_canonical_pipeline/inputs/imagenet_base/session_6_seeds_1213/noise_all_families.json
imagenet,rope,1213,807525111,0.1,0.10043200837517312,0.9965765148921601,analysis/v18_canonical_pipeline/inputs/imagenet_base/session_6_seeds_1213/noise_all_families.json
imagenet,rope,1213,807525111,0.2,0.20211653367028048,0.9887024991441287,analysis/v18_canonical_pipeline/inputs/imagenet_base/session_6_seeds_1213/noise_all_families.json
imagenet,rope,1213,807525111,0.4,0.40938434793032674,0.9585758301951387,analysis/v18_canonical_pipeline/inputs/imagenet_base/session_6_seeds_1213/noise_all_families.json
imagenet,rope,1213,2145899554,0.025,0.024997463083028946,1.0010270455323518,analysis/v18_canonical_pipeline/inputs/imagenet_base/session_6_seeds_1213/noise_all_families.json
imagenet,rope,1213,2145899554,0.05,0.05003064980524054,1.00171174255392,analysis/v18_canonical_pipeline/inputs/imagenet_base/session_6_seeds_1213/noise_all_families.json
imagenet,rope,1213,2145899554,0.1,0.10004395459664886,1.0003423485107839,analysis/v18_canonical_pipeline/inputs/imagenet_base/session_6_seeds_1213/noise_all_families.json
imagenet,rope,1213,2145899554,0.2,0.20126689573024864,0.9934953782951043,analysis/v18_canonical_pipeline/inputs/imagenet_base/session_6_seeds_1213/noise_all_families.json
imagenet,rope,1213,2145899554,0.4,0.4076249996107435,0.9623416638137623,analysis/v18_canonical_pipeline/inputs/imagenet_base/session_6_seeds_1213/noise_all_families.json
imagenet,rope,1213,2134235847,0.025,0.02572237478806546,0.9996576514892159,analysis/v18_canonical_pipeline/inputs/imagenet_base/session_6_seeds_1213/noise_all_families.json
imagenet,rope,1213,2134235847,0.05,0.05142528845229772,1.0,analysis/v18_canonical_pipeline/inputs/imagenet_base/session_6_seeds_1213/noise_all_families.json
imagenet,rope,1213,2134235847,0.1,0.10268338662300737,0.9962341663813762,analysis/v18_canonical_pipeline/inputs/imagenet_base/session_6_seeds_1213/noise_all_families.json
imagenet,rope,1213,2134235847,0.2,0.20698589901767095,0.9931530297843204,analysis/v18_canonical_pipeline/inputs/imagenet_base/session_6_seeds_1213/noise_all_families.json
imagenet,rope,1213,2134235847,0.4,0.4166914176483587,0.9613146182814104,analysis/v18_canonical_pipeline/inputs/imagenet_base/session_6_seeds_1213/noise_all_families.json
imagenet,rope,1213,1888751591,0.025,0.02557426813030133,0.9993153029784321,analysis/v18_canonical_pipeline/inputs/imagenet_base/session_6_seeds_1213/noise_all_families.json
imagenet,rope,1213,1888751591,0.05,0.05105986645872795,1.000684697021568,analysis/v18_canonical_pipeline/inputs/imagenet_base/session_6_seeds_1213/noise_all_families.json
imagenet,rope,1213,1888751591,0.1,0.10198476667963018,1.0013693940431359,analysis/v18_canonical_pipeline/inputs/imagenet_base/session_6_seeds_1213/noise_all_families.json
imagenet,rope,1213,1888751591,0.2,0.2044965946789817,0.9955494693598083,analysis/v18_canonical_pipeline/inputs/imagenet_base/session_6_seeds_1213/noise_all_families.json
imagenet,rope,1213,1888751591,0.4,0.41316489497730524,0.9582334816843546,analysis/v18_canonical_pipeline/inputs/imagenet_base/session_6_seeds_1213/noise_all_families.json
imagenet,rope,1213,442392609,0.025,0.025038768025902446,0.9993153029784321,analysis/v18_canonical_pipeline/inputs/imagenet_base/session_6_seeds_1213/noise_all_families.json
imagenet,rope,1213,442392609,0.05,0.04994388944090343,0.9996576514892159,analysis/v18_canonical_pipeline/inputs/imagenet_base/session_6_seeds_1213/noise_all_families.json
imagenet,rope,1213,442392609,0.1,0.09997303281973657,0.9972612119137281,analysis/v18_canonical_pipeline/inputs/imagenet_base/session_6_seeds_1213/noise_all_families.json
imagenet,rope,1213,442392609,0.2,0.2006874213248406,0.9900718931872646,analysis/v18_canonical_pipeline/inputs/imagenet_base/session_6_seeds_1213/noise_all_families.json
imagenet,rope,1213,442392609,0.4,0.40487845767646086,0.9678192399863059,analysis/v18_canonical_pipeline/inputs/imagenet_base/session_6_seeds_1213/noise_all_families.json
imagenet,alibi,1213,648939596,0.001,0.004859147991597695,0.997846374730797,analysis/v18_canonical_pipeline/inputs/imagenet_base/session_6_seeds_1213/noise_all_families.json
imagenet,alibi,1213,648939596,0.0025,0.012122658017032314,0.9974874371859297,analysis/v18_canonical_pipeline/inputs/imagenet_base/session_6_seeds_1213/noise_all_families.json
imagenet,alibi,1213,648939596,0.005,0.024162714059344056,0.9888729361091171,analysis/v18_canonical_pipeline/inputs/imagenet_base/session_6_seeds_1213/noise_all_families.json
imagenet,alibi,1213,648939596,0.01,0.04850781944104626,0.9684134960516871,analysis/v18_canonical_pipeline/inputs/imagenet_base/session_6_seeds_1213/noise_all_families.json
imagenet,alibi,1213,648939596,0.025,0.12174005042262026,0.7616654702081839,analysis/v18_canonical_pipeline/inputs/imagenet_base/session_6_seeds_1213/noise_all_families.json
imagenet,alibi,1213,648939596,0.05,0.22858341963032155,0.5628140703517588,analysis/v18_canonical_pipeline/inputs/imagenet_base/session_6_seeds_1213/noise_all_families.json
imagenet,alibi,1213,1599028269,0.001,0.004949607624660436,0.9996410624551328,analysis/v18_canonical_pipeline/inputs/imagenet_base/session_6_seeds_1213/noise_all_families.json
imagenet,alibi,1213,1599028269,0.0025,0.012628470253308155,0.9996410624551328,analysis/v18_canonical_pipeline/inputs/imagenet_base/session_6_seeds_1213/noise_all_families.json
imagenet,alibi,1213,1599028269,0.005,0.026007013592614987,0.9910265613783203,analysis/v18_canonical_pipeline/inputs/imagenet_base/session_6_seeds_1213/noise_all_families.json
imagenet,alibi,1213,1599028269,0.01,0.053939374902755084,0.9637473079684136,analysis/v18_canonical_pipeline/inputs/imagenet_base/session_6_seeds_1213/noise_all_families.json
imagenet,alibi,1213,1599028269,0.025,0.12267051581495098,0.8273510409188801,analysis/v18_canonical_pipeline/inputs/imagenet_base/session_6_seeds_1213/noise_all_families.json
imagenet,alibi,1213,1599028269,0.05,0.22792870181220057,0.41672648959081127,analysis/v18_canonical_pipeline/inputs/imagenet_base/session_6_seeds_1213/noise_all_families.json
imagenet,alibi,1213,1801742653,0.001,0.00476908769716097,0.9964106245513281,analysis/v18_canonical_pipeline/inputs/imagenet_base/session_6_seeds_1213/noise_all_families.json
imagenet,alibi,1213,1801742653,0.0025,0.011896839698001049,0.9946159368269922,analysis/v18_canonical_pipeline/inputs/imagenet_base/session_6_seeds_1213/noise_all_families.json
imagenet,alibi,1213,1801742653,0.005,0.023658722163121686,0.9895908111988515,analysis/v18_canonical_pipeline/inputs/imagenet_base/session_6_seeds_1213/noise_all_families.json
imagenet,alibi,1213,1801742653,0.01,0.04665380130746672,0.9763101220387654,analysis/v18_canonical_pipeline/inputs/imagenet_base/session_6_seeds_1213/noise_all_families.json
imagenet,alibi,1213,1801742653,0.025,0.11518123870891957,0.8510409188801149,analysis/v18_canonical_pipeline/inputs/imagenet_base/session_6_seeds_1213/noise_all_families.json
imagenet,alibi,1213,1801742653,0.05,0.22192595741553828,0.6880832735104092,analysis/v18_canonical_pipeline/inputs/imagenet_base/session_6_seeds_1213/noise_all_families.json
imagenet,alibi,1213,303937385,0.001,0.004992575856840527,0.9996410624551328,analysis/v18_canonical_pipeline/inputs/imagenet_base/session_6_seeds_1213/noise_all_families.json
imagenet,alibi,1213,303937385,0.0025,0.012405072848129936,0.9974874371859297,analysis/v18_canonical_pipeline/inputs/imagenet_base/session_6_seeds_1213/noise_all_families.json
imagenet,alibi,1213,303937385,0.005,0.024610575258661456,0.9827709978463748,analysis/v18_canonical_pipeline/inputs/imagenet_base/session_6_seeds_1213/noise_all_families.json
imagenet,alibi,1213,303937385,0.01,0.04874090286746538,0.9411342426417805,analysis/v18_canonical_pipeline/inputs/imagenet_base/session_6_seeds_1213/noise_all_families.json
imagenet,alibi,1213,303937385,0.025,0.11953594526106052,0.6941852117731515,analysis/v18_canonical_pipeline/inputs/imagenet_base/session_6_seeds_1213/noise_all_families.json
imagenet,alibi,1213,303937385,0.05,0.2272604298718288,0.4870782483847811,analysis/v18_canonical_pipeline/inputs/imagenet_base/session_6_seeds_1213/noise_all_families.json
imagenet,alibi,1213,999424688,0.001,0.004408919051469606,0.9996410624551328,analysis/v18_canonical_pipeline/inputs/imagenet_base/session_6_seeds_1213/noise_all_families.json
imagenet,alibi,1213,999424688,0.0025,0.011022909110802812,0.9949748743718593,analysis/v18_canonical_pipeline/inputs/imagenet_base/session_6_seeds_1213/noise_all_families.json
imagenet,alibi,1213,999424688,0.005,0.02205286803792695,0.9863603732950468,analysis/v18_canonical_pipeline/inputs/imagenet_base/session_6_seeds_1213/noise_all_families.json
imagenet,alibi,1213,999424688,0.01,0.04412774602524256,0.9691313711414216,analysis/v18_canonical_pipeline/inputs/imagenet_base/session_6_seeds_1213/noise_all_families.json
imagenet,alibi,1213,999424688,0.025,0.10980220731159512,0.847451543431443,analysis/v18_canonical_pipeline/inputs/imagenet_base/session_6_seeds_1213/noise_all_families.json
imagenet,alibi,1213,999424688,0.05,0.2174340695330332,0.5922469490308687,analysis/v18_canonical_pipeline/inputs/imagenet_base/session_6_seeds_1213/noise_all_families.json
imagenet,alibi,1213,807525111,0.001,0.004662936586556908,0.9989231873653984,analysis/v18_canonical_pipeline/inputs/imagenet_base/session_6_seeds_1213/noise_all_families.json
imagenet,alibi,1213,807525111,0.0025,0.011612039871426963,0.9967695620961954,analysis/v18_canonical_pipeline/inputs/imagenet_base/session_6_seeds_1213/noise_all_families.json
imagenet,alibi,1213,807525111,0.005,0.023080707160056897,0.9974874371859297,analysis/v18_canonical_pipeline/inputs/imagenet_base/session_6_seeds_1213/noise_all_families.json
imagenet,alibi,1213,807525111,0.01,0.04569037250602355,0.9863603732950468,analysis/v18_canonical_pipeline/inputs/imagenet_base/session_6_seeds_1213/noise_all_families.json
imagenet,alibi,1213,807525111,0.025,0.11200628345222978,0.8636037329504668,analysis/v18_canonical_pipeline/inputs/imagenet_base/session_6_seeds_1213/noise_all_families.json
imagenet,alibi,1213,807525111,0.05,0.21982956315604207,0.4996410624551329,analysis/v18_canonical_pipeline/inputs/imagenet_base/session_6_seeds_1213/noise_all_families.json
imagenet,alibi,1213,2145899554,0.001,0.0044699946714833235,0.9989231873653984,analysis/v18_canonical_pipeline/inputs/imagenet_base/session_6_seeds_1213/noise_all_families.json
imagenet,alibi,1213,2145899554,0.0025,0.011190401830743197,0.997846374730797,analysis/v18_canonical_pipeline/inputs/imagenet_base/session_6_seeds_1213/noise_all_families.json
imagenet,alibi,1213,2145899554,0.005,0.022430761397599124,0.9935391241923907,analysis/v18_canonical_pipeline/inputs/imagenet_base/session_6_seeds_1213/noise_all_families.json
imagenet,alibi,1213,2145899554,0.01,0.045069673671409315,0.9802584350323044,analysis/v18_canonical_pipeline/inputs/imagenet_base/session_6_seeds_1213/noise_all_families.json
imagenet,alibi,1213,2145899554,0.025,0.11431445849427396,0.880832735104092,analysis/v18_canonical_pipeline/inputs/imagenet_base/session_6_seeds_1213/noise_all_families.json
imagenet,alibi,1213,2145899554,0.05,0.22598081458593855,0.5958363244795406,analysis/v18_canonical_pipeline/inputs/imagenet_base/session_6_seeds_1213/noise_all_families.json
imagenet,alibi,1213,2134235847,0.001,0.004710318732087094,0.9985642498205314,analysis/v18_canonical_pipeline/inputs/imagenet_base/session_6_seeds_1213/noise_all_families.json
imagenet,alibi,1213,2134235847,0.0025,0.011757205354819614,0.994256999282125,analysis/v18_canonical_pipeline/inputs/imagenet_base/session_6_seeds_1213/noise_all_families.json
imagenet,alibi,1213,2134235847,0.005,0.02344322967106359,0.9874371859296484,analysis/v18_canonical_pipeline/inputs/imagenet_base/session_6_seeds_1213/noise_all_families.json
imagenet,alibi,1213,2134235847,0.01,0.04658457263031818,0.9633883704235464,analysis/v18_canonical_pipeline/inputs/imagenet_base/session_6_seeds_1213/noise_all_families.json
imagenet,alibi,1213,2134235847,0.025,0.11448964691578246,0.8417085427135679,analysis/v18_canonical_pipeline/inputs/imagenet_base/session_6_seeds_1213/noise_all_families.json
imagenet,alibi,1213,2134235847,0.05,0.2217065363883093,0.48528356066044515,analysis/v18_canonical_pipeline/inputs/imagenet_base/session_6_seeds_1213/noise_all_families.json
imagenet,alibi,1213,1888751591,0.001,0.005027444724995181,0.9971284996410625,analysis/v18_canonical_pipeline/inputs/imagenet_base/session_6_seeds_1213/noise_all_families.json
imagenet,alibi,1213,1888751591,0.0025,0.012518039334395513,0.9960516870064611,analysis/v18_canonical_pipeline/inputs/imagenet_base/session_6_seeds_1213/noise_all_families.json
imagenet,alibi,1213,1888751591,0.005,0.024841380390479572,0.9888729361091171,analysis/v18_canonical_pipeline/inputs/imagenet_base/session_6_seeds_1213/noise_all_families.json
imagenet,alibi,1213,1888751591,0.01,0.04916324539183364,0.9486719310839915,analysis/v18_canonical_pipeline/inputs/imagenet_base/session_6_seeds_1213/noise_all_families.json
imagenet,alibi,1213,1888751591,0.025,0.12144734305486611,0.6414213926776741,analysis/v18_canonical_pipeline/inputs/imagenet_base/session_6_seeds_1213/noise_all_families.json
imagenet,alibi,1213,1888751591,0.05,0.22762934317419486,0.4339554917444365,analysis/v18_canonical_pipeline/inputs/imagenet_base/session_6_seeds_1213/noise_all_families.json
imagenet,alibi,1213,442392609,0.001,0.0046350409749117945,1.0,analysis/v18_canonical_pipeline/inputs/imagenet_base/session_6_seeds_1213/noise_all_families.json
imagenet,alibi,1213,442392609,0.0025,0.011672633880598813,0.9964106245513281,analysis/v18_canonical_pipeline/inputs/imagenet_base/session_6_seeds_1213/noise_all_families.json
imagenet,alibi,1213,442392609,0.005,0.0235764827261082,0.9917444364680545,analysis/v18_canonical_pipeline/inputs/imagenet_base/session_6_seeds_1213/noise_all_families.json
imagenet,alibi,1213,442392609,0.01,0.04745297325614113,0.9633883704235464,analysis/v18_canonical_pipeline/inputs/imagenet_base/session_6_seeds_1213/noise_all_families.json
imagenet,alibi,1213,442392609,0.025,0.11416966256222451,0.8567839195979899,analysis/v18_canonical_pipeline/inputs/imagenet_base/session_6_seeds_1213/noise_all_families.json
imagenet,alibi,1213,442392609,0.05,0.21978054319662138,0.7081837760229721,analysis/v18_canonical_pipeline/inputs/imagenet_base/session_6_seeds_1213/noise_all_families.json
