dataset,pe_type,seed,direction,kind,functional_gain,probe_radius,rho_rel_calibration,rho_rel_heldout,delta_ce,damage_efficiency,parameter_radius_global_rms,parameter_space_cosine_to_task_gradient,attention_task_alignment_cosine,source_file
imagenet,learned,42,random_00,gaussian random,2.820636608167065,0.0001,0.0304695083343556,0.0300015030786742,0.0039679016917943,0.1322567633157974,0.0190275861740433,0.0008143308223225,0.0001471374389496,imagenet_seeds_42_123.json
imagenet,learned,42,random_01,gaussian random,2.781402790852211,0.0001,0.030526800736046,0.0301753649497909,-0.0008178269490599,-0.0271024708539814,0.0200873698122525,-0.0007097829366102,0.0001221266905081,imagenet_seeds_42_123.json
imagenet,learned,42,random_02,gaussian random,2.815214381728699,0.0001,0.0308095187717488,0.0302020444424762,0.0073523288592696,0.243438118014596,0.0191380018806926,0.0009601499186828,6.96889134751954e-05,imagenet_seeds_42_123.json
imagenet,learned,42,random_03,gaussian random,2.7960549286020298,0.0001,0.0305359154629915,0.0300128715276262,-0.0084171136841177,-0.2804501287512598,0.0196938469235393,-0.0027778665535151,4.58115200084682e-05,imagenet_seeds_42_123.json
imagenet,learned,42,random_04,gaussian random,2.858320060362815,0.0001,0.0304766308597013,0.0290900086549292,-0.0028304895386099,-0.0973010896004103,0.017939130074981,-0.0039809332229197,0.0001230396869552,imagenet_seeds_42_123.json
imagenet,learned,42,random_05,gaussian random,2.8231012907101687,0.0001,0.0305473809965476,0.0298923395975462,0.0136508978903293,0.4566687677885842,0.0188315390467712,0.0007053557201288,9.755911286056924e-05,imagenet_seeds_42_123.json
imagenet,learned,42,random_06,gaussian random,2.8754936221866743,0.0001,0.0307969217302411,0.0292006607207727,0.0031447540968656,0.1076946212600095,0.0173957899157246,-0.0008754734299145,-4.132503834064509e-05,imagenet_seeds_42_123.json
imagenet,learned,42,random_07,gaussian random,2.8160010727646063,0.0001,0.0301739058709942,0.0295072792941991,0.0085160620510578,0.288608853637414,0.0194385309361179,-0.0017342035425826,0.0001514415571874,imagenet_seeds_42_123.json
imagenet,learned,42,random_08,gaussian random,2.87317002452653,0.0001,0.0303176531158234,0.0292884631981888,0.004310960881412,0.1471897262837132,0.0179396793189104,-0.0005801726947538,1.579785709128581e-05,imagenet_seeds_42_123.json
imagenet,learned,42,random_09,gaussian random,2.8537383264382736,0.0001,0.030551698081326,0.0297351957828614,0.0004488602280616,0.0150952504681468,0.0184579814786156,-0.0025371145457029,-0.0001013796385125,imagenet_seeds_42_123.json
imagenet,learned,42,random_10,gaussian random,2.8325570375957496,0.0001,0.0304741326088408,0.0297667000455307,0.0055618351325392,0.1868475552893654,0.0186726895250761,-0.0006201738724485,-4.006099767412344e-05,imagenet_seeds_42_123.json
imagenet,learned,42,random_11,gaussian random,2.7946098375800803,0.0001,0.0301958440354758,0.0294491356800113,0.0139260469004511,0.4728847410589198,0.0200492528649614,-0.0053004692308604,0.0002782520210809,imagenet_seeds_42_123.json
imagenet,learned,42,random_12,gaussian random,2.748996567090553,0.0001,0.0307053776880777,0.0301720141128993,0.0026769852265715,0.088724114225675,0.0201896381296634,-0.0009203931549564,9.203163682837444e-05,imagenet_seeds_42_123.json
imagenet,learned,42,random_13,gaussian random,2.79012163835486,0.0001,0.0302810265488505,0.0296130013691213,0.0109345922246575,0.3692497119207736,0.0195824616671946,-0.0024808591697365,0.0001832598821936,imagenet_seeds_42_123.json
imagenet,learned,42,random_14,gaussian random,2.836068546352225,0.0001,0.0305527227514303,0.0296081877736277,0.0121507365256547,0.4103843375540037,0.0182874718201531,-0.0002471010957378,3.592225269025639e-05,imagenet_seeds_42_123.json
imagenet,learned,42,random_15,gaussian random,2.84989866724505,0.0001,0.0304784173171623,0.0294477830558735,0.0019603408873081,0.0665700668735781,0.0187806390834374,0.0022588369902223,8.927323840678394e-05,imagenet_seeds_42_123.json
imagenet,learned,42,random_16,gaussian random,2.793722461707144,0.0001,0.0305190326174861,0.0297160742815466,0.0079053165391087,0.2660282937850199,0.0193007819420346,0.0013711041538044,0.0002028614235132,imagenet_seeds_42_123.json
imagenet,learned,42,random_17,gaussian random,2.815462852364776,0.0001,0.0305928603137299,0.02991243026842,0.0013274792581796,0.0443788500722773,0.0188506808030901,0.0018606871599331,0.0001568278904497,imagenet_seeds_42_123.json
imagenet,learned,42,random_18,gaussian random,2.8184581437418608,0.0001,0.0306952035056759,0.0297924246887488,0.0070926854386925,0.2380700971066359,0.0186726834009911,0.0040265475399792,2.46815359612206e-05,imagenet_seeds_42_123.json
imagenet,learned,42,random_19,gaussian random,2.856820094836983,0.0001,0.0305027214230855,0.029531613282572,0.0034795356914401,0.1178240977946686,0.0178978641454613,-0.0035014362074434,-4.292715479945205e-05,imagenet_seeds_42_123.json
imagenet,learned,42,random_20,gaussian random,2.849505336143518,0.0001,0.0307888234187842,0.0301283521307572,-0.0037849964573979,-0.1256290566762838,0.0190426045561416,-0.0021788978483527,6.074881346460644e-05,imagenet_seeds_42_123.json
imagenet,learned,42,random_21,gaussian random,2.8878189076007468,0.0001,0.0306441458463178,0.0293171431551352,-0.0019825194031,-0.0676232125555096,0.0174318352301804,0.0036217703018337,-4.612913154462785e-05,imagenet_seeds_42_123.json
imagenet,learned,42,random_22,gaussian random,2.8722150737355987,0.0001,0.0300685552035578,0.0291173996532067,-0.0019296938553452,-0.0662728773286158,0.0186248211972929,0.0008797576883807,2.075841048523307e-05,imagenet_seeds_42_123.json
imagenet,learned,42,random_23,gaussian random,2.875834034830099,0.0001,0.0305161912991702,0.0295509258795351,0.0018908930942416,0.0639876091175578,0.0173117835083113,-0.000170872779563,9.362943125162064e-05,imagenet_seeds_42_123.json
imagenet,learned,42,random_24,gaussian random,2.8215535333160977,0.0001,0.0302866927179956,0.0294238028266141,-0.0001364611089229,-0.0046377794783048,0.0194392053585663,0.0022493477445095,0.00016218886816,imagenet_seeds_42_123.json
imagenet,learned,42,random_25,gaussian random,2.7769891463113465,0.0001,0.0304332692870621,0.0299528156836263,0.0066025145351886,0.2204305132755155,0.020193912149875,-0.002464948920533,0.0001116070375625,imagenet_seeds_42_123.json
imagenet,learned,42,random_26,gaussian random,2.8048953753568093,0.0001,0.0305040909426394,0.0297489678597689,0.0110110873356461,0.370133424041814,0.0191554766289574,-0.0016472515417262,5.275034211180628e-05,imagenet_seeds_42_123.json
imagenet,learned,42,random_27,gaussian random,2.819864173178372,0.0001,0.0306033123683206,0.0295600562713808,0.0049919104203581,0.168873508714907,0.0190721022219642,-0.0005640747840516,0.0002280216265828,imagenet_seeds_42_123.json
imagenet,learned,42,random_28,gaussian random,2.881702138376147,0.0001,0.0301051061877874,0.0291661253148719,0.0039530722424387,0.1355364210968092,0.0179974953457129,-0.0001983236870728,3.942069707176008e-05,imagenet_seeds_42_123.json
imagenet,learned,42,random_29,gaussian random,2.820259933033705,0.0001,0.0306083772926486,0.0297509108786024,0.0035626832395792,0.1197503919835126,0.0185575724836318,-0.00444300705567,4.185416967719471e-05,imagenet_seeds_42_123.json
imagenet,learned,42,random_30,gaussian random,2.870106301891328,0.0001,0.0299951047788241,0.0288918084994057,0.0018820399418473,0.0651409530796951,0.0183138176703729,-7.776967686368152e-05,7.137478540229486e-05,imagenet_seeds_42_123.json
imagenet,learned,42,random_31,gaussian random,2.838063088879079,0.0001,0.0305784505942708,0.0299453724486771,0.0107052642852067,0.3574931086115011,0.0184765721984125,-0.0008116003591567,5.961608798652809e-05,imagenet_seeds_42_123.json
imagenet,learned,42,task_gradient,held-out task-gradient ascent,30.74886221525759,0.0001,0.0295057186044788,0.0258407544351313,0.0078174201771616,0.3025229080205817,0.0008511490185746,1.0,2.374715338634136e-05,imagenet_seeds_42_123.json
imagenet,learned,123,random_00,gaussian random,2.7750705896366,0.0001,0.0310466729955818,0.0300926534898787,0.0061874594539403,0.2056136211458206,0.0197476532041434,0.0050885905511677,4.3603609696351913e-05,imagenet_seeds_42_123.json
imagenet,learned,123,random_01,gaussian random,2.735313651926428,0.0001,0.0308079147254086,0.0300587855583039,0.0036160070449113,0.1202978423029613,0.0208175013283127,-0.0002608858339954,9.960943432928364e-05,imagenet_seeds_42_123.json
imagenet,learned,123,random_02,gaussian random,2.798153784713816,0.0001,0.030981549624598,0.0300886018804666,0.0118231158703565,0.3929433450356522,0.0192389958726245,-0.0004541918169707,0.0002809312050296,imagenet_seeds_42_123.json
imagenet,learned,123,random_03,gaussian random,2.788984681347386,0.0001,0.0309335647970775,0.0299397576258167,0.0240993835031986,0.8049291448644851,0.0193996435329427,-0.0030330207664519,0.0003357482984218,imagenet_seeds_42_123.json
imagenet,learned,123,random_04,gaussian random,2.742802211167516,0.0001,0.0307903811348546,0.0298028284948076,0.0011248756200075,0.0377439215275655,0.0202179757695811,-0.0006788070895709,0.0001310210813316,imagenet_seeds_42_123.json
imagenet,learned,123,random_05,gaussian random,2.7566478893487325,0.0001,0.0306324062785254,0.0297077381798628,-0.0048839468508958,-0.1643998213975924,0.0202577631459277,-0.0007033693254925,-0.0001198470765093,imagenet_seeds_42_123.json
imagenet,learned,123,random_06,gaussian random,2.8044434345550684,0.0001,0.0309545318881088,0.0296804446545554,-0.0032789837568998,-0.1104762342701817,0.0195220389992048,0.000455012981547,0.0001213565499302,imagenet_seeds_42_123.json
imagenet,learned,123,random_07,gaussian random,2.750864025810798,0.0001,0.0306467058437842,0.0298067766971288,0.0041260607540607,0.1384269354578748,0.0204204543687479,0.0044615920633077,0.0002234971139908,imagenet_seeds_42_123.json
imagenet,learned,123,random_08,gaussian random,2.8273142475080726,0.0001,0.03087511933202,0.0296528525339271,0.0060385316610336,0.2036408353673452,0.0188259963599396,-0.0042736963368952,0.0002832264985958,imagenet_seeds_42_123.json
imagenet,learned,123,random_09,gaussian random,2.784014178354386,0.0001,0.0306511959838784,0.0297121370941436,0.0194350387901067,0.6541111037730596,0.0199953530540008,-0.0012073593679815,0.0002866331175496,imagenet_seeds_42_123.json
imagenet,learned,123,random_10,gaussian random,2.7626588943214654,0.0001,0.0308037320487611,0.0299139156667063,0.0076598059386014,0.2560616277703397,0.0203254855618369,0.0045651653781533,0.0001177873465769,imagenet_seeds_42_123.json
imagenet,learned,123,random_11,gaussian random,2.7630525608422505,0.0001,0.0307345286152983,0.0298033702736253,0.0195599775761365,0.6563008611628828,0.0208074334727826,-0.0025439953897148,0.0002041936341104,imagenet_seeds_42_123.json
imagenet,learned,123,random_12,gaussian random,2.752500653958839,0.0001,0.030916134426494,0.0299786521387738,0.0124809611588716,0.4163282959185809,0.0200281596820594,-0.002278450410813,0.0001618471873858,imagenet_seeds_42_123.json
imagenet,learned,123,random_13,gaussian random,2.771153945416576,0.0001,0.0308204319123976,0.030168697907923,0.0114438198506832,0.3793276025902922,0.0203539502618698,-0.0023381472565233,0.0003160328810335,imagenet_seeds_42_123.json
imagenet,learned,123,random_14,gaussian random,2.8057319823518925,0.0001,0.0304658194808473,0.029410591470498,0.0045971702784299,0.1563100246739832,0.0194548531907152,-0.0011883007828146,2.1612175901824616e-05,imagenet_seeds_42_123.json
imagenet,learned,123,random_15,gaussian random,2.75517960933454,0.0001,0.0311019425556657,0.0302561064931594,0.0027317088097333,0.0902861976094311,0.0199558517084786,2.110185960191302e-05,5.385764363205147e-05,imagenet_seeds_42_123.json
imagenet,learned,123,random_16,gaussian random,2.8110420331457826,0.0001,0.0303555599922793,0.0293371292036302,0.0109740123152732,0.3740656503607499,0.0194069743277819,-0.0012196544557809,0.0001368518204467,imagenet_seeds_42_123.json
imagenet,learned,123,random_17,gaussian random,2.7870921837973905,0.0001,0.0302756033086482,0.0294613854555454,0.0045672841370105,0.1550261152484561,0.0205599029968321,-0.0017500210087746,-1.025335446635104e-05,imagenet_seeds_42_123.json
imagenet,learned,123,random_18,gaussian random,2.7772212564864094,0.0001,0.0307307537209216,0.0299461479972633,0.0078713279217481,0.2628494296651271,0.0201081774401505,0.0017139055998995,0.0001346613707413,imagenet_seeds_42_123.json
imagenet,learned,123,random_19,gaussian random,2.7552068609504823,0.0001,0.0310006532316548,0.0304589193913699,0.0132625922560691,0.4354255673241952,0.0200178722802144,-0.0026548700407147,0.0001441997337131,imagenet_seeds_42_123.json
imagenet,learned,123,random_20,gaussian random,2.805987784048137,0.0001,0.0306363145761092,0.0295934605732109,0.0142337549477815,0.4809763600498433,0.0187805143069226,-0.000987313571386,0.0002456154153365,imagenet_seeds_42_123.json
imagenet,learned,123,random_21,gaussian random,2.778510635696142,0.0001,0.030639086673173,0.0298024114156102,8.072704076766968e-06,0.0002708741908226,0.0203279455044257,-0.0058602658100426,2.380325555476553e-05,imagenet_seeds_42_123.json
imagenet,learned,123,random_22,gaussian random,2.798355405265542,0.0001,0.0306980815078545,0.0297993505304449,0.016121283173561,0.5409944474155748,0.0192783810548855,-0.0040569063276052,0.000212338590245,imagenet_seeds_42_123.json
imagenet,learned,123,random_23,gaussian random,2.779376357867633,0.0001,0.0305535685726058,0.0296112300181364,0.0101133529096841,0.3415377511670366,0.0203949897385071,0.0006212050793692,0.0001720651818662,imagenet_seeds_42_123.json
imagenet,learned,123,random_24,gaussian random,2.7477826871432067,0.0001,0.0307752796664774,0.0298153737516148,0.0011861324310302,0.0397825779717428,0.0204079947304761,0.0002175457047997,1.0371238813813732e-05,imagenet_seeds_42_123.json
imagenet,learned,123,random_25,gaussian random,2.7404135045276385,0.0001,0.0308133314280535,0.0301849483660298,0.0062995851039886,0.2086995487816771,0.020735911802903,0.000261023058556,8.820114351328569e-05,imagenet_seeds_42_123.json
imagenet,learned,123,random_26,gaussian random,2.735291835315593,0.0001,0.0309428483903092,0.0303619653983,0.0098955649882555,0.3259197768801073,0.0205150713955016,-0.0007198064704425,0.0002898370111896,imagenet_seeds_42_123.json
imagenet,learned,123,random_27,gaussian random,2.827999639570816,0.0001,0.0306213806243127,0.029413177083082,0.0133175961673259,0.4527765269868126,0.0187828322878319,0.0018320999806746,0.0001680653958817,imagenet_seeds_42_123.json
imagenet,learned,123,random_28,gaussian random,2.781299678478089,0.0001,0.0305319140341851,0.0296088208760574,0.016845054924488,0.568920153727211,0.0194640256959829,-0.0022557838819921,0.0002771024125048,imagenet_seeds_42_123.json
imagenet,learned,123,random_29,gaussian random,2.74642283512972,0.0001,0.03079400089963,0.0299265049890646,0.0054994896054267,0.1837665175882165,0.0202376086532592,0.0011658990988507,0.0001808558752817,imagenet_seeds_42_123.json
imagenet,learned,123,random_30,gaussian random,2.758704861298193,0.0001,0.0306577071757639,0.0297578079120111,0.0100490152835845,0.3376933984283339,0.0203425641513959,-0.0023923083208501,5.7645934496328974e-05,imagenet_seeds_42_123.json
imagenet,learned,123,random_31,gaussian random,2.7622454106077696,0.0001,0.03087486514165,0.0299944473385707,-0.0010677631944417,-0.0355986953981554,0.020438133746362,0.0008807654376141,5.980527910272443e-05,imagenet_seeds_42_123.json
imagenet,learned,123,task_gradient,held-out task-gradient ascent,31.9422426237754,0.0001,0.0298355117450322,0.026294059991507,0.0205505285412073,0.7815654390324309,0.0008692886608035,1.0,6.703202850401774e-05,imagenet_seeds_42_123.json
imagenet,learned,456,random_00,gaussian random,2.61888759396267,0.0001,0.030627716056153,0.0303955274655148,0.0218973779119551,0.7204144733727265,0.0226690959611602,0.0018492559902369,0.0002663085703165,imagenet_seeds_456_789.json
imagenet,learned,456,random_01,gaussian random,2.618442165766042,0.0001,0.0304114178835791,0.0302185706877595,-0.0019272067584097,-0.0637755762283747,0.0226049238038666,0.0004639528342522,9.903418606660368e-05,imagenet_seeds_456_789.json
imagenet,learned,456,random_02,gaussian random,2.6832193042101395,0.0001,0.0304213893227467,0.0299189951770495,0.005245697684586,0.1753300086966139,0.0216148850104368,0.0004635461664292,4.0296333913997874e-05,imagenet_seeds_456_789.json
imagenet,learned,456,random_03,gaussian random,2.613101533429569,0.0001,0.0308860591418939,0.0306435141889719,0.0239436361007392,0.7813606479036325,0.0224644590905873,-0.00185864767991,0.0003783839160767,imagenet_seeds_456_789.json
imagenet,learned,456,random_04,gaussian random,2.616517148481151,0.0001,0.0306187553979306,0.0305378364731936,-0.001450799871236,-0.0475082729750553,0.0229479017726168,0.0010892725549638,0.0001959904487142,imagenet_seeds_456_789.json
imagenet,learned,456,random_05,gaussian random,2.6325993892686625,0.0001,0.0307250021122889,0.0303271176436107,0.021116180345416,0.6962804904034376,0.0222475112488722,0.0002005370770348,0.0002714090749863,imagenet_seeds_456_789.json
imagenet,learned,456,random_06,gaussian random,2.6354269735168985,0.0001,0.0306261609291403,0.0301917735793468,0.0269776573404669,0.8935433113780861,0.0224392197889973,0.0016940793721005,0.0004312372669692,imagenet_seeds_456_789.json
imagenet,learned,456,random_07,gaussian random,2.614974882268444,0.0001,0.0306595973199933,0.0307509875070016,-0.002626362722367,-0.0854074270547914,0.0235108035857061,-0.0007753006648272,3.961901262801304e-05,imagenet_seeds_456_789.json
imagenet,learned,456,random_08,gaussian random,2.6558847222360824,0.0001,0.0307054210127831,0.0303318928624998,0.0007212036289274,0.0237770729376112,0.0220693095343614,-0.0009451907826587,9.869603192554372e-05,imagenet_seeds_456_789.json
imagenet,learned,456,random_09,gaussian random,2.6386411657866327,0.0001,0.0305109468062903,0.030386818405408,0.0149333449080586,0.4914415424749077,0.0225312740273562,0.0013319783611223,0.0002940500870603,imagenet_seeds_456_789.json
imagenet,learned,456,random_10,gaussian random,2.643503864173694,0.0001,0.0305994450078601,0.0301278661380862,0.012195557821542,0.4047932822605367,0.0216795398823713,-0.0003839246055576,0.0001266806259729,imagenet_seeds_456_789.json
imagenet,learned,456,random_11,gaussian random,2.61253187964048,0.0001,0.030694505108403,0.030533633328007,0.0136811197735369,0.4480672059747265,0.0231642603181197,-0.0036481248680502,0.0002052872726916,imagenet_seeds_456_789.json
imagenet,learned,456,random_12,gaussian random,2.612287919141383,0.0001,0.0309674876593007,0.0306816793317798,0.0114393383264541,0.3728393808811297,0.0229173825065634,-0.0014698621816933,0.0001531134576916,imagenet_seeds_456_789.json
imagenet,learned,456,random_13,gaussian random,2.5897209243049373,0.0001,0.031035477298564,0.0308580208799365,0.0161604592576622,0.5237036853575275,0.0231991182782585,-0.0022917073220014,0.0002929228356953,imagenet_seeds_456_789.json
imagenet,learned,456,random_14,gaussian random,2.607307543743998,0.0001,0.0308116472362146,0.030487240819468,0.0107256830669939,0.3518089134568365,0.0225137609374912,-0.0036578399594873,0.0001578092814481,imagenet_seeds_456_789.json
imagenet,learned,456,random_15,gaussian random,2.6377388475512222,0.0001,0.0306729662543678,0.0304845916048736,0.0191043731756508,0.6266894903258784,0.022504237261576,0.0027603723574429,0.0002215887424006,imagenet_seeds_456_789.json
imagenet,learned,456,random_16,gaussian random,2.634682935398889,0.0001,0.0305359927888377,0.0305490233995415,0.0154443946667015,0.5055609950180374,0.0224983183254386,-0.0007320573204196,0.0002256862921363,imagenet_seeds_456_789.json
imagenet,learned,456,random_17,gaussian random,2.6127046546531414,0.0001,0.0307283068730158,0.0305130053303123,0.0067410445772111,0.2209236522013264,0.0228819088748627,-0.0015610448317602,9.804424754813032e-05,imagenet_seeds_456_789.json
imagenet,learned,456,random_18,gaussian random,2.577392502160229,0.0001,0.0309366180892844,0.0306901752282325,0.0175513378344476,0.5718878339378718,0.0232586637112833,0.0004600374086294,0.0002630356716017,imagenet_seeds_456_789.json
imagenet,learned,456,random_19,gaussian random,2.6004737166235,0.0001,0.0307829760314699,0.0306873972778543,0.0050811874680221,0.1655789646158414,0.023228771922853,-0.0002233329287264,0.0001377828617534,imagenet_seeds_456_789.json
imagenet,learned,456,random_20,gaussian random,2.6266814017660107,0.0001,0.0305443164894188,0.0301339191923728,0.0022641462273895,0.0751361352280604,0.0225762409541506,-0.0014139234554022,0.0002724281403194,imagenet_seeds_456_789.json
imagenet,learned,456,random_21,gaussian random,2.6402214974278966,0.0001,0.0306667609380082,0.0303439675105611,0.013469552155584,0.4438955502735781,0.0218323659709838,0.0006687008426524,0.0002176932347222,imagenet_seeds_456_789.json
imagenet,learned,456,random_22,gaussian random,2.674113928917605,0.0001,0.0304364573893881,0.0298209045708601,0.0132367969490587,0.4438764396836329,0.0205920923438988,-0.0005500155966728,8.343674910679846e-05,imagenet_seeds_456_789.json
imagenet,learned,456,random_23,gaussian random,2.653850402112932,0.0001,0.0304815758627199,0.0302220882305501,0.0116486209444701,0.3854340195028321,0.0217541501887117,-0.0012041107984259,0.0003086796928283,imagenet_seeds_456_789.json
imagenet,learned,456,random_24,gaussian random,2.629117528670943,0.0001,0.0305934121843126,0.0301745682968207,0.0301031698472797,0.9976338203470329,0.0223398232720401,0.0055572846904397,0.0003537903665283,imagenet_seeds_456_789.json
imagenet,learned,456,random_25,gaussian random,2.6387356211602744,0.0001,0.0306257813329287,0.0304222123216433,0.0106884213164448,0.3513360962523026,0.0223257727736896,0.0017702411860227,0.0001809474146144,imagenet_seeds_456_789.json
imagenet,learned,456,random_26,gaussian random,2.658416428197205,0.0001,0.0306698426247569,0.0305235669564644,0.0115761705674231,0.379253531670598,0.022619960190423,-0.0011786390095949,2.0747794766073835e-05,imagenet_seeds_456_789.json
imagenet,learned,456,random_27,gaussian random,2.647161112254001,0.0001,0.0306129609045769,0.0302061504154944,0.0017209528014063,0.05697358907819,0.0214180218019573,-0.0011614385293796,0.0001690911424829,imagenet_seeds_456_789.json
imagenet,learned,456,random_28,gaussian random,2.6178574193023696,0.0001,0.0305431092612634,0.0304447454631494,0.007412867154926,0.2434859297443841,0.0229388008329071,-0.0032012702431529,0.0002623806837922,imagenet_seeds_456_789.json
imagenet,learned,456,random_29,gaussian random,2.624002554095774,0.0001,0.0307254552112342,0.0305824937011569,0.0175041910260915,0.5723598342613043,0.023190624299602,0.0038708567153662,0.0002253306098227,imagenet_seeds_456_789.json
imagenet,learned,456,random_30,gaussian random,2.6192628706634453,0.0001,0.0307182904385665,0.0306729170154359,0.0124727794900536,0.4066381910718443,0.0226843657933745,0.0010465121595188,0.0002803068863253,imagenet_seeds_456_789.json
imagenet,learned,456,random_31,gaussian random,2.6304070384768297,0.0001,0.0304634222456102,0.0303761467079698,0.0132626248523592,0.4366131418794985,0.0224304036254764,0.0009922385215759,0.0002470592517102,imagenet_seeds_456_789.json
imagenet,learned,456,task_gradient,held-out task-gradient ascent,13.604580666282766,0.0001,0.0298359312321153,0.02709015527015,0.0953147588297724,3.5184279262805607,0.0022051396317088,1.0,0.0010977710749935,imagenet_seeds_456_789.json
imagenet,learned,789,random_00,gaussian random,2.740247932437409,0.0001,0.0315277317714619,0.0309153616656437,-0.0055098589509725,-0.1782239849096011,0.0200284602335057,0.0037352123763412,8.328716172785682e-05,imagenet_seeds_456_789.json
imagenet,learned,789,random_01,gaussian random,2.810619199969133,0.0001,0.0307268544318542,0.0295873012595641,-0.0067204292863607,-0.2271389751773441,0.0186773988248029,0.0002016712533077,-9.779470977040442e-05,imagenet_seeds_456_789.json
imagenet,learned,789,random_02,gaussian random,2.798478553443212,0.0001,0.0309783231331063,0.0299956399720104,0.0013796128332614,0.0459937789141633,0.019023916339304,0.0002176868001697,7.091773638211502e-05,imagenet_seeds_456_789.json
imagenet,learned,789,random_03,gaussian random,2.8128597566911937,0.0001,0.0315319006187973,0.0302692937732333,-0.0074042994529008,-0.2446142122895643,0.0182851404286966,-0.0017125925514847,8.191026666461364e-05,imagenet_seeds_456_789.json
imagenet,learned,789,random_04,gaussian random,2.7615078391458696,0.0001,0.0317806546692087,0.0310838259558539,-0.0139598539099097,-0.4491034639601917,0.0204742103411137,-0.0011191221419721,-6.478010195934719e-05,imagenet_seeds_456_789.json
imagenet,learned,789,random_05,gaussian random,2.840657280583738,0.0001,0.0307183114708404,0.0299916333631576,-0.017728479579091,-0.5911141738905451,0.0181975762091351,-0.0004352887917775,-0.0002890676089434,imagenet_seeds_456_789.json
imagenet,learned,789,random_06,gaussian random,2.7873227201439734,0.0001,0.0312123079722357,0.0303810114292002,-0.0035183196887373,-0.1158065358336231,0.0189290840079654,0.0022271627094596,-0.0001248283577276,imagenet_seeds_456_789.json
imagenet,learned,789,random_07,gaussian random,2.7807726073160883,0.0001,0.0313898088497225,0.0304548814506701,-0.0164061859250068,-0.5387046392408741,0.0186592776406519,0.0020111538469791,-0.0001324594946765,imagenet_seeds_456_789.json
imagenet,learned,789,random_08,gaussian random,2.866087717336558,0.0001,0.0307567632511292,0.0295626372940759,-0.0050126016139984,-0.1695586751660646,0.017804837293322,-0.0057362779043614,-0.0001974207230885,imagenet_seeds_456_789.json
imagenet,learned,789,random_09,gaussian random,2.852923257036957,0.0001,0.0308381110130106,0.029999411432549,-0.0026231501251459,-0.0874400529838336,0.0182813994257183,-0.0011076618684455,-4.498050837397149e-05,imagenet_seeds_456_789.json
imagenet,learned,789,random_10,gaussian random,2.7971589760527804,0.0001,0.0315479977646535,0.0306956238052642,0.0018601063638925,0.060598421967028,0.0190783896803631,0.0020301742479205,2.982448421324221e-05,imagenet_seeds_456_789.json
imagenet,learned,789,random_11,gaussian random,2.797732563461692,0.0001,0.0312866162464648,0.0307673600117431,0.0070334207266569,0.2286000724135069,0.0193378093504529,-0.0016559635987505,0.0001684927961599,imagenet_seeds_456_789.json
imagenet,learned,789,random_12,gaussian random,2.817239980886341,0.0001,0.0310185037955552,0.0302642839523496,-0.0006335247308015,-0.020933081773851,0.0194999375184456,0.001137071638368,2.458377887174725e-05,imagenet_seeds_456_789.json
imagenet,learned,789,random_13,gaussian random,2.788835455164493,0.0001,0.0313360862900963,0.0308241308581087,-0.0030680429190397,-0.099533801396143,0.019844209919586,0.0003642021911218,0.0001039717454876,imagenet_seeds_456_789.json
imagenet,learned,789,random_14,gaussian random,2.8083072503325823,0.0001,0.0310671285100258,0.0298507256115831,0.0008702520281076,0.0291534631161513,0.018853744093942,0.0007199741085059,-0.0001171855713583,imagenet_seeds_456_789.json
imagenet,learned,789,random_15,gaussian random,2.781690892509916,0.0001,0.031404822012397,0.0304779042156477,-0.0128505434840917,-0.4216347486745535,0.0188174662232908,-0.0049839857965707,-0.0001353548238499,imagenet_seeds_456_789.json
imagenet,learned,789,random_16,gaussian random,2.8573223530575635,0.0001,0.0306639051031321,0.029832020169324,0.003328233025968,0.111565794306832,0.0182141542477563,-0.0017067047301679,-9.879975445569892e-05,imagenet_seeds_456_789.json
imagenet,learned,789,random_17,gaussian random,2.813337797884336,0.0001,0.0314277011702519,0.0302081796556679,0.0001420434564352,0.0047021521341009,0.0179487569217059,0.0017631324008107,1.255373271497542e-05,imagenet_seeds_456_789.json
imagenet,learned,789,random_18,gaussian random,2.817339496108964,0.0001,0.0310896968991159,0.0301592377289739,-0.0013012960553169,-0.0431475114527437,0.019306658784825,-0.0006987960077822,6.807103949362306e-05,imagenet_seeds_456_789.json
imagenet,learned,789,random_19,gaussian random,2.804875974797525,0.0001,0.031104580722468,0.0299810499021842,-0.0126513373106718,-0.421977794371708,0.0191191097371586,-0.0035031866282224,-9.953685320598503e-05,imagenet_seeds_456_789.json
imagenet,learned,789,random_20,gaussian random,2.769539610665418,0.0001,0.0314064270457494,0.0304183716279767,-0.002231421880424,-0.0733577032891436,0.018439779030035,-0.0006173353176563,0.0001661173399388,imagenet_seeds_456_789.json
imagenet,learned,789,random_21,gaussian random,2.807054393190884,0.0001,0.0304980125120739,0.0294444303349746,0.0062320064753293,0.2116531515275033,0.0189472374830919,0.002081599086523,-3.045343459212366e-05,imagenet_seeds_456_789.json
imagenet,learned,789,random_22,gaussian random,2.7688841009170835,0.0001,0.0316469000434411,0.03096300920278,0.0066467560827732,0.2146676390283289,0.019064556536135,-0.0007861374760977,5.952222176421633e-05,imagenet_seeds_456_789.json
imagenet,learned,789,random_23,gaussian random,2.745689667442384,0.0001,0.0319029575453245,0.0313129749653435,-0.0010990556329488,-0.0350990486903682,0.0200624095602084,-0.0006867347401566,2.7267632108343487e-05,imagenet_seeds_456_789.json
imagenet,learned,789,random_24,gaussian random,2.815107371017379,0.0001,0.0308664125482823,0.0303291328282593,4.0949322283267975e-05,0.0013501646260427,0.0196781248670896,0.000730903702788,0.000163369129103,imagenet_seeds_456_789.json
imagenet,learned,789,random_25,gaussian random,2.747520648751569,0.0001,0.0317009675116124,0.0312000048549192,0.0040750335901975,0.1306100306441159,0.0194520032686646,-0.0022265296429395,-7.225959290305962e-05,imagenet_seeds_456_789.json
imagenet,learned,789,random_26,gaussian random,2.872971409395149,0.0001,0.0310662503215201,0.0302034898669766,0.0064242929220199,0.2127003518571553,0.0177959246284781,0.0005184839828871,-1.0024083100331882e-05,imagenet_seeds_456_789.json
imagenet,learned,789,random_27,gaussian random,2.7609551404129045,0.0001,0.0315093355684497,0.030519546274224,-0.0047672912478446,-0.1562045256180959,0.0186283378287414,-0.0004384863714221,-0.0002084183726906,imagenet_seeds_456_789.json
imagenet,learned,789,random_28,gaussian random,2.771352427373728,0.0001,0.0312128940904431,0.0306033844190244,0.0019510891288518,0.0637540313233789,0.0200458061633735,0.0025411786045879,4.7468407373186806e-05,imagenet_seeds_456_789.json
imagenet,learned,789,random_29,gaussian random,2.82770333456649,0.0001,0.0310368237943403,0.0303206224733839,0.0086916405707597,0.2866577220962222,0.0189581963936543,-0.0001363852061331,0.00014198469142,imagenet_seeds_456_789.json
imagenet,learned,789,random_30,gaussian random,2.784540965321344,0.0001,0.0316646162270081,0.0308515644565157,0.0073404517024755,0.2379280218616361,0.0192817586538306,-0.0021323652472347,2.178519815872312e-05,imagenet_seeds_456_789.json
imagenet,learned,789,random_31,gaussian random,2.7996170573844315,0.0001,0.0311428861824304,0.030035110029513,-0.007515450939536,-0.2502221877046987,0.0190417949633222,0.0014058863744139,-2.558548023257743e-05,imagenet_seeds_456_789.json
imagenet,learned,789,task_gradient,held-out task-gradient ascent,32.25586539450788,0.0001,0.0305702484863216,0.0279044486437213,0.0232009533792734,0.8314428167171038,0.0009300634049988,1.0,0.0003852542332318,imagenet_seeds_456_789.json
imagenet,learned,1011,random_00,gaussian random,2.8008394171777864,0.0001,0.0311916112033485,0.0304107310431004,-0.0029046079143881,-0.0955125975193278,0.0198125498663754,-0.0025708668399602,6.266255552824448e-05,imagenet_seeds_1011_1213.json
imagenet,learned,1011,random_01,gaussian random,2.7778946375852103,0.0001,0.0307663347875251,0.0297133322380752,0.0050849840044975,0.1711347607785814,0.019073870015636,-0.0002636466815602,-8.685094806748365e-05,imagenet_seeds_1011_1213.json
imagenet,learned,1011,random_02,gaussian random,2.8049737032901434,0.0001,0.0309879031683045,0.0299267497731289,0.0042683072388172,0.1426251521189146,0.0185873515133051,-0.0010855850996449,0.0002031002755032,imagenet_seeds_1011_1213.json
imagenet,learned,1011,random_03,gaussian random,2.7097438718476785,0.0001,0.0311558404566465,0.0304994135511118,-0.0044423956423997,-0.1456551167764287,0.0201473788927144,-0.0019895532168447,0.0001551128045045,imagenet_seeds_1011_1213.json
imagenet,learned,1011,random_04,gaussian random,2.711680232769995,0.0001,0.0312133570673101,0.030526397125938,-0.0027261637151241,-0.0893051251307914,0.020340684188829,0.0016098550986498,4.775866062445732e-05,imagenet_seeds_1011_1213.json
imagenet,learned,1011,random_05,gaussian random,2.733428186978112,0.0001,0.0309359079098466,0.0301199541956799,0.0004375707358121,0.0145276029627876,0.0203714484525797,0.0027214467991143,6.824156216621553e-05,imagenet_seeds_1011_1213.json
imagenet,learned,1011,random_06,gaussian random,2.803658180310072,0.0001,0.0308683422259414,0.0300735837674885,-0.0024134842678904,-0.0802526325611908,0.0192563624873182,0.0023684105835855,2.6537084845810743e-05,imagenet_seeds_1011_1213.json
imagenet,learned,1011,random_07,gaussian random,2.7410699692786484,0.0001,0.0310620276202058,0.0301573456837839,-0.003026938997209,-0.100371532327419,0.0194412368171262,0.0011988637270405,5.907682815820218e-05,imagenet_seeds_1011_1213.json
imagenet,learned,1011,random_08,gaussian random,2.723920832227788,0.0001,0.0314745030653441,0.0306200559220013,0.0017132572829723,0.0559521278255182,0.0197477626474547,0.0005033644265495,0.0001888259259569,imagenet_seeds_1011_1213.json
imagenet,learned,1011,random_09,gaussian random,2.764111964877215,0.0001,0.0302423716084917,0.0293491211904634,-0.0021385643631219,-0.0728663849674954,0.0195183538756172,0.0003593052679207,8.925030619819352e-05,imagenet_seeds_1011_1213.json
imagenet,learned,1011,random_10,gaussian random,2.762896496045785,0.0001,0.0310705592045444,0.0306056025282157,0.0108257411047816,0.3537176271828402,0.0197162365848434,0.0038864349480718,0.0001494207571144,imagenet_seeds_1011_1213.json
imagenet,learned,1011,random_11,gaussian random,2.843542824846213,0.0001,0.0305734990069546,0.0295430914416832,-0.0074994396418333,-0.2538474911008166,0.0181435210617774,0.0055150873959064,9.675361466034312e-05,imagenet_seeds_1011_1213.json
imagenet,learned,1011,random_12,gaussian random,2.8064996443478325,0.0001,0.0309237288212008,0.0300231137306922,0.00762858428061,0.2540903768023063,0.0192882046048185,0.0053381812758743,0.0001163750516182,imagenet_seeds_1011_1213.json
imagenet,learned,1011,random_13,gaussian random,2.8041741181086857,0.0001,0.0303581596915616,0.0294354355517246,0.015036653727293,0.5108351021635208,0.0188863522722631,-0.0003696865169331,0.0001495682959034,imagenet_seeds_1011_1213.json
imagenet,learned,1011,random_14,gaussian random,2.7909301226279704,0.0001,0.0311877606408642,0.0304444845873629,0.0094580957666039,0.3106669695610441,0.0185247201614838,-0.0046924594789743,7.128088324983981e-05,imagenet_seeds_1011_1213.json
imagenet,learned,1011,random_15,gaussian random,2.8281750057851864,0.0001,0.0307604536136975,0.0298396235520074,-0.0010412456467747,-0.03489473132796,0.0183891252001153,-0.0027665754314512,7.564691391628747e-05,imagenet_seeds_1011_1213.json
imagenet,learned,1011,random_16,gaussian random,2.8189334145558065,0.0001,0.0307331867064738,0.0297772739779988,-0.0032507572323083,-0.1091690674811345,0.0182788128068707,-0.0003635937755461,0.0001133747961553,imagenet_seeds_1011_1213.json
imagenet,learned,1011,random_17,gaussian random,2.808247897940217,0.0001,0.0306441904384873,0.0297154118141288,0.0047426214441657,0.159601403939175,0.0186224703972967,0.0065182065591216,0.0001578470028094,imagenet_seeds_1011_1213.json
imagenet,learned,1011,random_18,gaussian random,2.788434703724525,0.0001,0.0309504449235836,0.0301041246443878,0.0063176853582262,0.2098611214528066,0.019422709342889,-0.0004494527529459,0.0002275904113088,imagenet_seeds_1011_1213.json
imagenet,learned,1011,random_19,gaussian random,2.7844783863345137,0.0001,0.0310899854416825,0.0301659959419009,0.0028098244220018,0.0931454219981166,0.0193272458098208,0.0004832658742088,0.0001603631714285,imagenet_seeds_1011_1213.json
imagenet,learned,1011,random_20,gaussian random,2.798723840911875,0.0001,0.0308481560722985,0.0300807886260981,0.0084498133510351,0.2809039834714983,0.0185895442019114,0.0013043666258454,0.0001871227062321,imagenet_seeds_1011_1213.json
imagenet,learned,1011,random_21,gaussian random,2.776255912108984,0.0001,0.0306983858467873,0.0300810975994667,-0.0014866776764392,-0.0494223214935362,0.0194195128405347,0.0039385957643389,0.0001413096665954,imagenet_seeds_1011_1213.json
imagenet,learned,1011,random_22,gaussian random,2.839413522525468,0.0001,0.0308971586343325,0.0301212276034016,-0.0035548228770494,-0.1180171978331983,0.0192186369016758,-0.0019010242540389,6.83034257787585e-05,imagenet_seeds_1011_1213.json
imagenet,learned,1011,random_23,gaussian random,2.761916628757011,0.0001,0.0312808686211951,0.0306399044279821,0.0061552328988909,0.2008894287956608,0.0198815923074219,0.0004988647997379,0.000280432886792,imagenet_seeds_1011_1213.json
imagenet,learned,1011,random_24,gaussian random,2.756935403205181,0.0001,0.0312557854459189,0.0304422169354114,0.0072337035089731,0.2376207857765648,0.0196501964696261,-0.0011759193148463,0.0001476539848275,imagenet_seeds_1011_1213.json
imagenet,learned,1011,random_25,gaussian random,2.816576614494012,0.0001,0.0311483594314859,0.0301031024381985,-0.0043234080076217,-0.1436200144652095,0.0184881238335592,-0.0004715501854661,0.0001214183793309,imagenet_seeds_1011_1213.json
imagenet,learned,1011,random_26,gaussian random,2.8069282294967106,0.0001,0.0310091164169519,0.0301441946140908,0.0053448881953954,0.1773106982562077,0.0191520701055,0.0018987712683156,0.0001591381139882,imagenet_seeds_1011_1213.json
imagenet,learned,1011,random_27,gaussian random,2.773297041303637,0.0001,0.0312884294479496,0.0306432676286223,0.003390141762793,0.1106325149092946,0.0208877108835692,-0.0016194948693737,0.000256672383909,imagenet_seeds_1011_1213.json
imagenet,learned,1011,random_28,gaussian random,2.865359349887587,0.0001,0.0308555661335133,0.0298701724768295,0.0029603270813822,0.0991064609244764,0.0174325096887905,0.0025852522812783,0.000199181076107,imagenet_seeds_1011_1213.json
imagenet,learned,1011,random_29,gaussian random,2.802003238646266,0.0001,0.0308443252037152,0.0300224039430196,0.0122823556885123,0.409106336448718,0.0188905160395266,0.0029589582700282,0.0002345356145678,imagenet_seeds_1011_1213.json
imagenet,learned,1011,random_30,gaussian random,2.7030229860774293,0.0001,0.0310866067253627,0.0303552983757594,0.0043619107455015,0.1436952024489,0.0205525254717549,-0.0030577664729207,0.0001436331714991,imagenet_seeds_1011_1213.json
imagenet,learned,1011,random_31,gaussian random,2.8365896161948263,0.0001,0.0309532802153707,0.0298174900041283,0.0003520622849464,0.011807240813955,0.0182170735108368,-0.0023399738129228,1.4485946331119572e-05,imagenet_seeds_1011_1213.json
imagenet,learned,1011,task_gradient,held-out task-gradient ascent,39.4847831847973,0.0001,0.0313458439644679,0.0283234361613062,0.010997449979186,0.3882809245514532,0.0007597863678165,1.0,0.0003352584125569,imagenet_seeds_1011_1213.json
imagenet,learned,1213,random_00,gaussian random,2.7383078011022617,0.0001,0.0304216913312947,0.0294207076647194,-0.0030795168131589,-0.1046717450937409,0.0195457562366383,0.0015960527816787,-0.0001395177655551,imagenet_seeds_1011_1213.json
imagenet,learned,1213,random_01,gaussian random,2.713756856546726,0.0001,0.0310360713003861,0.0303601372097533,0.0131120001897215,0.4318821123611153,0.0198172183596259,0.0019196320790797,0.0002336944532882,imagenet_seeds_1011_1213.json
imagenet,learned,1213,random_02,gaussian random,2.735714757780843,0.0001,0.0307794132522608,0.0298306034733342,0.022751722484827,0.7626973589443123,0.0202239947273619,0.003143853507936,6.73868807783092e-05,imagenet_seeds_1011_1213.json
imagenet,learned,1213,random_03,gaussian random,2.743116839605344,0.0001,0.0306529665009908,0.0298004502996445,0.0043402425944805,0.1456435238675666,0.0195714411877085,0.0019925714004784,8.268703214118371e-06,imagenet_seeds_1011_1213.json
imagenet,learned,1213,random_04,gaussian random,2.7279576828876206,0.0001,0.0308847143628646,0.0300298672471342,0.0157479774206876,0.5244104907653393,0.0200569192155753,-0.001270901877433,-3.291859509792871e-05,imagenet_seeds_1011_1213.json
imagenet,learned,1213,random_05,gaussian random,2.735230249295764,0.0001,0.0308487897826577,0.0298029759633941,0.0172110497951507,0.5774943353405521,0.01995389199826,0.001696934341453,0.0001480202734357,imagenet_seeds_1011_1213.json
imagenet,learned,1213,random_06,gaussian random,2.713804158306645,0.0001,0.0307615234476924,0.02994490272549,0.0155300591140985,0.5186211241514188,0.0199099877540792,0.0042640417814254,0.0002112069811687,imagenet_seeds_1011_1213.json
imagenet,learned,1213,random_07,gaussian random,2.6705766692805244,0.0001,0.0312374183686609,0.0305155244419588,0.0081450324505567,0.2669143853663325,0.0208752353584246,-0.0006715435301885,4.067786099298141e-05,imagenet_seeds_1011_1213.json
imagenet,learned,1213,random_08,gaussian random,2.739447578995837,0.0001,0.0308107841348392,0.0302062651332966,0.0083464020863175,0.2763136074415639,0.0204072253589336,-0.0003854309616144,0.0002250226901779,imagenet_seeds_1011_1213.json
imagenet,learned,1213,random_09,gaussian random,2.729028905415056,0.0001,0.0308389937335574,0.0297484956554654,0.0089363567531108,0.3003969295324374,0.0198429547812993,-0.0027725992258638,6.105771521633591e-05,imagenet_seeds_1011_1213.json
imagenet,learned,1213,random_10,gaussian random,2.732045910869417,0.0001,0.0306433537842249,0.0299972507776095,0.0045309383422136,0.151045119961313,0.0203086492979561,-0.0095537016168236,8.631560125345417e-05,imagenet_seeds_1011_1213.json
imagenet,learned,1213,random_11,gaussian random,2.733279436781848,0.0001,0.0308929079301958,0.0298963648869231,0.0100481268018484,0.336098613990476,0.0196395343602913,0.0002900683321058,6.582769852666552e-05,imagenet_seeds_1011_1213.json
imagenet,learned,1213,random_12,gaussian random,2.704073833813734,0.0001,0.0306494920372643,0.029888887785311,-0.0078246872872114,-0.2617925211341207,0.0205482262388653,-0.0011344519443809,7.128873443290606e-05,imagenet_seeds_1011_1213.json
imagenet,learned,1213,random_13,gaussian random,2.716768860440939,0.0001,0.0306687037560459,0.0295500110778511,-0.0002577174454927,-0.0087213992852244,0.019741909723282,-0.0021015000529587,-0.0001687489842973,imagenet_seeds_1011_1213.json
imagenet,learned,1213,random_14,gaussian random,2.7969161105430054,0.0001,0.0305595551973369,0.0292644064708556,0.0089929420500993,0.3072996562925482,0.0180665532412072,0.0016661357367411,0.0001281704712505,imagenet_seeds_1011_1213.json
imagenet,learned,1213,random_15,gaussian random,2.745604894152468,0.0001,0.030621928089531,0.0299534483607924,-0.0050610452890396,-0.1689636941990379,0.0195990500827763,-0.0017289282986894,1.4900525526936556e-05,imagenet_seeds_1011_1213.json
imagenet,learned,1213,random_16,gaussian random,2.7321789158422973,0.0001,0.0306677341549325,0.0299832968892611,0.0158606981858611,0.5289844623971894,0.0205674868709074,-0.000966101011727,0.0001675894300874,imagenet_seeds_1011_1213.json
imagenet,learned,1213,random_17,gaussian random,2.787782878321072,0.0001,0.0306974711805411,0.029413569257496,0.0100706685334444,0.3423817233904006,0.0190298335769799,0.0010211191838607,0.0001478829786822,imagenet_seeds_1011_1213.json
imagenet,learned,1213,random_18,gaussian random,2.790305978960542,0.0001,0.0306332481733805,0.0296336833874969,0.0105226263403892,0.3550900575805226,0.0188593442114471,-0.001486986526288,0.0002368107677565,imagenet_seeds_1011_1213.json
imagenet,learned,1213,random_19,gaussian random,2.756478798997238,0.0001,0.0307161002395785,0.0297843088182266,0.0164174139499664,0.5512101707701785,0.0193920733017995,0.004280359018594,0.0002069481388878,imagenet_seeds_1011_1213.json
imagenet,learned,1213,random_20,gaussian random,2.786461746099634,0.0001,0.0305256999840216,0.0296890081707802,0.0058057066053152,0.1955507092698755,0.0190453665181658,-0.0010480155469849,0.0001435463722067,imagenet_seeds_1011_1213.json
imagenet,learned,1213,random_21,gaussian random,2.70884258517236,0.0001,0.0312321364270659,0.0302214811347649,0.0070996033027768,0.2349191050934249,0.0195459417885826,-0.0015193083090707,0.000141763720243,imagenet_seeds_1011_1213.json
imagenet,learned,1213,random_22,gaussian random,2.700341654401885,0.0001,0.0309973528452838,0.030124558568961,0.0006844475865364,0.0227205847670621,0.0199524456375768,-0.0017975762020796,-7.724363797756908e-05,imagenet_seeds_1011_1213.json
imagenet,learned,1213,random_23,gaussian random,2.747743687782066,0.0001,0.0306801822516354,0.0298168237218521,0.013000950217247,0.436027336061247,0.0197787966007807,0.0017464727861806,8.978158224282225e-05,imagenet_seeds_1011_1213.json
imagenet,learned,1213,random_24,gaussian random,2.744294515322403,0.0001,0.0307836148822275,0.0299927032824576,-0.0098579581826925,-0.3286785485741239,0.0196060661912815,0.0039548906497657,-0.0001137430679457,imagenet_seeds_1011_1213.json
imagenet,learned,1213,random_25,gaussian random,2.7693104079742,0.0001,0.0304837353963239,0.0295061726802838,0.0001154448837041,0.0039125672094139,0.0192438999932441,0.0023308310192078,0.0001742267491051,imagenet_seeds_1011_1213.json
imagenet,learned,1213,random_26,gaussian random,2.7088689669267803,0.0001,0.0306698389818504,0.0298733385202548,0.0079296752810478,0.2654432237518853,0.0202480270578775,-0.0020004042889922,1.8499209320191717e-05,imagenet_seeds_1011_1213.json
imagenet,learned,1213,random_27,gaussian random,2.734540605949317,0.0001,0.0308241089634049,0.030024496044927,0.0156455617398023,0.5210932338844653,0.0194323480031034,0.0034708336461335,0.0002508459186769,imagenet_seeds_1011_1213.json
imagenet,learned,1213,random_28,gaussian random,2.7582068109482805,0.0001,0.0307266600593438,0.0298055761789887,0.0029290337115526,0.0982713333224346,0.0200149582166768,0.0020718378946185,8.211575496700654e-05,imagenet_seeds_1011_1213.json
imagenet,learned,1213,random_29,gaussian random,2.7238571433021,0.0001,0.030830100010659,0.0299755832902113,0.0149177759885787,0.4976642437330064,0.0198695064542126,-0.0021954635158181,0.0001158354818712,imagenet_seeds_1011_1213.json
imagenet,learned,1213,random_30,gaussian random,2.760739234003278,0.0001,0.0306249836404076,0.0295597658722596,0.0182575285434722,0.6176479415422594,0.0199376942377015,-0.0004565289709717,0.0001225707446091,imagenet_seeds_1011_1213.json
imagenet,learned,1213,random_31,gaussian random,2.7662207493713886,0.0001,0.030690075216904,0.0300056412835826,0.0042547788470983,0.1417992972350277,0.0199933873309633,-0.0028441131580621,-3.97313698893954e-05,imagenet_seeds_1011_1213.json
imagenet,learned,1213,task_gradient,held-out task-gradient ascent,41.52584155608935,0.0001,0.0318604689584992,0.0283491277504662,0.0225812122225761,0.7965399295999424,0.0007224417104101,1.0,0.000295919342246,imagenet_seeds_1011_1213.json
imagenet,sinusoidal,42,random_00,gaussian random,2.2855350516776567,0.0001,0.0304020777835968,0.0305466659701639,0.0029989760369062,0.0981768694441302,0.0357603354684381,0.0015140805626288,4.37641842039624e-05,imagenet_seeds_42_123.json
imagenet,sinusoidal,42,random_01,gaussian random,2.261567050757092,0.0001,0.0304473710439752,0.0308911575928293,0.0191909093409776,0.6212428033267491,0.0362720361938611,-3.059917071368545e-05,4.399481186333924e-05,imagenet_seeds_42_123.json
imagenet,sinusoidal,42,random_02,gaussian random,2.267351818827019,0.0001,0.0304775402782843,0.0307532088070062,-0.0054877633228898,-0.178445226881156,0.0360475252477933,-0.0041314391419291,-0.0001626962749268,imagenet_seeds_42_123.json
imagenet,sinusoidal,42,random_03,gaussian random,2.2750140372493832,0.0001,0.0303538259424718,0.0309488136842291,-0.0092518590390682,-0.2989406680806886,0.0359626232975146,0.0032180577982217,9.377127865844856e-05,imagenet_seeds_42_123.json
imagenet,sinusoidal,42,random_04,gaussian random,2.282494946038958,0.0001,0.0303446774959985,0.0306362564562786,-0.00409437995404,-0.1336449170897623,0.0350261106559797,0.0008983217994682,-2.467179459449787e-05,imagenet_seeds_42_123.json
imagenet,sinusoidal,42,random_05,gaussian random,2.2864618984200527,0.0001,0.0306202329255731,0.0307489877604925,0.0014224424958229,0.0462598153442473,0.0348508579495761,0.0028251672629266,-4.3175145771854825e-05,imagenet_seeds_42_123.json
imagenet,sinusoidal,42,random_06,gaussian random,2.25848891761277,0.0001,0.0304063655509696,0.0306488460344639,0.0043156500905752,0.1408095458381163,0.036588743954023,0.0025436168070882,2.148491310220512e-05,imagenet_seeds_42_123.json
imagenet,sinusoidal,42,random_07,gaussian random,2.2641751189500896,0.0001,0.0306425405547355,0.0307609498764573,0.0103723760694265,0.3371929706684688,0.0363138449015164,0.0042288214899599,8.886191206573105e-05,imagenet_seeds_42_123.json
imagenet,sinusoidal,42,random_08,gaussian random,2.2820620709383395,0.0001,0.0303629961330145,0.0309426552511128,0.0003638714551925,0.0117595420379923,0.0358150742744117,0.0004430162662174,4.410681139050349e-06,imagenet_seeds_42_123.json
imagenet,sinusoidal,42,random_09,gaussian random,2.2731315439243223,0.0001,0.0304020332114941,0.0306797681378248,0.0096526574343442,0.3146261533327432,0.035852106059912,0.0027330415323376,5.264577623249882e-05,imagenet_seeds_42_123.json
imagenet,sinusoidal,42,random_10,gaussian random,2.269251719902992,0.0001,0.0303765683668267,0.0306850805737655,0.0101379575207829,0.3303871891883008,0.0361324609247328,-0.00127523613628,-2.4680661470846936e-05,imagenet_seeds_42_123.json
imagenet,sinusoidal,42,random_11,gaussian random,2.2696016843675064,0.0001,0.0303642043347594,0.0304731690704715,0.0022835722193121,0.0749371427051533,0.0359595919550865,0.0028628003783524,7.09982880276399e-05,imagenet_seeds_42_123.json
imagenet,sinusoidal,42,random_12,gaussian random,2.2766987181236864,0.0001,0.0303378829166499,0.0305608805171419,0.0054770521819591,0.1792177479600762,0.0357721148357654,0.0014497804222628,2.5774124590927935e-05,imagenet_seeds_42_123.json
imagenet,sinusoidal,42,random_13,gaussian random,2.274312383704034,0.0001,0.0303971614029288,0.0306303496747788,0.0072684306651353,0.2372950600404091,0.0360933396324974,0.002139760646969,5.672826818195059e-05,imagenet_seeds_42_123.json
imagenet,sinusoidal,42,random_14,gaussian random,2.2719247349515213,0.0001,0.0304637163197415,0.0305858882863615,-0.0070915445685386,-0.2318567472078567,0.0360409597360815,0.0049868542701005,-2.6664545769981773e-07,imagenet_seeds_42_123.json
imagenet,sinusoidal,42,random_15,gaussian random,2.2727450105879106,0.0001,0.0304125274670802,0.0308131630599565,0.0163154583424329,0.5294963814875554,0.0360373896441708,-0.000495174259413,0.0001463554703074,imagenet_seeds_42_123.json
imagenet,sinusoidal,42,random_16,gaussian random,2.2720201514689755,0.0001,0.0304675750668606,0.0311352444886143,-0.0158903403207659,-0.5103650407041707,0.0363983883511552,-0.0015693401219323,-0.0001472793588026,imagenet_seeds_42_123.json
imagenet,sinusoidal,42,random_17,gaussian random,2.2656421039207357,0.0001,0.0304891476463021,0.0311853268574238,0.0057278284803032,0.1836706251786408,0.0358682866295707,0.003608213039115,0.0002397166930385,imagenet_seeds_42_123.json
imagenet,sinusoidal,42,random_18,gaussian random,2.2771548920295093,0.0001,0.0304019914655387,0.0307674159732811,-8.21240246295929e-05,-0.0026691882315014,0.0354532290824668,0.0005554585950449,-3.871241062661332e-05,imagenet_seeds_42_123.json
imagenet,sinusoidal,42,random_19,gaussian random,2.278808565350988,0.0001,0.0304414707569259,0.0306748941618219,0.0094028618186712,0.3065328202623129,0.0356549891241042,-0.0017661765450611,0.0001191224110871,imagenet_seeds_42_123.json
imagenet,sinusoidal,42,random_20,gaussian random,2.271572439242104,0.0001,0.0304795804465586,0.0306326363941333,-0.0130673134699463,-0.4265814179953826,0.0359470852492282,-0.0021807381417602,-0.0001649872922552,imagenet_seeds_42_123.json
imagenet,sinusoidal,42,random_21,gaussian random,2.285575951941297,0.0001,0.0303001234738117,0.030502514551079,-0.0089082401245832,-0.2920493689025417,0.0358123286635809,-0.0017815142637118,-0.0001892401497474,imagenet_seeds_42_123.json
imagenet,sinusoidal,42,random_22,gaussian random,2.287790970492495,0.0001,0.0304811800908713,0.0305463660143279,0.0013489741832017,0.04416152751424,0.035275130425423,0.0036715359892696,6.23819249298279e-05,imagenet_seeds_42_123.json
imagenet,sinusoidal,42,random_23,gaussian random,2.283322158029139,0.0001,0.0303600433365433,0.0303148171448601,-0.0110747013241052,-0.3653230455319753,0.0351058449704239,0.0004789094673469,-2.0546002412830348e-05,imagenet_seeds_42_123.json
imagenet,sinusoidal,42,random_24,gaussian random,2.2752054103934154,0.0001,0.0304223819101521,0.0307083748399181,-0.0109678469598293,-0.3571614263862672,0.0355296056528992,-0.0012680900981649,-2.633152086713353e-07,imagenet_seeds_42_123.json
imagenet,sinusoidal,42,random_25,gaussian random,2.2816639277970925,0.0001,0.0303111552759548,0.0303246500535227,0.0018535573035478,0.0611237821467468,0.0354894795325841,0.0014712340198457,-7.461428630331652e-05,imagenet_seeds_42_123.json
imagenet,sinusoidal,42,random_26,gaussian random,2.2766557415301243,0.0001,0.0304176861868705,0.0305021624271783,-0.003297109156847,-0.1080942757654841,0.0355930274044845,0.0002524158626329,-7.252177155557264e-05,imagenet_seeds_42_123.json
imagenet,sinusoidal,42,random_27,gaussian random,2.27251975541647,0.0001,0.0305106894768099,0.0307920878211676,0.00430319737643,0.1397501007863408,0.0357738417355926,0.0023957614321261,-6.467742596763592e-05,imagenet_seeds_42_123.json
imagenet,sinusoidal,42,random_28,gaussian random,2.2801592488986757,0.0001,0.0304671304599048,0.0308882973603123,0.0183989983052015,0.5956624313272117,0.0355370418013881,-0.0043215621262788,6.266246226610244e-05,imagenet_seeds_42_123.json
imagenet,sinusoidal,42,random_29,gaussian random,2.279056043042318,0.0001,0.0303546259578846,0.0307198409576938,-0.0179185327142477,-0.583288589902675,0.0365265815109883,-0.0027346108108758,-1.9896947828543595e-06,imagenet_seeds_42_123.json
imagenet,sinusoidal,42,random_30,gaussian random,2.288574904666427,0.0001,0.0303545673635423,0.0305476301141972,0.0127084525302052,0.4160208985998853,0.0355248078531529,0.0026096415240317,-2.4998994091809135e-05,imagenet_seeds_42_123.json
imagenet,sinusoidal,42,random_31,gaussian random,2.284514041343753,0.0001,0.0304288180919066,0.0306222576560298,0.0046218615025281,0.1509314419088266,0.0351320837385218,0.0008515611989423,-4.153779554422447e-05,imagenet_seeds_42_123.json
imagenet,sinusoidal,42,task_gradient,held-out task-gradient ascent,3.3619036677573884,0.0001,0.0310060479590817,0.0312194138229176,0.169531462714076,5.430321775920913,0.0107995008848415,1.0,0.0026130625648765,imagenet_seeds_42_123.json
imagenet,sinusoidal,123,random_00,gaussian random,2.245189023012879,0.0001,0.0304876456194451,0.0304397513905857,-0.0013262648135423,-0.0435701591818042,0.036818641067355,0.0075121773406863,-8.362963301010975e-05,imagenet_seeds_42_123.json
imagenet,sinusoidal,123,random_01,gaussian random,2.249231037314096,0.0001,0.0304577673264239,0.0305267218752924,0.0160914501175284,0.5271266984796187,0.0364566287983736,0.0014316524611786,-0.0001391880043673,imagenet_seeds_42_123.json
imagenet,sinusoidal,123,random_02,gaussian random,2.248424360119617,0.0001,0.0303686082650883,0.0303541996737227,-0.0003505963832139,-0.0115501771413035,0.0361552654407485,-0.0059361271560192,-1.6249177575918183e-05,imagenet_seeds_42_123.json
imagenet,sinusoidal,123,random_03,gaussian random,2.238389738737126,0.0001,0.0304226380060327,0.0305151579310937,-0.0007512792944908,-0.0246198723987363,0.0370831323699956,-0.0030211720149964,4.62227457514976e-05,imagenet_seeds_42_123.json
imagenet,sinusoidal,123,random_04,gaussian random,2.248593185549615,0.0001,0.0304014333102587,0.0305372816452601,-0.0149101074784994,-0.4882591597937361,0.0367862030194696,-5.2603576477849856e-05,-0.0002440670703983,imagenet_seeds_42_123.json
imagenet,sinusoidal,123,random_05,gaussian random,2.249531802789119,0.0001,0.0303615815435207,0.0303286056043167,0.0013722768053412,0.0452469468344407,0.0373607694578506,0.004291602410376,-1.069490169783522e-05,imagenet_seeds_42_123.json
imagenet,sinusoidal,123,random_06,gaussian random,2.25057345686144,0.0001,0.030349802695452,0.0304155014101223,-0.0151150394231081,-0.496951841079227,0.0363003063119525,0.0016662082634866,-0.000212184114882,imagenet_seeds_42_123.json
imagenet,sinusoidal,123,random_07,gaussian random,2.251419592653119,0.0001,0.0304172291642852,0.0302452419227325,-0.0161773497238755,-0.5348725516960245,0.0361104949807065,0.0004290777433197,-0.0001408692901416,imagenet_seeds_42_123.json
imagenet,sinusoidal,123,random_08,gaussian random,2.252758074751073,0.0001,0.0303121050823706,0.0303835393721957,0.0094194868579506,0.3100194069743749,0.0362866800180355,0.0008056823862716,0.0001548346833008,imagenet_seeds_42_123.json
imagenet,sinusoidal,123,random_09,gaussian random,2.2377955616097487,0.0001,0.0303556451390059,0.0304619069505739,0.0138663677498698,0.4552035357592267,0.0365578676399479,0.0023624345194548,-4.030497573275468e-06,imagenet_seeds_42_123.json
imagenet,sinusoidal,123,random_10,gaussian random,2.2372916954187656,0.0001,0.0303708157822827,0.0305755541226661,-0.0017299205064773,-0.0565785496327255,0.0368189532811174,-0.0011426017154008,-7.472518192517779e-05,imagenet_seeds_42_123.json
imagenet,sinusoidal,123,random_11,gaussian random,2.233801070476676,0.0001,0.030380594322179,0.0305912577951485,-0.0274651814252138,-0.8978114469542832,0.0373197959164107,-0.0038772362750023,-0.0002595118898301,imagenet_seeds_42_123.json
imagenet,sinusoidal,123,random_12,gaussian random,2.251640296076335,0.0001,0.0304131155458732,0.0303704588917491,-0.0029099844396114,-0.0958162815380443,0.0367310171318805,0.0037400508299469,-9.88972777870191e-05,imagenet_seeds_42_123.json
imagenet,sinusoidal,123,random_13,gaussian random,2.242580563207244,0.0001,0.0303877692142958,0.0304547800559465,0.0024863230064511,0.0816398280297432,0.036757486564554,0.0002815537736751,0.0001334165295139,imagenet_seeds_42_123.json
imagenet,sinusoidal,123,random_14,gaussian random,2.247167061987429,0.0001,0.0303731340369077,0.0305608349308452,-0.0046085678040981,-0.1507998002844704,0.0363789140456682,-0.0021555889397859,-7.104628173265638e-05,imagenet_seeds_42_123.json
imagenet,sinusoidal,123,random_15,gaussian random,2.2460527229996297,0.0001,0.0303726976529154,0.0304353197165038,0.0113043952733278,0.3714235755899715,0.0366349093935964,0.001200113678351,4.072890397792945e-05,imagenet_seeds_42_123.json
imagenet,sinusoidal,123,random_16,gaussian random,2.234259783918238,0.0001,0.0303817930458015,0.0306418861875297,-0.0022603655233979,-0.073767179656121,0.0371731942549074,-0.0047122547402977,8.080864421076682e-05,imagenet_seeds_42_123.json
imagenet,sinusoidal,123,random_17,gaussian random,2.243140084509023,0.0001,0.0303984990303636,0.030582478859296,-0.007092310115695,-0.2319076275119921,0.0369542957304355,-0.0015901444712653,6.542407842211875e-05,imagenet_seeds_42_123.json
imagenet,sinusoidal,123,random_18,gaussian random,2.2372522187845965,0.0001,0.030379408919449,0.0305327117686614,0.0052969129756093,0.1734832141914762,0.036588855487976,0.0014840152580291,0.0001491221866971,imagenet_seeds_42_123.json
imagenet,sinusoidal,123,random_19,gaussian random,2.250549468707994,0.0001,0.0303581848347924,0.0303741208519554,-0.0029556406661868,-0.0973078589037261,0.036466447757609,0.0011313298018649,-0.000211434389507,imagenet_seeds_42_123.json
imagenet,sinusoidal,123,random_20,gaussian random,2.2382679869662376,0.0001,0.0304385350647545,0.0305003866808028,0.00791029445827,0.2593506286019932,0.0363781436385701,0.0051191239617764,-0.0001114495061384,imagenet_seeds_42_123.json
imagenet,sinusoidal,123,random_21,gaussian random,2.2477890436313523,0.0001,0.0304501755331471,0.0303460789744221,0.0069190254434943,0.2280039358404812,0.0365468196907523,-0.0015751513419672,-1.3658384183785064e-05,imagenet_seeds_42_123.json
imagenet,sinusoidal,123,random_22,gaussian random,2.240529740353806,0.0001,0.0304544328103129,0.0305188788329853,0.0067181745544075,0.2201317614311071,0.036808721814619,-0.0012244544923305,-6.027195171001462e-05,imagenet_seeds_42_123.json
imagenet,sinusoidal,123,random_23,gaussian random,2.252747343366377,0.0001,0.0303799519349685,0.0303949078312294,-0.0019379425793886,-0.0637587911155784,0.0365371284282852,-0.001477324636653,-5.731913662018354e-05,imagenet_seeds_42_123.json
imagenet,sinusoidal,123,random_24,gaussian random,2.2445415531109427,0.0001,0.0303799420696148,0.0304064604141336,-0.0057648876681923,-0.1895941714252517,0.036855712543471,0.0008450372260995,-1.2262332880064027e-05,imagenet_seeds_42_123.json
imagenet,sinusoidal,123,random_25,gaussian random,2.237825826407826,0.0001,0.0305204158240213,0.0304905607845849,0.0084319505840539,0.2765429814041637,0.0371490321380545,0.004149152431637,-5.76207606567565e-05,imagenet_seeds_42_123.json
imagenet,sinusoidal,123,random_26,gaussian random,2.245752045049625,0.0001,0.0304237467054022,0.0306114528145732,0.0190825909376144,0.6233807671006644,0.0365844652774268,0.0014962634304538,-1.348998054564575e-05,imagenet_seeds_42_123.json
imagenet,sinusoidal,123,random_27,gaussian random,2.247813401264447,0.0001,0.0303600434966762,0.0303989091281014,-0.0022820429876446,-0.0750698973449379,0.0366104161603176,-0.0010958592174574,-2.3008845163565093e-05,imagenet_seeds_42_123.json
imagenet,sinusoidal,123,random_28,gaussian random,2.2361143087579505,0.0001,0.0303066745933886,0.0304285741625971,-0.0264751017093658,-0.8700736869198777,0.0367510211063718,-0.0020043058320879,-9.798441953456672e-05,imagenet_seeds_42_123.json
imagenet,sinusoidal,123,random_29,gaussian random,2.2376735870315287,0.0001,0.0304936292100854,0.0305165329296569,0.0035719498991966,0.1170496631262226,0.0368327766984466,0.0007532181334681,-4.815540317748046e-05,imagenet_seeds_42_123.json
imagenet,sinusoidal,123,random_30,gaussian random,2.2460141995324183,0.0001,0.0304408190099778,0.0304469638618917,-0.0059523014351725,-0.195497372485886,0.0363617053836468,0.0013150055892765,-8.011256024852504e-05,imagenet_seeds_42_123.json
imagenet,sinusoidal,123,random_31,gaussian random,2.238228368096033,0.0001,0.0304138389297084,0.0306502488875031,0.0224117469042539,0.7312092957715514,0.0366331892737425,0.0005025948630645,4.733774612809082e-05,imagenet_seeds_42_123.json
imagenet,sinusoidal,123,task_gradient,held-out task-gradient ascent,3.650034275189743,0.0001,0.0304074495041332,0.029929774418039,0.1948134349659085,6.50901781767162,0.009350429505671,1.0,0.0005959869540529,imagenet_seeds_42_123.json
imagenet,sinusoidal,456,random_00,gaussian random,2.321207973988049,0.0001,0.0303586372146947,0.0305266412591928,-0.0183484628796577,-0.6010639272059529,0.0353178271617946,0.0017029446316882,-0.0001194126449067,imagenet_seeds_456_789.json
imagenet,sinusoidal,456,random_01,gaussian random,2.311275730418289,0.0001,0.0302521951477713,0.0304095374801125,-0.0213348930701613,-0.7015855826190743,0.0354666163224461,0.0020165457390248,-7.963259223250353e-05,imagenet_seeds_456_789.json
imagenet,sinusoidal,456,random_02,gaussian random,2.313772905101707,0.0001,0.0302929045794044,0.0303771566641841,-0.0153826251626014,-0.5063879194703619,0.0354642556973136,0.0032359631732106,-0.0001187104337179,imagenet_seeds_456_789.json
imagenet,sinusoidal,456,random_03,gaussian random,2.311729526552457,0.0001,0.0303488480831671,0.0304868382009802,-0.0068969763815402,-0.2262279983274401,0.0356789684872459,-0.0020577653776854,3.5297904669991776e-05,imagenet_seeds_456_789.json
imagenet,sinusoidal,456,random_04,gaussian random,2.3191993395052064,0.0001,0.0303266365541944,0.0303515265236424,-0.011390907689929,-0.3752993339908622,0.0356458768556975,-0.0033550364896655,-0.0002271778932887,imagenet_seeds_456_789.json
imagenet,sinusoidal,456,random_05,gaussian random,2.3040708910770853,0.0001,0.0304450687260638,0.0305403109902347,0.0037288665771484,0.1220965489952193,0.035581482767612,0.0016837252769619,6.85419309007127e-05,imagenet_seeds_456_789.json
imagenet,sinusoidal,456,random_06,gaussian random,2.318760333705938,0.0001,0.0304029052823163,0.0304775589801636,-0.0004071593284606,-0.0133593155779205,0.0356037464786674,0.0001707733608782,0.000134947954815,imagenet_seeds_456_789.json
imagenet,sinusoidal,456,random_07,gaussian random,2.319164806304359,0.0001,0.0302683909874801,0.0302533182438055,0.001158095896244,0.0382799627766839,0.0352426440769151,-0.003230357542634,-5.623118102655245e-05,imagenet_seeds_456_789.json
imagenet,sinusoidal,456,random_08,gaussian random,2.3171723030699485,0.0001,0.0302703863700411,0.0306249399544472,-0.0016759214922785,-0.0547240743907223,0.0353502946469419,-0.000805799558293,-0.000136235977189,imagenet_seeds_456_789.json
imagenet,sinusoidal,456,random_09,gaussian random,2.3270413550544764,0.0001,0.0302998548017092,0.030596854664966,-0.0059473803266882,-0.1943788141562846,0.0352524966701004,0.0025601633824408,9.909237931359688e-05,imagenet_seeds_456_789.json
imagenet,sinusoidal,456,random_10,gaussian random,2.318268568193179,0.0001,0.0303449078238553,0.0303622417512443,0.0014161616563796,0.0466421968437709,0.0352899804509789,-5.277117816149257e-05,1.3525991674492008e-05,imagenet_seeds_456_789.json
imagenet,sinusoidal,456,random_11,gaussian random,2.308223943740606,0.0001,0.0303961310985332,0.0305888853470178,-0.0078430641442537,-0.256402417259652,0.0353174931837723,0.0008561801514588,0.0001227903232813,imagenet_seeds_456_789.json
imagenet,sinusoidal,456,random_12,gaussian random,2.3074987975363985,0.0001,0.030278809161061,0.0305804772430333,0.0025954749435186,0.0848735918308771,0.0354254674992515,-0.0027707323897629,-4.1070093235013146e-05,imagenet_seeds_456_789.json
imagenet,sinusoidal,456,random_13,gaussian random,2.308882053191857,0.0001,0.0303715280491264,0.0303541063840447,-0.0016078874468803,-0.0529710025568568,0.0357745172029197,0.0015796354273334,0.0001201869962167,imagenet_seeds_456_789.json
imagenet,sinusoidal,456,random_14,gaussian random,2.319832693249209,0.0001,0.0302215454965656,0.0303408714366596,-0.0222087670117616,-0.7319752518685981,0.035559463986801,-5.924695869907737e-05,-4.782993780224662e-05,imagenet_seeds_456_789.json
imagenet,sinusoidal,456,random_15,gaussian random,2.325514278775608,0.0001,0.0303322756313242,0.0304609326878151,-0.0019725486636161,-0.064756673206045,0.0355106878243798,0.0031414551194757,-1.839219229610779e-05,imagenet_seeds_456_789.json
imagenet,sinusoidal,456,random_16,gaussian random,2.311444993584709,0.0001,0.0302714316448225,0.0305898775785822,0.0131074199452996,0.4284888003107575,0.0356445496369122,-0.0032512021716684,6.933082907175893e-05,imagenet_seeds_456_789.json
imagenet,sinusoidal,456,random_17,gaussian random,2.3212569694568232,0.0001,0.0303157220954593,0.0304397884004148,0.0054308027029037,0.1784113158562471,0.0343309337994982,-2.3823602532502264e-05,3.9288443504935785e-06,imagenet_seeds_456_789.json
imagenet,sinusoidal,456,random_18,gaussian random,2.3148319875137964,0.0001,0.0302209099776115,0.0303536501867473,-0.0020742006599903,-0.0683344720397392,0.0352015619618538,0.0011570637580007,0.0001421899878139,imagenet_seeds_456_789.json
imagenet,sinusoidal,456,random_19,gaussian random,2.316257713668721,0.0001,0.0303659744194121,0.0305180184848425,-0.0193812567740678,-0.635075858011359,0.0354224267440927,-0.0012831778731197,-0.0002027650638775,imagenet_seeds_456_789.json
imagenet,sinusoidal,456,random_20,gaussian random,2.304144080919709,0.0001,0.0303383912980692,0.030498768197293,-0.0054296571761369,-0.1780287368005532,0.0354491873882532,0.0019700196571648,8.099613817788926e-06,imagenet_seeds_456_789.json
imagenet,sinusoidal,456,random_21,gaussian random,2.3256177653120105,0.0001,0.0302997382532808,0.0304013030505306,0.0027310885488986,0.0898345884832401,0.034876478482382,-0.0003357645473442,0.0001226694123707,imagenet_seeds_456_789.json
imagenet,sinusoidal,456,random_22,gaussian random,2.318829132210883,0.0001,0.0303237520706094,0.0305382679671703,-0.0052267182618379,-0.1711530682570749,0.0349757480144243,-0.0021005861926823,2.0614880814847955e-05,imagenet_seeds_456_789.json
imagenet,sinusoidal,456,random_23,gaussian random,2.303511751011638,0.0001,0.0303319138611107,0.0304888560776958,0.007899947464466,0.2591093429131738,0.0359858369078077,-0.0031571735162287,2.6259989192121075e-05,imagenet_seeds_456_789.json
imagenet,sinusoidal,456,random_24,gaussian random,2.3196418291245524,0.0001,0.0302991583698789,0.030500840660924,0.0068900948390364,0.2258985224582237,0.0355320115219571,0.0005431700847111,0.0001422596389106,imagenet_seeds_456_789.json
imagenet,sinusoidal,456,random_25,gaussian random,2.303475310440464,0.0001,0.0304209569663329,0.0303997374065387,0.0004263771697878,0.014025685948727,0.0355777658506304,-0.0028005251660943,-8.796272556653502e-05,imagenet_seeds_456_789.json
imagenet,sinusoidal,456,random_26,gaussian random,2.318495036502246,0.0001,0.0303105000191834,0.0302243982848695,0.0152373760938644,0.5041415862195128,0.0350639538966564,0.0008495396468788,0.0001257624163609,imagenet_seeds_456_789.json
imagenet,sinusoidal,456,random_27,gaussian random,2.315752522891172,0.0001,0.0303407906562695,0.0303692757915974,0.0272517940029501,0.8973475096989373,0.0352616107217064,-0.0013604090781882,0.0001268948120962,imagenet_seeds_456_789.json
imagenet,sinusoidal,456,random_28,gaussian random,2.3130342689533387,0.0001,0.0304031587032968,0.0304531472420202,0.0005775969475507,0.0189667407102601,0.0357229483115846,-0.0006492843967862,-0.0001034893038441,imagenet_seeds_456_789.json
imagenet,sinusoidal,456,random_29,gaussian random,2.32076973013998,0.0001,0.0303353529598185,0.0304894117196905,-0.0102438246831297,-0.3359797419939781,0.0350135523329225,0.0002344693493796,-8.297791853553163e-05,imagenet_seeds_456_789.json
imagenet,sinusoidal,456,random_30,gaussian random,2.317802107554459,0.0001,0.0303889203824848,0.0305297466133794,-0.0063753649592399,-0.2088246928471395,0.0358541876964295,-0.0001535603078082,-0.0001805510613283,imagenet_seeds_456_789.json
imagenet,sinusoidal,456,random_31,gaussian random,2.308608958602601,0.0001,0.0304799790182787,0.0306252433973078,-0.0108617562800645,-0.3546667740449507,0.0358228601016514,0.0032938860822468,-0.0001038430667414,imagenet_seeds_456_789.json
imagenet,sinusoidal,456,task_gradient,held-out task-gradient ascent,3.528060206077113,0.0001,0.0305066567082994,0.0308277085799316,0.0383126027882099,1.242797617892067,0.0104437949132267,1.0,0.0004860413831016,imagenet_seeds_456_789.json
imagenet,sinusoidal,789,random_00,gaussian random,2.308807429179533,0.0001,0.0304855371887955,0.0306917053349716,-0.0038385493680834,-0.1250679728020733,0.034929678049886,0.0033701828215271,-2.465310836984787e-05,imagenet_seeds_456_789.json
imagenet,sinusoidal,789,random_01,gaussian random,2.286140036158741,0.0001,0.030511746913216,0.0307846606652749,-0.0094015356153249,-0.3053967596897983,0.0355012406910101,0.0011051770998165,-2.146942562012519e-05,imagenet_seeds_456_789.json
imagenet,sinusoidal,789,random_02,gaussian random,2.297939789630655,0.0001,0.0305170823492665,0.0309638057493688,0.0167177054099738,0.5399111964883269,0.0352111139659815,0.0029516951180994,8.365247237679625e-05,imagenet_seeds_456_789.json
imagenet,sinusoidal,789,random_03,gaussian random,2.3235784579826984,0.0001,0.0305002453202825,0.0309204899411631,-0.0028663454577326,-0.0927005187559086,0.0346196965375674,-0.0008110258495435,7.105237544263259e-05,imagenet_seeds_456_789.json
imagenet,sinusoidal,789,random_04,gaussian random,2.294004014273332,0.0001,0.0305444526737864,0.0307923606281488,-0.0115373232401907,-0.374681349686581,0.0351871706758641,-0.0017509416211396,-0.0001731731734176,imagenet_seeds_456_789.json
imagenet,sinusoidal,789,random_05,gaussian random,2.2948065640527813,0.0001,0.0304840562914503,0.0307292335951784,-0.0002639545127749,-0.0085896874699914,0.0350427844706801,-0.0026839466299861,1.5206802608699352e-05,imagenet_seeds_456_789.json
imagenet,sinusoidal,789,random_06,gaussian random,2.289259966505622,0.0001,0.0304389612001703,0.0309492524508772,-0.0171531131491065,-0.5542335207072282,0.0349108423073194,0.0013805035268887,-0.0001517388200792,imagenet_seeds_456_789.json
imagenet,sinusoidal,789,random_07,gaussian random,2.283697747970197,0.0001,0.0307648518131746,0.0313950168584734,-0.0133103453554213,-0.4239636314076029,0.0358703528832188,-0.0003621275536715,-3.4905081173567744e-05,imagenet_seeds_456_789.json
imagenet,sinusoidal,789,random_08,gaussian random,2.2880892285612404,0.0001,0.0305594498466039,0.0307507467477969,-0.0078414604067802,-0.2550006499384289,0.0358907543996083,0.0031012294348329,-0.0001183555209998,imagenet_seeds_456_789.json
imagenet,sinusoidal,789,random_09,gaussian random,2.2975017628750414,0.0001,0.0305650906453332,0.0307654788866336,-0.00221444433555,-0.0719782176545984,0.0344951837248831,-0.0012787025189027,1.6574028168749557e-05,imagenet_seeds_456_789.json
imagenet,sinusoidal,789,random_10,gaussian random,2.2774107023316823,0.0001,0.0304879707012418,0.0307389597841855,0.0194261139258742,0.6319704395419561,0.0355899100899679,0.0014335986925289,0.0001353928844033,imagenet_seeds_456_789.json
imagenet,sinusoidal,789,random_11,gaussian random,2.304102480898666,0.0001,0.0305025046328454,0.0307265165977732,0.0002538906410336,0.0082629165016397,0.0353763067082793,0.003808942856267,0.0001509962751896,imagenet_seeds_456_789.json
imagenet,sinusoidal,789,random_12,gaussian random,2.2780759241143174,0.0001,0.0304370637976182,0.0308094647169375,0.0027210041880607,0.0883171523121232,0.0354286036114741,-0.0039089093916118,-2.700402800031082e-05,imagenet_seeds_456_789.json
imagenet,sinusoidal,789,random_13,gaussian random,2.2765563978502232,0.0001,0.0305045253484813,0.0308987527526252,-0.0205867569893598,-0.6662649833854772,0.036254396440983,-0.0064923269674181,-5.1797329049624806e-05,imagenet_seeds_456_789.json
imagenet,sinusoidal,789,random_14,gaussian random,2.2864186905066,0.0001,0.0305071389568375,0.0311848299235968,-0.0162140307947993,-0.5199332763566085,0.03540254180989,0.0033212504349648,-7.196917091157396e-05,imagenet_seeds_456_789.json
imagenet,sinusoidal,789,random_15,gaussian random,2.2973805442381634,0.0001,0.0305286432884914,0.031000723143408,0.0018097120337188,0.0583764457798991,0.0356399239500651,0.0002759908093139,0.0001586864295019,imagenet_seeds_456_789.json
imagenet,sinusoidal,789,random_16,gaussian random,2.292545008213161,0.0001,0.0304471089824802,0.0306066914381038,0.0022828369401395,0.0745862042866062,0.0351548085161299,-0.0013678459217771,-0.0002135213259364,imagenet_seeds_456_789.json
imagenet,sinusoidal,789,random_17,gaussian random,2.2743031272734946,0.0001,0.0306946458537309,0.0308150977000159,0.0034851259551942,0.1130980011526112,0.0354631606633041,0.0013041564961895,0.0002217828750515,imagenet_seeds_456_789.json
imagenet,sinusoidal,789,random_18,gaussian random,2.306576531030017,0.0001,0.0305023363855069,0.0306538236912511,-0.004745929967612,-0.1548234248168706,0.0352123996195764,0.0035807597450912,-0.0001482685875462,imagenet_seeds_456_789.json
imagenet,sinusoidal,789,random_19,gaussian random,2.297761775448361,0.0001,0.0306957263754969,0.0308311286659764,-0.0127208512276411,-0.4125976497798199,0.0354118636019777,0.0009730932069942,6.80896431137767e-05,imagenet_seeds_456_789.json
imagenet,sinusoidal,789,random_20,gaussian random,2.288460378623501,0.0001,0.0305373272978659,0.0307543698346835,-0.0167626081965863,-0.5450480138819879,0.0354091187030792,-0.0010841017356142,-7.336477014053558e-05,imagenet_seeds_456_789.json
imagenet,sinusoidal,789,random_21,gaussian random,2.3032076326655715,0.0001,0.030519847181891,0.0307321009602455,0.0101089738309383,0.3289385858784958,0.0354854753822297,0.0004280186258256,-2.541969629329724e-05,imagenet_seeds_456_789.json
imagenet,sinusoidal,789,random_22,gaussian random,2.2914432040610784,0.0001,0.0303707115905547,0.0306545017587886,0.022271207999438,0.726523241991787,0.0352216197967458,0.0008094137301668,7.655919627228211e-05,imagenet_seeds_456_789.json
imagenet,sinusoidal,789,random_23,gaussian random,2.28337875354792,0.0001,0.0304485257735953,0.0307028683223875,0.0059943390078842,0.1952371011379866,0.0355667607786064,0.0033430375624448,0.0001362585867469,imagenet_seeds_456_789.json
imagenet,sinusoidal,789,random_24,gaussian random,2.2826507773399918,0.0001,0.0305203771248798,0.0309775331511624,0.0042402865365147,0.1368826405841691,0.0358614915880852,0.0032791113480925,-8.337768761676028e-05,imagenet_seeds_456_789.json
imagenet,sinusoidal,789,random_25,gaussian random,2.308539078950702,0.0001,0.0304697072329094,0.0308853072727808,-0.0109379817731678,-0.354148387664171,0.0347149045749692,-0.0028690509498119,-0.0001004221980732,imagenet_seeds_456_789.json
imagenet,sinusoidal,789,random_26,gaussian random,2.284330347791435,0.0001,0.0305481817875459,0.0307972411584168,0.0263780928216874,0.8565083049485542,0.0359343369049358,0.0018068044446408,0.0001958978303385,imagenet_seeds_456_789.json
imagenet,sinusoidal,789,random_27,gaussian random,2.292288456499513,0.0001,0.0305017268817428,0.0308608974313176,-0.0117873377166688,-0.3819505814081433,0.0345129772916297,-0.0017052514012902,-8.673938952486219e-05,imagenet_seeds_456_789.json
imagenet,sinusoidal,789,random_28,gaussian random,2.3020049919325847,0.0001,0.03048641048797,0.0305926761299466,0.0034147747792303,0.1116206625639948,0.0355042304765094,-0.003070677164942,-0.0001253078857574,imagenet_seeds_456_789.json
imagenet,sinusoidal,789,random_29,gaussian random,2.271821825564816,0.0001,0.0304085695230014,0.0309356470618008,0.0049639642238616,0.1604609793338108,0.0357071088401739,0.0005434009362943,7.934670359625103e-05,imagenet_seeds_456_789.json
imagenet,sinusoidal,789,random_30,gaussian random,2.28448171101854,0.0001,0.0305421477093606,0.0309483375814524,-0.0031783543527126,-0.1026987102085069,0.0357777789882388,-0.0002775911998469,-1.4442938331291397e-05,imagenet_seeds_456_789.json
imagenet,sinusoidal,789,random_31,gaussian random,2.281995210490967,0.0001,0.0305076644773132,0.0306113260727306,-0.0017260164022445,-0.0563848948635436,0.035476846405432,-0.0007492844597436,0.0001045905342836,imagenet_seeds_456_789.json
imagenet,sinusoidal,789,task_gradient,held-out task-gradient ascent,3.651007337664768,0.0001,0.0304321052216782,0.0306355414920625,0.3014179025776684,9.838830583613603,0.0096662546062705,1.0,0.0015889168122088,imagenet_seeds_456_789.json
imagenet,sinusoidal,1011,random_00,gaussian random,2.277662388057401,0.0001,0.0300723794719576,0.0321623600444616,0.0010220324620604,0.0317772843985199,0.0354551851425859,0.0009779856773093,-0.0001154523102091,imagenet_seeds_1011_1213.json
imagenet,sinusoidal,1011,random_01,gaussian random,2.3287384445880197,0.0001,0.0292022255015633,0.0314468552857491,-0.0037659811787307,-0.119757004142712,0.0326755687998534,0.0021791213657706,-6.967325735721365e-05,imagenet_seeds_1011_1213.json
imagenet,sinusoidal,1011,random_02,gaussian random,2.337442106315707,0.0001,0.0290554254628016,0.0300160071930128,-0.0062351562082767,-0.2077277023616973,0.0288991021171175,-0.0007219442049972,8.208422183611084e-05,imagenet_seeds_1011_1213.json
imagenet,sinusoidal,1011,random_03,gaussian random,2.273741970978917,0.0001,0.03058558445791,0.0321864789605034,0.0005106902681291,0.0158666087320637,0.0332174960759687,0.0017855137120932,0.0001414719884574,imagenet_seeds_1011_1213.json
imagenet,sinusoidal,1011,random_04,gaussian random,2.27261439598102,0.0001,0.0299122413504196,0.032368670968094,0.0138960951007902,0.4293069404822869,0.0343366648241819,0.0016578109934926,0.0001403862126475,imagenet_seeds_1011_1213.json
imagenet,sinusoidal,1011,random_05,gaussian random,2.448762050611061,0.0001,0.0292502664766396,0.0307763475249569,0.0035613435320556,0.1157169001021863,0.0321778969896855,0.0023454730398952,-0.0001223336742124,imagenet_seeds_1011_1213.json
imagenet,sinusoidal,1011,random_06,gaussian random,2.2939395412405634,0.0001,0.0296378130702159,0.0321449332617048,0.0150143094360828,0.4670816801467685,0.0336933616442895,0.0033370810560882,2.0074651573882056e-05,imagenet_seeds_1011_1213.json
imagenet,sinusoidal,1011,random_07,gaussian random,2.3222969186678117,0.0001,0.03085842583452,0.0307393684428565,-0.0118479491211473,-0.3854324184692456,0.0333639443461987,0.0009310379973612,2.5150117829530222e-05,imagenet_seeds_1011_1213.json
imagenet,sinusoidal,1011,random_08,gaussian random,2.271640386391925,0.0001,0.0289018673620479,0.0316207136472342,0.0074028433300554,0.2341137335685328,0.0322113867833226,0.0032032118178904,6.98593340315454e-05,imagenet_seeds_1011_1213.json
imagenet,sinusoidal,1011,random_09,gaussian random,2.4287614563753723,0.0001,0.0303609166015517,0.0310681239181921,-0.020378713030368,-0.6559363894655779,0.0345779940577902,-0.0007884333608672,-2.278142390764904e-05,imagenet_seeds_1011_1213.json
imagenet,sinusoidal,1011,random_10,gaussian random,2.243845625465359,0.0001,0.0297990272825534,0.0313724889397769,1.375097781419754e-05,0.0004383132572169,0.0340732980928387,0.0001206262386403,-0.0001216699118007,imagenet_seeds_1011_1213.json
imagenet,sinusoidal,1011,random_11,gaussian random,2.384840797575306,0.0001,0.0306279253998158,0.0321830360506777,0.0122601664625108,0.3809512080589625,0.0343289255795413,0.0002433937042951,-7.818706248624125e-05,imagenet_seeds_1011_1213.json
imagenet,sinusoidal,1011,random_12,gaussian random,2.328713429730356,0.0001,0.0288956676408929,0.0297699320577282,-0.0011053946800529,-0.0371312463162318,0.031537888375353,0.0007576521020382,7.550767434611544e-05,imagenet_seeds_1011_1213.json
imagenet,sinusoidal,1011,random_13,gaussian random,2.280353636575073,0.0001,0.031647264939079,0.0316473294467928,0.006223524454981,0.1966524368333958,0.0322097991023934,-0.0028053224086761,5.70832546845881e-05,imagenet_seeds_1011_1213.json
imagenet,sinusoidal,1011,random_14,gaussian random,2.2348025750204656,0.0001,0.031581360764191,0.0326088289499409,-0.0117744663730263,-0.3610821594084783,0.0349610406133485,-5.206329205975635e-06,-5.1265965386953e-07,imagenet_seeds_1011_1213.json
imagenet,sinusoidal,1011,random_15,gaussian random,2.3984887279908507,0.0001,0.0285888985475784,0.0287835160140679,0.0103464950807392,0.3594590416154302,0.0284904205861839,0.0018608993850648,0.0001225075006898,imagenet_seeds_1011_1213.json
imagenet,sinusoidal,1011,random_16,gaussian random,2.374499807514744,0.0001,0.028803777043256,0.028987665501931,0.0279602496884763,0.9645567935304664,0.0307720623423956,0.0093689244240522,9.20352135167187e-05,imagenet_seeds_1011_1213.json
imagenet,sinusoidal,1011,random_17,gaussian random,2.306970352796336,0.0001,0.0318673490481765,0.0320977731087549,-0.0141333662904798,-0.4403223314774103,0.0330407605333195,-0.0008971163770183,-4.885107491176968e-05,imagenet_seeds_1011_1213.json
imagenet,sinusoidal,1011,random_18,gaussian random,2.277362090531563,0.0001,0.0299139908104982,0.0321520265081784,-0.0040370151400566,-0.1255602081265304,0.0341576506759572,-0.0023610221687704,-4.240749234437891e-05,imagenet_seeds_1011_1213.json
imagenet,sinusoidal,1011,random_19,gaussian random,2.285116884981229,0.0001,0.0294237070367513,0.0309553461632974,0.0107608283869922,0.3476242304067948,0.0332344419189123,0.0001676438259892,-1.6243349338461804e-05,imagenet_seeds_1011_1213.json
imagenet,sinusoidal,1011,random_20,gaussian random,2.309723092390183,0.0001,0.0305786034696193,0.0311021132561011,-0.0004508104175329,-0.0144945269095014,0.0334933566620763,-0.0015670845750719,0.0002785113394291,imagenet_seeds_1011_1213.json
imagenet,sinusoidal,1011,random_21,gaussian random,2.242667128361415,0.0001,0.0311113478112963,0.0313990107257423,-0.0125701427459716,-0.4003356301816896,0.0343165250696271,-0.0030389397870749,-8.182339080132649e-06,imagenet_seeds_1011_1213.json
imagenet,sinusoidal,1011,random_22,gaussian random,2.235319476495068,0.0001,0.0305066194027744,0.0324287035773682,0.0049547324888408,0.1527884849611654,0.0351123145926387,-0.002839948516339,4.786444335271751e-05,imagenet_seeds_1011_1213.json
imagenet,sinusoidal,1011,random_23,gaussian random,2.2907605284223265,0.0001,0.0301160758134903,0.031821732571115,-0.0097937094978988,-0.3077679531122912,0.0338991033854483,0.001334095839411,5.635365107786367e-05,imagenet_seeds_1011_1213.json
imagenet,sinusoidal,1011,random_24,gaussian random,2.283028397633417,0.0001,0.0281585098111231,0.0286345958929969,0.0117135508917272,0.4090698864932104,0.0289064643324953,0.0029277415014803,-6.3940747747091e-05,imagenet_seeds_1011_1213.json
imagenet,sinusoidal,1011,random_25,gaussian random,2.365160150909606,0.0001,0.0290491716304863,0.0310756552351617,-0.0211807885207235,-0.6815878333196894,0.033120295394444,0.0004647955647669,-3.355409887528714e-05,imagenet_seeds_1011_1213.json
imagenet,sinusoidal,1011,random_26,gaussian random,2.266223206628853,0.0001,0.0316782865945462,0.0316759229098733,0.0047363433986902,0.1495250323776333,0.0344927868338147,0.0040469365194439,2.3999942186968115e-05,imagenet_seeds_1011_1213.json
imagenet,sinusoidal,1011,random_27,gaussian random,2.2281949253506825,0.0001,0.030704985574328,0.0327880577323414,0.0017248601652681,0.0526063537934671,0.0355537046235529,0.0001868620311142,8.502696741214893e-05,imagenet_seeds_1011_1213.json
imagenet,sinusoidal,1011,random_28,gaussian random,2.299287718006638,0.0001,0.0302187350982986,0.0327126239779164,-0.0041189705953001,-0.1259137939555329,0.0338343197268286,-0.0053866994567215,9.449073174431404e-05,imagenet_seeds_1011_1213.json
imagenet,sinusoidal,1011,random_29,gaussian random,2.256692802510959,0.0001,0.0295151765838305,0.0316559451425863,0.0041352645494043,0.1306315300578803,0.0341779337597859,-0.0031288405880331,3.944585497817968e-05,imagenet_seeds_1011_1213.json
imagenet,sinusoidal,1011,random_30,gaussian random,2.3180739555162115,0.0001,0.0292360853754581,0.0320732004214381,-0.0180028048343956,-0.561303661556716,0.0334410170099298,-0.0052653718739748,-0.0001113443466654,imagenet_seeds_1011_1213.json
imagenet,sinusoidal,1011,random_31,gaussian random,2.282033746323662,0.0001,0.0301371410411981,0.0309171690728337,0.0093690254725515,0.3030363307352081,0.0347362238572423,0.0040858872234821,9.56047323675702e-05,imagenet_seeds_1011_1213.json
imagenet,sinusoidal,1011,task_gradient,held-out task-gradient ascent,3.6440311933008,0.0001,0.0311705680501943,0.0320486975478813,0.2416639076545834,7.540521960168065,0.0103535031849863,1.0,0.0011789866408734,imagenet_seeds_1011_1213.json
imagenet,sinusoidal,1213,random_00,gaussian random,2.238309115545057,0.0001,0.0304334058735943,0.0305159255358727,-0.0078329928219318,-0.256685408827723,0.0364457600704511,0.0040522068738937,3.825539190788813e-05,imagenet_seeds_1011_1213.json
imagenet,sinusoidal,1213,random_01,gaussian random,2.2439633383628577,0.0001,0.0303307511378685,0.030734898526484,0.014420801308006,0.4691995744049639,0.0363609772083856,0.001037623733282,-4.673851554016391e-05,imagenet_seeds_1011_1213.json
imagenet,sinusoidal,1213,random_02,gaussian random,2.236928025122378,0.0001,0.0303965032377342,0.0304971659852525,0.0054430761374533,0.1784780966233192,0.0362944655571383,0.0036567486822605,2.054158693747575e-05,imagenet_seeds_1011_1213.json
imagenet,sinusoidal,1213,random_03,gaussian random,2.22761310484844,0.0001,0.0305209484943376,0.0306840787173034,0.0082961260341107,0.2703723357818272,0.0367167719750355,-0.0041079982183873,-1.9736337503212388e-05,imagenet_seeds_1011_1213.json
imagenet,sinusoidal,1213,random_04,gaussian random,2.237421499440672,0.0001,0.0304251458938097,0.0306419184121399,-0.0052374517545104,-0.1709244076714006,0.036355423883019,0.0035214815288782,-9.20647032669948e-05,imagenet_seeds_1011_1213.json
imagenet,sinusoidal,1213,random_05,gaussian random,2.2277926638444274,0.0001,0.030386410030609,0.0306547253364916,0.0022982889786362,0.0749733998073165,0.0369130178975486,0.0016776857664808,6.618903188516452e-05,imagenet_seeds_1011_1213.json
imagenet,sinusoidal,1213,random_06,gaussian random,2.238919887483552,0.0001,0.0304240028382437,0.0301851565193286,-0.0040307873860001,-0.133535414448459,0.0354803657702404,0.0008318588952533,3.712237756492248e-05,imagenet_seeds_1011_1213.json
imagenet,sinusoidal,1213,random_07,gaussian random,2.243816230900288,0.0001,0.0304831493538651,0.0305050374454182,0.001032646279782,0.0338516640613781,0.0364774527601645,-0.0003590561100281,-3.929470955376865e-05,imagenet_seeds_1011_1213.json
imagenet,sinusoidal,1213,random_08,gaussian random,2.229065764966088,0.0001,0.0302751616677945,0.0305078125949379,-0.0130699686706066,-0.4284138244895102,0.0359191173946925,-0.0031897991430014,9.00094983752601e-05,imagenet_seeds_1011_1213.json
imagenet,sinusoidal,1213,random_09,gaussian random,2.24736440892078,0.0001,0.0304141004857611,0.0306392003150215,-0.0021270094439387,-0.0694211801244668,0.0360255199131565,-3.8165693695191294e-05,-4.5419132844907485e-05,imagenet_seeds_1011_1213.json
imagenet,sinusoidal,1213,random_10,gaussian random,2.2430069147941607,0.0001,0.0304975691952739,0.0308767286810011,0.0023818961344659,0.0771421143435944,0.0360899964818681,-0.0022049755789339,0.0002119515781548,imagenet_seeds_1011_1213.json
imagenet,sinusoidal,1213,random_11,gaussian random,2.2334145479897862,0.0001,0.0304231980493477,0.0305580937153064,-0.0060803163796663,-0.1989756441063837,0.0366790885339142,-0.0039708400145173,-0.0001553421579407,imagenet_seeds_1011_1213.json
imagenet,sinusoidal,1213,random_12,gaussian random,2.2261863275245086,0.0001,0.0304407867129898,0.0309169478029037,-0.0195346134714782,-0.6318415904445629,0.036786478212544,1.2440326827345416e-05,-0.0001190160951942,imagenet_seeds_1011_1213.json
imagenet,sinusoidal,1213,random_13,gaussian random,2.2419245091057083,0.0001,0.0304679130534552,0.0304523235086282,-0.000762200448662,-0.0250293035421774,0.0358568295097761,-0.0029576618690043,-9.81619467287178e-05,imagenet_seeds_1011_1213.json
imagenet,sinusoidal,1213,random_14,gaussian random,2.2293759581906323,0.0001,0.0303467856394785,0.0305999524040405,-0.0033435765653848,-0.109267377976162,0.0363682053367143,0.0023830451536923,-1.2494895541416036e-05,imagenet_seeds_1011_1213.json
imagenet,sinusoidal,1213,random_15,gaussian random,2.222514911520853,0.0001,0.0304657689832029,0.0306891439845318,-0.0003675506450235,-0.0119765688221489,0.0364698230264433,-0.002214347012341,-0.0001240975581061,imagenet_seeds_1011_1213.json
imagenet,sinusoidal,1213,random_16,gaussian random,2.239715941217732,0.0001,0.030535252826387,0.0306498024515547,0.0004946151748299,0.0161376301074615,0.0359602758020327,-4.308966890675947e-05,-5.562247321037522e-05,imagenet_seeds_1011_1213.json
imagenet,sinusoidal,1213,random_17,gaussian random,2.2450310524326693,0.0001,0.0303365790094259,0.0306591962565555,0.0116293341852724,0.3793098190819617,0.0358913527085092,0.0042084851302206,2.5161030149239413e-05,imagenet_seeds_1011_1213.json
imagenet,sinusoidal,1213,random_18,gaussian random,2.238658698278703,0.0001,0.030373591930455,0.0305780016474825,-0.0079882703721523,-0.2612423945895757,0.0363880392915037,0.0021472407970577,-4.390466313391568e-05,imagenet_seeds_1011_1213.json
imagenet,sinusoidal,1213,random_19,gaussian random,2.2458868432212253,0.0001,0.030416005903746,0.0305029020192745,-0.0084847449325025,-0.2781618918469153,0.0363624478000558,-0.0019578456413,-6.318927477100535e-05,imagenet_seeds_1011_1213.json
imagenet,sinusoidal,1213,random_20,gaussian random,2.2427978334539818,0.0001,0.0303601214463027,0.0305502375330404,-0.0155951189808547,-0.510474557325076,0.0357399944337517,-0.0036745970137417,-5.946234300718233e-05,imagenet_seeds_1011_1213.json
imagenet,sinusoidal,1213,random_21,gaussian random,2.2388370176610937,0.0001,0.0302700278195672,0.0305318935370789,-0.0003431346267461,-0.0112385635803905,0.0361178478533258,-0.0007159122033044,-0.0002434330973639,imagenet_seeds_1011_1213.json
imagenet,sinusoidal,1213,random_22,gaussian random,2.247950411874948,0.0001,0.0303052208314197,0.0304577769133711,0.0135879102163016,0.446122849180647,0.0360832542532002,0.0015698600327596,-6.480150465499609e-05,imagenet_seeds_1011_1213.json
imagenet,sinusoidal,1213,random_23,gaussian random,2.235453173730524,0.0001,0.0303924421152286,0.0306180645078968,-0.0023137079551815,-0.0755667607462536,0.0361974621252229,-0.0005762733635492,-7.09131577243113e-05,imagenet_seeds_1011_1213.json
imagenet,sinusoidal,1213,random_24,gaussian random,2.231691360660775,0.0001,0.0304051002815495,0.03055245551264,-0.0056835883297026,-0.1860272189039344,0.0363044526304032,0.0002444600977469,-1.888569256846194e-05,imagenet_seeds_1011_1213.json
imagenet,sinusoidal,1213,random_25,gaussian random,2.248190886918877,0.0001,0.0303236944494967,0.0304988307329505,-0.0016440446488559,-0.0539051697834343,0.0359550650800422,-0.0058470186777412,2.7995347320219428e-05,imagenet_seeds_1011_1213.json
imagenet,sinusoidal,1213,random_26,gaussian random,2.238949882407859,0.0001,0.0304059804036611,0.0306965111563614,0.0126544591039419,0.4122442136659375,0.0363939658849444,0.0058474326506257,0.0001395038383102,imagenet_seeds_1011_1213.json
imagenet,sinusoidal,1213,random_27,gaussian random,2.2380811004858763,0.0001,0.0303378057058727,0.0306316463364573,0.0043961438350379,0.1435164074026838,0.0357105910324754,0.0005745658418163,1.468860560824116e-05,imagenet_seeds_1011_1213.json
imagenet,sinusoidal,1213,random_28,gaussian random,2.2372196419870085,0.0001,0.0304504092223491,0.030667899680325,0.0098154339939355,0.3200556313360011,0.0361561880020328,-0.0018259137868881,-0.0001022558855156,imagenet_seeds_1011_1213.json
imagenet,sinusoidal,1213,random_29,gaussian random,2.243129046169397,0.0001,0.0303465531144154,0.0307144137512944,0.0088174808770418,0.2870795760075419,0.03598792343922,0.0010384045308455,-5.143930835057521e-05,imagenet_seeds_1011_1213.json
imagenet,sinusoidal,1213,random_30,gaussian random,2.2392938468444084,0.0001,0.0303955985112617,0.0308209376226905,0.016813981346786,0.5455376326516254,0.036338463323108,-0.0007067728438414,5.9738674932035854e-05,imagenet_seeds_1011_1213.json
imagenet,sinusoidal,1213,random_31,gaussian random,2.2436443844083622,0.0001,0.0303889885044807,0.030645875186739,-0.0059628365561366,-0.1945722391611388,0.0357166934730965,-0.0011966224992647,-1.7905900493661577e-05,imagenet_seeds_1011_1213.json
imagenet,sinusoidal,1213,task_gradient,held-out task-gradient ascent,3.2015577894884144,0.0001,0.0306882866988509,0.0311269333524226,0.2394341160543263,7.692184557451458,0.0119465893397011,1.0,0.0006184112021587,imagenet_seeds_1011_1213.json
imagenet,rope,42,random_00,gaussian random,2.7266060535281467,0.0001,0.0299889054982358,0.0303376634090835,-0.0003562932834029,-0.0117442559302784,0.030958456166869,-0.0233766380697488,-5.449373520354849e-05,imagenet_seeds_42_123.json
imagenet,rope,42,random_01,gaussian random,2.702386885402805,0.0001,0.0299767455069938,0.0303278272702175,-0.0022082282230257,-0.0728119493477305,0.0306778635208938,0.0061275819316506,-5.000567375423125e-05,imagenet_seeds_42_123.json
imagenet,rope,42,random_02,gaussian random,2.6638153354251584,0.0001,0.0300007745466438,0.0302224035433762,-0.0041304240003228,-0.1366676212365005,0.0311421799880122,-0.0086543569341301,-0.0001257699617015,imagenet_seeds_42_123.json
imagenet,rope,42,random_03,gaussian random,2.7419747720168237,0.0001,0.0299896665184864,0.0302686863312392,-0.001963899936527,-0.064882232252681,0.0305629381008285,-0.0110061708837747,-8.358762504573309e-05,imagenet_seeds_42_123.json
imagenet,rope,42,random_04,gaussian random,2.6884482070970925,0.0001,0.0300647936085651,0.0301764623872105,-0.0009602168574929,-0.0318200604554589,0.030679781366289,-0.0066304849460721,-4.725668493154988e-05,imagenet_seeds_42_123.json
imagenet,rope,42,random_05,gaussian random,2.674159260272116,0.0001,0.0299980787244415,0.0302682409914023,0.0045043211430311,0.148813442588572,0.0309966997104639,-0.0065887854434549,5.348254628425239e-05,imagenet_seeds_42_123.json
imagenet,rope,42,random_06,gaussian random,2.683262505861348,0.0001,0.0299831208061799,0.0302963723127694,3.2265204936265945e-05,0.0010649857548346,0.0311605605563436,0.0135650457814335,-7.297695474357797e-05,imagenet_seeds_42_123.json
imagenet,rope,42,random_07,gaussian random,2.663402272500829,0.0001,0.0300283430164436,0.0303485677560532,0.0028097894974052,0.0925839242230749,0.0313974379847185,-0.0026681483723223,9.261993822958632e-05,imagenet_seeds_42_123.json
imagenet,rope,42,random_08,gaussian random,2.673812574265252,0.0001,0.0299937128263337,0.0303424769570281,0.0010061240755021,0.0331589301996358,0.0301667684414776,0.0042220833711326,3.9074672425310575e-05,imagenet_seeds_42_123.json
imagenet,rope,42,random_09,gaussian random,2.675836220111496,0.0001,0.030012630214526,0.0303205138539847,0.0023625181056559,0.0779181420550174,0.0307426768278294,-0.0095781991258263,2.2592521585685917e-05,imagenet_seeds_42_123.json
imagenet,rope,42,random_10,gaussian random,2.693858992987863,0.0001,0.029957407327851,0.0302696680030545,0.0020922031253576,0.0691187998872832,0.0307651041175705,-0.0161177273839712,4.2749302980767225e-05,imagenet_seeds_42_123.json
imagenet,rope,42,random_11,gaussian random,2.6619995389993942,0.0001,0.0299071513162292,0.0301937383007231,0.0009671188890933,0.0320304455003584,0.0315187800864696,0.0244372822344303,-1.100262121222106e-05,imagenet_seeds_42_123.json
imagenet,rope,42,random_12,gaussian random,2.719001502897721,0.0001,0.0299946151141011,0.0302572177860786,0.0031418823637068,0.1038391033147936,0.0299200663670333,0.0200211014598608,-5.826057300990629e-06,imagenet_seeds_42_123.json
imagenet,rope,42,random_13,gaussian random,2.6674540544180587,0.0001,0.0300103150010966,0.0302723527661282,0.0009571323171257,0.0316173745899504,0.031359840947527,0.0051288260146975,3.747141787188796e-05,imagenet_seeds_42_123.json
imagenet,rope,42,random_14,gaussian random,2.66778612528444,0.0001,0.0299913967987865,0.0302403331999633,0.0013518258929252,0.0447027446419439,0.0307338260340478,0.0018479217542335,4.264557539641209e-06,imagenet_seeds_42_123.json
imagenet,rope,42,random_15,gaussian random,2.712351663738324,0.0001,0.0299810854484363,0.0303919714405599,0.0010890238918364,0.0358326176360851,0.0308272885995081,0.0081998240202665,1.6894379866745594e-05,imagenet_seeds_42_123.json
imagenet,rope,42,random_16,gaussian random,2.6852660134959505,0.0001,0.0300232390492681,0.0302407743512421,0.0034456234425306,0.1139396565216955,0.0304572505748241,-0.0238795336335897,9.532737403655508e-05,imagenet_seeds_42_123.json
imagenet,rope,42,random_17,gaussian random,2.6873359497618083,0.0001,0.0299939126275487,0.0301948716477754,-0.002025953028351,-0.0670959311231357,0.0305575781591887,0.0028083284851163,-8.744689838076262e-05,imagenet_seeds_42_123.json
imagenet,rope,42,random_18,gaussian random,2.700597413942244,0.0001,0.0299763208568341,0.0304046616021022,-0.0021804780699312,-0.07171525532718,0.030364554006781,0.0063273403793573,-3.1929111278276435e-05,imagenet_seeds_42_123.json
imagenet,rope,42,random_19,gaussian random,2.67257644627432,0.0001,0.0299341686751667,0.0303588540858024,0.0006411024369299,0.0211174781208147,0.0306222089135976,0.003551353001967,-4.202834819843146e-05,imagenet_seeds_42_123.json
imagenet,rope,42,random_20,gaussian random,2.672034323255816,0.0001,0.0299901612965392,0.0303576634242268,-0.0035213134251534,-0.1159942178666925,0.0318532102130912,-0.0139632858335971,-7.447721702248516e-05,imagenet_seeds_42_123.json
imagenet,rope,42,random_21,gaussian random,2.6911193335384325,0.0001,0.0299965194809697,0.0302838085141112,-0.0013350173830986,-0.0440835366686633,0.0309690118495866,-0.0139837218448519,-5.79785190761858e-05,imagenet_seeds_42_123.json
imagenet,rope,42,random_22,gaussian random,2.674437970563733,0.0001,0.0300001033078987,0.0304785650411205,0.0008624801412224,0.0282979247894004,0.0307816311963324,-0.02036071754992,-5.0677447331400135e-05,imagenet_seeds_42_123.json
imagenet,rope,42,random_23,gaussian random,2.697511373859101,0.0001,0.0300073868649788,0.0302527731651426,-0.0010737148113548,-0.0354914508330765,0.0304343587202619,0.0089283883571624,4.624276991148205e-06,imagenet_seeds_42_123.json
imagenet,rope,42,random_24,gaussian random,2.6717220845486214,0.0001,0.0300036387711269,0.0302828884063948,8.509401232004166e-05,0.0028099701447921,0.0308205822384053,-0.0034821354784071,-5.744452751331669e-06,imagenet_seeds_42_123.json
imagenet,rope,42,random_25,gaussian random,2.665950233099705,0.0001,0.0300396223926619,0.0301816607215766,0.0007175002247095,0.023772721830266,0.0305065877086377,0.0066372998990118,6.219201438100281e-05,imagenet_seeds_42_123.json
imagenet,rope,42,random_26,gaussian random,2.6974701368447067,0.0001,0.0299989404163579,0.0303170430733971,-0.0020540934056043,-0.0677537515987766,0.0317323772844751,0.0219385903328657,-6.893590999800695e-05,imagenet_seeds_42_123.json
imagenet,rope,42,random_27,gaussian random,2.6423839392435675,0.0001,0.0299901159256718,0.0303626153397623,0.0017344616353511,0.0571249089033433,0.0314159026052171,-0.0133120762184262,5.991586043133732e-05,imagenet_seeds_42_123.json
imagenet,rope,42,random_28,gaussian random,2.6517469963788787,0.0001,0.0299982070246662,0.0302627827929477,-0.0017095538787543,-0.0564903066069905,0.0321486539425628,0.0041073043830692,-8.424935816772394e-05,imagenet_seeds_42_123.json
imagenet,rope,42,random_29,gaussian random,2.655693877131977,0.0001,0.0299910687266254,0.0302493011565912,0.0008242847397923,0.0272497118371522,0.0313651430613054,-0.0075219590216875,3.176698268615262e-05,imagenet_seeds_42_123.json
imagenet,rope,42,random_30,gaussian random,2.7018244603816037,0.0001,0.0300525553984489,0.0303238976933171,1.6549136489629745e-05,0.000545745690643,0.0313776850902232,-0.0077955746091902,-4.571596487888266e-06,imagenet_seeds_42_123.json
imagenet,rope,42,random_31,gaussian random,2.674089002892729,0.0001,0.0299865953087861,0.0301750249697005,-0.0001285220496356,-0.0042592193300486,0.0302839207793484,0.0183148775249719,-2.8398397729183475e-05,imagenet_seeds_42_123.json
imagenet,rope,42,task_gradient,held-out task-gradient ascent,3.2206849452852664,0.0001,0.0299866870115895,0.0314215913892352,0.0040402542799711,0.1285821023487459,0.0157344480240984,1.0,9.84614953013284e-05,imagenet_seeds_42_123.json
imagenet,rope,123,random_00,gaussian random,2.610211153121695,0.0001,0.0300006024095946,0.0301288760130222,-0.0032577873207628,-0.1081284054325426,0.030811123157327,0.0197318624705076,-5.038796776540749e-05,imagenet_seeds_42_123.json
imagenet,rope,123,random_01,gaussian random,2.59099605364298,0.0001,0.0299982739187048,0.0301393045946135,-0.0035751233808696,-0.1186199691385236,0.0316204502701865,0.0153648890554904,-6.701127100608654e-05,imagenet_seeds_42_123.json
imagenet,rope,123,random_02,gaussian random,2.6153227352802304,0.0001,0.0299923570453833,0.030090976230174,0.0043393513187766,0.1442077281103719,0.030551522017832,0.0028110065031796,0.0001798353489856,imagenet_seeds_42_123.json
imagenet,rope,123,random_03,gaussian random,2.6191743182193528,0.0001,0.0299945334772506,0.030150152427766,0.004196694586426,0.139193146584598,0.0309762220910485,-0.0183289367705583,0.0001054409271647,imagenet_seeds_42_123.json
imagenet,rope,123,random_04,gaussian random,2.5972460496553733,0.0001,0.0299861562245983,0.0301161019481301,3.163376823067665e-05,0.0010503938486182,0.0311834578509827,-0.0054441476240754,-1.4778481045380895e-05,imagenet_seeds_42_123.json
imagenet,rope,123,random_05,gaussian random,2.583649308893797,0.0001,0.029999536812843,0.0301109866584346,0.0047986046411097,0.1593639124331229,0.0320073807475301,-0.0110292229801416,9.202999300178224e-05,imagenet_seeds_42_123.json
imagenet,rope,123,random_06,gaussian random,2.612721545276293,0.0001,0.0299851805064033,0.0301188121445368,0.0029437849298119,0.0977390780116113,0.0314172067930537,0.0154581470414996,4.823529424670022e-05,imagenet_seeds_42_123.json
imagenet,rope,123,random_07,gaussian random,2.623868104870181,0.0001,0.0299932668344165,0.0301444136298802,0.0011411737650632,0.0378568904698186,0.0303892860464122,-0.0008766451501287,5.2213146177352e-05,imagenet_seeds_42_123.json
imagenet,rope,123,random_08,gaussian random,2.610334650443224,0.0001,0.0299948642064779,0.0301121936242686,-0.0081064365804195,-0.2692077728235063,0.0310624117482307,0.0054045873694121,-0.0001595121753813,imagenet_seeds_42_123.json
imagenet,rope,123,random_09,gaussian random,2.5793997936489927,0.0001,0.0299999833665384,0.0301462789103044,-0.0031528277322649,-0.104584308452985,0.0320447610535405,0.0102241337299346,-4.897973846301791e-05,imagenet_seeds_42_123.json
imagenet,rope,123,random_10,gaussian random,2.6059159526563884,0.0001,0.0299972214730876,0.0301417101034952,0.001228844281286,0.040768897221379,0.0310801662960283,0.0070907557383179,8.326663658563273e-06,imagenet_seeds_42_123.json
imagenet,rope,123,random_11,gaussian random,2.6056498061370337,0.0001,0.0299951832227443,0.0301231666624761,0.0026539308018982,0.0881026497524308,0.031186691702482,-0.0169514957815408,1.7632287924002775e-05,imagenet_seeds_42_123.json
imagenet,rope,123,random_12,gaussian random,2.5920557776216007,0.0001,0.0299940554951738,0.0301356781692489,0.0059658540412783,0.1979664770698949,0.031519086827238,-0.008881015703082,0.0001447294818174,imagenet_seeds_42_123.json
imagenet,rope,123,random_13,gaussian random,2.615199527281038,0.0001,0.0299952215127953,0.0301473266747861,9.939633309841156e-05,0.0032970198044638,0.0311476487057373,-0.0169072225689888,7.367267375165575e-06,imagenet_seeds_42_123.json
imagenet,rope,123,random_14,gaussian random,2.5947875691859377,0.0001,0.0299905563709754,0.0301486060628593,-0.000759252347052,-0.0251836633995306,0.0312174129329739,0.0019044659566134,-1.3335468799205742e-05,imagenet_seeds_42_123.json
imagenet,rope,123,random_15,gaussian random,2.627944545733826,0.0001,0.0299894112820005,0.0300918627468393,-0.0046119033358991,-0.1532608125558303,0.0304363067177075,0.0022998910862952,-0.0001265163625603,imagenet_seeds_42_123.json
imagenet,rope,123,random_16,gaussian random,2.5920837070452505,0.0001,0.0299903124024122,0.0301682801261992,-0.0036969701759517,-0.122544943247896,0.0314296146691875,-0.0050886403769254,-0.0001050116191705,imagenet_seeds_42_123.json
imagenet,rope,123,random_17,gaussian random,2.59665400155462,0.0001,0.0299994377231961,0.0301226618921907,-0.0044929357245564,-0.1491546710126978,0.0313513445973499,0.0020323682110756,-0.0001172086068967,imagenet_seeds_42_123.json
imagenet,rope,123,random_18,gaussian random,2.613148860404863,0.0001,0.0299973526089536,0.0301568442145009,-0.0060252947732806,-0.1997985840435966,0.0312848245069092,0.00139725219924,-0.0001110904718115,imagenet_seeds_42_123.json
imagenet,rope,123,random_19,gaussian random,2.625823345821168,0.0001,0.0299960034403637,0.0301310232406742,-0.0005574002861976,-0.0184992153019622,0.0308335999749183,0.0182919539511203,-4.573656553573623e-05,imagenet_seeds_42_123.json
imagenet,rope,123,random_20,gaussian random,2.614647698057574,0.0001,0.0299969022081236,0.0301396800723804,-0.0023971195332705,-0.0795336754575334,0.0307274185908121,0.002015501493588,-6.170332270328807e-05,imagenet_seeds_42_123.json
imagenet,rope,123,random_21,gaussian random,2.59975741887651,0.0001,0.0299934340424759,0.0301477749394486,0.0003696964122354,0.0122628092115596,0.0314277389670789,-0.0082203689962625,7.688431269272693e-05,imagenet_seeds_42_123.json
imagenet,rope,123,random_22,gaussian random,2.591076596869656,0.0001,0.0299886995877465,0.0301499969599494,0.0023843767121434,0.0790838126886303,0.0308726743080865,0.0032878769561648,1.0247776034645602e-05,imagenet_seeds_42_123.json
imagenet,rope,123,random_23,gaussian random,2.6111483834037106,0.0001,0.0299980018615206,0.0301081060686956,0.0027668224647641,0.0918962640310633,0.0310077443903876,0.0069774817675352,6.596284763016338e-05,imagenet_seeds_42_123.json
imagenet,rope,123,random_24,gaussian random,2.6000000411222888,0.0001,0.0300000748751327,0.0300980628751822,-0.0028258063830435,-0.0938866529305305,0.031909122063973,0.0085744783282279,-3.0894277581958964e-05,imagenet_seeds_42_123.json
imagenet,rope,123,random_25,gaussian random,2.606834108756632,0.0001,0.0299896681025808,0.0301380027492234,-0.0015913830138742,-0.0528032008994125,0.030806795230349,0.0298138335347175,-3.3572408419875146e-05,imagenet_seeds_42_123.json
imagenet,rope,123,random_26,gaussian random,2.622133817180801,0.0001,0.029989143248947,0.0301379102940692,-0.002435187343508,-0.0808014663175639,0.0311699196894294,0.0090663628652691,-9.074146233635364e-05,imagenet_seeds_42_123.json
imagenet,rope,123,random_27,gaussian random,2.6000947376671526,0.0001,0.0299977837172882,0.0301082832182175,0.0012766900472342,0.0424032827770735,0.0315248592394008,-0.0012924883048981,-1.2116363629022217e-05,imagenet_seeds_42_123.json
imagenet,rope,123,random_28,gaussian random,2.618846242694666,0.0001,0.0299950938791019,0.0301703934793577,0.0012390660122036,0.0410689377668027,0.0306229015797752,0.0018091939855366,-2.1068466327300392e-05,imagenet_seeds_42_123.json
imagenet,rope,123,random_29,gaussian random,2.6230751913960377,0.0001,0.029994410633593,0.030118339467186,-0.0050201276317238,-0.1666800932765006,0.0306728014207572,0.0049436353147029,-0.0001528067531695,imagenet_seeds_42_123.json
imagenet,rope,123,random_30,gaussian random,2.6011299720925978,0.0001,0.0299894937343572,0.0301282101347834,-0.003835265059024,-0.1272981382520371,0.0311924378250487,0.0065107592381536,-6.911022727780685e-05,imagenet_seeds_42_123.json
imagenet,rope,123,random_31,gaussian random,2.6044059592225834,0.0001,0.0299923681312136,0.0301627537704627,0.0029256450943648,0.0969952914985454,0.0314937935020914,0.0047595608048141,8.428122740103411e-05,imagenet_seeds_42_123.json
imagenet,rope,123,task_gradient,held-out task-gradient ascent,3.304668055135351,0.0001,0.0299568951739808,0.0301176964906149,-0.0115396594628691,-0.3831521267393435,0.0147823236531181,1.0,-0.0002461821361409,imagenet_seeds_42_123.json
imagenet,rope,456,random_00,gaussian random,2.582693130512824,0.0001,0.0299994481853205,0.0301117388091088,0.0054833409376442,0.1820997775122015,0.0312168917459804,-0.0112339118495583,0.0001406145539686,imagenet_seeds_456_789.json
imagenet,rope,456,random_01,gaussian random,2.627114786943724,0.0001,0.0300057097549852,0.0308661847408772,-0.0005406574346125,-0.0175161730920536,0.0296839946662736,0.0075363405048847,5.613193260606493e-06,imagenet_seeds_456_789.json
imagenet,rope,456,random_02,gaussian random,2.620600346109998,0.0001,0.030000482526978,0.0304436919624659,-0.0035859844647347,-0.1177907222670614,0.0304508804395504,-0.0100729120895266,-3.9313574207011726e-05,imagenet_seeds_456_789.json
imagenet,rope,456,random_03,gaussian random,2.594233881037992,0.0001,0.0300012269116455,0.0301623758674705,0.0009999643079936,0.033152703632743,0.0310533992398436,-0.0209676157683134,3.3849208157801774e-05,imagenet_seeds_456_789.json
imagenet,rope,456,random_04,gaussian random,2.600326738015656,0.0001,0.0299943765556865,0.0300772389971615,0.0005113538354635,0.0170013555935696,0.0302096860179724,-0.0107462676241993,6.869186348248691e-05,imagenet_seeds_456_789.json
imagenet,rope,456,random_05,gaussian random,2.564409333263989,0.0001,0.030000657216642,0.0302713062387169,-0.0022042635828256,-0.0728169298491127,0.0318997900606949,0.0077987541444599,-6.544030864435872e-05,imagenet_seeds_456_789.json
imagenet,rope,456,random_06,gaussian random,2.6031175419543624,0.0001,0.030001496989039,0.0302039248634896,0.0014489917084574,0.0479736231303171,0.029814049140358,-0.0019531964790076,8.538647419448548e-05,imagenet_seeds_456_789.json
imagenet,rope,456,random_07,gaussian random,2.594427640305932,0.0001,0.0299918746290411,0.0301762287003973,0.0031909053213894,0.1057423494854218,0.0304729608850606,0.0032405212987214,0.0001077459532739,imagenet_seeds_456_789.json
imagenet,rope,456,random_08,gaussian random,2.6025456462894376,0.0001,0.030000322731002,0.0301071747513392,-0.0031164051033556,-0.1035103801367818,0.0304859692232269,0.0080862892791628,-6.648154164407427e-05,imagenet_seeds_456_789.json
imagenet,rope,456,random_09,gaussian random,2.602101529388726,0.0001,0.0299959614047085,0.030563873012378,0.0002008154988288,0.0065703550969329,0.0308033951920155,-0.0174306984990835,1.3195998582605329e-06,imagenet_seeds_456_789.json
imagenet,rope,456,random_10,gaussian random,2.602713611848105,0.0001,0.0299975103862486,0.0301000972917594,-0.0013578431680798,-0.045110922895641,0.030025759812688,0.0050012152642011,-5.554985535442397e-06,imagenet_seeds_456_789.json
imagenet,rope,456,random_11,gaussian random,2.5883283549783926,0.0001,0.0299952915540807,0.0306812425715819,0.0034022955223917,0.1108917122392924,0.030712052354499,0.0109723852947354,9.77398998215657e-05,imagenet_seeds_456_789.json
imagenet,rope,456,random_12,gaussian random,2.5992441050521755,0.0001,0.0300003930686418,0.0301183145849045,0.0005904692225158,0.0196049888798149,0.0308540550115371,-0.0087154256179928,7.054638308383271e-05,imagenet_seeds_456_789.json
imagenet,rope,456,random_13,gaussian random,2.5935454680675534,0.0001,0.0299866839551074,0.0303070942591428,0.0019238223321735,0.0634776239425598,0.0308935544923393,-0.0033189868554472,3.924072696437988e-05,imagenet_seeds_456_789.json
imagenet,rope,456,random_14,gaussian random,2.6153636978488928,0.0001,0.0300066161156402,0.0304274875428962,-0.0032876897603273,-0.1080499911697408,0.0303664901538554,-0.0158827677369117,-7.745944859279737e-05,imagenet_seeds_456_789.json
imagenet,rope,456,random_15,gaussian random,2.5980718060941674,0.0001,0.0299914519931164,0.0302973978303107,-0.0015664864331483,-0.0517036625363649,0.0307891111104202,0.0067815901711583,-1.7085452935163777e-05,imagenet_seeds_456_789.json
imagenet,rope,456,random_16,gaussian random,2.5960202208631133,0.0001,0.029981851785973,0.0302427459166543,0.0091856131330132,0.3037294681616468,0.0302156294808549,-0.0079663405194878,0.0002272755644163,imagenet_seeds_456_789.json
imagenet,rope,456,random_17,gaussian random,2.606740652331023,0.0001,0.0299802231183566,0.0305388297948268,0.0007768450304865,0.0254379436181991,0.0298536114900216,-0.0178569369018077,5.481911743730112e-05,imagenet_seeds_456_789.json
imagenet,rope,456,random_18,gaussian random,2.5604075267335302,0.0001,0.0299954462979481,0.0306577286063537,-0.0015989057719707,-0.0521534322552316,0.0314310221289725,0.0098520265892148,1.0940043058178253e-05,imagenet_seeds_456_789.json
imagenet,rope,456,random_19,gaussian random,2.5990780320130464,0.0001,0.0299989764557068,0.030108602699378,-0.0005788803100585,-0.0192264090047111,0.0305928815933974,-0.0015907989582046,2.685031693355311e-05,imagenet_seeds_456_789.json
imagenet,rope,456,random_20,gaussian random,2.6136914808321765,0.0001,0.0299813141505406,0.0304063696253556,0.0010453965514898,0.0343808407373329,0.0304397851323999,-0.0012480575824156,-1.0337271176767286e-05,imagenet_seeds_456_789.json
imagenet,rope,456,random_21,gaussian random,2.6170156628278343,0.0001,0.0299922331559215,0.0301285124819819,0.0010649049654603,0.0353454212549377,0.0300385440265567,-0.0053000599145889,5.286271268693324e-05,imagenet_seeds_456_789.json
imagenet,rope,456,random_22,gaussian random,2.5835537131309416,0.0001,0.0299948825346104,0.0304179537713473,0.005291705019772,0.1739665021371904,0.0313538731128069,0.0257201865315437,0.000135920690538,imagenet_seeds_456_789.json
imagenet,rope,456,random_23,gaussian random,2.598239365163844,0.0001,0.0299846115239259,0.0302374702015204,0.0038572251796722,0.1275644144158027,0.0304890957411252,-0.0008439088705927,0.0001010917093406,imagenet_seeds_456_789.json
imagenet,rope,456,random_24,gaussian random,2.5900124672763445,0.0001,0.029998917251341,0.0301581368634965,-0.0018026791512966,-0.0597742214466366,0.030658640231813,-0.022967467084527,-2.7113619814909527e-05,imagenet_seeds_456_789.json
imagenet,rope,456,random_25,gaussian random,2.5969638979355025,0.0001,0.0299988923485072,0.030469662245808,-0.0029756836593151,-0.0976605396971374,0.0306301883539816,0.0043670185841619,-5.773964646085286e-05,imagenet_seeds_456_789.json
imagenet,rope,456,random_26,gaussian random,2.6111502387085888,0.0001,0.0299778220742485,0.0309062890212382,0.0019675800576806,0.0636627728527524,0.0299413255424264,-0.0046724993735551,7.749544621904635e-05,imagenet_seeds_456_789.json
imagenet,rope,456,random_27,gaussian random,2.6022206323875032,0.0001,0.030002074549128,0.0304822203535824,-0.0038091205060482,-0.1249620421958709,0.0309059926290709,-0.0003620053175836,-0.0001032183953706,imagenet_seeds_456_789.json
imagenet,rope,456,random_28,gaussian random,2.585545549760349,0.0001,0.0299955443541601,0.030130169444782,-0.0018457374535501,-0.0612587810676832,0.031062002060895,-0.0076098041608929,-2.2635255359633632e-05,imagenet_seeds_456_789.json
imagenet,rope,456,random_29,gaussian random,2.596243597831979,0.0001,0.0299915965577089,0.0305714944821056,0.0020532645285129,0.0671627136093979,0.0309943533753441,0.0147853773087263,8.132445411829548e-05,imagenet_seeds_456_789.json
imagenet,rope,456,random_30,gaussian random,2.5993652482340237,0.0001,0.0300037346655364,0.0301762952235199,-0.0001518242061138,-0.0050312407467262,0.0310440976663488,-0.0007014132570475,-1.5065624360439165e-07,imagenet_seeds_456_789.json
imagenet,rope,456,random_31,gaussian random,2.591247284608593,0.0001,0.0299966614094584,0.0301662861633302,-0.0022150832228362,-0.0734290993211118,0.0309788557897103,-0.0134571846574544,-3.546300827674429e-05,imagenet_seeds_456_789.json
imagenet,rope,456,task_gradient,held-out task-gradient ascent,3.3307258612808663,0.0001,0.0299145703793664,0.0313121463853339,0.0040983227081596,0.1308860356529012,0.0145463608053863,1.0,-1.13591612123429e-06,imagenet_seeds_456_789.json
imagenet,rope,789,random_00,gaussian random,2.824700751389418,0.0001,0.0299539714686402,0.0300954386847037,-0.0009238170459866,-0.0306962478821147,0.0292620790244985,-0.0125089827924966,-5.741659794522575e-05,imagenet_seeds_456_789.json
imagenet,rope,789,random_01,gaussian random,2.8862044573616097,0.0001,0.0299850608084777,0.0301539348761181,-0.000845443457365,-0.0280375831823734,0.0301063663570908,0.0217674188315868,-2.9523347954938288e-05,imagenet_seeds_456_789.json
imagenet,rope,789,random_02,gaussian random,2.794181739340549,0.0001,0.0315140936774527,0.0307148762441885,-0.0007683569565415,-0.0250157920361771,0.0291462270828919,-0.0189141128212213,-2.880454332313341e-05,imagenet_seeds_456_789.json
imagenet,rope,789,random_03,gaussian random,2.8226999865717017,0.0001,0.0303733749805084,0.0289777853191539,0.003110340796411,0.1073353523105555,0.0234950566821621,0.0220226999372243,4.7926330478916166e-05,imagenet_seeds_456_789.json
imagenet,rope,789,random_04,gaussian random,2.750404179801265,0.0001,0.0299552965014666,0.0303542324511138,-0.0001966664567589,-0.006479045618291,0.0300802810376003,0.0019843531772494,-1.4775565476753856e-06,imagenet_seeds_456_789.json
imagenet,rope,789,random_05,gaussian random,2.822766530036583,0.0001,0.0299581112726258,0.0300413952717429,0.0001256661489605,0.0041830996138449,0.0303412552669343,-0.0069153835065662,4.347449413251136e-05,imagenet_seeds_456_789.json
imagenet,rope,789,random_06,gaussian random,2.973658458453007,0.0001,0.0300146508591367,0.0302265369371498,-0.0034033670090138,-0.1125953335670087,0.0294339570027337,-0.0009060999145731,-8.299972789871786e-05,imagenet_seeds_456_789.json
imagenet,rope,789,random_07,gaussian random,2.735439270378478,0.0001,0.029871514066976,0.0300825639061862,0.001205451786518,0.0400714443847721,0.0301177733917683,-0.0022067765239626,1.3745384711409191e-05,imagenet_seeds_456_789.json
imagenet,rope,789,random_08,gaussian random,2.86317957424409,0.0001,0.0300723453686551,0.0299522895469093,4.0928833186626434e-05,0.0013664675991638,0.0302123932844398,0.0146414740011096,-1.1696490609623903e-05,imagenet_seeds_456_789.json
imagenet,rope,789,random_09,gaussian random,2.8095721779132106,0.0001,0.0299227844562037,0.0300827957939877,-0.000645549967885,-0.0214591081329626,0.030507165858889,0.0030773130711168,-3.845081268760472e-05,imagenet_seeds_456_789.json
imagenet,rope,789,random_10,gaussian random,2.967532207166853,0.0001,0.0299850173343494,0.0300029120879086,-0.0022138357162475,-0.0737873613654905,0.0295334024431942,0.0101744253188371,-1.0374999390392178e-05,imagenet_seeds_456_789.json
imagenet,rope,789,random_11,gaussian random,2.9314947616280733,0.0001,0.0299730852409141,0.0301295928862068,0.0008518118411302,0.02827160142347,0.0295194197374594,0.0075215972028672,9.35676666569246e-06,imagenet_seeds_456_789.json
imagenet,rope,789,random_12,gaussian random,2.787651570334868,0.0001,0.0300497681572238,0.0301219522799599,0.0025843936018645,0.0857976793085873,0.0297393017629426,-0.00731843104586,2.976223032812246e-05,imagenet_seeds_456_789.json
imagenet,rope,789,random_13,gaussian random,2.760882335503068,0.0001,0.0299826439579368,0.0309916794539336,0.0023699821904301,0.076471563728998,0.0301192942537929,-0.0229923166334629,5.832910912592329e-05,imagenet_seeds_456_789.json
imagenet,rope,789,random_14,gaussian random,3.007084414297274,0.0001,0.0299731025260043,0.0306502899774606,0.0013771494850516,0.0449310426121368,0.0301239811526078,-0.0133022787049412,4.216063384750884e-05,imagenet_seeds_456_789.json
imagenet,rope,789,random_15,gaussian random,2.8450487803039137,0.0001,0.0301355217486577,0.0303836860198569,-0.0042125522159039,-0.1386451997019364,0.0300645668547436,-0.0179452113807201,-3.7742882551394486e-05,imagenet_seeds_456_789.json
imagenet,rope,789,random_16,gaussian random,3.198754444348086,0.0001,0.0299688354068191,0.0304624634286557,0.0050755692645907,0.166617163988655,0.0307030696777799,0.0028041345067322,0.0001053077687322,imagenet_seeds_456_789.json
imagenet,rope,789,random_17,gaussian random,2.966885274783565,0.0001,0.0299190108748198,0.0302477991675833,0.0008738785982131,0.0288906506345008,0.0295674629079923,0.0099075119942426,5.447218213001685e-05,imagenet_seeds_456_789.json
imagenet,rope,789,random_18,gaussian random,2.8618109034011963,0.0001,0.0305689326393108,0.0307262727526112,0.0034827538765966,0.1133477498112982,0.0295490182307073,-0.0114279761910438,6.70431136494039e-05,imagenet_seeds_456_789.json
imagenet,rope,789,random_19,gaussian random,2.768729220665717,0.0001,0.0299799264615521,0.0300078640846854,-0.0094403708353638,-0.3145965607122893,0.0293744960262501,-0.0030888128094375,-0.0002115426084778,imagenet_seeds_456_789.json
imagenet,rope,789,random_20,gaussian random,2.761484975957884,0.0001,0.0299117596398966,0.0299377989561276,0.0005469755269587,0.0182703988279255,0.0303579836192891,0.0283374395221471,4.626799488853479e-05,imagenet_seeds_456_789.json
imagenet,rope,789,random_21,gaussian random,2.884988139268505,0.0001,0.0299745634299779,0.0301943875168807,-0.0031380401924252,-0.103927930005895,0.0295099781156108,-0.0062802922911942,-4.954219451273485e-05,imagenet_seeds_456_789.json
imagenet,rope,789,random_22,gaussian random,2.752160463648655,0.0001,0.029724886922942,0.0299860655471129,0.0003718314692378,0.0124001419477189,0.0303777871633186,0.0085348188877105,1.2898981129891789e-05,imagenet_seeds_456_789.json
imagenet,rope,789,random_23,gaussian random,2.883441524808035,0.0001,0.0299928469480918,0.0300754369406169,-0.0038905362598598,-0.1293592597687458,0.0295947142751657,-0.0292491689324378,-4.537090694648403e-06,imagenet_seeds_456_789.json
imagenet,rope,789,random_24,gaussian random,2.964251630650182,0.0001,0.029978167335629,0.0303869654437892,0.0007333289831876,0.0241330113908284,0.0312732981982164,0.0212149750441312,4.1923968421775976e-05,imagenet_seeds_456_789.json
imagenet,rope,789,random_25,gaussian random,2.94615560407419,0.0001,0.0299152972948416,0.0311492262171197,-0.000219824258238,-0.0070571338339461,0.0302691097404623,0.0094867227599024,3.167961163167493e-05,imagenet_seeds_456_789.json
imagenet,rope,789,random_26,gaussian random,2.763126319834816,0.0001,0.029947197589862,0.0303549018190649,-0.0008360086940228,-0.0275411430748829,0.0309768497886387,-0.0088988365605473,7.253787812284729e-07,imagenet_seeds_456_789.json
imagenet,rope,789,random_27,gaussian random,2.801313009388231,0.0001,0.0299544041181502,0.0307614015550444,0.0023557185195386,0.0765803377106638,0.0300503374052522,-0.0109445778653025,6.495219573598956e-06,imagenet_seeds_456_789.json
imagenet,rope,789,random_28,gaussian random,3.021690197433552,0.0001,0.0299836942146142,0.0305904617639934,0.0073488485068082,0.2402333303598005,0.0304178290817486,-0.009659307077527,0.0001904291555733,imagenet_seeds_456_789.json
imagenet,rope,789,random_29,gaussian random,2.805555487381339,0.0001,0.0299289115033617,0.0318199410913584,0.0044354596175253,0.1393924521981566,0.0301434764166011,-0.0334314033389091,0.0001171954292023,imagenet_seeds_456_789.json
imagenet,rope,789,random_30,gaussian random,2.822900092990328,0.0001,0.0299534755922134,0.0300307141874974,-0.0040655462071299,-0.1353796044192163,0.029836647806606,-0.0096900230273604,-8.579171778042183e-05,imagenet_seeds_456_789.json
imagenet,rope,789,random_31,gaussian random,2.87426781672759,0.0001,0.0299255292667568,0.0299796464365303,0.0038719652220606,0.1291531316174117,0.0291827725661123,0.0002153416135115,5.2940919592683006e-05,imagenet_seeds_456_789.json
imagenet,rope,789,task_gradient,held-out task-gradient ascent,3.610752856105442,0.0001,0.0299260114883792,0.0304029168360124,0.0177554218098521,0.5840038936270978,0.0169411390538936,1.0,0.0004802866934982,imagenet_seeds_456_789.json
imagenet,rope,1011,random_00,gaussian random,2.661134788292048,0.0001,0.0299995895199358,0.0300661246510342,0.0004710587672889,0.015667425474893,0.031808908366713,-0.0144840944558382,-4.37388827750881e-05,imagenet_seeds_1011_1213.json
imagenet,rope,1011,random_01,gaussian random,2.663050882682336,0.0001,0.030001290989441,0.0300603493763491,0.0001777899451553,0.0059144337588858,0.0306706194564252,-0.0050219441764056,1.5735022426891269e-06,imagenet_seeds_1011_1213.json
imagenet,rope,1011,random_02,gaussian random,2.6385671981986163,0.0001,0.0300013737360884,0.0300729066237392,-0.0027501350268721,-0.091448926479931,0.0314345616825351,0.0068702856078743,-5.353225411876012e-05,imagenet_seeds_1011_1213.json
imagenet,rope,1011,random_03,gaussian random,2.7034497319970634,0.0001,0.0300051187890291,0.0300147411995849,0.0015726462006568,0.0523957941266086,0.0311606264656179,-0.0039688171818852,1.1218220348093502e-05,imagenet_seeds_1011_1213.json
imagenet,rope,1011,random_04,gaussian random,2.664174002846405,0.0001,0.0300120151085943,0.0300261717278198,0.0080751781351864,0.2689379854476963,0.0314837621615702,0.0051351259462535,0.0001919170120898,imagenet_seeds_1011_1213.json
imagenet,rope,1011,random_05,gaussian random,2.635562783891506,0.0001,0.0299784025177539,0.0300166358426221,0.0019177002832293,0.0638879151309258,0.0313501741323119,-0.0083233471959829,4.4586735278886025e-05,imagenet_seeds_1011_1213.json
imagenet,rope,1011,random_06,gaussian random,2.6726047531546437,0.0001,0.0299917721241159,0.0300724450994744,-0.0057752034626901,-0.1920430295437151,0.0302438541932433,0.0119742043316364,-9.00831665546206e-05,imagenet_seeds_1011_1213.json
imagenet,rope,1011,random_07,gaussian random,2.646940001756399,0.0001,0.0299900852409571,0.0300163767887802,-0.0007943022064864,-0.0264622946358857,0.0313732388911584,0.01418898999691,4.672697891638508e-06,imagenet_seeds_1011_1213.json
imagenet,rope,1011,random_08,gaussian random,2.6626720358011657,0.0001,0.0299874447750246,0.0300383745316691,-0.0024675568565726,-0.0821468170313647,0.0306802284344034,-0.0282539427280426,-5.026581057373664e-06,imagenet_seeds_1011_1213.json
imagenet,rope,1011,random_09,gaussian random,2.676922089858658,0.0001,0.0299965617955873,0.0300417699587179,0.00231927447021,0.0772016586704817,0.0301633281494621,-0.0188860930502414,2.430107192374933e-07,imagenet_seeds_1011_1213.json
imagenet,rope,1011,random_10,gaussian random,2.669208119059544,0.0001,0.029988729511277,0.029991949462355,-8.616689592599869e-05,-0.0028730008375798,0.0313104673802951,0.0248158555477857,-3.0041561596862126e-06,imagenet_seeds_1011_1213.json
imagenet,rope,1011,random_11,gaussian random,2.6284368380087813,0.0001,0.0299898228203801,0.0300856209914302,-0.0026481258682906,-0.0880196512827495,0.0317671124787049,0.0058274632319808,-8.727811474966023e-05,imagenet_seeds_1011_1213.json
imagenet,rope,1011,random_12,gaussian random,2.632198103972954,0.0001,0.0299835813867328,0.0300504076216982,-0.0045103868469595,-0.1500940321256347,0.0318350383434454,0.0176783930510282,-0.0001112359757544,imagenet_seeds_1011_1213.json
imagenet,rope,1011,random_13,gaussian random,2.6664216043190394,0.0001,0.0299887460861117,0.0300432739945011,-0.0009172204881906,-0.0305299778033023,0.0311588489134802,0.0060021914541721,6.165904645017846e-05,imagenet_seeds_1011_1213.json
imagenet,rope,1011,random_14,gaussian random,2.655883988200512,0.0001,0.0299729997771622,0.0300342945126247,-0.0016255574300885,-0.0541233765089846,0.0314545119304601,-0.0077195228077471,-0.0001077111238559,imagenet_seeds_1011_1213.json
imagenet,rope,1011,random_15,gaussian random,2.649224291152719,0.0001,0.029993074941556,0.0300567299417753,-0.0009066518396139,-0.0301646866232701,0.0317326461916468,0.017771067097783,-4.618082690961677e-05,imagenet_seeds_1011_1213.json
imagenet,rope,1011,random_16,gaussian random,2.663160988659465,0.0001,0.0299792440219217,0.0300080966959664,0.0011293031275272,0.0376332807431613,0.0305051240245854,0.0100110135972499,1.8242632166225203e-05,imagenet_seeds_1011_1213.json
imagenet,rope,1011,random_17,gaussian random,2.645407166411665,0.0001,0.0299863166471622,0.0301124441362652,-0.0031863427720963,-0.1058148172123627,0.0319283342898355,0.0016181741375476,-0.0001071562846646,imagenet_seeds_1011_1213.json
imagenet,rope,1011,random_18,gaussian random,2.6739997264931765,0.0001,0.0299950329518201,0.0301094796849053,-0.0008797268383204,-0.0292176034766062,0.0308437333290673,-0.0147774424403905,-4.472974535565206e-05,imagenet_seeds_1011_1213.json
imagenet,rope,1011,random_19,gaussian random,2.620722813411511,0.0001,0.0300026345906139,0.0300467980819713,-0.0007348624058067,-0.0244572617622012,0.0321974136276147,0.0133829386904835,-3.609879694447237e-05,imagenet_seeds_1011_1213.json
imagenet,rope,1011,random_20,gaussian random,2.668150299274632,0.0001,0.0299889198649743,0.0300512100748794,-3.396999090909958e-05,-0.0011304034288288,0.0304560158872725,-0.0099303489550948,-3.1648233366417817e-05,imagenet_seeds_1011_1213.json
imagenet,rope,1011,random_21,gaussian random,2.669360706130543,0.0001,0.0299961784258492,0.0301040107115721,0.0067651444114744,0.2247256844375861,0.030934963803872,-0.002498174784705,0.0001334558423059,imagenet_seeds_1011_1213.json
imagenet,rope,1011,random_22,gaussian random,2.632937123172385,0.0001,0.0299960611820784,0.0300428339992907,-0.0034390930086374,-0.114472989090131,0.0308489993568834,-0.0234683640301227,-0.0001000229900241,imagenet_seeds_1011_1213.json
imagenet,rope,1011,random_23,gaussian random,2.688511267367712,0.0001,0.0299983976344304,0.0300419294352562,-9.302981197834017e-06,-0.00030966656845,0.0313432812263604,-0.0204816330224275,-8.483484318702589e-05,imagenet_seeds_1011_1213.json
imagenet,rope,1011,random_24,gaussian random,2.673064879611845,0.0001,0.0300121240456748,0.0300500928872255,-0.0065526319667696,-0.2180569621318962,0.0303488281124279,-0.0047485074028372,-0.0001795663960827,imagenet_seeds_1011_1213.json
imagenet,rope,1011,random_25,gaussian random,2.652120187361125,0.0001,0.0300018697950997,0.0300363791557722,-6.924942135810852e-05,-0.0023055182849761,0.0312739011636957,-0.0019714361988008,-1.7818306045064587e-05,imagenet_seeds_1011_1213.json
imagenet,rope,1011,random_26,gaussian random,2.636044105027256,0.0001,0.0299969786134234,0.0300475062833823,0.0031304699368774,0.1041840180464088,0.0315736371534056,-0.0004723919555544,5.1441178944843966e-05,imagenet_seeds_1011_1213.json
imagenet,rope,1011,random_27,gaussian random,2.6589642023087814,0.0001,0.0299997544622873,0.0300021330496446,-0.00802414258942,-0.2674524033388729,0.0304697351198426,-9.025535109685734e-05,-0.0001636546833216,imagenet_seeds_1011_1213.json
imagenet,rope,1011,random_28,gaussian random,2.6395656169717907,0.0001,0.0299967844703137,0.0300421608004954,0.00518617965281,0.1726300477269451,0.0314019043177161,0.0085009988397359,0.0001843166786299,imagenet_seeds_1011_1213.json
imagenet,rope,1011,random_29,gaussian random,2.6379919483461727,0.0001,0.0299455940321215,0.0299654482649129,0.0028113462030887,0.0938195944287146,0.0314366017662828,-0.0202961079776287,6.830492030523319e-05,imagenet_seeds_1011_1213.json
imagenet,rope,1011,random_30,gaussian random,2.637958077514665,0.0001,0.0300085204604739,0.0300596242878131,0.0054783886298537,0.1822507353185644,0.0306577147601633,-0.0162992645055055,6.96081258182351e-05,imagenet_seeds_1011_1213.json
imagenet,rope,1011,random_31,gaussian random,2.672821579477296,0.0001,0.0299987576728768,0.0300474547515437,0.0020327838137745,0.0676524461250797,0.0309269104939251,-0.0054060365073382,5.996688236177413e-05,imagenet_seeds_1011_1213.json
imagenet,rope,1011,task_gradient,held-out task-gradient ascent,3.252847983533816,0.0001,0.0299175787454411,0.0298853615875921,-0.0043470114469528,-0.1454562105334411,0.0162399585640009,1.0,-5.767363669801839e-05,imagenet_seeds_1011_1213.json
imagenet,rope,1213,random_00,gaussian random,3.251190448375228,0.0001,0.0300295276792823,0.0308633810103554,-0.0007641012780368,-0.0247575363755661,0.0307820793240223,0.0113089168444275,-3.4521164389567284e-05,imagenet_seeds_1011_1213.json
imagenet,rope,1213,random_01,gaussian random,3.1509879304873314,0.0001,0.0301122147843718,0.0306734055633825,0.0083712306804955,0.2729149413552227,0.0301419154812923,-0.0110231172293424,0.000192548610374,imagenet_seeds_1011_1213.json
imagenet,rope,1213,random_02,gaussian random,3.075949399709077,0.0001,0.0299702290310818,0.0311642128142883,0.0012772283516824,0.0409838156122728,0.0297425142341684,0.0156943574547767,6.437486976257485e-05,imagenet_seeds_1011_1213.json
imagenet,rope,1213,random_03,gaussian random,2.910439733785985,0.0001,0.0299373302457375,0.0310514674372336,0.0031113899312913,0.1002010593406124,0.0293442860505651,-0.0093843908980488,0.0001063372820904,imagenet_seeds_1011_1213.json
imagenet,rope,1213,random_04,gaussian random,2.8744427971166724,0.0001,0.030044366648352,0.030737361648908,0.0002218536101281,0.0072177180547324,0.0309751707917058,-0.0266425386071205,4.001012512112984e-05,imagenet_seeds_1011_1213.json
imagenet,rope,1213,random_05,gaussian random,3.0073686512902125,0.0001,0.0297293746276834,0.0306012251670092,0.0005721943452954,0.0186984129613315,0.0291177725685259,-0.0191934499889612,2.182939131397696e-05,imagenet_seeds_1011_1213.json
imagenet,rope,1213,random_06,gaussian random,3.03837226817468,0.0001,0.0299942162489822,0.0305864688427154,0.0045608403161168,0.1491130061325479,0.0301509919023706,-0.0130114862695336,0.0001203388353367,imagenet_seeds_1011_1213.json
imagenet,rope,1213,random_07,gaussian random,3.052971734829502,0.0001,0.02996349594698,0.0310149240915378,-0.0016505415551364,-0.0532176558054765,0.030287277784373,0.0051040006801486,7.102431548507277e-06,imagenet_seeds_1011_1213.json
imagenet,rope,1213,random_08,gaussian random,3.305502729080028,0.0001,0.0302984233831706,0.0306111617247576,-0.0060088606551289,-0.1962963937519928,0.0297825149456197,-0.0050259507261216,-0.0001797499786379,imagenet_seeds_1011_1213.json
imagenet,rope,1213,random_09,gaussian random,3.564861568681734,0.0001,0.029758436816345,0.0296699319872122,0.0017329426482319,0.0584073684084912,0.0288234191874518,-0.0048433132469654,6.036572332875486e-06,imagenet_seeds_1011_1213.json
imagenet,rope,1213,random_10,gaussian random,3.516629736713359,0.0001,0.0303062675146026,0.0305951937242973,0.0015802555717527,0.0516504515706928,0.0301630992170984,0.0115766292437911,4.664095764971505e-05,imagenet_seeds_1011_1213.json
imagenet,rope,1213,random_11,gaussian random,2.840974465772554,0.0001,0.029950570220517,0.0306382621537242,-0.0024532200768589,-0.080070470856024,0.0305103566348044,0.0037304684519767,-9.096803743306828e-05,imagenet_seeds_1011_1213.json
imagenet,rope,1213,random_12,gaussian random,2.7074413810492923,0.0001,0.0299993102738195,0.030847016601793,0.0072043137624859,0.2335497742127582,0.0309493540164098,0.0060395747423172,0.0001961660864889,imagenet_seeds_1011_1213.json
imagenet,rope,1213,random_13,gaussian random,3.752726871617952,0.0001,0.0300380506365992,0.0309813290081193,-0.0035856226459145,-0.1157349526540603,0.0297066190255131,-0.0211456511169672,-0.0001690693760568,imagenet_seeds_1011_1213.json
imagenet,rope,1213,random_14,gaussian random,3.1284542934032182,0.0001,0.0299635439133376,0.0308769808762769,0.0070728976279497,0.2290670080825121,0.0309946488576749,0.0210131723433733,0.0001977637969912,imagenet_seeds_1011_1213.json
imagenet,rope,1213,random_15,gaussian random,3.3786831538394817,0.0001,0.0301566572196607,0.0326449833959276,-0.0004668552428483,-0.0143009796386245,0.0299342230777501,0.0063732457347214,9.91771069106108e-06,imagenet_seeds_1011_1213.json
imagenet,rope,1213,random_16,gaussian random,2.8714723535771154,0.0001,0.030015894660418,0.0304545854834635,0.0055415704846382,0.1819617767461397,0.0298548597526011,0.0054199239239096,0.0001712858827284,imagenet_seeds_1011_1213.json
imagenet,rope,1213,random_17,gaussian random,3.0016494768452167,0.0001,0.0300167372118875,0.0310790225281873,0.0025497232563793,0.0820400079850282,0.0295056893916265,0.0150138763710856,6.064906232447288e-05,imagenet_seeds_1011_1213.json
imagenet,rope,1213,random_18,gaussian random,3.5726096127099143,0.0001,0.0300199395927015,0.031358284635246,0.0024567949585616,0.0783459614305647,0.0300288338804902,0.0088874530047178,0.0001042569322605,imagenet_seeds_1011_1213.json
imagenet,rope,1213,random_19,gaussian random,2.845197001082935,0.0001,0.0299462539505457,0.0312496202474629,-0.000784358009696,-0.0250997613246095,0.0299571161036873,-0.0051126275211572,2.7967370462275823e-06,imagenet_seeds_1011_1213.json
imagenet,rope,1213,random_20,gaussian random,2.796480144520994,0.0001,0.0298874239785789,0.0306739679853572,0.0010493667796254,0.0342103369256416,0.0293715821821612,0.0176084227859973,2.49966282324293e-05,imagenet_seeds_1011_1213.json
imagenet,rope,1213,random_21,gaussian random,2.850839686321496,0.0001,0.0299957972684075,0.0313971198200354,-0.0032014185562729,-0.1019653577978851,0.0295609756396388,0.0078740753233432,-0.0001387115264221,imagenet_seeds_1011_1213.json
imagenet,rope,1213,random_22,gaussian random,3.6307064254221446,0.0001,0.0298422448644942,0.0301095888791249,0.003857044968754,0.1281002203065002,0.0293320769112255,0.0147740161046385,0.0001160420619666,imagenet_seeds_1011_1213.json
imagenet,rope,1213,random_23,gaussian random,3.151860183233146,0.0001,0.0298465483157979,0.0303588017134266,-0.0005831979215145,-0.0192101759160205,0.0299759366817892,0.0121914446353912,1.0124279169951704e-05,imagenet_seeds_1011_1213.json
imagenet,rope,1213,random_24,gaussian random,3.475048792355768,0.0001,0.0301581945139617,0.0309883734052859,-0.0028548762202262,-0.0921273337870425,0.0302660076896226,0.0097294570878148,-8.007507326805941e-05,imagenet_seeds_1011_1213.json
imagenet,rope,1213,random_25,gaussian random,2.8838869205241147,0.0001,0.0299316791677225,0.0309380650496187,0.0049075623974204,0.1586253823420958,0.0305732560989456,-0.0057219322770833,0.0001695889478964,imagenet_seeds_1011_1213.json
imagenet,rope,1213,random_26,gaussian random,3.640641049357653,0.0001,0.0299541998088667,0.0310726079205421,0.0003266283310949,0.0105117771874901,0.0297068789955324,-0.0217715129256248,6.116667870720929e-06,imagenet_seeds_1011_1213.json
imagenet,rope,1213,random_27,gaussian random,2.8944853265929145,0.0001,0.0305327824036964,0.032311856299083,0.0047470056451857,0.1469121922692016,0.0300953038649521,0.0041406424716115,7.882230928591438e-05,imagenet_seeds_1011_1213.json
imagenet,rope,1213,random_28,gaussian random,3.047298942249207,0.0001,0.0299418205315781,0.0312736770088756,-0.000631480012089,-0.0201920615829662,0.0303772574896216,-0.0167905371636152,-6.839475066712247e-06,imagenet_seeds_1011_1213.json
imagenet,rope,1213,random_29,gaussian random,3.209716111869459,0.0001,0.0299739691614382,0.0306265266046651,0.0025534280575811,0.0833730866885909,0.0290505898311987,-0.0063570286147296,5.336323723839485e-05,imagenet_seeds_1011_1213.json
imagenet,rope,1213,random_30,gaussian random,3.4743787113676734,0.0001,0.0300698004543985,0.0306303932095224,0.0070928013883531,0.2315608990010638,0.0302350529742526,-0.0093354284763336,0.0002319464861745,imagenet_seeds_1011_1213.json
imagenet,rope,1213,random_31,gaussian random,3.1592032612711214,0.0001,0.029981505400712,0.0309083217068444,0.0010585547424852,0.0342482116151546,0.02986377764092,0.0115969814360141,6.968654100641335e-06,imagenet_seeds_1011_1213.json
imagenet,rope,1213,task_gradient,held-out task-gradient ascent,3.795099013925936,0.0001,0.0295541780035449,0.0324792793435013,0.009575362317264,0.2948144943733174,0.014595829398381,1.0,0.0001760505698662,imagenet_seeds_1011_1213.json
imagenet,alibi,42,random_00,gaussian random,4.73521909718034,0.0001,0.0307488331689483,0.0307191338963061,0.0148801994509994,0.4843951493303261,0.0063355040990318,-0.394356369972229,-4.3850331458328336e-05,imagenet_seeds_42_123.json
imagenet,alibi,42,random_01,gaussian random,4.54302321676574,0.0001,0.0299872496855042,0.0300109734206436,0.0837090630084276,2.7892818348520008,0.0066035321785913,0.4300571978092193,4.148386630995786e-05,imagenet_seeds_42_123.json
imagenet,alibi,42,random_02,gaussian random,4.462412731962641,0.0001,0.0303278292375518,0.0304048986104083,0.0016594748012721,0.0545791920747953,0.0067228205461859,-0.0727679803967475,-6.538774676774423e-06,imagenet_seeds_42_123.json
imagenet,alibi,42,random_03,gaussian random,4.420048137422807,0.0001,0.0296735587102692,0.029676285137115,0.032664081081748,1.1006795807099277,0.0067872563979568,0.2524934113025665,5.330327496411558e-05,imagenet_seeds_42_123.json
imagenet,alibi,42,random_04,gaussian random,4.354289507401102,0.0001,0.0299603147600333,0.0299593933084238,-0.0487178652547299,-1.626129900335187,0.0068897577777059,-0.1012257486581802,-8.586144114158028e-05,imagenet_seeds_42_123.json
imagenet,alibi,42,random_05,gaussian random,4.568145580884528,0.0001,0.0304352900471837,0.0304531132710864,-0.0141100510954856,-0.4633368999051535,0.0065672162738279,-0.5300902724266052,-9.108298571717906e-05,imagenet_seeds_42_123.json
imagenet,alibi,42,random_06,gaussian random,4.488066842965016,0.0001,0.0295019058221233,0.0295539625543288,0.0187182435765862,0.6333581678658702,0.0066843924232154,0.0864652618765831,7.68856660795516e-05,imagenet_seeds_42_123.json
imagenet,alibi,42,random_07,gaussian random,4.483743221767093,0.0001,0.0295639060518184,0.0295591841628361,0.1770817688666284,5.990752921025056,0.0066908381047246,0.5991272926330566,0.0001067639594464,imagenet_seeds_42_123.json
imagenet,alibi,42,random_08,gaussian random,4.598594693054166,0.0001,0.0294952856359257,0.029515910929655,0.0210715970024466,0.7139063758752472,0.0065237321404542,0.1986610442399978,1.7745609573909375e-06,imagenet_seeds_42_123.json
imagenet,alibi,42,random_09,gaussian random,4.381645433708557,0.0001,0.0297395759895888,0.0297680351849597,0.1256997371092438,4.222641377847922,0.0068467429539611,0.419710636138916,6.722845091370125e-05,imagenet_seeds_42_123.json
imagenet,alibi,42,random_10,gaussian random,4.4201593789241045,0.0001,0.0301836467073711,0.0302541471543602,0.0060500483959913,0.1999741842043426,0.0067870855840728,0.1006684005260467,-2.493472385020331e-05,imagenet_seeds_42_123.json
imagenet,alibi,42,random_11,gaussian random,4.505986485554367,0.0001,0.0299805051383558,0.029993435953221,0.0151181425899267,0.5040483729008428,0.0066578095820252,-0.0169772580265998,-1.8640223177077776e-06,imagenet_seeds_42_123.json
imagenet,alibi,42,random_12,gaussian random,4.391629733332582,0.0001,0.0298222220692799,0.0298116452369336,0.0787403439171612,2.641261268586739,0.0068311769938843,0.4046307206153869,8.293848152701612e-05,imagenet_seeds_42_123.json
imagenet,alibi,42,random_13,gaussian random,4.491320998185864,0.0001,0.0303415478851811,0.0304387122530226,0.0504409079439938,1.657130154676138,0.00667954929343,0.1557893455028534,-2.416304771186019e-05,imagenet_seeds_42_123.json
imagenet,alibi,42,random_14,gaussian random,4.453342282688312,0.0001,0.0294779213331603,0.0295291631244483,0.0580819477327168,1.9669351104850143,0.0067365134085067,0.3871410191059112,9.37241139578584e-05,imagenet_seeds_42_123.json
imagenet,alibi,42,random_15,gaussian random,4.346257930510188,0.0001,0.029836332770939,0.0298443767611703,0.0031866142526268,0.1067743608160349,0.0069024895622056,-0.1087545827031135,4.63523630749739e-05,imagenet_seeds_42_123.json
imagenet,alibi,42,random_16,gaussian random,4.42014364334701,0.0001,0.0298174778288482,0.0298683530836253,-0.0328200729563832,-1.098824326352834,0.0067871097458913,-0.2903529107570648,-2.0159058103472217e-05,imagenet_seeds_42_123.json
imagenet,alibi,42,random_17,gaussian random,4.374647583897566,0.0001,0.0301752918400499,0.0301923743562775,-0.0111465635709464,-0.3691847298729885,0.0068576952599394,-0.018104450777173,-5.569681782574836e-05,imagenet_seeds_42_123.json
imagenet,alibi,42,random_18,gaussian random,4.483346081842156,0.0001,0.030510189114509,0.0306307309920182,-0.0218041283078491,-0.7118383271209193,0.0066914307868183,-0.0163928773254156,-7.253406932498365e-05,imagenet_seeds_42_123.json
imagenet,alibi,42,random_19,gaussian random,4.386130705846347,0.0001,0.0298875035636955,0.0298892665751057,0.0975727392360568,3.264474188112845,0.0068397414513918,0.1272072941064834,7.710806286931652e-05,imagenet_seeds_42_123.json
imagenet,alibi,42,random_20,gaussian random,4.348254424489524,0.0001,0.0299701488344665,0.0299739035405361,-0.0058183092623949,-0.1941124970435142,0.006899320295298,0.0843240842223167,-1.011936809938773e-05,imagenet_seeds_42_123.json
imagenet,alibi,42,random_21,gaussian random,4.53906690973966,0.0001,0.0303951597460794,0.0303866326323858,-0.0021105511114001,-0.0694565645668391,0.0066092878991556,-0.5757301449775696,4.522988552890581e-06,imagenet_seeds_42_123.json
imagenet,alibi,42,random_22,gaussian random,4.453703645505007,0.0001,0.0295883563149238,0.0295795963678343,0.0845306771807372,2.857735992390286,0.0067359668239888,0.3761363327503204,1.1221971448548504e-05,imagenet_seeds_42_123.json
imagenet,alibi,42,random_23,gaussian random,4.4513899057226,0.0001,0.0295185770141427,0.0295245687033298,0.073962208814919,2.505107172203244,0.006739468039282,0.2591260373592376,4.62255498688013e-05,imagenet_seeds_42_123.json
imagenet,alibi,42,random_24,gaussian random,4.4436555992964175,0.0001,0.0297254381843584,0.029737511266957,0.0122854877263307,0.4131309986246844,0.0067511982712499,0.2405524849891662,4.482560283451583e-06,imagenet_seeds_42_123.json
imagenet,alibi,42,random_25,gaussian random,4.3534447909907765,0.0001,0.029960513196534,0.0299570407553147,-0.0143246226944029,-0.4781721536317485,0.0068910946251307,-0.0860233902931213,-6.714861394073435e-06,imagenet_seeds_42_123.json
imagenet,alibi,42,random_26,gaussian random,4.433149636329675,0.0001,0.0297353991617461,0.0297565210000942,0.0077769625931978,0.2613532204646236,0.0067671976948736,0.0302781220525503,4.0700894552664135e-05,imagenet_seeds_42_123.json
imagenet,alibi,42,random_27,gaussian random,4.497450571214599,0.0001,0.0299088018879928,0.0299264048820743,-0.0172213008627295,-0.575455051503529,0.0066704457391953,0.0136706009507179,-9.319215433073406e-05,imagenet_seeds_42_123.json
imagenet,alibi,42,random_28,gaussian random,4.413866601456322,0.0001,0.0299384410640778,0.0299390357172033,0.0563939549028873,1.883626294299208,0.0067967618210531,0.1934476792812347,0.0001034784778425,imagenet_seeds_42_123.json
imagenet,alibi,42,random_29,gaussian random,4.372383264017496,0.0001,0.0298782240662703,0.0298657358448085,0.0698547628708183,2.338960045511852,0.0068612466447954,0.3503954708576202,3.802174266636438e-05,imagenet_seeds_42_123.json
imagenet,alibi,42,random_30,gaussian random,4.515134225728453,0.0001,0.0298384371762609,0.0298241282715898,-0.0146235940046608,-0.4903276257227986,0.0066443207444536,-0.0633075684309005,-1.2070452904110824e-05,imagenet_seeds_42_123.json
imagenet,alibi,42,random_31,gaussian random,4.555051621125214,0.0001,0.0294803445892463,0.0294730025531451,0.00956841558218,0.3246501799376035,0.0065860944057949,0.0953900218009948,-5.540482064946171e-05,imagenet_seeds_42_123.json
imagenet,alibi,42,task_gradient,held-out task-gradient ascent,4.725191656532772,0.0001,0.0290909768887182,0.029050616682693,0.13247393630445,4.560107544407882,0.0063489488216893,1.0,0.0001480306942489,imagenet_seeds_42_123.json
imagenet,alibi,123,random_00,gaussian random,4.458010757188882,0.0001,0.0300646366284353,0.0300443011188948,-0.1096968268975615,-3.651169200556752,0.0067294588627052,0.0165400560945272,-3.739788877069179e-05,imagenet_seeds_42_123.json
imagenet,alibi,123,random_01,gaussian random,4.327138424478577,0.0001,0.0300848575721593,0.0301158033986463,-0.110258724540472,-3.6611583320877945,0.0069329882839639,-0.6354297995567322,-0.0001462299217961,imagenet_seeds_42_123.json
imagenet,alibi,123,random_02,gaussian random,4.587736154339555,0.0001,0.0296051401066153,0.0296641059367518,0.0627348776906728,2.1148413447697605,0.0065391729146461,0.3836409151554107,9.292917473432424e-05,imagenet_seeds_42_123.json
imagenet,alibi,123,random_03,gaussian random,4.389617648418177,0.0001,0.0299300790929569,0.0298940199384044,-0.0322969546541571,-1.080381786079753,0.0068343082251846,0.2562215626239776,-6.963246367367323e-06,imagenet_seeds_42_123.json
imagenet,alibi,123,random_04,gaussian random,4.408966754728412,0.0001,0.0299034749775379,0.0298877864168764,0.0155702270567417,0.520956180547042,0.0068043153121593,0.4563562572002411,3.7142539983263e-05,imagenet_seeds_42_123.json
imagenet,alibi,123,random_05,gaussian random,4.417125316263898,0.0001,0.0299082539048409,0.0298816358163221,0.1162107419222593,3.889035481075696,0.0067917475398625,0.1386509388685226,0.0001041968205722,imagenet_seeds_42_123.json
imagenet,alibi,123,random_06,gaussian random,4.391719700555275,0.0001,0.0299279813027529,0.0299222302906547,0.0356460590846836,1.191290179188835,0.0068310370527989,0.5201698541641235,6.029214112655319e-05,imagenet_seeds_42_123.json
imagenet,alibi,123,random_07,gaussian random,4.44922301161776,0.0001,0.0300893045193723,0.0300346535438588,-0.0281717265024781,-0.9379740792195131,0.0067427503457714,-0.2001911103725433,1.666287382915781e-05,imagenet_seeds_42_123.json
imagenet,alibi,123,random_08,gaussian random,4.646834646933812,0.0001,0.0292622690597423,0.0292168693448677,0.0066659301519393,0.2281534709710547,0.0064560076437829,0.1238639876246452,2.770911470822268e-05,imagenet_seeds_42_123.json
imagenet,alibi,123,random_09,gaussian random,4.571867081864241,0.0001,0.0296383627320742,0.0296056259113496,0.1329867336899042,4.491941298188273,0.0065618705580931,0.3580799698829651,0.0001271007148134,imagenet_seeds_42_123.json
imagenet,alibi,123,random_10,gaussian random,4.560559734715566,0.0001,0.0303429509372059,0.0304174263338083,0.0019060354679822,0.0626626147480391,0.0065781399093703,-0.1021840050816536,4.539471594839732e-05,imagenet_seeds_42_123.json
imagenet,alibi,123,random_11,gaussian random,4.474440033895464,0.0001,0.0301594869397608,0.0301209231904712,-0.0939982365816831,-3.120695736557617,0.0067047495938574,-0.3063884377479553,-6.678747784781714e-05,imagenet_seeds_42_123.json
imagenet,alibi,123,random_12,gaussian random,4.317951238986674,0.0001,0.0299185746254409,0.0299144645726465,0.0625463305041194,2.09083904384206,0.00694773941149,0.3029895722866058,7.606164894813496e-05,imagenet_seeds_42_123.json
imagenet,alibi,123,random_13,gaussian random,4.675518460561713,0.0001,0.0305106034109518,0.0304885396603031,-0.1150916242040693,-3.774914295220294,0.0064164007164236,-0.2301521897315979,-4.5016678203644005e-05,imagenet_seeds_42_123.json
imagenet,alibi,123,random_14,gaussian random,4.390354369637205,0.0001,0.0299340631051176,0.0299237326361633,0.0507436227053403,1.695765141412063,0.0068331613975112,0.1814734786748886,8.45522442431955e-05,imagenet_seeds_42_123.json
imagenet,alibi,123,random_15,gaussian random,4.453605411369666,0.0001,0.0297440193135647,0.029763466959661,-0.0291219539940357,-0.9784462957055772,0.0067361154006622,-0.1625602692365646,-9.324886505752332e-06,imagenet_seeds_42_123.json
imagenet,alibi,123,random_16,gaussian random,4.501289000785694,0.0001,0.0298287278394872,0.0298087511836147,-0.0597491939552128,-2.004417883432019,0.0066647575827198,0.04341671615839,-4.765800286571171e-05,imagenet_seeds_42_123.json
imagenet,alibi,123,random_17,gaussian random,4.431636175486305,0.0001,0.0301966749162627,0.030148319941911,-0.0570621648803353,-1.892714585432325,0.0067695087800631,-0.0766253471374511,-5.0429251366072415e-05,imagenet_seeds_42_123.json
imagenet,alibi,123,random_18,gaussian random,4.515877903006506,0.0001,0.0301826748058143,0.030179121469137,-0.1613872237503528,-5.347644858230781,0.0066432265540277,-0.0423789024353027,-3.655890606609362e-05,imagenet_seeds_42_123.json
imagenet,alibi,123,random_19,gaussian random,4.535433160451431,0.0001,0.0295660785300816,0.0295801073452816,0.0650198943912983,2.198095281816806,0.00661458320268,-0.1414191871881485,4.056742343385649e-05,imagenet_seeds_42_123.json
imagenet,alibi,123,random_20,gaussian random,4.400451120625127,0.0001,0.0301571557296909,0.0301407294909431,-0.0473570032045245,-1.571196318216337,0.0068174828392908,0.250533789396286,-1.1478676321755514e-05,imagenet_seeds_42_123.json
imagenet,alibi,123,random_21,gaussian random,4.30451620533534,0.0001,0.0299680829946299,0.0299634241745165,-0.0081079108640551,-0.2705936016134902,0.0069694243368896,-0.0736659988760948,-1.5770508069275558e-05,imagenet_seeds_42_123.json
imagenet,alibi,123,random_22,gaussian random,4.398604118435974,0.0001,0.029975534176472,0.0299326843067204,0.0218238146044313,0.7290964746363077,0.0068203455442285,0.3409019112586975,9.11347509748328e-05,imagenet_seeds_42_123.json
imagenet,alibi,123,random_23,gaussian random,4.3712882770066335,0.0001,0.0297760769632058,0.0297479874654598,0.0477744950912892,1.6059740225035326,0.0068629653545849,0.6366196870803833,0.0001061739230166,imagenet_seeds_42_123.json
imagenet,alibi,123,random_24,gaussian random,4.478526928066061,0.0001,0.0296906243850848,0.0297135266084071,0.037624716758728,1.2662487780256446,0.0066986311530239,-0.100439429283142,1.996816076793755e-05,imagenet_seeds_42_123.json
imagenet,alibi,123,random_25,gaussian random,4.398301102678809,0.0001,0.029869236526293,0.0298589421492609,0.0773204658180475,2.5895246198452937,0.0068208154238754,-0.0109097557142376,6.199991320390426e-05,imagenet_seeds_42_123.json
imagenet,alibi,123,random_26,gaussian random,4.402105823956876,0.0001,0.0300833880320197,0.0300631270891639,-0.0367006389424204,-1.220785809592277,0.0068149202222117,0.1543593555688858,-9.71190127293565e-06,imagenet_seeds_42_123.json
imagenet,alibi,123,random_27,gaussian random,4.337914340992525,0.0001,0.0299606549358138,0.0299270442440055,-0.0814966224133968,-2.7231764603589514,0.0069157658823516,-0.2622252404689789,-8.981071229351106e-05,imagenet_seeds_42_123.json
imagenet,alibi,123,random_28,gaussian random,4.568276489617436,0.0001,0.0302521055255006,0.0302487161663034,-0.1101819756440818,-3.642533952129276,0.0065670280833882,0.0664388760924339,-2.03319439031663e-05,imagenet_seeds_42_123.json
imagenet,alibi,123,random_29,gaussian random,4.470844341887721,0.0001,0.0299034771342592,0.0298663732609745,-0.0228546671569347,-0.7652307482140194,0.0067101419118817,-0.2033823430538177,-6.337304420002247e-05,imagenet_seeds_42_123.json
imagenet,alibi,123,random_30,gaussian random,4.550545693831781,0.0001,0.0295399510516215,0.0294504689210191,0.0628665145486593,2.134652413082321,0.006592615923111,-0.0605687238276004,4.331941999403043e-05,imagenet_seeds_42_123.json
imagenet,alibi,123,random_31,gaussian random,4.405472534484292,0.0001,0.0300114644520472,0.0300175974940703,0.0434414651244878,1.447199934407449,0.0068097121852813,0.217396467924118,8.892876204235944e-05,imagenet_seeds_42_123.json
imagenet,alibi,123,task_gradient,held-out task-gradient ascent,4.558021335213641,0.0001,0.0293660577189565,0.0293362125563699,0.1629738751798868,5.555382272566029,0.0065818033294909,1.0,0.0002016006452733,imagenet_seeds_42_123.json
imagenet,alibi,456,random_00,gaussian random,4.353036504745969,0.0001,0.0299649295245674,0.0299831067861674,-0.007656782399863,-0.2553698805954101,0.0068917409645639,0.207455113530159,-1.1021086097141667e-05,imagenet_seeds_456_789.json
imagenet,alibi,456,random_01,gaussian random,4.3862695592798575,0.0001,0.0300171985503702,0.0300142926452357,0.0030633239075541,0.1020621723044471,0.00683952492991,0.0888959020376205,-3.3274926669434506e-05,imagenet_seeds_456_789.json
imagenet,alibi,456,random_02,gaussian random,4.38610434598431,0.0001,0.0298901436883688,0.0299059956849818,0.038515243679285,1.2878769891158153,0.0068397825572632,0.2887434363365173,2.6027511784912487e-05,imagenet_seeds_456_789.json
imagenet,alibi,456,random_03,gaussian random,4.341554617065697,0.0001,0.0299448745843686,0.0299206048744522,0.0395035939291119,1.320280592416837,0.0069099671997852,0.2370293289422989,5.846959854136775e-05,imagenet_seeds_456_789.json
imagenet,alibi,456,random_04,gaussian random,4.414170341050717,0.0001,0.0299808368373679,0.029999546030792,0.0744688101112842,2.482331233774275,0.0067962941350512,0.349954754114151,9.979023286159312e-05,imagenet_seeds_456_789.json
imagenet,alibi,456,random_05,gaussian random,4.407680465722972,0.0001,0.0299135830629642,0.0299092625230875,0.0137769486755132,0.4606248203170697,0.0068063010087277,-0.4382270276546478,1.048160046354855e-07,imagenet_seeds_456_789.json
imagenet,alibi,456,random_06,gaussian random,4.4276258802521244,0.0001,0.0299032842985172,0.0298960240597516,0.0478956839069724,1.6020753733421484,0.0067756402215021,0.5028099417686462,3.5406933803435204e-05,imagenet_seeds_456_789.json
imagenet,alibi,456,random_07,gaussian random,4.395430014036539,0.0001,0.0298517039238897,0.0298460789600137,-0.0152292479760944,-0.5102595887552891,0.0068252707708226,-0.1165605559945106,-6.468751290705853e-05,imagenet_seeds_456_789.json
imagenet,alibi,456,random_08,gaussian random,4.372537945447873,0.0001,0.0298889196612263,0.0298993359565546,-0.0085522793233394,-0.2860357613214685,0.0068610039236439,0.2198492288589477,-4.66654922743168e-05,imagenet_seeds_456_789.json
imagenet,alibi,456,random_09,gaussian random,4.416760106152496,0.0001,0.029904601615631,0.0299059231682374,-0.0320099806413054,-1.0703558777046116,0.0067923091313495,0.2123508155345916,-2.506295807866442e-05,imagenet_seeds_456_789.json
imagenet,alibi,456,random_10,gaussian random,4.416960206643744,0.0001,0.0299911336937722,0.0300246303212566,-0.0020934510976076,-0.0697244587263245,0.0067920014209943,-0.115554504096508,4.470232617144491e-05,imagenet_seeds_456_789.json
imagenet,alibi,456,random_11,gaussian random,4.417678687433678,0.0001,0.0298444568712,0.0298440328897193,0.0324634481221437,1.0877701496343928,0.0067908967859832,0.350582093000412,-1.0845887261804836e-05,imagenet_seeds_456_789.json
imagenet,alibi,456,random_12,gaussian random,4.476816377204859,0.0001,0.0295425505625097,0.029513163417943,0.0480980733409523,1.6297159562268506,0.0067011906391235,0.4149798154830932,-1.5750165586568725e-05,imagenet_seeds_456_789.json
imagenet,alibi,456,random_13,gaussian random,4.473505382180895,0.0001,0.0296264777082901,0.0296430803382226,0.0886005111970007,2.988910402902921,0.0067061504205399,0.3575648367404938,-1.2933839706239229e-05,imagenet_seeds_456_789.json
imagenet,alibi,456,random_14,gaussian random,4.411244441821877,0.0001,0.0299161034337495,0.0299267072534818,0.0029555414803326,0.0987593274227904,0.006800801994915,-0.3844207525253296,1.884403412736416e-05,imagenet_seeds_456_789.json
imagenet,alibi,456,random_15,gaussian random,4.382110487313606,0.0001,0.0298504229893605,0.0298706776692605,0.0445525776594877,1.491515463853571,0.0068460163400378,0.2452228665351867,-8.844912702066682e-06,imagenet_seeds_456_789.json
imagenet,alibi,456,random_16,gaussian random,4.398144461436757,0.0001,0.0298612470233504,0.0298697460661244,0.0333357835188508,1.1160383970139351,0.0068210583492748,0.5323315262794495,1.95856346886538e-06,imagenet_seeds_456_789.json
imagenet,alibi,456,random_17,gaussian random,4.47000005658504,0.0001,0.0296220433618325,0.0296266378581101,-0.0130985490977764,-0.4421206739863246,0.0067114093110144,-0.0130691137164831,-4.377534708799084e-05,imagenet_seeds_456_789.json
imagenet,alibi,456,random_18,gaussian random,4.358190637671585,0.0001,0.0298893890105041,0.0298985559221042,-0.0032839328050613,-0.1098358333297795,0.0068835905755668,-0.1460208594799041,-3.689954591463828e-05,imagenet_seeds_456_789.json
imagenet,alibi,456,random_19,gaussian random,4.465861126919645,0.0001,0.0297559017597342,0.0297345335519971,0.073452616110444,2.4702797500420366,0.0067176293994373,0.4777765572071075,-1.9604405650627432e-05,imagenet_seeds_456_789.json
imagenet,alibi,456,random_20,gaussian random,4.370601076119852,0.0001,0.0299358219751703,0.0299546308681502,-0.0036470429040491,-0.12175222322392,0.0068640444363395,0.1194357573986053,1.5922031011970926e-05,imagenet_seeds_456_789.json
imagenet,alibi,456,random_21,gaussian random,4.421312889703447,0.0001,0.0299711236643371,0.0299798138461794,0.015678284689784,0.5229613756184828,0.0067853148484164,0.2477753758430481,4.36922206872944e-05,imagenet_seeds_456_789.json
imagenet,alibi,456,random_22,gaussian random,4.49758527244959,0.0001,0.0296472780647981,0.0296234988331617,-0.0202760696411132,-0.6844589747925196,0.0066702459614869,0.0415186025202274,-2.6946800971896907e-05,imagenet_seeds_456_789.json
imagenet,alibi,456,random_23,gaussian random,4.39305987077475,0.0001,0.0299668606247897,0.0299334125553908,0.0442884415388107,1.4795654005989582,0.0068289531402879,0.0709834918379783,1.1343380532493878e-05,imagenet_seeds_456_789.json
imagenet,alibi,456,random_24,gaussian random,4.438521007376503,0.0001,0.0297438500099029,0.0297047859131703,0.0160908307880163,0.5416915252327094,0.0067590082259703,0.0312033910304307,-4.275678070633164e-05,imagenet_seeds_456_789.json
imagenet,alibi,456,random_25,gaussian random,4.465386930925889,0.0001,0.0299502253421755,0.0299332641747357,0.0433025490492582,1.4466363840735557,0.0067183427694091,0.0738076120615005,1.1103081821656284e-05,imagenet_seeds_456_789.json
imagenet,alibi,456,random_26,gaussian random,4.394428803221269,0.0001,0.0299702931163147,0.0299616646369398,0.0201971898786723,0.6741010595843597,0.0068268258159078,0.1848469376564026,-5.8473638391383024e-05,imagenet_seeds_456_789.json
imagenet,alibi,456,random_27,gaussian random,4.445049967265268,0.0001,0.0297916752367007,0.0297777319552978,0.033290920779109,1.11798040324512,0.0067490804874926,0.1651316285133361,-1.1601103023291956e-05,imagenet_seeds_456_789.json
imagenet,alibi,456,random_28,gaussian random,4.368230699748038,0.0001,0.029943260600071,0.0299558468900919,-0.0405909842811524,-1.355027098051372,0.0068677691408859,0.1770466864109039,-2.5652740170448547e-05,imagenet_seeds_456_789.json
imagenet,alibi,456,random_29,gaussian random,4.355038199410116,0.0001,0.0299388839548565,0.0299244864852888,0.0100717991590499,0.3365738344081991,0.0068885733319316,0.1019992083311081,-2.6316515446509616e-05,imagenet_seeds_456_789.json
imagenet,alibi,456,random_30,gaussian random,4.439312284554321,0.0001,0.0302162641798383,0.0302311765815434,0.0632326528429985,2.091637177019534,0.0067578034787908,-0.3182590007781982,-4.981516097573801e-05,imagenet_seeds_456_789.json
imagenet,alibi,456,random_31,gaussian random,4.3947311207184345,0.0001,0.0300205420353052,0.0300185178091256,0.0011733169667422,0.0390864390508177,0.0068263561924342,-0.1667822003364563,-7.304727217942178e-06,imagenet_seeds_456_789.json
imagenet,alibi,456,task_gradient,held-out task-gradient ascent,4.868797045377254,0.0001,0.0287790505740823,0.0287299202456959,0.1679691793397069,5.846489579617621,0.0061616862893235,1.0,2.3334460625647177e-05,imagenet_seeds_456_789.json
imagenet,alibi,789,random_00,gaussian random,4.410827272768336,0.0001,0.0297132687384809,0.029744018036241,0.0344402715563774,1.1578890086206348,0.0068014452039903,0.4993095099925995,3.052289073557102e-06,imagenet_seeds_456_789.json
imagenet,alibi,789,random_01,gaussian random,4.377668266623151,0.0001,0.029906733787038,0.02989795735052,-0.0332633852958679,-1.1125638084867129,0.0068529633066832,0.2069624662399292,-3.014074274953809e-05,imagenet_seeds_456_789.json
imagenet,alibi,789,random_02,gaussian random,4.429412011145227,0.0001,0.0300310040918383,0.0300537092534592,0.0724024176597595,2.409100888318,0.0067729079897093,-0.2193490415811538,0.0001033031415284,imagenet_seeds_456_789.json
imagenet,alibi,789,random_03,gaussian random,4.65616440323086,0.0001,0.0296081308301047,0.0296528064423281,-0.0123811550438404,-0.4175373777156826,0.0064430714643974,0.6829107403755188,-8.07497565448275e-05,imagenet_seeds_456_789.json
imagenet,alibi,789,random_04,gaussian random,4.397214578712852,0.0001,0.0299890149265454,0.0300221076010028,-0.0718760471791029,-2.39410397612132,0.0068225008043117,0.163094013929367,-0.0001541053007201,imagenet_seeds_456_789.json
imagenet,alibi,789,random_05,gaussian random,4.622210682217335,0.0001,0.0310343726446188,0.0311946091524042,0.0112451277673244,0.3604830473235069,0.0064904008195508,-0.5429349541664124,-0.0001291499620519,imagenet_seeds_456_789.json
imagenet,alibi,789,random_06,gaussian random,4.537379255930839,0.0001,0.0299137618954716,0.0298662184308513,0.0841927360743284,2.818995523964919,0.00661174618824,-0.3246252834796905,7.619963907334029e-05,imagenet_seeds_456_789.json
imagenet,alibi,789,random_07,gaussian random,4.423462935654325,0.0001,0.0301980774729028,0.030187828999132,0.0174981746822595,0.5796433616595181,0.0067820168127083,-0.2370326370000839,4.447145877627482e-05,imagenet_seeds_456_789.json
imagenet,alibi,789,random_08,gaussian random,4.387170937370399,0.0001,0.0298824333417105,0.0298818288723303,-0.0413076495751738,-1.3823668474797908,0.006838119696786,0.2479968518018722,-0.0001020470841507,imagenet_seeds_456_789.json
imagenet,alibi,789,random_09,gaussian random,4.356131360920649,0.0001,0.0297785884147488,0.0298283962230492,0.0443390626460313,1.4864715593314162,0.0068868446597211,0.243301585316658,0.0001003653028691,imagenet_seeds_456_789.json
imagenet,alibi,789,random_10,gaussian random,4.380675563476138,0.0001,0.0297895911677166,0.0297556645568824,-0.0021997764706611,-0.0739279899615738,0.0068482588051315,0.2518247067928314,-3.4732445556302355e-05,imagenet_seeds_456_789.json
imagenet,alibi,789,random_11,gaussian random,4.582468542145473,0.0001,0.030217836361093,0.0302854363671289,-0.0631257612258195,-2.0843602998018804,0.0065466897861025,0.0858645215630531,-0.0002096682373737,imagenet_seeds_456_789.json
imagenet,alibi,789,random_12,gaussian random,4.451578984132657,0.0001,0.0298338484574857,0.029760882257366,-0.0196661725640296,-0.6608061009065741,0.0067391817840215,0.3680021464824676,9.140804948510062e-05,imagenet_seeds_456_789.json
imagenet,alibi,789,random_13,gaussian random,4.473846040242333,0.0001,0.0298616478009942,0.029910542114945,0.0848688492551446,2.83742263610592,0.006705639785131,-0.1274441331624984,0.000151281148625,imagenet_seeds_456_789.json
imagenet,alibi,789,random_14,gaussian random,4.3715569552977085,0.0001,0.0300469072434127,0.0300580421693111,0.0804566498845815,2.676709595102197,0.0068625435529655,-0.2817834317684173,9.217305435852736e-05,imagenet_seeds_456_789.json
imagenet,alibi,789,random_15,gaussian random,4.330029394575743,0.0001,0.0299989455276778,0.0299849485033148,-0.0666275136172771,-2.2220319507939577,0.0069283594327514,0.0542509816586971,-7.359765419567137e-05,imagenet_seeds_456_789.json
imagenet,alibi,789,random_16,gaussian random,4.553879039363884,0.0001,0.0297109148956985,0.0297529532251507,-0.0563344825059175,-1.8934080956473531,0.0065877902642294,0.515509307384491,-9.364793675938944e-05,imagenet_seeds_456_789.json
imagenet,alibi,789,random_17,gaussian random,4.549412111031487,0.0001,0.0297802341585401,0.0298306357050777,-0.1022756937891244,-3.4285455663861484,0.0065942586136031,0.380969762802124,-0.0002287836657455,imagenet_seeds_456_789.json
imagenet,alibi,789,random_18,gaussian random,4.3384087930793775,0.0001,0.0300508884070522,0.0300702082006337,0.0758041571825742,2.5209056311414817,0.0069149776867168,-0.227095365524292,5.9075792154155245e-05,imagenet_seeds_456_789.json
imagenet,alibi,789,random_19,gaussian random,4.411303753279442,0.0001,0.0298366098977723,0.0298541815134911,-0.0654462547972798,-2.192197256109824,0.0068007105558526,0.1691632717847824,-0.0001154401350254,imagenet_seeds_456_789.json
imagenet,alibi,789,random_20,gaussian random,4.386587114876188,0.0001,0.0299833035620131,0.0299879413069101,-0.0370976896956563,-1.2370869115682788,0.0068390298002429,-0.1771074384450912,-7.179858073464423e-05,imagenet_seeds_456_789.json
imagenet,alibi,789,random_21,gaussian random,4.354868469699025,0.0001,0.0301347931681695,0.0301622841928038,0.0366691788658499,1.215729506142592,0.0068888418120406,-0.110313169658184,-2.4004216511064376e-05,imagenet_seeds_456_789.json
imagenet,alibi,789,random_22,gaussian random,4.446928366653027,0.0001,0.0296307428022971,0.029582049041515,0.0517810741439461,1.750422158765179,0.0067462296503281,0.1325405240058899,0.0001738102448023,imagenet_seeds_456_789.json
imagenet,alibi,789,random_23,gaussian random,4.372450264089546,0.0001,0.0299921642402487,0.0299604059422691,0.0051269568502902,0.1711244120046121,0.0068611415083178,-0.0090850470587611,5.2717794391322e-05,imagenet_seeds_456_789.json
imagenet,alibi,789,random_24,gaussian random,4.705012075157161,0.0001,0.0316129577727994,0.0318013427387398,-0.0614022333174943,-1.9308063128634907,0.0063761791725046,-0.4497596025466919,-0.0002756521351528,imagenet_seeds_456_789.json
imagenet,alibi,789,random_25,gaussian random,4.452268729946276,0.0001,0.0298850236878746,0.0298769099650804,-0.0186270801350474,-0.6234607312743651,0.0067381377494619,0.2880339324474334,-3.529423056003664e-05,imagenet_seeds_456_789.json
imagenet,alibi,789,random_26,gaussian random,4.54320636529815,0.0001,0.0299810010153744,0.0299995603558205,0.103097278624773,3.436626317251012,0.0066032659729361,-0.4314223825931549,0.0001978198231189,imagenet_seeds_456_789.json
imagenet,alibi,789,random_27,gaussian random,4.727595423210902,0.0001,0.0302713736080858,0.0302098007400069,-0.0155635401606559,-0.5151818211116205,0.0063457206707473,-0.5898587703704834,-4.193997733533477e-05,imagenet_seeds_456_789.json
imagenet,alibi,789,random_28,gaussian random,4.560027560521541,0.0001,0.0300816396678911,0.030150118105688,-0.01445406768471,-0.4794033520546354,0.0065789076056743,0.021544337272644,-1.963322910457421e-05,imagenet_seeds_456_789.json
imagenet,alibi,789,random_29,gaussian random,4.356314715822736,0.0001,0.0299939789520671,0.030012311687238,0.0319729801267385,1.0653288043897735,0.0068865547961986,0.0648797675967216,6.18763633479399e-05,imagenet_seeds_456_789.json
imagenet,alibi,789,random_30,gaussian random,4.3415476351449485,0.0001,0.0300314706167308,0.0301382876264101,-0.059503705240786,-1.974355875104302,0.0069099783121459,-0.2520891726016998,-0.0001655796159818,imagenet_seeds_456_789.json
imagenet,alibi,789,random_31,gaussian random,4.477462408588389,0.0001,0.0300274329857845,0.0300956497316529,-0.0479014404118061,-1.5916400157138333,0.0067002237567546,0.2514894902706146,-0.0001473815090702,imagenet_seeds_456_789.json
imagenet,alibi,789,task_gradient,held-out task-gradient ascent,4.846438907128516,0.0001,0.0288910913786696,0.0289357589625514,-0.011575830169022,-0.4000527576969199,0.0061901120750482,1.0,-4.022641533320074e-05,imagenet_seeds_456_789.json
imagenet,alibi,1011,random_00,gaussian random,4.383725282652216,0.0001,0.0299594162480416,0.0299375000508843,-0.0591667681001126,-1.9763429811957496,0.0068434945316303,0.2290404587984085,-4.4517620946387774e-05,imagenet_seeds_1011_1213.json
imagenet,alibi,1011,random_01,gaussian random,4.3506014141002645,0.0001,0.0299780719765106,0.0299767510348782,-0.0722814030013978,-2.411248734637642,0.0068955983654972,0.2668333947658539,-0.0001134285192102,imagenet_seeds_1011_1213.json
imagenet,alibi,1011,random_02,gaussian random,4.984268865257572,0.0001,0.0301653893699477,0.0299798862709613,-0.0487924641929566,-1.627506647355675,0.0060189369416069,-0.2145564556121826,-4.689426465678125e-05,imagenet_seeds_1011_1213.json
imagenet,alibi,1011,random_03,gaussian random,4.447831849009683,0.0001,0.0302128257490119,0.0302067057636037,0.0159303364343941,0.5273774823068826,0.0067448592973854,-0.3537559509277344,-9.141726555463462e-06,imagenet_seeds_1011_1213.json
imagenet,alibi,1011,random_04,gaussian random,4.400439537754049,0.0001,0.029754988987841,0.0297642914363148,0.0027296976186335,0.0917104855149703,0.006817500784322,0.3976362347602844,-6.305373004670765e-05,imagenet_seeds_1011_1213.json
imagenet,alibi,1011,random_05,gaussian random,4.545406873992774,0.0001,0.030165119755696,0.0301407703662904,-0.000998503062874,-0.0331279874648064,0.0066000692196884,-0.6500126719474792,7.752871266127739e-06,imagenet_seeds_1011_1213.json
imagenet,alibi,1011,random_06,gaussian random,4.38447039971311,0.0001,0.0301369180310679,0.0301869617433532,0.0465683289803564,1.5426636630832908,0.006842331516701,-0.1993610709905624,4.902935765010912e-06,imagenet_seeds_1011_1213.json
imagenet,alibi,1011,random_07,gaussian random,4.442411666433814,0.0001,0.0302047571673748,0.03025557576276,-0.0251850984059274,-0.8324118041384747,0.0067530886942953,-0.0316070094704628,-0.0001077868656233,imagenet_seeds_1011_1213.json
imagenet,alibi,1011,random_08,gaussian random,4.527259772025344,0.0001,0.0301087694888549,0.0301416115046618,-0.0787397506646812,-2.612327169451536,0.0066265249865657,0.527273952960968,-0.0001964848741432,imagenet_seeds_1011_1213.json
imagenet,alibi,1011,random_09,gaussian random,4.837575933589152,0.0001,0.0300916733172181,0.0299755840667678,-0.1058059972710907,-3.5297393050096204,0.0062014530442196,-0.3026565313339233,-1.6783053639859717e-05,imagenet_seeds_1011_1213.json
imagenet,alibi,1011,random_10,gaussian random,4.319524699932085,0.0001,0.0299441743399071,0.0299510874586629,0.0157611290924251,0.5262289429116002,0.0069452085782659,-0.0364717505872249,2.227840668041973e-05,imagenet_seeds_1011_1213.json
imagenet,alibi,1011,random_11,gaussian random,4.585623273712611,0.0001,0.02957089527572,0.0295842610504676,0.0399763789027929,1.3512718412874145,0.0065421859165747,-0.1165004074573516,3.85700875709981e-05,imagenet_seeds_1011_1213.json
imagenet,alibi,1011,random_12,gaussian random,4.385883038483966,0.0001,0.0297377330828944,0.0298072268708589,0.1630002888850867,5.46848217686578,0.006840127686207,-0.4321942627429962,0.0002237254513404,imagenet_seeds_1011_1213.json
imagenet,alibi,1011,random_13,gaussian random,4.540557975694047,0.0001,0.0301682053383061,0.0303013997169987,-0.0227734358049929,-0.7515638227173145,0.0066071174865715,-0.2352660894393921,-2.538282618189622e-05,imagenet_seeds_1011_1213.json
imagenet,alibi,1011,random_14,gaussian random,4.630312082350315,0.0001,0.0295687257519988,0.0296666760943036,-0.0371094369329512,-1.2508794991049468,0.0064790449253632,0.5958287119865417,-0.0001295663474042,imagenet_seeds_1011_1213.json
imagenet,alibi,1011,random_15,gaussian random,4.789833868744408,0.0001,0.0290302509765413,0.0290175691117201,0.0611584121361374,2.1076338924419296,0.0062632652451188,-0.0555019676685333,9.470874137669742e-05,imagenet_seeds_1011_1213.json
imagenet,alibi,1011,random_16,gaussian random,4.485285356410821,0.0001,0.0301240011454531,0.0301884444416845,-0.0325522110797464,-1.078300378895906,0.0066885376550504,0.2093118876218795,-0.000114994700785,imagenet_seeds_1011_1213.json
imagenet,alibi,1011,random_17,gaussian random,4.686673540497155,0.0001,0.0293351106515622,0.0293783624962708,0.0193796567618846,0.6596574865037039,0.0064011285916914,0.014394998550415,-3.337515101126868e-05,imagenet_seeds_1011_1213.json
imagenet,alibi,1011,random_18,gaussian random,4.376728364313499,0.0001,0.030067502308491,0.0301014376182778,0.0271708727814257,0.902643691839068,0.0068544349803864,-0.1273662894964218,1.1125668626970428e-05,imagenet_seeds_1011_1213.json
imagenet,alibi,1011,random_19,gaussian random,4.237923233680636,0.0001,0.0299273662454935,0.0299506688282988,0.0792009280994534,2.644379280926794,0.0070789389863357,-0.0517275482416152,8.678091934577356e-05,imagenet_seeds_1011_1213.json
imagenet,alibi,1011,random_20,gaussian random,4.635124801338796,0.0001,0.0298281631333859,0.0298783721367231,-0.0747168231755495,-2.500699262786006,0.0064723176366976,0.2847462892532348,-0.0001594381217894,imagenet_seeds_1011_1213.json
imagenet,alibi,1011,random_21,gaussian random,4.367029415086107,0.0001,0.0297095034709073,0.0297636846050342,0.0778006925247609,2.613946947670641,0.0068696583302973,-0.204658955335617,0.0001183285460194,imagenet_seeds_1011_1213.json
imagenet,alibi,1011,random_22,gaussian random,4.473562241420251,0.0001,0.0294250874902135,0.0294208059213349,0.0369794755242764,1.2569157902455776,0.0067060651849734,0.0498436540365219,9.885943965303298e-05,imagenet_seeds_1011_1213.json
imagenet,alibi,1011,random_23,gaussian random,4.560597015136076,0.0001,0.0301755845867463,0.0301707029524822,-0.0264848913066089,-0.8778347441331287,0.006578086136625,-0.3429970443248749,5.269113852030638e-06,imagenet_seeds_1011_1213.json
imagenet,alibi,1011,random_24,gaussian random,4.581244867769849,0.0001,0.0296287129935808,0.0296990958903783,-0.0136756529100239,-0.4604737114052842,0.0065484384410571,-0.1980571150779724,-5.433680249460037e-05,imagenet_seeds_1011_1213.json
imagenet,alibi,1011,random_25,gaussian random,4.49929565921841,0.0001,0.0296830996152343,0.0296436551517727,0.1066431482322514,3.597503333723474,0.0066677102978405,-0.4183176159858703,0.0001198309225053,imagenet_seeds_1011_1213.json
imagenet,alibi,1011,random_26,gaussian random,4.443074744612131,0.0001,0.0301511523153898,0.030221950112995,0.0254947091452777,0.8435825302456366,0.0067520808729088,-0.2099675685167312,-7.437778727231884e-05,imagenet_seeds_1011_1213.json
imagenet,alibi,1011,random_27,gaussian random,4.596342274493989,0.0001,0.0307778570909152,0.0308029278314414,0.006358306389302,0.2064188970638016,0.0065269290684629,-0.2667560577392578,-0.0001222482308561,imagenet_seeds_1011_1213.json
imagenet,alibi,1011,random_28,gaussian random,4.421275079195755,0.0001,0.0297716085883564,0.0297571200334934,0.107998642604798,3.629337868827327,0.0067853728760656,-0.0379512049257755,0.0001182206695302,imagenet_seeds_1011_1213.json
imagenet,alibi,1011,random_29,gaussian random,4.326462485203344,0.0001,0.0298777032823813,0.0298756566791266,0.0409770193509757,1.3715855618198132,0.0069340714504288,0.0727947726845741,1.922596594738007e-05,imagenet_seeds_1011_1213.json
imagenet,alibi,1011,random_30,gaussian random,4.506002425483056,0.0001,0.0303416901236975,0.0304259939178105,-0.0656665861606597,-2.1582396400276798,0.0066577860301049,0.1751894801855087,-0.0001125077735721,imagenet_seeds_1011_1213.json
imagenet,alibi,1011,random_31,gaussian random,4.4214684623160165,0.0001,0.0304191983212704,0.0305199396004909,-0.0682327025569975,-2.2356761989103,0.006785076102134,-0.1724784970283508,-0.0001013773749194,imagenet_seeds_1011_1213.json
imagenet,alibi,1011,task_gradient,held-out task-gradient ascent,4.653608194170253,0.0001,0.0306349967165167,0.0306706555539077,-0.0944683514535427,-3.080089086700541,0.0064466106187414,1.0,-0.0002379601088413,imagenet_seeds_1011_1213.json
imagenet,alibi,1213,random_00,gaussian random,4.79015058711008,0.0001,0.0294763323145646,0.0295863421990897,-0.0092071834951639,-0.3111970865883917,0.0062628511263774,-0.204252615571022,-5.874810048700191e-06,imagenet_seeds_1011_1213.json
imagenet,alibi,1213,random_01,gaussian random,4.439464669488291,0.0001,0.0298546804129567,0.0298051871460143,0.0444949408993124,1.492858967176875,0.0067575715167157,-0.0320831723511219,4.69268584101075e-06,imagenet_seeds_1011_1213.json
imagenet,alibi,1213,random_02,gaussian random,4.551715136613077,0.0001,0.0305001780815134,0.0304871385093913,-0.1692292243242263,-5.550839881942234,0.006590922124868,-0.3399357497692108,-0.0002155864680856,imagenet_seeds_1011_1213.json
imagenet,alibi,1213,random_03,gaussian random,4.768150066637818,0.0001,0.0307551761644663,0.0306626210901841,0.1438973797485232,4.69292495658789,0.006291748284079,-0.1059149503707885,0.0002499523873009,imagenet_seeds_1011_1213.json
imagenet,alibi,1213,random_04,gaussian random,4.383964946044134,0.0001,0.0299813321282738,0.0299585266009467,0.0196490483358502,0.6558749900346991,0.0068431204102282,0.3642760217189789,1.366764164316268e-05,imagenet_seeds_1011_1213.json
imagenet,alibi,1213,random_05,gaussian random,4.682441976514292,0.0001,0.0294150908486213,0.0293380245889703,0.1588183213025331,5.413395193698257,0.0064069133478793,0.4401282370090484,0.0001651740759078,imagenet_seeds_1011_1213.json
imagenet,alibi,1213,random_06,gaussian random,4.750089340558186,0.0001,0.0310701744113972,0.0309226988092952,-0.1780986413359642,-5.759479223800113,0.0063156706851485,-0.1080407574772834,-0.000217034704537,imagenet_seeds_1011_1213.json
imagenet,alibi,1213,random_07,gaussian random,4.831225670062245,0.0001,0.0291068181381762,0.0291316051572535,0.2243164628744125,7.700106522230523,0.0062096043631125,0.1796850562095642,0.0003067209818339,imagenet_seeds_1011_1213.json
imagenet,alibi,1213,random_08,gaussian random,4.530317470872239,0.0001,0.0301752587200578,0.030207335114788,-0.0403177980333566,-1.3347022463301954,0.0066220524704693,0.0615383386611938,-3.588818212732454e-05,imagenet_seeds_1011_1213.json
imagenet,alibi,1213,random_09,gaussian random,4.834853005114396,0.0001,0.0290592973366473,0.0290193758674786,-0.0769469309598207,-2.651570843949594,0.0062049456246685,0.0974031239748001,-0.0001693551198402,imagenet_seeds_1011_1213.json
imagenet,alibi,1213,random_10,gaussian random,4.806454963546694,0.0001,0.0297490141223777,0.0297925994317601,-0.0930154877714812,-3.1221004392225966,0.0062416063871454,0.4882278442382812,-0.000143084942651,imagenet_seeds_1011_1213.json
imagenet,alibi,1213,random_11,gaussian random,5.049780086125542,0.0001,0.0303624979056626,0.0304010507170549,-0.1148416455835104,-3.777555146114884,0.0059408527675147,-0.1565756946802139,-0.0002174595807472,imagenet_seeds_1011_1213.json
imagenet,alibi,1213,random_12,gaussian random,4.525208248317544,0.0001,0.0297046266598367,0.0296861288344106,0.0891680680215358,3.0036947059994112,0.0066295291517586,0.0265002157539129,0.0001010994958592,imagenet_seeds_1011_1213.json
imagenet,alibi,1213,random_13,gaussian random,4.501414130068822,0.0001,0.0299749187740259,0.0299365617845274,0.0470341928303241,1.5711287478120997,0.0066645723173089,0.4104219377040863,-1.3103399544514904e-05,imagenet_seeds_1011_1213.json
imagenet,alibi,1213,random_14,gaussian random,4.649342274620832,0.0001,0.0312344123610279,0.0311209813758415,-0.0235156184062361,-0.7556194363616937,0.0064525255892128,-0.0763690546154975,2.1592427198777088e-05,imagenet_seeds_1011_1213.json
imagenet,alibi,1213,random_15,gaussian random,4.50625080542511,0.0001,0.030617448759006,0.0307353860369065,-0.0964086446911096,-3.136731211878835,0.0066574190597387,-0.4071639776229858,-0.000121257876121,imagenet_seeds_1011_1213.json
imagenet,alibi,1213,random_16,gaussian random,4.484323043353927,0.0001,0.0297703920681299,0.029737386947061,0.109458060003817,3.680823072944375,0.0066899729814206,0.1504620462656021,0.0001231863630739,imagenet_seeds_1011_1213.json
imagenet,alibi,1213,random_17,gaussian random,4.532586861250733,0.0001,0.0300544510568876,0.0300138068606738,-0.0229523414745926,-0.7647261002624229,0.0066187369196321,0.1746189892292022,-7.672575514705888e-05,imagenet_seeds_1011_1213.json
imagenet,alibi,1213,random_18,gaussian random,4.779461330665721,0.0001,0.0290693758162791,0.0290075767570179,0.2109925709664821,7.273705512661805,0.0062768579813619,0.4282623529434204,0.0003132204238146,imagenet_seeds_1011_1213.json
imagenet,alibi,1213,random_19,gaussian random,4.782546104965388,0.0001,0.0310281650821175,0.0309829559384746,0.0466990992426872,1.5072512556717106,0.0062728093658842,0.0503116101026535,0.000133963500409,imagenet_seeds_1011_1213.json
imagenet,alibi,1213,random_20,gaussian random,4.51237778881891,0.0001,0.0297788173767142,0.0298587144895485,-0.0719963824376463,-2.4112351676374844,0.0066483795027836,-0.8037728071212769,-3.474194083161662e-05,imagenet_seeds_1011_1213.json
imagenet,alibi,1213,random_21,gaussian random,4.495714320959225,0.0001,0.029921925099647,0.0299907063425816,0.0312069933861494,1.0405554650722195,0.0066730218733291,0.0477596968412399,1.5581741273300797e-05,imagenet_seeds_1011_1213.json
imagenet,alibi,1213,random_22,gaussian random,4.728234910147802,0.0001,0.0304405281624456,0.0303012226194004,-0.1256186636164784,-4.145663202911519,0.0063448624211994,-0.204463243484497,-0.0001382158986252,imagenet_seeds_1011_1213.json
imagenet,alibi,1213,random_23,gaussian random,4.576589648227252,0.0001,0.029848385007214,0.0297937215614057,-0.1154094114899635,-3.8736151592241113,0.0065550993875145,-0.0905196815729141,-0.0001756304189684,imagenet_seeds_1011_1213.json
imagenet,alibi,1213,random_24,gaussian random,4.807757448803105,0.0001,0.0308925750355065,0.0307943481092126,-0.2148426976054906,-6.976692503557713,0.006239915453195,-0.5784412622451782,-0.0002583231265536,imagenet_seeds_1011_1213.json
imagenet,alibi,1213,random_25,gaussian random,4.479802755674892,0.0001,0.0298876272406664,0.0298793043704174,-0.0031963633373379,-0.106975828409934,0.0066967234131004,0.3661337196826935,-6.078811843434024e-05,imagenet_seeds_1011_1213.json
imagenet,alibi,1213,random_26,gaussian random,4.3819691989808325,0.0001,0.030000322603687,0.0300171187401381,-0.0047204261645674,-0.1572578036364107,0.0068462370769236,0.0695409923791885,-3.360325660453365e-05,imagenet_seeds_1011_1213.json
imagenet,alibi,1213,random_27,gaussian random,4.520568161051441,0.0001,0.0303212141682648,0.0303586320462544,-0.1067857630550861,-3.5174761132974424,0.0066363339587434,-0.2330896109342575,-0.0001140186439,imagenet_seeds_1011_1213.json
imagenet,alibi,1213,random_28,gaussian random,4.355971356594529,0.0001,0.0300080877147122,0.0299833028259756,-0.0689207017421722,-2.298636082295231,0.0068870976285422,-0.0193262416869401,-0.0001051501578586,imagenet_seeds_1011_1213.json
imagenet,alibi,1213,random_29,gaussian random,4.510000658133532,0.0001,0.0299353659193088,0.0298967873249515,0.0004917047917842,0.0164467434724638,0.0066518837299716,0.7307636737823486,-1.169768201772435e-05,imagenet_seeds_1011_1213.json
imagenet,alibi,1213,random_30,gaussian random,4.501170699867018,0.0001,0.0301140284813519,0.0300528860828117,-0.1241055242717266,-4.129570914745077,0.0066649327475819,-0.460086315870285,-0.0001209701544466,imagenet_seeds_1011_1213.json
imagenet,alibi,1213,random_31,gaussian random,4.759511945660617,0.0001,0.0297502775126509,0.0298525726298355,-0.0094588994979858,-0.3168537470881939,0.0063031672874257,0.0009879767894744,-5.875304964192691e-05,imagenet_seeds_1011_1213.json
imagenet,alibi,1213,task_gradient,held-out task-gradient ascent,4.715113921638511,0.0001,0.0294575708154144,0.0294702442204618,0.0316704474389553,1.0746584657403635,0.0063625185941583,1.0,0.000101883404633,imagenet_seeds_1011_1213.json
cifar,learned,42,random_00,gaussian random,8.623260286709066,0.0001,0.0300360794055032,0.0281277597465957,0.0015824139118194,0.0562580854670083,0.0040336699450339,0.0010367366485297,0.0001083344348523,cifar_seeds_42_123.json
cifar,learned,42,random_01,gaussian random,8.439390529845252,0.0001,0.0300671257424496,0.0281375048329037,0.0011585652828216,0.0411751251470897,0.0041052285355949,-0.0001927944540511,5.786384624995043e-05,cifar_seeds_42_123.json
cifar,learned,42,random_02,gaussian random,8.392548033906849,0.0001,0.0300661944512561,0.0282307647809036,-0.0004112720489501,-0.0145682220138929,0.0041227241441926,-0.0003633963351603,2.8479388893322625e-05,cifar_seeds_42_123.json
cifar,learned,42,random_03,gaussian random,8.137339743699133,0.0001,0.030099235486505,0.0285880928467355,0.0020844638347625,0.0729137073234529,0.0042127422664946,0.0007592272013425,-0.0001335284183058,cifar_seeds_42_123.json
cifar,learned,42,random_04,gaussian random,7.708967450121664,0.0001,0.0301089193266355,0.0286852440627492,-0.0031697750091552,-0.1105019361948379,0.0044377164499741,-0.0020731971599161,6.030156215208106e-05,cifar_seeds_42_123.json
cifar,learned,42,random_05,gaussian random,8.092318224805183,0.0001,0.0300710950002649,0.0284115641202351,0.0030458867549896,0.1072058807498139,0.0041998291512029,0.0073058013804256,4.549112127943985e-05,cifar_seeds_42_123.json
cifar,learned,42,random_06,gaussian random,8.394345916779969,0.0001,0.0300651644488383,0.0282800078902618,0.0042994022369384,0.1520297396529005,0.0040085238469084,-0.0077420589514076,8.967450352680949e-05,cifar_seeds_42_123.json
cifar,learned,42,random_07,gaussian random,8.030302135509467,0.0001,0.030082292491142,0.0283301819503826,0.0013175308704376,0.0465062622169224,0.0043298068719512,-0.0032998749520629,-0.0002849538621101,cifar_seeds_42_123.json
cifar,learned,42,random_08,gaussian random,8.188459050815664,0.0001,0.030074317867162,0.0287386294940418,0.002349704504013,0.08176118852502,0.004220908602077,-0.0029070386663079,-3.90964798778975e-05,cifar_seeds_42_123.json
cifar,learned,42,random_09,gaussian random,8.216805782165167,0.0001,0.0301075526337578,0.0282388280724717,0.0001780092716217,0.006303706059078,0.004157268079477,0.0026164255104959,-0.0003466828961138,cifar_seeds_42_123.json
cifar,learned,42,random_10,gaussian random,8.787221989053428,0.0001,0.0300289020387604,0.0281271116091878,-0.0046784877777099,-0.1663337438523802,0.0038772246909571,0.0021971082314848,-0.0001114066353941,cifar_seeds_42_123.json
cifar,learned,42,random_11,gaussian random,8.23225849937087,0.0001,0.0300602236507513,0.0282306832350625,0.0023858845233917,0.0845138781631914,0.0040696060698985,-0.0013939036289229,0.0001753496773767,cifar_seeds_42_123.json
cifar,learned,42,random_12,gaussian random,8.064892048353016,0.0001,0.03004386095474,0.0283495208186382,-0.0015445351600646,-0.0544818788982581,0.0042640188771804,-0.0005871861940249,-0.0001850743213011,cifar_seeds_42_123.json
cifar,learned,42,random_13,gaussian random,8.259381770293414,0.0001,0.0301003011596047,0.0282175724551328,-0.003089964389801,-0.1095049687464858,0.0041545246041916,-0.002754122018814,5.400153344920524e-05,cifar_seeds_42_123.json
cifar,learned,42,random_14,gaussian random,8.446936861285973,0.0001,0.0300479163282158,0.0286572534975189,-0.0074336230754852,-0.2593976103163133,0.0040817017595258,0.0077264755964279,-0.0005832113720935,cifar_seeds_42_123.json
cifar,learned,42,random_15,gaussian random,8.038032569294316,0.0001,0.0300924634182105,0.0288959709781404,-0.00492924451828,-0.1705858758651493,0.0043581448608353,-0.0001647173776291,-0.0003209208548189,cifar_seeds_42_123.json
cifar,learned,42,random_16,gaussian random,7.90753998796421,0.0001,0.0300665900638448,0.0285507535666424,-0.0020918548107147,-0.0732679368981265,0.004327751580562,-0.00232151360251,2.713493805039882e-06,cifar_seeds_42_123.json
cifar,learned,42,random_17,gaussian random,8.148498778408614,0.0001,0.0300750363986513,0.028745392018956,0.0088018476963043,0.3062003012691551,0.004233553741025,-0.0071987709961831,-3.503052501120697e-05,cifar_seeds_42_123.json
cifar,learned,42,random_18,gaussian random,8.12628817625456,0.0001,0.0300613517812353,0.0285199991698743,0.0015590488910675,0.0546651099735769,0.0042692501438212,0.0099438419565558,3.1639208308517726e-05,cifar_seeds_42_123.json
cifar,learned,42,random_19,gaussian random,8.183181849758942,0.0001,0.0300764084989467,0.0282493930991291,0.0013803541660308,0.0488631441102865,0.0042568644193692,0.0019078165059909,-0.0002233719330441,cifar_seeds_42_123.json
cifar,learned,42,random_20,gaussian random,8.840195758536566,0.0001,0.0300569781749828,0.0276854720245687,0.0002393126487731,0.0086439793607572,0.0038601799097781,0.006090949755162,-5.609643012839529e-05,cifar_seeds_42_123.json
cifar,learned,42,random_21,gaussian random,8.3727683330435,0.0001,0.0300663987227847,0.0282736333965824,0.0037439465522766,0.1324183029383539,0.0041311707948776,0.0024982476606965,0.0001553877466709,cifar_seeds_42_123.json
cifar,learned,42,random_22,gaussian random,8.57124961959723,0.0001,0.0300439135844003,0.0284278453264616,-0.0052675008773803,-0.1852937082247734,0.0039411345777882,0.0011854672338813,-0.0004450790920972,cifar_seeds_42_123.json
cifar,learned,42,random_23,gaussian random,8.29706614027573,0.0001,0.0300244246518997,0.0282939698662959,-0.0044436454772949,-0.1570527394456665,0.004099209218033,-1.377203625452239e-05,-0.0001535767684122,cifar_seeds_42_123.json
cifar,learned,42,random_24,gaussian random,8.425483986588914,0.0001,0.0300833976298181,0.0281342637302955,0.0001340806484222,0.0047657422176596,0.004033252835395,-0.0082019614055752,7.175906469390156e-05,cifar_seeds_42_123.json
cifar,learned,42,random_25,gaussian random,8.191957165451862,0.0001,0.0300416808517881,0.0277949823285589,-0.002699851989746,-0.097134510028885,0.004250971315933,0.0096595268696546,-6.347188410296147e-05,cifar_seeds_42_123.json
cifar,learned,42,random_26,gaussian random,8.04483520033288,0.0001,0.0300789497863896,0.0283654008183022,0.0024430453777313,0.0861276522542559,0.0043394144743922,-0.0060455230996012,3.1302347650623505e-05,cifar_seeds_42_123.json
cifar,learned,42,random_27,gaussian random,8.351083089715665,0.0001,0.0300676929718098,0.0282647413472657,-0.0067678093910217,-0.2394435281707054,0.0041644423170126,0.0013070368440821,-0.0001202086408609,cifar_seeds_42_123.json
cifar,learned,42,random_28,gaussian random,8.629576131953975,0.0001,0.0300633258546729,0.0279722355651202,0.0005328059196472,0.0190476702659973,0.003925224381768,-0.0062325922772288,0.000134401616271,cifar_seeds_42_123.json
cifar,learned,42,random_29,gaussian random,8.236501222116864,0.0001,0.0300827046060203,0.0284943088118394,0.0016779899597167,0.0588886002042481,0.0041421624184333,-0.0024221658241003,0.0001612324671262,cifar_seeds_42_123.json
cifar,learned,42,random_30,gaussian random,8.277639308224696,0.0001,0.0300693005190276,0.028379594974278,-0.0075716376304626,-0.2667986501331408,0.0040770831291553,0.0054694209247827,-0.0004161760630631,cifar_seeds_42_123.json
cifar,learned,42,random_31,gaussian random,7.927393189717396,0.0001,0.0300750099488722,0.0284137681814563,0.0022277534008026,0.0784040112728346,0.0043764528706701,0.0078998813405632,-0.0002414531108126,cifar_seeds_42_123.json
cifar,learned,42,task_gradient,held-out task-gradient ascent,49.39190481410159,0.0001,0.0293806429852737,0.0269546520290931,-0.0022374987602233,-0.0830097438397042,0.0006073869819945,1.0,-5.241099756035881e-05,cifar_seeds_42_123.json
cifar,learned,123,random_00,gaussian random,6.936021179614444,0.0001,0.0301261649055132,0.0286783250532974,-0.0008545517921447,-0.0297978278214165,0.0050104152490854,0.0046116793528199,-0.000156017041082,cifar_seeds_42_123.json
cifar,learned,123,random_01,gaussian random,7.285716611948629,0.0001,0.0300963132901669,0.028779298265295,-0.0034817457199096,-0.1209809109247221,0.0047838286914739,-0.0020610634237527,-0.0001503990690774,cifar_seeds_42_123.json
cifar,learned,123,random_02,gaussian random,7.6726721846692305,0.0001,0.0300629972883164,0.0283693857507002,-0.002416044473648,-0.0851637922258655,0.0045520763937235,0.0031825257465243,-0.0001280294310427,cifar_seeds_42_123.json
cifar,learned,123,random_03,gaussian random,7.720208831422228,0.0001,0.0300636131489908,0.0288619501235582,-0.0017353892326354,-0.0601272341337395,0.0044768855626481,0.0011538824765011,-0.000300289865084,cifar_seeds_42_123.json
cifar,learned,123,random_04,gaussian random,7.59148217760053,0.0001,0.0300673306423416,0.0282941397142078,-0.0011096000671386,-0.0392166038037017,0.0044938092425042,0.0025387783534824,-0.0003214221554949,cifar_seeds_42_123.json
cifar,learned,123,random_05,gaussian random,7.1871679949849305,0.0001,0.0301094532173779,0.0290407421936889,0.0035142004489898,0.1210093194434117,0.0048422435058129,-0.0034612107556313,-9.028795462632638e-05,cifar_seeds_42_123.json
cifar,learned,123,random_06,gaussian random,7.317777891701079,0.0001,0.0300963886504118,0.0285664238030126,-0.0117497742176055,-0.4113141462378795,0.004754609021594,0.0045635658316314,-0.000195398740816,cifar_seeds_42_123.json
cifar,learned,123,random_07,gaussian random,7.241880195552163,0.0001,0.0301260277760421,0.0291627067854599,0.0045166611671447,0.1548779816761287,0.0048419116729779,-0.0048904581926763,4.240579579129371e-05,cifar_seeds_42_123.json
cifar,learned,123,random_08,gaussian random,7.454868223170815,0.0001,0.0300967959252903,0.0289969759746083,-0.0034870505332946,-0.1202556617058333,0.0048149061771058,-0.0066035259515047,-0.000337097541087,cifar_seeds_42_123.json
cifar,learned,123,random_09,gaussian random,7.3445828756243,0.0001,0.0300949199474636,0.0285877689161388,-0.0058129429817199,-0.2033367136404392,0.0047556024068464,-0.0051764380186796,0.0002001197652236,cifar_seeds_42_123.json
cifar,learned,123,random_10,gaussian random,7.036122437353793,0.0001,0.0301118700384998,0.0287963342865557,-0.0126277804374694,-0.4385204141544174,0.0049223492365335,0.0007384000928141,-0.0004927206977362,cifar_seeds_42_123.json
cifar,learned,123,random_11,gaussian random,7.340819803646179,0.0001,0.0300981167255414,0.0284829463720957,-0.0006953179836273,-0.0244117295501602,0.0046670915403229,-0.0013563532847911,0.0002758120119168,cifar_seeds_42_123.json
cifar,learned,123,random_12,gaussian random,7.113752116446233,0.0001,0.0301350049481201,0.0289868116963152,-0.0086070597171783,-0.2969301973377241,0.0048665893353481,0.0020358404144644,-0.0004514638727061,cifar_seeds_42_123.json
cifar,learned,123,random_13,gaussian random,7.511261103012572,0.0001,0.0300634023619656,0.028430549551525,-0.0030663907527923,-0.1078554864806638,0.0045650211985358,-0.0046901763416826,3.093099025162537e-05,cifar_seeds_42_123.json
cifar,learned,123,random_14,gaussian random,7.283439189100153,0.0001,0.0301245560767511,0.0287581798174824,-0.0039968788623809,-0.1389823308619563,0.0048624343211602,-0.0047396281734108,-1.8100659173079188e-05,cifar_seeds_42_123.json
cifar,learned,123,random_15,gaussian random,7.033276033544933,0.0001,0.0301178138552318,0.0288056387755736,-0.0014387965202331,-0.0499484330635017,0.0050523640735863,-0.0002449133316986,0.0003185405556929,cifar_seeds_42_123.json
cifar,learned,123,random_16,gaussian random,7.365572655708399,0.0001,0.0301160534361815,0.0286969667883883,-0.0025362372398376,-0.088379976132665,0.0047134890042798,0.0091737983748316,-3.684422752618789e-05,cifar_seeds_42_123.json
cifar,learned,123,random_17,gaussian random,7.368393256692431,0.0001,0.0301292868189389,0.0291669357264887,-0.0012761652469635,-0.0437538334136525,0.0047682638802878,-0.0034948482643812,0.0001037977575492,cifar_seeds_42_123.json
cifar,learned,123,random_18,gaussian random,7.167915973969618,0.0001,0.0301177824497747,0.0285096919454536,0.0033168494701385,0.1163411192405914,0.0048007706497402,0.0005168230272829,0.0003151209458766,cifar_seeds_42_123.json
cifar,learned,123,random_19,gaussian random,7.284369385317804,0.0001,0.030109164452841,0.0288421023295977,0.0010889172554016,0.0377544342280543,0.0047225275213168,-0.0057965940795838,-6.296845100950298e-06,cifar_seeds_42_123.json
cifar,learned,123,random_20,gaussian random,7.205467629513816,0.0001,0.0301394885433125,0.0287499797528836,0.0028943121433258,0.1006717976222402,0.0049156799452151,0.0041365181095898,0.0002026328466542,cifar_seeds_42_123.json
cifar,learned,123,random_21,gaussian random,7.464918372885457,0.0001,0.0301090878413766,0.0284153183615443,0.0010915398597717,0.0384137825198169,0.0046515918504332,-0.0062939426861703,0.0001429573928002,cifar_seeds_42_123.json
cifar,learned,123,random_22,gaussian random,7.279105142282985,0.0001,0.0301101264281587,0.0284969484867197,-0.0026962459087371,-0.0946152501203312,0.0047600727737409,-0.0044893343001604,4.340741724730752e-05,cifar_seeds_42_123.json
cifar,learned,123,random_23,gaussian random,7.003969032823594,0.0001,0.0301615728432252,0.028752183900389,-0.0079996287822723,-0.2782268230471389,0.0049587010422242,-0.0032947990112006,-0.0002700171589398,cifar_seeds_42_123.json
cifar,learned,123,random_24,gaussian random,7.397115582052844,0.0001,0.0300968736853529,0.0284822535910648,0.0060578882694244,0.2126899211137158,0.0046339939675337,-0.0022874614223837,0.0001134608505834,cifar_seeds_42_123.json
cifar,learned,123,random_25,gaussian random,7.153799444994019,0.0001,0.0300987830110328,0.0287714459096341,0.0015103816986083,0.0524958565986649,0.0048373637562615,0.0098212705925107,0.0001198589978115,cifar_seeds_42_123.json
cifar,learned,123,random_26,gaussian random,6.892228079676375,0.0001,0.0301797382393967,0.0288146682782529,-0.0016657412052154,-0.0578087933940445,0.0051343748968221,-0.0082480059936642,-0.0001968374603212,cifar_seeds_42_123.json
cifar,learned,123,random_27,gaussian random,7.378653926535086,0.0001,0.0300761718963261,0.028431961783985,-0.0041469037532806,-0.1458535919816998,0.004608230458104,-0.0082577345892786,-0.0003101242743361,cifar_seeds_42_123.json
cifar,learned,123,random_28,gaussian random,7.024501747035251,0.0001,0.030115655497182,0.0286933358322154,-0.0039549767971038,-0.1378360752556147,0.0049377790679602,-0.0018373734783381,-9.858620408936812e-05,cifar_seeds_42_123.json
cifar,learned,123,random_29,gaussian random,7.365989313979027,0.0001,0.0301001150386004,0.0284433887071698,-0.0089867711067199,-0.3159528985537024,0.0047551635338289,-0.0036784578114748,0.0001667040648933,cifar_seeds_42_123.json
cifar,learned,123,random_30,gaussian random,7.380785901199566,0.0001,0.0300726932230165,0.028748707693948,0.0072194039821624,0.2511209915596396,0.0047277049667243,-0.0011153373634442,0.0001405519393507,cifar_seeds_42_123.json
cifar,learned,123,random_31,gaussian random,7.240933752959718,0.0001,0.0301521157883462,0.0287698187562402,0.0120847225189208,0.4200486148804708,0.0048671108341706,-0.0009436419350095,-0.0001235133468827,cifar_seeds_42_123.json
cifar,learned,123,task_gradient,held-out task-gradient ascent,43.00878579839026,0.0001,0.0297691114572833,0.0280780957003722,0.0198096930980682,0.7055212472192549,0.0006975318982644,1.0,0.0005808799756264,cifar_seeds_42_123.json
cifar,learned,456,random_00,gaussian random,6.949164335503803,0.0001,0.0300940067947055,0.0287864318306332,0.0011921823024749,0.0414147300189636,0.005053076175791,-0.0105596547946333,-0.0002698325449948,cifar_seeds_456_789.json
cifar,learned,456,random_01,gaussian random,7.100852522796404,0.0001,0.0300504541875367,0.02880380172993,-0.0051707327365875,-0.1795156342579114,0.0049122669165601,-0.0026778769679367,0.0002730895362979,cifar_seeds_456_789.json
cifar,learned,456,random_02,gaussian random,7.093229498906929,0.0001,0.0300468255881296,0.0281787677055795,-0.0034485161304473,-0.1223799481396257,0.0047098648797589,0.0008603386813774,-1.7950311118324967e-05,cifar_seeds_456_789.json
cifar,learned,456,random_03,gaussian random,7.154982749142314,0.0001,0.0300333318947293,0.0281251770012761,2.8312206268310547e-06,0.0001006649887644,0.0047898253585952,0.0039419927634298,0.0001012523519353,cifar_seeds_456_789.json
cifar,learned,456,random_04,gaussian random,7.221694668769544,0.0001,0.0300709288131682,0.028510949161433,0.0072279870510101,0.2535161846097876,0.0048324000243144,-0.0064215189777314,4.7839130804871424e-05,cifar_seeds_456_789.json
cifar,learned,456,random_05,gaussian random,6.647655350895212,0.0001,0.0301014745531281,0.0291820322974146,0.0049416720867156,0.169339545524165,0.0053575457758484,0.004433486610651,0.0001880030442183,cifar_seeds_456_789.json
cifar,learned,456,random_06,gaussian random,7.082908110407366,0.0001,0.0300609982990538,0.0284400940018103,0.0078606605529785,0.2763936206567438,0.0049703357161749,-0.001073126331903,0.0001242504655957,cifar_seeds_456_789.json
cifar,learned,456,random_07,gaussian random,7.2628284856767635,0.0001,0.030046176220866,0.0284605544305396,0.0019124150276184,0.0671952836437468,0.0047082003399931,-0.0057430239394307,-0.0001363088251257,cifar_seeds_456_789.json
cifar,learned,456,random_08,gaussian random,7.18572935278604,0.0001,0.0300576958764546,0.0283291029408789,-0.0023329854011535,-0.082352957169959,0.0047549437169576,0.0021807870361953,-0.0003032566688434,cifar_seeds_456_789.json
cifar,learned,456,random_09,gaussian random,6.807204284899711,0.0001,0.0300756845272708,0.0287635793711639,-0.0037252306938171,-0.1295120696123015,0.0050197567035804,-0.0021847011521458,-0.0001001032875997,cifar_seeds_456_789.json
cifar,learned,456,random_10,gaussian random,6.94262240426421,0.0001,0.0300663820228728,0.0293234829628352,-0.0074732601642608,-0.2548558155159307,0.0050851207306603,-0.0011183503083884,-0.0002254185119246,cifar_seeds_456_789.json
cifar,learned,456,random_11,gaussian random,6.894212978737039,0.0001,0.0300676855785367,0.0288690719565422,-0.002686858177185,-0.0930704728309138,0.0050881491292558,-0.0011249256785959,-0.0001223789225934,cifar_seeds_456_789.json
cifar,learned,456,random_12,gaussian random,7.028110365455723,0.0001,0.0300731198065285,0.0288360778235279,-0.0014129281044006,-0.0489986229419798,0.0049154217731765,-0.0047835037112236,-2.853358804819544e-05,cifar_seeds_456_789.json
cifar,learned,456,random_13,gaussian random,7.055422270135717,0.0001,0.0300749603138757,0.0286117011012807,0.0017231404781341,0.060225027237441,0.0049939387710675,-0.0073152533732354,0.0002922717502705,cifar_seeds_456_789.json
cifar,learned,456,random_14,gaussian random,7.154846333922462,0.0001,0.0300548074290396,0.0283498005523444,-0.0028554797172546,-0.1007230972218778,0.0047675147680654,0.0045773102901875,-0.0002701931251336,cifar_seeds_456_789.json
cifar,learned,456,random_15,gaussian random,6.90316541507986,0.0001,0.0300769826399236,0.0287123318928667,-0.003969669342041,-0.1382565984836375,0.0051301040399782,-0.0050637517124414,-0.0001125972576154,cifar_seeds_456_789.json
cifar,learned,456,random_16,gaussian random,6.81859410286862,0.0001,0.0300603337343029,0.0287369198620011,0.0018619298934936,0.0647922568749507,0.0050505527485639,-0.0001618807291379,-0.0001899357461715,cifar_seeds_456_789.json
cifar,learned,456,random_17,gaussian random,7.125971682309804,0.0001,0.0300607169472232,0.0284854181323133,-0.0055899024009704,-0.1962373300966005,0.0049239139630073,-0.0009254469769075,-0.0001139811440383,cifar_seeds_456_789.json
cifar,learned,456,random_18,gaussian random,7.000276599097395,0.0001,0.0300706743703562,0.0291834308766865,-0.0051552951335906,-0.1766514415448341,0.0050261617481245,0.0037794853560626,9.42214107324262e-05,cifar_seeds_456_789.json
cifar,learned,456,random_19,gaussian random,6.663186784085045,0.0001,0.0301129442552373,0.0288786969782725,-0.0051637589931488,-0.1788085867251509,0.0051914289568819,-0.0008925026631914,-0.0003581814113771,cifar_seeds_456_789.json
cifar,learned,456,random_20,gaussian random,7.0798335214668455,0.0001,0.0300683106199939,0.0283960143455312,-0.0011103153228759,-0.0391010974063234,0.0048220871781746,-0.0103991646319627,0.0001689349528481,cifar_seeds_456_789.json
cifar,learned,456,random_21,gaussian random,6.789963269473229,0.0001,0.0300811586772023,0.0288577299737638,0.0001043677330017,0.0036166300362708,0.0050856015711799,0.0034026259090751,9.342438466354908e-05,cifar_seeds_456_789.json
cifar,learned,456,random_22,gaussian random,7.209468639420974,0.0001,0.03005412957264,0.0283178063983346,0.0017977952957153,0.0634863898151751,0.0047129294633859,-0.0069904010742902,-0.0003476401448477,cifar_seeds_456_789.json
cifar,learned,456,random_23,gaussian random,7.169982945878531,0.0001,0.0300644181054261,0.0287158507674125,-0.0024270713329315,-0.084520265570046,0.0048228564989397,0.000626676774118,-0.000469515353543,cifar_seeds_456_789.json
cifar,learned,456,random_24,gaussian random,6.602432192737961,0.0001,0.0300977233024776,0.0288773591822788,0.0025085806846618,0.0868701555716115,0.0053075787113374,0.0005325626698322,0.0001169845034113,cifar_seeds_456_789.json
cifar,learned,456,random_25,gaussian random,6.829056951420451,0.0001,0.0300976967404985,0.0286153505964778,-0.0050307214260101,-0.1758049900192151,0.0051487497776396,0.0052382037974894,-0.0003855267165457,cifar_seeds_456_789.json
cifar,learned,456,random_26,gaussian random,6.999831873653768,0.0001,0.0301020517202358,0.0289613720467893,0.0014225244522094,0.0491179924042021,0.0049802024115376,0.0049584433436393,0.0001784844424246,cifar_seeds_456_789.json
cifar,learned,456,random_27,gaussian random,7.086836155521086,0.0001,0.0300519436816805,0.0286277278954798,0.0008594989776611,0.0300233040078895,0.0048912525833241,0.0051636593416333,-6.96009934032171e-05,cifar_seeds_456_789.json
cifar,learned,456,random_28,gaussian random,6.906477491215737,0.0001,0.0300744886177406,0.0286153657241322,0.0027038156986236,0.0944882453954954,0.0049266402876946,-0.000974633207079,2.846919960520387e-05,cifar_seeds_456_789.json
cifar,learned,456,random_29,gaussian random,6.9466754147519705,0.0001,0.0300949593023763,0.0283542685611401,-0.0011394917964935,-0.0401876632450048,0.0050422298169379,0.0059859468601644,-0.0001722519917269,cifar_seeds_456_789.json
cifar,learned,456,random_30,gaussian random,7.240619082671809,0.0001,0.0300694775950737,0.028242114233049,0.001692920923233,0.0599431370209518,0.004718484332652,0.0061632026918232,-0.0003515076003731,cifar_seeds_456_789.json
cifar,learned,456,random_31,gaussian random,6.860060880787885,0.0001,0.0300650314464855,0.0288040788928611,-0.0034343302249908,-0.1192306908255974,0.0050921315040736,0.0019348323112353,-0.0002468069625548,cifar_seeds_456_789.json
cifar,learned,456,task_gradient,held-out task-gradient ascent,38.9380676968534,0.0001,0.0295363615449659,0.0278006148861445,-0.0019066035747528,-0.0685813455048087,0.0007704542565789,1.0,-0.0002056932296438,cifar_seeds_456_789.json
cifar,learned,789,random_00,gaussian random,7.93466482501991,0.0001,0.0300719176064338,0.0281147335661541,0.0029945075511932,0.1065102589056071,0.0044642193724996,0.0033447088208049,6.96555370403203e-05,cifar_seeds_456_789.json
cifar,learned,789,random_01,gaussian random,7.741712778527803,0.0001,0.0300812947778243,0.0278055029391783,-0.0022284090518951,-0.0801427349388197,0.0045017299397991,2.0754567231051624e-05,5.4149549693795066e-05,cifar_seeds_456_789.json
cifar,learned,789,random_02,gaussian random,8.002148920382176,0.0001,0.0300267305411907,0.0278278231786464,0.0081980526447296,0.29459913526475,0.0043311678484273,-0.0010816685389727,0.0005025772286563,cifar_seeds_456_789.json
cifar,learned,789,random_03,gaussian random,7.880207523886439,0.0001,0.0300213888900456,0.0276014666181936,0.003668189048767,0.1328983383205144,0.0043656217985619,-0.0047424677759408,1.182196989976714e-05,cifar_seeds_456_789.json
cifar,learned,789,random_04,gaussian random,8.054561736492914,0.0001,0.0300373068883598,0.0278956739316755,0.0020568668842315,0.0737342603469418,0.0043501738773226,0.0042540398426353,0.0003152871930503,cifar_seeds_456_789.json
cifar,learned,789,random_05,gaussian random,7.690265615793502,0.0001,0.0300818182230889,0.0282635656066144,-0.0047625303268432,-0.1685042288411304,0.0045990436686642,0.0092578688636422,3.151193334348239e-05,cifar_seeds_456_789.json
cifar,learned,789,random_06,gaussian random,7.991873655655622,0.0001,0.0300848670484995,0.0279176879855267,-0.0008221268653869,-0.0294482432002669,0.0044631430234447,0.0093173580244183,-0.0004509106700501,cifar_seeds_456_789.json
cifar,learned,789,random_07,gaussian random,8.259409102269679,0.0001,0.0300070382241138,0.0273372921288729,0.0062631368637084,0.2291059712199339,0.0042135952588543,0.0080603742972016,0.0001430648755602,cifar_seeds_456_789.json
cifar,learned,789,random_08,gaussian random,7.708855601274299,0.0001,0.0301249315986844,0.0279572844988271,-0.000872403383255,-0.0312048683874002,0.0045781838738914,0.0035072793252766,0.0002573492352076,cifar_seeds_456_789.json
cifar,learned,789,random_09,gaussian random,8.072362118415935,0.0001,0.0300396527374662,0.0280040451077399,0.0011706948280334,0.0418044901559555,0.0043193475072674,-0.0011264627100899,-1.799830315712321e-05,cifar_seeds_456_789.json
cifar,learned,789,random_10,gaussian random,7.910766931373791,0.0001,0.0300715009122839,0.0279316425716398,0.0031154751777648,0.1115392755644153,0.0043991842543403,-0.0029504494741559,0.000225942788839,cifar_seeds_456_789.json
cifar,learned,789,random_11,gaussian random,7.830474954881819,0.0001,0.0300301173284325,0.0281509869570739,0.0008147954940795,0.028943762977903,0.004467616360504,0.0076445816084742,-0.0001469665379866,cifar_seeds_456_789.json
cifar,learned,789,random_12,gaussian random,7.8649830405140095,0.0001,0.0300794892023235,0.0281240415935446,0.0012969374656677,0.0461149035551637,0.0044271838242663,-0.0003360395494382,0.0002404621760496,cifar_seeds_456_789.json
cifar,learned,789,random_13,gaussian random,8.108288020885484,0.0001,0.0300818123816621,0.0277786067734626,0.0015479922294616,0.0557260571808262,0.0043963462001627,0.0003950279497075,-0.0001685234167464,cifar_seeds_456_789.json
cifar,learned,789,random_14,gaussian random,7.991405703662457,0.0001,0.0300261648527235,0.0278214884174643,-0.0049118995666503,-0.1765505674228075,0.0043606966014285,0.000234014558373,1.06312859633922e-05,cifar_seeds_456_789.json
cifar,learned,789,random_15,gaussian random,8.136470445262322,0.0001,0.0300227966487849,0.0278004674778525,0.0058021247386932,0.2087060134264123,0.0042651227620763,-0.0030163766350597,0.0001704498280505,cifar_seeds_456_789.json
cifar,learned,789,random_16,gaussian random,7.511396489568708,0.0001,0.0300277873533241,0.027989135344234,-0.002589464187622,-0.092516762514263,0.0045909369010821,0.0007928216364234,-0.0004767991361226,cifar_seeds_456_789.json
cifar,learned,789,random_17,gaussian random,7.853585715281595,0.0001,0.0300329704826836,0.027659775517294,-0.0017610490322113,-0.0636682329945238,0.0044563766778364,-0.0060751037672162,-0.0002357709873518,cifar_seeds_456_789.json
cifar,learned,789,random_18,gaussian random,7.857649879080534,0.0001,0.0300189140588255,0.0278812476311193,-0.0077272057533264,-0.2771470579638548,0.0045211016083593,-0.0013308792840689,-0.0001960402958938,cifar_seeds_456_789.json
cifar,learned,789,random_19,gaussian random,7.681145696211042,0.0001,0.0300713238097646,0.0283368551005668,0.0033031404018402,0.1165669369489818,0.0044789287990107,0.0065967473201453,0.0001147475559977,cifar_seeds_456_789.json
cifar,learned,789,random_20,gaussian random,7.975211541643374,0.0001,0.030074491103144,0.0283547688021542,0.0043712556362152,0.1541629793110183,0.0045161949168578,0.0009753303602337,-5.434156186975033e-05,cifar_seeds_456_789.json
cifar,learned,789,random_21,gaussian random,8.052421613672957,0.0001,0.0300551855290397,0.0276024589324727,0.0028211176395416,0.1022053015799524,0.0042911211074057,0.0032107797451317,-1.864117395839444e-05,cifar_seeds_456_789.json
cifar,learned,789,random_22,gaussian random,7.692794824348134,0.0001,0.0301052534141838,0.0280445785898546,-0.0040590167045593,-0.1447344516714436,0.0046586087993436,-0.0041491510346531,0.0001465255116012,cifar_seeds_456_789.json
cifar,learned,789,random_23,gaussian random,8.13380825817769,0.0001,0.0300332302857836,0.0278308537108859,0.0089589953422546,0.3219087504581421,0.0042520760531062,-0.0066875261254608,0.0002944896087963,cifar_seeds_456_789.json
cifar,learned,789,random_24,gaussian random,7.592832177295384,0.0001,0.0301010364337808,0.0280057495850905,0.0034767091274261,0.1241426913735261,0.0047113898907105,-0.0044818245805799,2.106587031047008e-05,cifar_seeds_456_789.json
cifar,learned,789,random_25,gaussian random,8.24044985334775,0.0001,0.0299617477347284,0.0276737805845719,-0.003370314836502,-0.1217872934347473,0.0043278083997165,-0.0076677603647112,-0.0002777215131455,cifar_seeds_456_789.json
cifar,learned,789,random_26,gaussian random,8.442418676749408,0.0001,0.0300521254112743,0.0275442928225081,-0.0104553401470184,-0.3795828128313652,0.004116830119408,-0.0004704706952907,-7.99947234680975e-05,cifar_seeds_456_789.json
cifar,learned,789,random_27,gaussian random,8.143738628395134,0.0001,0.0300299361913369,0.0277155491122804,0.0050707757472991,0.1829577948016329,0.0043241859659518,0.0062256813980638,0.0005085941571029,cifar_seeds_456_789.json
cifar,learned,789,random_28,gaussian random,8.005782165818015,0.0001,0.0300304507602279,0.0276611550872363,0.0028531551361083,0.1031466374817055,0.0042505199273678,0.0039410018362104,0.0003293867127043,cifar_seeds_456_789.json
cifar,learned,789,random_29,gaussian random,7.832094324670748,0.0001,0.030100946682654,0.0277846162954366,-0.0015809834003448,-0.0569013940496457,0.0044532591579178,-0.0090501140803098,-0.0002982712738284,cifar_seeds_456_789.json
cifar,learned,789,random_30,gaussian random,7.529636925169654,0.0001,0.0300758251572586,0.0281185830085946,0.0039283633232116,0.1397070158909122,0.0046772586787281,-0.0074103642255067,0.0005434748472116,cifar_seeds_456_789.json
cifar,learned,789,random_31,gaussian random,7.894652240703123,0.0001,0.030106213277953,0.0279584523292311,-0.0040790438652038,-0.1458966260782298,0.0043322934595023,-0.0021243160590529,-0.0001550538499664,cifar_seeds_456_789.json
cifar,learned,789,task_gradient,held-out task-gradient ascent,41.72047530645624,0.0001,0.0295050058461674,0.027010608913388,-0.0019095838069915,-0.0706975475123435,0.0007190713859234,1.0,-0.0003138077661254,cifar_seeds_456_789.json
cifar,learned,1011,random_00,gaussian random,8.04667657773469,0.0001,0.0301144506026419,0.0289433719782241,0.0003746002912521,0.0129425241652551,0.0043715592488155,-0.0001351912942482,-0.0002378904647571,cifar_seeds_1011_1213.json
cifar,learned,1011,random_01,gaussian random,8.215355825303021,0.0001,0.0300462775821881,0.0281585194219849,-0.0050912350416183,-0.1808062052312073,0.0042892634625233,-0.0015262939268723,-0.0003110953102874,cifar_seeds_1011_1213.json
cifar,learned,1011,random_02,gaussian random,8.00474820655964,0.0001,0.0300199322927455,0.0286717443250201,-0.002606451511383,-0.0909066250674032,0.0043671744111811,0.0047823274508118,-0.0001442484213605,cifar_seeds_1011_1213.json
cifar,learned,1011,random_03,gaussian random,8.179560499254645,0.0001,0.0300486743154029,0.0286409000893449,0.0025766938924789,0.0899655347576708,0.0041855137044875,0.003576245624572,-0.0001467461195506,cifar_seeds_1011_1213.json
cifar,learned,1011,random_04,gaussian random,8.30329194003639,0.0001,0.0300174072046672,0.0279702522102298,-0.0036911368370056,-0.1319665196174246,0.0040680559826222,-0.0009725567651912,-0.0001587485554386,cifar_seeds_1011_1213.json
cifar,learned,1011,random_05,gaussian random,8.12222337785006,0.0001,0.030069964083505,0.0286965083705565,-0.0124735087156295,-0.4346699101702471,0.0043524125998282,-0.0015546573558822,-0.0003142923609439,cifar_seeds_1011_1213.json
cifar,learned,1011,random_06,gaussian random,8.282657154985815,0.0001,0.0300604588589842,0.0277827151215234,0.0011237114667892,0.0404464236801211,0.004068752171679,-0.0070811249315738,7.206780962355337e-05,cifar_seeds_1011_1213.json
cifar,learned,1011,random_07,gaussian random,8.35706840357754,0.0001,0.0300267666166661,0.0280552081677651,0.0026105046272277,0.0930488418270659,0.0041020604048361,0.0053356457501649,-5.202253108145712e-05,cifar_seeds_1011_1213.json
cifar,learned,1011,random_08,gaussian random,7.991888285426881,0.0001,0.0300962085958401,0.0285269449972166,-0.0049850791692733,-0.1747498433414365,0.0043289342605538,-0.0007580937817692,-0.0002538166491561,cifar_seeds_1011_1213.json
cifar,learned,1011,random_09,gaussian random,7.99525445413117,0.0001,0.0301123215965221,0.0287322678107909,-0.001324325799942,-0.0460919342901516,0.0043338887994461,-0.0070008975453674,-0.000124028598652,cifar_seeds_1011_1213.json
cifar,learned,1011,random_10,gaussian random,8.282397276279488,0.0001,0.0300593912212847,0.0287361648952974,0.0099767297506332,0.3471837591057911,0.0041782329148337,0.0023740590550005,0.0001770985584131,cifar_seeds_1011_1213.json
cifar,learned,1011,random_11,gaussian random,7.896648695716662,0.0001,0.0300813155458443,0.0286946238656382,0.0034394115209579,0.1198625755494442,0.0044781138556401,0.0001792359835235,9.175109714347655e-05,cifar_seeds_1011_1213.json
cifar,learned,1011,random_12,gaussian random,8.303110314296491,0.0001,0.0300354161539474,0.0284162170882416,-0.0035462528467178,-0.1247967959882047,0.004117999897231,-0.0002588534844107,-0.0001738995842034,cifar_seeds_1011_1213.json
cifar,learned,1011,random_13,gaussian random,8.820512025032809,0.0001,0.0299923428049645,0.027420178194698,0.0030587464570999,0.1115509328707189,0.0039767845328527,0.0060301120392978,-0.0002597273750265,cifar_seeds_1011_1213.json
cifar,learned,1011,random_14,gaussian random,8.20186359632252,0.0001,0.0300277843366108,0.0284880882925519,0.0037591308355331,0.1319544785501082,0.0040863939782675,-0.0001777076395228,0.0001569148998762,cifar_seeds_1011_1213.json
cifar,learned,1011,random_15,gaussian random,8.180596901662907,0.0001,0.0300573899078705,0.0286451802491917,-0.0024732947349548,-0.0863424392319757,0.0042651958005556,0.0082073779776692,-9.826494546391002e-05,cifar_seeds_1011_1213.json
cifar,learned,1011,random_16,gaussian random,8.553891436732059,0.0001,0.030031960209871,0.028458132911648,-0.0039372891187667,-0.1383537398953968,0.0040312061214869,0.0042344247922301,-6.779784508911014e-06,cifar_seeds_1011_1213.json
cifar,learned,1011,random_17,gaussian random,8.435429505237067,0.0001,0.0300387670639166,0.0279758249309724,-0.0007527023553848,-0.0269054570237712,0.004108619682365,0.0015623351791873,0.0001399174255669,cifar_seeds_1011_1213.json
cifar,learned,1011,random_18,gaussian random,8.091071940514443,0.0001,0.0300405561793897,0.0277869325654115,0.0018330365419387,0.0659675744209526,0.0042338966254753,0.004059572238475,2.846065906604505e-05,cifar_seeds_1011_1213.json
cifar,learned,1011,random_19,gaussian random,8.12683152971781,0.0001,0.0300372592300562,0.0279508929841386,0.0018077343702316,0.0646753708819774,0.0041534942414676,2.5524850570946e-05,2.1485230175073244e-05,cifar_seeds_1011_1213.json
cifar,learned,1011,random_20,gaussian random,8.449763323272148,0.0001,0.0300554059906983,0.0278624956762582,0.0038256645202636,0.1373051633534587,0.0041203783627472,0.0024751310702413,0.0003585499730373,cifar_seeds_1011_1213.json
cifar,learned,1011,random_21,gaussian random,8.2774661435438,0.0001,0.0300744558626462,0.0283969573315972,0.0057960599660873,0.2041084859340926,0.004216871955989,-0.0054573002271354,0.0001807806036415,cifar_seeds_1011_1213.json
cifar,learned,1011,random_22,gaussian random,8.17031847736719,0.0001,0.0300779825048934,0.0282190956008663,0.0020077675580978,0.0711492524953987,0.0043436764556716,-0.0006772888591513,-0.0001976300191365,cifar_seeds_1011_1213.json
cifar,learned,1011,random_23,gaussian random,8.442438849468099,0.0001,0.0300806632767671,0.0280885820799782,0.0008748918771743,0.0311475985040201,0.0040680212215105,-0.0071185315027832,-5.655978670879606e-05,cifar_seeds_1011_1213.json
cifar,learned,1011,random_24,gaussian random,8.320914463919552,0.0001,0.0300955576189746,0.0282585668224677,-0.0004843324422836,-0.0171393137283433,0.0042845444242915,-0.0074328947812318,0.0002713583867055,cifar_seeds_1011_1213.json
cifar,learned,1011,random_25,gaussian random,8.292932824367778,0.0001,0.0300847801865458,0.0284357398837317,-0.0077138394117355,-0.2712726816068772,0.0041411624923461,-0.0044010435231029,7.239491450951003e-05,cifar_seeds_1011_1213.json
cifar,learned,1011,random_26,gaussian random,8.045091670437222,0.0001,0.0300523411632237,0.0282417944314546,0.0004322677850723,0.0153059603249176,0.0042796554512728,0.004679212346673,4.775098593267209e-05,cifar_seeds_1011_1213.json
cifar,learned,1011,random_27,gaussian random,8.042188753722323,0.0001,0.0301009423128514,0.0284636251636421,0.0084327608346939,0.2962644703973069,0.0044237725076241,0.0054699187166988,0.0001932831876175,cifar_seeds_1011_1213.json
cifar,learned,1011,random_28,gaussian random,8.580563052737217,0.0001,0.0300579314192913,0.0282551874930827,-0.000235766172409,-0.008344172993606,0.0041857238382162,0.0030236418824642,-0.0001102309962777,cifar_seeds_1011_1213.json
cifar,learned,1011,random_29,gaussian random,8.582003785141321,0.0001,0.0300516994412733,0.0277611637445521,-4.79966402053833e-05,-0.0017289131193141,0.0039362307696856,-0.0051153851673007,-0.0001914891950974,cifar_seeds_1011_1213.json
cifar,learned,1011,random_30,gaussian random,8.05819744591773,0.0001,0.0300639189746952,0.0287605024269638,0.0043059438467025,0.1497172678967395,0.0043290414184711,-0.0010902606882154,0.0003694084254609,cifar_seeds_1011_1213.json
cifar,learned,1011,random_31,gaussian random,8.55763299403438,0.0001,0.030057664829578,0.0277205731230507,0.000630959868431,0.0227614294131034,0.0040009226984303,-0.0108609097078442,-4.037176770270525e-06,cifar_seeds_1011_1213.json
cifar,learned,1011,task_gradient,held-out task-gradient ascent,50.21949550248646,0.0001,0.0295051842709123,0.0269456563610009,0.003795102238655,0.1408428203718885,0.0005973775662185,1.0,-0.0001726040781957,cifar_seeds_1011_1213.json
cifar,learned,1213,random_00,gaussian random,7.235027091624275,0.0001,0.0300831712572332,0.0288432813919689,-0.0030994117259979,-0.1074569735626859,0.004832699337628,-0.0002649294910952,-0.0002745178994934,cifar_seeds_1011_1213.json
cifar,learned,1213,random_01,gaussian random,7.240697547709792,0.0001,0.0300651971091595,0.0288023286158286,-0.005862757563591,-0.2035515128582018,0.004816916949603,0.0013969116844236,-0.0002074739023649,cifar_seeds_1011_1213.json
cifar,learned,1213,random_02,gaussian random,7.236123492926288,0.0001,0.0300743805001317,0.0290759668899176,0.0051456838846206,0.176973784022466,0.0048079628782394,-0.0059487801045179,0.0003165747731321,cifar_seeds_1011_1213.json
cifar,learned,1213,random_03,gaussian random,7.161727882972424,0.0001,0.030066595527849,0.0290353866430883,-0.0025824755430221,-0.088942350751747,0.0049003465905393,0.0065441699698567,-0.0003367038676296,cifar_seeds_1011_1213.json
cifar,learned,1213,random_04,gaussian random,7.427693285933497,0.0001,0.0300412713149183,0.0290949345207264,-0.0011518448591232,-0.0395891889119972,0.0046757687544159,0.0025280627887696,0.0003494329713923,cifar_seeds_1011_1213.json
cifar,learned,1213,random_05,gaussian random,7.178554694060476,0.0001,0.0300448587332483,0.0289915614114225,-0.0003924816846847,-0.0135377905010013,0.0048676972840954,-0.0005238220328465,-0.0001073166284447,cifar_seeds_1011_1213.json
cifar,learned,1213,random_06,gaussian random,7.16810352086953,0.0001,0.0300493253036543,0.0287009192582489,0.0035376548767089,0.1232592881390801,0.0047888319119739,-0.0017231237143278,0.0001809997071174,cifar_seeds_1011_1213.json
cifar,learned,1213,random_07,gaussian random,7.16768653155293,0.0001,0.0300482217290997,0.0292839436222104,0.0048720985651016,0.16637440052324,0.0048739613745948,0.0053397668525576,2.471733015078748e-05,cifar_seeds_1011_1213.json
cifar,learned,1213,random_08,gaussian random,7.260974231077708,0.0001,0.0300381830197095,0.0285801602714694,-0.0028320997953414,-0.0990932090107511,0.0047500949946081,0.0017574563389644,-0.0003702819591592,cifar_seeds_1011_1213.json
cifar,learned,1213,random_09,gaussian random,7.217637856675549,0.0001,0.0300693693522234,0.0285188751522022,-0.0021669268608093,-0.0759821994817348,0.0048175345157939,0.0019280773121863,-0.0001861583833019,cifar_seeds_1011_1213.json
cifar,learned,1213,random_10,gaussian random,7.296902616136617,0.0001,0.0300722982054804,0.028908009309952,0.0049122720956802,0.169927719443106,0.0047744125061044,0.0003644337994046,0.0001565853516051,cifar_seeds_1011_1213.json
cifar,learned,1213,random_11,gaussian random,7.207539594036056,0.0001,0.0300618645137415,0.0289813595645018,0.0074807405471801,0.2581224849210677,0.0048203387673013,0.0004489239945542,0.0004428167845782,cifar_seeds_1011_1213.json
cifar,learned,1213,random_12,gaussian random,7.662070333690904,0.0001,0.0300447729977359,0.0285772153176488,-0.0012136250734329,-0.0424682762103627,0.0044809335567831,0.0043008988723158,-0.0003040274223237,cifar_seeds_1011_1213.json
cifar,learned,1213,random_13,gaussian random,7.229060806450468,0.0001,0.0300806320811094,0.0285988544019492,0.0029849857091903,0.1043743104963994,0.0047626224033837,0.0006624226807616,0.0001844009173539,cifar_seeds_1011_1213.json
cifar,learned,1213,random_14,gaussian random,7.077297843844092,0.0001,0.0301240547824188,0.0288796256847623,-0.0052482485771179,-0.1817284141562483,0.0049715843363799,-0.0051311776041984,-0.0003237934655418,cifar_seeds_1011_1213.json
cifar,learned,1213,random_15,gaussian random,7.365879731368205,0.0001,0.0300696611923991,0.02899126511276,-0.0029806643724441,-0.1028124975178216,0.0047691274382972,0.0014256265712901,-0.0003166830693537,cifar_seeds_1011_1213.json
cifar,learned,1213,random_16,gaussian random,6.980105069299034,0.0001,0.0300941277726558,0.0290823858146744,-0.0022081285715103,-0.0759266652186469,0.0050591273027755,-0.0039739389903843,-0.0003789939071634,cifar_seeds_1011_1213.json
cifar,learned,1213,random_17,gaussian random,7.094245794444674,0.0001,0.0300831375375965,0.0290512674296144,0.0021310895681381,0.0733561650382839,0.0049719498615394,-0.0006115249125286,-8.289155226783407e-05,cifar_seeds_1011_1213.json
cifar,learned,1213,random_18,gaussian random,7.11698884196803,0.0001,0.0301165314039907,0.0287954301782708,-0.0021144300699234,-0.0734293621186794,0.0049539095261695,0.0008259581518359,-0.0002398558763396,cifar_seeds_1011_1213.json
cifar,learned,1213,random_19,gaussian random,7.580099817065681,0.0001,0.0300628753265946,0.028609818719311,-0.0047484785318374,-0.1659737371433372,0.0044834168193085,-0.0001061217917595,-0.0004577428052678,cifar_seeds_1011_1213.json
cifar,learned,1213,random_20,gaussian random,7.291408725826034,0.0001,0.0300309631806392,0.028683735772908,-0.003262311220169,-0.1137338332076792,0.0048270543912176,0.0047274050302803,-0.0003379107368181,cifar_seeds_1011_1213.json
cifar,learned,1213,random_21,gaussian random,7.171041326193801,0.0001,0.0300638070010325,0.0285852189387976,-0.0026109367609024,-0.0913387008332016,0.0048592741831039,0.0041644815355539,-0.0003040231205103,cifar_seeds_1011_1213.json
cifar,learned,1213,random_22,gaussian random,7.083157249117205,0.0001,0.0300684407586657,0.0290497109888519,0.0017446428537368,0.0600571501178238,0.0049330760621275,-0.0033806762658059,-8.899397644610211e-05,cifar_seeds_1011_1213.json
cifar,learned,1213,random_23,gaussian random,7.272792643999556,0.0001,0.0300753387756076,0.0290548751917676,-0.0009530335664749,-0.0328011585038557,0.0047588688913499,-0.0028518545441329,-6.484807671722738e-05,cifar_seeds_1011_1213.json
cifar,learned,1213,random_24,gaussian random,7.109884518606423,0.0001,0.0301205019882766,0.0287028335671093,-0.0041306614875793,-0.1439112789307563,0.005076876881188,0.0029850380960851,-0.0002936532085827,cifar_seeds_1011_1213.json
cifar,learned,1213,random_25,gaussian random,7.079937660448035,0.0001,0.030039331870997,0.0287729870693926,-0.00549978017807,-0.1911438727166594,0.0049001429075404,-0.0061070285737514,-0.000401605752517,cifar_seeds_1011_1213.json
cifar,learned,1213,random_26,gaussian random,7.404071764437154,0.0001,0.0300426734911288,0.0285615600148716,0.0001367032527923,0.0047862670218706,0.0046821756715959,0.0028501560445874,0.000462006281793,cifar_seeds_1011_1213.json
cifar,learned,1213,random_27,gaussian random,7.392516473224878,0.0001,0.0300700566495129,0.029053584516824,-0.0042622685432434,-0.146703706758636,0.004662490177356,-0.007657678797841,-0.0001973124153767,cifar_seeds_1011_1213.json
cifar,learned,1213,random_28,gaussian random,7.22021482027054,0.0001,0.0300430860662576,0.0289546244656967,0.0011783391237258,0.0406960596267411,0.0048022395385398,-0.002041514031589,-0.0001056822858431,cifar_seeds_1011_1213.json
cifar,learned,1213,random_29,gaussian random,7.243531878650855,0.0001,0.0300739859849158,0.0286603524955315,-0.0023775547742843,-0.0829562293295259,0.0047310795914529,0.008843133226037,-0.0003906981234747,cifar_seeds_1011_1213.json
cifar,learned,1213,random_30,gaussian random,7.357279704116059,0.0001,0.0300431456921625,0.0290724155421709,-0.000148519873619,-0.0051086182846982,0.004639620489736,0.0072549479082226,0.0001587485969372,cifar_seeds_1011_1213.json
cifar,learned,1213,random_31,gaussian random,7.171426748377298,0.0001,0.03007102706119,0.0291865521686156,-0.0020440071821212,-0.0700324988821119,0.0048561754362165,0.0014619011199101,-0.0002923752224649,cifar_seeds_1011_1213.json
cifar,learned,1213,task_gradient,held-out task-gradient ascent,43.62159182687787,0.0001,0.0297714663443374,0.0279121397616188,0.0029786080121994,0.1067137108669539,0.0006877328117474,1.0,4.236250120839459e-05,cifar_seeds_1011_1213.json
cifar,sinusoidal,42,random_00,gaussian random,2.8208887329067283,0.0001,0.0301767066966662,0.0293965137308861,-0.0028995424509048,-0.0986355891534977,0.0197686636486404,0.0056849885731935,0.0001003021164963,cifar_seeds_42_123.json
cifar,sinusoidal,42,random_01,gaussian random,2.78037504928916,0.0001,0.0303283049866594,0.0294616254261869,-0.0019427388906478,-0.0659413342795772,0.0195216463389931,-0.0054861134849488,5.32943785778433e-05,cifar_seeds_42_123.json
cifar,sinusoidal,42,random_02,gaussian random,2.808309948839192,0.0001,0.030257073739571,0.0293495483462684,0.0015304684638977,0.0521462356367842,0.0200471459202162,-0.0014886910794302,0.0001208540824694,cifar_seeds_42_123.json
cifar,sinusoidal,42,random_03,gaussian random,2.7769146444880044,0.0001,0.0304149635056418,0.0294428148106671,0.0082665085792541,0.2807648872029444,0.0201299964322699,0.0018485360778868,0.0003307758430274,cifar_seeds_42_123.json
cifar,sinusoidal,42,random_04,gaussian random,2.8001446722761614,0.0001,0.0302365003724122,0.0293172211772992,-0.0001986324787139,-0.0067752832887106,0.0192938872733906,0.00516023254022,-1.7799750716549966e-05,cifar_seeds_42_123.json
cifar,sinusoidal,42,random_05,gaussian random,2.792513090283956,0.0001,0.0302751240251055,0.0296492249232037,0.0082912892103195,0.2796460693928856,0.0202261220277118,0.0073116035200655,0.0004206694648311,cifar_seeds_42_123.json
cifar,sinusoidal,42,random_06,gaussian random,2.7398397738824545,0.0001,0.0301583178604332,0.0292858925829766,0.0058525502681732,0.1998419632111606,0.0207859390417655,-0.001492288778536,0.0002013813426599,cifar_seeds_42_123.json
cifar,sinusoidal,42,random_07,gaussian random,2.792340472778596,0.0001,0.0302286055484496,0.0294005854256868,-0.0019681900739669,-0.0669439075946902,0.0201965643088901,-0.0058491178788244,7.719819578551912e-05,cifar_seeds_42_123.json
cifar,sinusoidal,42,random_08,gaussian random,2.763593002086989,0.0001,0.030165384663801,0.0292374767167173,0.0053021758794784,0.181348614001522,0.0198217549032629,-0.0023761535994708,5.7535808474187856e-05,cifar_seeds_42_123.json
cifar,sinusoidal,42,random_09,gaussian random,2.807266194601553,0.0001,0.0302123275536159,0.0289933399314356,-0.0001322776079177,-0.004562344601574,0.0192428902016074,-0.0007477218168787,-4.761181716300978e-05,cifar_seeds_42_123.json
cifar,sinusoidal,42,random_10,gaussian random,2.724143293809447,0.0001,0.0302028129089016,0.0292335283183153,-0.0014784634113311,-0.0505742377462144,0.0200800007428196,-0.0034684522543102,-3.005173245494415e-05,cifar_seeds_42_123.json
cifar,sinusoidal,42,random_11,gaussian random,2.7684242088077995,0.0001,0.0302779217745534,0.0292882882918379,0.0066421777009963,0.226786134949629,0.0201789242699782,-0.0013760487781837,0.0002482274411032,cifar_seeds_42_123.json
cifar,sinusoidal,42,random_12,gaussian random,2.8193088078168778,0.0001,0.0301744002544912,0.0295426206110396,0.0089905261993408,0.3043239229759184,0.0197114779876482,0.0085351383313536,0.0006242655698873,cifar_seeds_42_123.json
cifar,sinusoidal,42,random_13,gaussian random,2.796043988397635,0.0001,0.0301721176716935,0.0293090770455007,0.0013497471809387,0.0460521898674362,0.0201607740128687,0.0070177665911614,7.023250539066103e-05,cifar_seeds_42_123.json
cifar,sinusoidal,42,random_14,gaussian random,2.814761087641753,0.0001,0.0302081255278176,0.0292792019603791,-0.0010046511888504,-0.0343127927533648,0.0200033248124965,0.0001928691781358,-0.0002210916471962,cifar_seeds_42_123.json
cifar,sinusoidal,42,random_15,gaussian random,2.763315340356519,0.0001,0.030205206444465,0.0292844251368049,0.0081931203603744,0.2797774011987436,0.0204966797802267,0.0058334139175713,-4.4274740742510885e-05,cifar_seeds_42_123.json
cifar,sinusoidal,42,random_16,gaussian random,2.78368645120403,0.0001,0.030169938516232,0.0289544825729643,-0.0086571723222732,-0.2989924720794947,0.0195658110313422,-0.0019859741441905,-0.0002454685262979,cifar_seeds_42_123.json
cifar,sinusoidal,42,random_17,gaussian random,2.8097552763389744,0.0001,0.0301241679761793,0.0291191838039401,0.0093902200460433,0.3224753863043645,0.0200480299064284,0.000700254633557,0.000503259506472,cifar_seeds_42_123.json
cifar,sinusoidal,42,random_18,gaussian random,2.789317286450333,0.0001,0.0303206173334424,0.0292497300318053,0.0068441182374954,0.2339891079354687,0.0197896916571692,-0.0030838984530419,0.0002916981075695,cifar_seeds_42_123.json
cifar,sinusoidal,42,random_19,gaussian random,2.815271807572515,0.0001,0.0302319464985728,0.0294214955717045,-0.0062790960073471,-0.2134186548078093,0.0191512215201061,0.0153082702308893,-0.000193513177701,cifar_seeds_42_123.json
cifar,sinusoidal,42,random_20,gaussian random,2.850409419361109,0.0001,0.0301643317250287,0.0290322201566739,-0.0062679350376129,-0.215895822082764,0.01906611312165,0.002096636686474,-0.0001404925668846,cifar_seeds_42_123.json
cifar,sinusoidal,42,random_21,gaussian random,2.761823881842923,0.0001,0.0301336965280068,0.0292180458326364,0.0002282708883285,0.0078126678846391,0.0197261203464333,-0.0062130726873874,0.0002644336047585,cifar_seeds_42_123.json
cifar,sinusoidal,42,random_22,gaussian random,2.7546223347124985,0.0001,0.0302183025655266,0.0289959277225098,-0.0075534284114837,-0.2604996289054743,0.0197745964754892,-0.0015058034332469,6.355942743720279e-05,cifar_seeds_42_123.json
cifar,sinusoidal,42,random_23,gaussian random,2.8473402523446016,0.0001,0.0302227564096362,0.0292973032982393,-0.0012312829494476,-0.0420271769354836,0.0189076399946442,0.0081596653908491,9.480374471912803e-05,cifar_seeds_42_123.json
cifar,sinusoidal,42,random_24,gaussian random,2.8488691354160696,0.0001,0.0301363126948954,0.0289696246399613,0.004547506570816,0.1569749911271926,0.0190639420696876,-0.0011533260112628,0.0004937221994104,cifar_seeds_42_123.json
cifar,sinusoidal,42,random_25,gaussian random,2.770422084816476,0.0001,0.0302255474833117,0.0293401471979785,0.0012559741735458,0.0428073576138149,0.02016011504515,0.0037560784257948,2.146562245772377e-05,cifar_seeds_42_123.json
cifar,sinusoidal,42,random_26,gaussian random,2.7575899297888986,0.0001,0.0301667456057318,0.0292864547884076,0.0093138515949249,0.3180259154690032,0.0199333820538049,-0.0001258572010556,0.0002859747804731,cifar_seeds_42_123.json
cifar,sinusoidal,42,random_27,gaussian random,2.798571407656408,0.0001,0.0302239470354642,0.0293932717858504,0.0151348561048507,0.5149088612903759,0.0202908514145459,-0.0040339822880923,0.0002403288705159,cifar_seeds_42_123.json
cifar,sinusoidal,42,random_28,gaussian random,2.8379987288753545,0.0001,0.0302069951757364,0.0291116869087717,0.0021623969078063,0.0742793406161165,0.0194044287019308,0.0070234052836894,1.890058480574965e-05,cifar_seeds_42_123.json
cifar,sinusoidal,42,random_29,gaussian random,2.7836780125513005,0.0001,0.0302869906825117,0.0293471826565258,0.0001592189073562,0.0054253557903575,0.0200063662353067,-0.0030768141150474,-0.0001782810333203,cifar_seeds_42_123.json
cifar,sinusoidal,42,random_30,gaussian random,2.808653355453924,0.0001,0.0302993818327752,0.0291206367808581,-0.0109296143054962,-0.3753219542465693,0.0191566558411344,-0.0044171381741762,-0.0003933886712033,cifar_seeds_42_123.json
cifar,sinusoidal,42,random_31,gaussian random,2.7717089256845733,0.0001,0.0301157848736022,0.0292459438089538,0.0114137232303619,0.3902668795686994,0.0200578515874829,0.0053298929706215,0.0004831605631407,cifar_seeds_42_123.json
cifar,sinusoidal,42,task_gradient,held-out task-gradient ascent,8.775353953299048,0.0001,0.0287205440159014,0.0275724115168112,0.0094193071126937,0.3416207213848782,0.0034186655216023,1.0,-0.0003048073138172,cifar_seeds_42_123.json
cifar,sinusoidal,123,random_00,gaussian random,2.8148450389358497,0.0001,0.0301635784876468,0.0289474480249908,-0.0023944973945617,-0.082718773430202,0.0196888958879337,0.0049271495081484,-0.0001136378033132,cifar_seeds_42_123.json
cifar,sinusoidal,123,random_01,gaussian random,2.82730239809078,0.0001,0.0300337387887192,0.0288409694567899,0.004614770412445,0.1600074650527609,0.0197427787027843,0.0017623950261622,-9.766699822895e-05,cifar_seeds_42_123.json
cifar,sinusoidal,123,random_02,gaussian random,2.901294316781778,0.0001,0.0301160923826786,0.0289610749280901,0.0099309384822845,0.3429064185960948,0.0188515626509034,0.0028457974549382,0.0001159623389754,cifar_seeds_42_123.json
cifar,sinusoidal,123,random_03,gaussian random,2.824331934930114,0.0001,0.0301896754222129,0.0286595685364696,0.0062322616577148,0.2174583211112969,0.018947380139218,0.0043444703333079,0.000217700046355,cifar_seeds_42_123.json
cifar,sinusoidal,123,random_04,gaussian random,2.9284625857471287,0.0001,0.0300606177911042,0.0287749361884234,0.0066144168376922,0.2298672982063236,0.0187862220620943,0.0124170994386076,-0.0004336404547341,cifar_seeds_42_123.json
cifar,sinusoidal,123,random_05,gaussian random,2.8276647332916496,0.0001,0.0301372244253167,0.0290040946714687,0.0090560019016265,0.3122318418900676,0.0197598470466032,-0.0058819549158215,-3.5880493828347554e-05,cifar_seeds_42_123.json
cifar,sinusoidal,123,random_06,gaussian random,2.7934960723084554,0.0001,0.0300539309902848,0.0291068294913782,0.0068689286708831,0.2359902741354164,0.0196528722054889,0.0005335422465577,6.488223396705667e-05,cifar_seeds_42_123.json
cifar,sinusoidal,123,random_07,gaussian random,2.8308617235225317,0.0001,0.0300189391959353,0.0290479590948247,0.0092260539531707,0.3176145326786317,0.0195013209396838,-0.0049935444258153,0.0003171735145601,cifar_seeds_42_123.json
cifar,sinusoidal,123,random_08,gaussian random,2.8344398382574783,0.0001,0.0301125712388742,0.0288708281848032,-0.0038569867610931,-0.133594600626086,0.019039218703642,-0.0026333366986364,-0.0003532921204552,cifar_seeds_42_123.json
cifar,sinusoidal,123,random_09,gaussian random,2.8650562432751845,0.0001,0.0300541976364481,0.0289244289901149,0.0018184185028076,0.0628679136044162,0.0190401802737511,-0.0022538704797625,5.024335444575143e-05,cifar_seeds_42_123.json
cifar,sinusoidal,123,random_10,gaussian random,2.836228222784174,0.0001,0.0300127277660945,0.0288913842564845,0.003187209367752,0.1103169491450282,0.0189561940272148,0.0052677425555884,-0.0002030814168482,cifar_seeds_42_123.json
cifar,sinusoidal,123,random_11,gaussian random,2.8387111746107214,0.0001,0.030091530924575,0.0289702376598723,-0.0036684572696685,-0.1266284837818185,0.0194549882554715,0.002730646636337,2.500467897477308e-05,cifar_seeds_42_123.json
cifar,sinusoidal,123,random_12,gaussian random,2.854635282753635,0.0001,0.0301216218633938,0.0288031253723892,-0.0060722529888153,-0.2108192395897493,0.0199267990625573,-0.001289335777983,0.0001036246386446,cifar_seeds_42_123.json
cifar,sinusoidal,123,random_13,gaussian random,2.7837825888794607,0.0001,0.0301991650192093,0.0291908425851814,-0.0116434693336486,-0.3988740407088979,0.0199809904570087,0.0005950539489276,-0.0008497041471674,cifar_seeds_42_123.json
cifar,sinusoidal,123,random_14,gaussian random,2.866529400856653,0.0001,0.0300708346045463,0.0287865036298468,-0.0006285607814788,-0.0218352596606128,0.0194242011226583,0.001822626334615,0.0001524547909133,cifar_seeds_42_123.json
cifar,sinusoidal,123,random_15,gaussian random,2.7983528058861107,0.0001,0.0301053685853672,0.0289053720885676,-0.0005554258823394,-0.0192153168150758,0.0199078434966815,0.000911398557946,-9.540675260389456e-05,cifar_seeds_42_123.json
cifar,sinusoidal,123,random_16,gaussian random,2.8672388093065626,0.0001,0.030096609951993,0.028813276782213,-0.0060003995895385,-0.2082512042935263,0.0188723233657776,0.0059936558827757,-0.0001185662342696,cifar_seeds_42_123.json
cifar,sinusoidal,123,random_17,gaussian random,2.8479989627891102,0.0001,0.030091644004812,0.0290193932640867,0.0010058879852294,0.0346626125527696,0.0189256898552022,-0.000358301855158,-0.0001732525627604,cifar_seeds_42_123.json
cifar,sinusoidal,123,random_18,gaussian random,2.8708913295245666,0.0001,0.0300544303999461,0.0289485978807262,-0.0045066177845001,-0.1556765478959723,0.0192232644580862,-0.0050240778364241,-0.0003954902648117,cifar_seeds_42_123.json
cifar,sinusoidal,123,random_19,gaussian random,2.820421195104834,0.0001,0.0301808077688756,0.0290211199625228,0.0058700442314147,0.2022680116754703,0.0195543219902535,0.0071189519949257,0.0001082779835122,cifar_seeds_42_123.json
cifar,sinusoidal,123,random_20,gaussian random,2.872293961133836,0.0001,0.0301072956622846,0.028934112562054,-0.0078365206718444,-0.2708401944257927,0.0192837915828549,-0.0091310460120439,-0.0006006903269728,cifar_seeds_42_123.json
cifar,sinusoidal,123,random_21,gaussian random,2.8644666147185656,0.0001,0.0301571406863053,0.0290213854177892,0.001481682062149,0.0510548356261731,0.019236346869174,0.0017890399321913,6.151752800425685e-05,cifar_seeds_42_123.json
cifar,sinusoidal,123,random_22,gaussian random,2.778148036201266,0.0001,0.0301323155167915,0.0291385407033908,0.0003551244735717,0.0121874488220493,0.0201287779701746,-0.002734491135925,6.463572460233272e-05,cifar_seeds_42_123.json
cifar,sinusoidal,123,random_23,gaussian random,2.877893171146765,0.0001,0.0300730594391625,0.0289971851563597,0.0028508007526397,0.0983130168417236,0.0189991252600347,-0.0029326402582228,0.0002080836089829,cifar_seeds_42_123.json
cifar,sinusoidal,123,random_24,gaussian random,2.8462603239685067,0.0001,0.0301335604129141,0.029081627707427,0.0005913376808166,0.0203337202018314,0.020136554851669,-0.0061344164423644,9.579354082391118e-05,cifar_seeds_42_123.json
cifar,sinusoidal,123,random_25,gaussian random,2.8444842826350976,0.0001,0.0301789564577319,0.0288860068515346,0.0076807141304016,0.2658974004222236,0.0196968447407633,0.0052019231952726,6.912572948957298e-05,cifar_seeds_42_123.json
cifar,sinusoidal,123,random_26,gaussian random,2.8444381310336966,0.0001,0.0300958362950744,0.0288820846265648,-0.0090747773647308,-0.3142009131980781,0.0194447695439581,0.0036275829188525,-0.000539140539612,cifar_seeds_42_123.json
cifar,sinusoidal,123,random_27,gaussian random,2.825389979185801,0.0001,0.0301835355793377,0.0288735169285613,0.0039984583854675,0.138481861955386,0.0198304254008798,0.0066764377988874,0.0001153047680815,cifar_seeds_42_123.json
cifar,sinusoidal,123,random_28,gaussian random,2.845859534408295,0.0001,0.0301562686178848,0.0288960748908838,-0.0046579539775848,-0.1611967713668384,0.0199386088359095,-0.0110976425930857,-6.776000417776939e-05,cifar_seeds_42_123.json
cifar,sinusoidal,123,random_29,gaussian random,2.8441521563740118,0.0001,0.0301175365511623,0.0292766934106869,-0.0119980573654174,-0.4098159992698418,0.0193059736434879,0.0013421984622254,-0.0002402884027601,cifar_seeds_42_123.json
cifar,sinusoidal,123,random_30,gaussian random,2.8948108315574235,0.0001,0.0300480637997444,0.0289875249578461,0.0034047663211822,0.1174562618275786,0.0188367034024274,-0.001192096970044,-6.139135449360622e-05,cifar_seeds_42_123.json
cifar,sinusoidal,123,random_31,gaussian random,2.8172375107432908,0.0001,0.0301715627980616,0.0290110816630793,0.0034345090389251,0.1183861077229692,0.0198564550613955,-0.0088482210412621,2.2220674772359787e-06,cifar_seeds_42_123.json
cifar,sinusoidal,123,task_gradient,held-out task-gradient ascent,9.80536977607126,0.0001,0.0287365400778129,0.0271370762801078,0.0137134790420532,0.5053410655040074,0.003059548052253,1.0,0.0008240014171318,cifar_seeds_42_123.json
cifar,sinusoidal,456,random_00,gaussian random,2.6964247613024264,0.0001,0.0301656322083245,0.0290876700995441,-0.0083578377962112,-0.2873326659580829,0.0202984615665038,-0.0061631659045815,-8.074944931614496e-06,cifar_seeds_456_789.json
cifar,sinusoidal,456,random_01,gaussian random,2.703284685264275,0.0001,0.0302393015931528,0.0290922999727204,0.00058414041996,0.0200788669341291,0.0191288589616765,-0.0067669805139303,0.0001558395206136,cifar_seeds_456_789.json
cifar,sinusoidal,456,random_02,gaussian random,2.7169070845784,0.0001,0.0300974862134299,0.0289129789501602,-0.0017590522766113,-0.0608395378298292,0.0189608857588994,0.0013899913756176,6.20377226027547e-05,cifar_seeds_456_789.json
cifar,sinusoidal,456,random_03,gaussian random,2.673203637912254,0.0001,0.0301943878792992,0.0289701957214742,0.0051284134387969,0.1770237760249424,0.0200581260094733,-0.0012625782983377,0.0001884559925446,cifar_seeds_456_789.json
cifar,sinusoidal,456,random_04,gaussian random,2.678181803124023,0.0001,0.0301641889111395,0.0291112165290155,-0.0011452287435531,-0.0393397762134638,0.0198480329329084,-0.0036700984928756,-3.7740402876586e-05,cifar_seeds_456_789.json
cifar,sinusoidal,456,random_05,gaussian random,2.674610615792036,0.0001,0.0302160001998388,0.0289432762466985,-0.001719444990158,-0.0594074069397797,0.0198260514670957,-0.0018543122569099,-0.0003029204075672,cifar_seeds_456_789.json
cifar,sinusoidal,456,random_06,gaussian random,2.685904989534456,0.0001,0.0301606560048664,0.0288546427863668,0.0044192820787429,0.1531567072745393,0.0194917879185724,-0.001526299980469,0.0001760222452706,cifar_seeds_456_789.json
cifar,sinusoidal,456,random_07,gaussian random,2.6280263702986826,0.0001,0.0301966681426826,0.0289394611059193,0.005196213722229,0.1795546124100478,0.0209653399078152,0.0045040198601782,3.238314350342959e-05,cifar_seeds_456_789.json
cifar,sinusoidal,456,random_08,gaussian random,2.7104156771761483,0.0001,0.0301539079792622,0.0291627634504734,0.0007462501525878,0.0255891439731091,0.0196649107190276,0.006749709136784,9.763973013198272e-05,cifar_seeds_456_789.json
cifar,sinusoidal,456,random_09,gaussian random,2.7219263090994694,0.0001,0.0301676858709899,0.0285499290056603,0.0005989968776702,0.0209806783600592,0.0191222262356334,0.0063368235714733,0.0003060391536911,cifar_seeds_456_789.json
cifar,sinusoidal,456,random_10,gaussian random,2.666698509033406,0.0001,0.0301395170804154,0.0289946526971156,0.0016142725944519,0.0556748380922145,0.0194487788500947,0.0024597090668976,7.805177733419911e-05,cifar_seeds_456_789.json
cifar,sinusoidal,456,random_11,gaussian random,2.664198192404654,0.0001,0.0302283824149933,0.0291362266559777,-0.0040799081325531,-0.1400287065557968,0.0207578696465822,0.0002288671093992,0.0002631691848716,cifar_seeds_456_789.json
cifar,sinusoidal,456,random_12,gaussian random,2.6881809542279744,0.0001,0.0302759798398371,0.0290996036132439,-0.0027912408113479,-0.0959202348061401,0.0198531463169871,-0.001085847732611,-5.1265389946358445e-05,cifar_seeds_456_789.json
cifar,sinusoidal,456,random_13,gaussian random,2.711367803651826,0.0001,0.0301537662969735,0.0290627535659592,0.003316506743431,0.1141153654248257,0.0192759967889147,0.0022900933399796,-0.0001963729064758,cifar_seeds_456_789.json
cifar,sinusoidal,456,random_14,gaussian random,2.699008344256195,0.0001,0.0301321483226236,0.0289450198509614,0.0010706782341003,0.0369900673626512,0.0191372363666381,0.0058663762174546,0.0001711660082103,cifar_seeds_456_789.json
cifar,sinusoidal,456,random_15,gaussian random,2.7366293796984915,0.0001,0.0302418895307073,0.0291254197556057,-0.0033137798309326,-0.1137762085057954,0.0189591286528832,-0.0029770638793706,-0.0001523423658511,cifar_seeds_456_789.json
cifar,sinusoidal,456,random_16,gaussian random,2.676089050863646,0.0001,0.0301699878766269,0.028898678509757,-0.0001291930675506,-0.0044705527800186,0.0192991245610847,0.0030213913414627,-0.0003343056094669,cifar_seeds_456_789.json
cifar,sinusoidal,456,random_17,gaussian random,2.670182642431957,0.0001,0.0301564338086916,0.0288451236185412,-0.0100187063217163,-0.3473275571360845,0.0197368275702559,0.0044326805509626,-0.0002100779775558,cifar_seeds_456_789.json
cifar,sinusoidal,456,random_18,gaussian random,2.66031907223955,0.0001,0.0301864418435278,0.0291910889877716,-0.0039177238941192,-0.1342095834711896,0.0199393853217634,-0.0075504314154386,-5.778517667682488e-05,cifar_seeds_456_789.json
cifar,sinusoidal,456,random_19,gaussian random,2.6571735765361413,0.0001,0.030158076794447,0.0291602209433103,-0.0068270713090896,-0.2341227565580517,0.0200323298290096,-0.0013537566410377,-0.0001891715220509,cifar_seeds_456_789.json
cifar,sinusoidal,456,random_20,gaussian random,2.6865060214213186,0.0001,0.0301259689418959,0.0290996580672961,-0.002252459526062,-0.0774050169542525,0.0199585061932675,0.005474014673382,-6.616924040520548e-05,cifar_seeds_456_789.json
cifar,sinusoidal,456,random_21,gaussian random,2.6551063964954427,0.0001,0.0302101586850279,0.0291201730580219,0.0023647546768188,0.0812067521751011,0.0203206865258111,-0.0012994520366191,-0.0001229842155723,cifar_seeds_456_789.json
cifar,sinusoidal,456,random_22,gaussian random,2.70947011383512,0.0001,0.0302541580623121,0.0289524480730348,-0.0069524347782135,-0.2401328813603405,0.0193983554466311,0.0005138354608789,-5.716187833540656e-05,cifar_seeds_456_789.json
cifar,sinusoidal,456,random_23,gaussian random,2.697607067265174,0.0001,0.0300338330325416,0.0290974759221425,-3.209710121154785e-05,-0.0011030888485802,0.0198216181784605,-0.0008553724037483,-0.0002517771081945,cifar_seeds_456_789.json
cifar,sinusoidal,456,random_24,gaussian random,2.69100425209537,0.0001,0.0302526787756397,0.0289505963866397,0.0021585971117019,0.0745614039473855,0.0195485592837177,-0.0037715630605816,0.0003199792898547,cifar_seeds_456_789.json
cifar,sinusoidal,456,random_25,gaussian random,2.654595578177168,0.0001,0.0301888823403815,0.0291205995430628,0.0032595992088317,0.1119344814316603,0.020785743061464,0.0008701484766788,-7.078782585729492e-05,cifar_seeds_456_789.json
cifar,sinusoidal,456,random_26,gaussian random,2.670058356530963,0.0001,0.0301114355011032,0.0287266907344439,-0.0006676167249679,-0.023240293535359,0.0196453195893084,-0.0006878200219944,-8.631949729560938e-06,cifar_seeds_456_789.json
cifar,sinusoidal,456,random_27,gaussian random,2.725451261545092,0.0001,0.0301247484080272,0.0291194134416052,0.0057026296854019,0.1958360080582567,0.0189415893927499,0.0036119068972766,0.000114208492781,cifar_seeds_456_789.json
cifar,sinusoidal,456,random_28,gaussian random,2.7164532862937043,0.0001,0.0301749724300959,0.0288987226722832,-0.0097376704216003,-0.3369585061605422,0.019342241626853,-0.001069845049642,-0.0001138687084577,cifar_seeds_456_789.json
cifar,sinusoidal,456,random_29,gaussian random,2.7183522470465764,0.0001,0.0301574156073382,0.0289467897368068,-0.0126414746046066,-0.4367142166556917,0.0193331649187377,0.0004959388752467,-0.0003753788564226,cifar_seeds_456_789.json
cifar,sinusoidal,456,random_30,gaussian random,2.675448906160627,0.0001,0.0301221573597712,0.0290141870128971,0.0017143189907073,0.0590855428740899,0.0195043585434265,0.0013739961432293,0.0002031320003162,cifar_seeds_456_789.json
cifar,sinusoidal,456,random_31,gaussian random,2.709199220376194,0.0001,0.0301401818968213,0.0287869534808327,0.0031931549310684,0.1109236839943665,0.0194923537212857,-0.0023955043870955,0.0001653534245564,cifar_seeds_456_789.json
cifar,sinusoidal,456,task_gradient,held-out task-gradient ascent,9.51879542389159,0.0001,0.02887145044367,0.0272431848779383,0.0180260241031646,0.6616709530816356,0.0031516592871301,1.0,0.0006966518659921,cifar_seeds_456_789.json
cifar,sinusoidal,789,random_00,gaussian random,2.7284026828482144,0.0001,0.0301567412487633,0.0287249870024983,0.0027352720499038,0.0952227428219888,0.0191857493475741,0.0015266728587448,0.0001350722952626,cifar_seeds_456_789.json
cifar,sinusoidal,789,random_01,gaussian random,2.701132681621548,0.0001,0.0301511530212736,0.0289636012848146,0.0049893856048583,0.1722639928576244,0.019689680509364,-0.0045927125029265,-0.0001529597570656,cifar_seeds_456_789.json
cifar,sinusoidal,789,random_02,gaussian random,2.745014058902865,0.0001,0.0301317075208766,0.0288186517295207,0.0007618069648742,0.0264345109557607,0.0192145852552363,-0.0007502160151489,-0.000222130176373,cifar_seeds_456_789.json
cifar,sinusoidal,789,random_03,gaussian random,2.670001329100812,0.0001,0.0301637488759029,0.029154070478259,0.0022897571325302,0.0785398777929739,0.0205727372584212,0.0030728210695087,-1.0834823670318208e-05,cifar_seeds_456_789.json
cifar,sinusoidal,789,random_04,gaussian random,2.659147369332391,0.0001,0.0302157998591583,0.0290430173591825,0.0042168498039245,0.1451932404878487,0.0202382673941528,-0.0063430722802877,-0.0001646271033547,cifar_seeds_456_789.json
cifar,sinusoidal,789,random_05,gaussian random,2.675935712001358,0.0001,0.030114872239519,0.0286919925385908,0.0023604184389114,0.0822674980044229,0.0200457330280926,-0.0003927952202502,0.0003348270588033,cifar_seeds_456_789.json
cifar,sinusoidal,789,random_06,gaussian random,2.738751196637785,0.0001,0.0302088145757979,0.0288455392139508,0.0006285011768341,0.0217885050500334,0.0194250515727986,0.0008555399836041,-9.497819433651068e-05,cifar_seeds_456_789.json
cifar,sinusoidal,789,random_07,gaussian random,2.797798547859645,0.0001,0.0301396830203904,0.0287139070958116,0.0082540959119796,0.2874598669013475,0.0185787840414444,-0.0075204516761004,0.0003186271244095,cifar_seeds_456_789.json
cifar,sinusoidal,789,random_08,gaussian random,2.6259570642941195,0.0001,0.0302226747095494,0.0293934605925746,-0.010568231344223,-0.3595436240295146,0.0212578566557795,-0.0015206827083602,-0.0004292909009546,cifar_seeds_456_789.json
cifar,sinusoidal,789,random_09,gaussian random,2.694673554580002,0.0001,0.0301921480432666,0.0291495122147775,0.0045883059501647,0.1574059255728719,0.0200142243950971,-0.007161799352616,1.1101381089442015e-06,cifar_seeds_456_789.json
cifar,sinusoidal,789,random_10,gaussian random,2.761284616912004,0.0001,0.0301327862793194,0.0287423312657157,0.0033444762229919,0.1163606456300669,0.0190283339929124,-0.0069979662075638,0.0001670764735167,cifar_seeds_456_789.json
cifar,sinusoidal,789,random_11,gaussian random,2.6603442612356534,0.0001,0.0302459223912567,0.0293744591725992,0.0004622191190719,0.0157354086540296,0.0202631541990037,0.0006504438351839,9.697735344619048e-05,cifar_seeds_456_789.json
cifar,sinusoidal,789,random_12,gaussian random,2.71939108305396,0.0001,0.0301144844941763,0.0288017183967057,-0.0055338889360427,-0.192137457210738,0.0191167218325203,-0.0009670133003965,-0.0002221933972758,cifar_seeds_456_789.json
cifar,sinusoidal,789,random_13,gaussian random,2.720268297898295,0.0001,0.0300632896498859,0.0283795352706234,0.0028367638587951,0.099958080065236,0.0194803777179698,-0.0022395406849682,-7.259668083420242e-05,cifar_seeds_456_789.json
cifar,sinusoidal,789,random_14,gaussian random,2.672236500938392,0.0001,0.0301251878482378,0.0288336769345049,-0.0032216012477874,-0.1117305037129074,0.0202502596788158,-0.0008748925756663,0.0001726715716648,cifar_seeds_456_789.json
cifar,sinusoidal,789,random_15,gaussian random,2.6784737395856704,0.0001,0.030183681958742,0.028941108288315,-0.000290423631668,-0.0100349865241805,0.020426913946041,0.0036017806269228,0.0002158523167036,cifar_seeds_456_789.json
cifar,sinusoidal,789,random_16,gaussian random,2.699194130737205,0.0001,0.0299792526814027,0.0288537022709442,-0.0071955472230911,-0.249380379527138,0.0200547963550392,-0.0022872772533446,-0.0002320377633341,cifar_seeds_456_789.json
cifar,sinusoidal,789,random_17,gaussian random,2.627269009293536,0.0001,0.0301208425816228,0.0289734980612742,-0.005421370267868,-0.1871147990623269,0.0212145602488726,-0.0002785038086585,-1.4274247673911166e-05,cifar_seeds_456_789.json
cifar,sinusoidal,789,random_18,gaussian random,2.704708394556096,0.0001,0.030133354861291,0.0289320648862,0.0028702169656753,0.0992053963989407,0.0194620418309344,-0.0029129707254469,0.0001182833970318,cifar_seeds_456_789.json
cifar,sinusoidal,789,random_19,gaussian random,2.6795144335321144,0.0001,0.0301632598300671,0.0288501784034722,0.0060714930295944,0.2104490635962129,0.0203217398831728,0.0024722658563405,0.0003497555043702,cifar_seeds_456_789.json
cifar,sinusoidal,789,random_20,gaussian random,2.675215541360903,0.0001,0.030130637735977,0.029089781289079,0.0067056268453598,0.2305148594526302,0.0205271902590687,-0.0007204963476397,0.0005206922031008,cifar_seeds_456_789.json
cifar,sinusoidal,789,random_21,gaussian random,2.7257189391118324,0.0001,0.0301423282657818,0.0290622632952597,-0.0040140599012374,-0.1381193150876248,0.019692300862549,0.0060057346709072,-0.0002378676077029,cifar_seeds_456_789.json
cifar,sinusoidal,789,random_22,gaussian random,2.761370725785647,0.0001,0.030131623500301,0.0289457949707483,-0.002485454082489,-0.085865808315188,0.0193981489300912,0.0005748111288994,5.101313892703079e-05,cifar_seeds_456_789.json
cifar,sinusoidal,789,random_23,gaussian random,2.7047135758118697,0.0001,0.03020394560921,0.0288445795675018,-0.0047200918197631,-0.1636387803371258,0.0197751256625308,-0.0065940204076468,-0.0001393196082392,cifar_seeds_456_789.json
cifar,sinusoidal,789,random_24,gaussian random,2.664730481270285,0.0001,0.030176304347483,0.0289604820389048,-0.001170590519905,-0.0404202705718967,0.020403079876683,0.0003900369338225,-0.0002991387213097,cifar_seeds_456_789.json
cifar,sinusoidal,789,random_25,gaussian random,2.669947314746669,0.0001,0.0300908979272835,0.0288139685574029,-0.0020181834697723,-0.0700418432730545,0.0197494930395537,0.0006424785242415,7.489539469444476e-05,cifar_seeds_456_789.json
cifar,sinusoidal,789,random_26,gaussian random,2.702850126628291,0.0001,0.0301105642784781,0.0288872639994421,-0.0011685788631439,-0.0404530821321979,0.0199822205612286,0.0105350604280829,0.0001900318497322,cifar_seeds_456_789.json
cifar,sinusoidal,789,random_27,gaussian random,2.669277460146635,0.0001,0.0301285233505709,0.0289580981467234,0.0044923275709152,0.155131996174394,0.0204476297200535,0.0002417206706013,-9.778476460011122e-05,cifar_seeds_456_789.json
cifar,sinusoidal,789,random_28,gaussian random,2.6956331093051835,0.0001,0.0301402213962444,0.0289775077584523,-0.0063157975673675,-0.2179551678499792,0.0198677078536116,-0.0068580727092921,-0.0001751901174132,cifar_seeds_456_789.json
cifar,sinusoidal,789,random_29,gaussian random,2.700443235036204,0.0001,0.0301608278474374,0.0290136385641946,-0.0040366351604461,-0.1391288842147404,0.0197926385539585,0.0078451195731759,-9.95254153514455e-05,cifar_seeds_456_789.json
cifar,sinusoidal,789,random_30,gaussian random,2.682859920005814,0.0001,0.0301941634731523,0.0286854235191465,-0.0102439522743225,-0.357113509845341,0.0202183045674985,0.0053953174501657,-0.0003334619170129,cifar_seeds_456_789.json
cifar,sinusoidal,789,random_31,gaussian random,2.6968091947166744,0.0001,0.0302333982805192,0.0288345579056004,-0.0130624324083328,-0.4530130980713163,0.0199892399103799,-0.0044280216097831,-1.6091250312144898e-05,cifar_seeds_456_789.json
cifar,sinusoidal,789,task_gradient,held-out task-gradient ascent,9.484104521982015,0.0001,0.0289082467884622,0.0274981870544744,0.0120801627635955,0.4393076074311567,0.0031631874079905,1.0,0.0002253327840724,cifar_seeds_456_789.json
cifar,sinusoidal,1011,random_00,gaussian random,2.6189345086052973,0.0001,0.0300818572323809,0.0286385895045849,0.0009211599826812,0.0321649913147363,0.0207672537235767,0.0038407160900533,0.0001518703234404,cifar_seeds_1011_1213.json
cifar,sinusoidal,1011,random_01,gaussian random,2.6269234062493814,0.0001,0.0301775447320675,0.0292457541205025,0.0065619349479675,0.2243722258256738,0.021053840712345,-0.0056899753399193,-3.332210294995276e-05,cifar_seeds_1011_1213.json
cifar,sinusoidal,1011,random_02,gaussian random,2.627389280256068,0.0001,0.0301278017407863,0.0286499530204183,-0.0031221061944961,-0.1089742168956116,0.0206455494495888,6.017849591444247e-05,-0.000126970582791,cifar_seeds_1011_1213.json
cifar,sinusoidal,1011,random_03,gaussian random,2.694189008930187,0.0001,0.0300855794034458,0.0288625400061527,0.0010371357202529,0.0359336260783666,0.019049483640671,-0.001817196724005,0.0001470487087814,cifar_seeds_1011_1213.json
cifar,sinusoidal,1011,random_04,gaussian random,2.632171319722897,0.0001,0.0301582664857749,0.0289181806582978,-0.0027158856391906,-0.0939162000293876,0.0205951142891052,-0.0028634071350097,-5.9729010912639184e-05,cifar_seeds_1011_1213.json
cifar,sinusoidal,1011,random_05,gaussian random,2.6700671209013187,0.0001,0.030061597311758,0.0284971857808284,-0.0002567917108535,-0.0090111252678969,0.019449092008099,-0.0138778341934084,5.012073221152222e-05,cifar_seeds_1011_1213.json
cifar,sinusoidal,1011,random_06,gaussian random,2.70105807190789,0.0001,0.0301053995143069,0.0287249836615171,-0.0010786801576614,-0.0375519850723725,0.0199764228471637,-0.0039298506453633,0.0001364332245923,cifar_seeds_1011_1213.json
cifar,sinusoidal,1011,random_07,gaussian random,2.6713079324841558,0.0001,0.0300848582937977,0.0284215565754994,-0.0017289072275161,-0.0608308423545867,0.0193152555493062,0.0066724359057843,-8.17287451105208e-05,cifar_seeds_1011_1213.json
cifar,sinusoidal,1011,random_08,gaussian random,2.5722454563815385,0.0001,0.030189701527991,0.0287981297891112,0.00287526845932,0.0998421939332748,0.0209309750316539,-0.0025038614403456,-0.0001088410439023,cifar_seeds_1011_1213.json
cifar,sinusoidal,1011,random_09,gaussian random,2.633010109078477,0.0001,0.0301432007399791,0.0287857474296667,0.0048042833805084,0.1668979897863307,0.0211038504486614,-0.0075131603516638,-0.0001624557596123,cifar_seeds_1011_1213.json
cifar,sinusoidal,1011,random_10,gaussian random,2.588436499042866,0.0001,0.0300925789450818,0.0285124965133396,0.0113358944654464,0.3975763560424437,0.0203383539652973,0.0052560530602931,0.0003123201356167,cifar_seeds_1011_1213.json
cifar,sinusoidal,1011,random_11,gaussian random,2.5870704989263538,0.0001,0.030114729449319,0.0288855012747601,-0.0022344440221786,-0.0773552101770546,0.0209302074070797,-0.0020675796549767,-8.101784733233758e-05,cifar_seeds_1011_1213.json
cifar,sinusoidal,1011,random_12,gaussian random,2.63751000232378,0.0001,0.03019080817294,0.0289931731885912,-0.0068972259759902,-0.237891379847458,0.020952067689065,-0.0067778900265693,-0.0002069873945884,cifar_seeds_1011_1213.json
cifar,sinusoidal,1011,random_13,gaussian random,2.6583089212220763,0.0001,0.0300921333681812,0.0285455114980405,-0.0116189569234848,-0.40703271070418,0.0200804804024815,-0.0046010529622435,-0.0001470046367181,cifar_seeds_1011_1213.json
cifar,sinusoidal,1011,random_14,gaussian random,2.59684584093725,0.0001,0.03015058612165,0.0286576444811344,-0.0061077326536178,-0.2131275184755197,0.0208359636971934,0.0003097149310633,-0.0003292991499548,cifar_seeds_1011_1213.json
cifar,sinusoidal,1011,random_15,gaussian random,2.669871544415196,0.0001,0.0301074067430937,0.0285194001682672,0.0020716339349746,0.0726394637598207,0.0197702189365789,0.0019944191444665,0.0002109831506003,cifar_seeds_1011_1213.json
cifar,sinusoidal,1011,random_16,gaussian random,2.736793231059566,0.0001,0.0300554246210425,0.0287025825147831,0.0069317072629928,0.2415011701272072,0.0194653723318533,0.002708246698603,0.00018932770078,cifar_seeds_1011_1213.json
cifar,sinusoidal,1011,random_17,gaussian random,2.624519974196135,0.0001,0.0300984135279326,0.0285381542362555,0.0095721036195755,0.3354142507021315,0.0202225177751132,-0.0026453416794538,0.000118000733365,cifar_seeds_1011_1213.json
cifar,sinusoidal,1011,random_18,gaussian random,2.6715213226051278,0.0001,0.0300292533066518,0.0285535932556998,-0.0126640647649765,-0.4435191274025903,0.0206442333630334,-0.0060021332465112,5.699575844616811e-05,cifar_seeds_1011_1213.json
cifar,sinusoidal,1011,random_19,gaussian random,2.616953954492752,0.0001,0.0301331354403532,0.028836048876117,-0.0020232200622558,-0.0701628739411505,0.0210296572906023,-0.008478763513267,0.0001430040618343,cifar_seeds_1011_1213.json
cifar,sinusoidal,1011,random_20,gaussian random,2.602362628536823,0.0001,0.0301497077683351,0.0288743733255897,0.0038998275995254,0.1350618957353875,0.0211376864574896,0.0006713283946737,0.0001014825892611,cifar_seeds_1011_1213.json
cifar,sinusoidal,1011,random_21,gaussian random,2.6521921898724723,0.0001,0.030143841896607,0.0288450012382647,0.0073707103729248,0.2555281697525836,0.0204251217718314,-0.0003886342456098,-9.418469875371696e-06,cifar_seeds_1011_1213.json
cifar,sinusoidal,1011,random_22,gaussian random,2.595192242268364,0.0001,0.0301412911472629,0.0288794164163711,0.0053644627332687,0.1857538482054553,0.021180890805518,0.0003699278458952,-7.770777960761906e-05,cifar_seeds_1011_1213.json
cifar,sinusoidal,1011,random_23,gaussian random,2.5982955484627834,0.0001,0.0301495266049671,0.0290601884023257,-0.0090506225824356,-0.3114440435531134,0.0208722864450458,-0.0006215786561369,-0.0002388639485218,cifar_seeds_1011_1213.json
cifar,sinusoidal,1011,random_24,gaussian random,2.597321992187738,0.0001,0.0301404710302124,0.0288635128189344,-0.0101071298122406,-0.3501697757873167,0.0208715119171564,0.0047673378139734,-0.0003896670249484,cifar_seeds_1011_1213.json
cifar,sinusoidal,1011,random_25,gaussian random,2.653674879762556,0.0001,0.0303013816959295,0.028844287496648,-0.0098893642425537,-0.3428534764016246,0.0205890215886853,-0.0043817828409373,3.578198608818584e-05,cifar_seeds_1011_1213.json
cifar,sinusoidal,1011,random_26,gaussian random,2.684274806455599,0.0001,0.0301739676837318,0.0285703220083485,0.0032993555068969,0.1154819153222306,0.0196828192801735,-0.0013912413269281,-3.264479646690062e-05,cifar_seeds_1011_1213.json
cifar,sinusoidal,1011,random_27,gaussian random,2.625828807452057,0.0001,0.0302043929934895,0.0288239823063876,0.0038180500268936,0.1324608788025623,0.0204471442111664,0.0010754488175734,0.000178255153054,cifar_seeds_1011_1213.json
cifar,sinusoidal,1011,random_28,gaussian random,2.6665375323700373,0.0001,0.0300833808039836,0.0284915030756502,0.0002933591604232,0.0102963736116116,0.0197979865561518,-0.0042444793507456,8.926236343491259e-05,cifar_seeds_1011_1213.json
cifar,sinusoidal,1011,random_29,gaussian random,2.61815704868486,0.0001,0.0301833590334439,0.0285743346553778,-0.0036105662584304,-0.1263569669066977,0.0204550774402131,-0.0054718912579119,-6.845124194615605e-05,cifar_seeds_1011_1213.json
cifar,sinusoidal,1011,random_30,gaussian random,2.6383498709042685,0.0001,0.0302243250675658,0.0286810914642104,0.0062488168478012,0.2178723517408241,0.0202248066705043,0.0013748744968324,-6.633111871435035e-07,cifar_seeds_1011_1213.json
cifar,sinusoidal,1011,random_31,gaussian random,2.716212992879487,0.0001,0.030047197989293,0.0282986010970834,-0.0026585161685943,-0.0939451444781261,0.0193171695422582,-0.0019400432938709,-0.0001745754491929,cifar_seeds_1011_1213.json
cifar,sinusoidal,1011,task_gradient,held-out task-gradient ascent,9.114714821989525,0.0001,0.0287565436899394,0.0269804116258092,0.0119390040636062,0.4425063720001036,0.0032913810893593,1.0,0.0004117953013528,cifar_seeds_1011_1213.json
cifar,sinusoidal,1213,random_00,gaussian random,2.711198799579817,0.0001,0.0301193550619772,0.0290324602427854,-1.992285251617432e-05,-0.0006862268078408,0.0202671244470201,0.0089607872068881,0.000127027243291,cifar_seeds_1011_1213.json
cifar,sinusoidal,1213,random_01,gaussian random,2.7277657238301702,0.0001,0.030183457291041,0.0291019333581263,-0.0072656869888305,-0.2496633780106471,0.0198654532324092,0.0058562187477946,-0.0001174097183041,cifar_seeds_1011_1213.json
cifar,sinusoidal,1213,random_02,gaussian random,2.741570225127782,0.0001,0.0301904470774789,0.0290167274991123,-0.0047456920146942,-0.163550214780057,0.019975836359665,-0.0037768154870718,-0.0001357502922847,cifar_seeds_1011_1213.json
cifar,sinusoidal,1213,random_03,gaussian random,2.7166058526244337,0.0001,0.0301700949517549,0.0287079431066764,0.0062642693519592,0.2182068331639674,0.0196130137574966,0.0035991326440125,0.0003245211506425,cifar_seeds_1011_1213.json
cifar,sinusoidal,1213,random_04,gaussian random,2.7287202090684626,0.0001,0.030057785674172,0.0290998960983187,-0.0016244947910308,-0.0558247625882326,0.0199641401147971,0.0019401073222979,0.0002608464107402,cifar_seeds_1011_1213.json
cifar,sinusoidal,1213,random_05,gaussian random,2.698077919422692,0.0001,0.0301186880780226,0.0287755235383539,0.0039180219173431,0.1361581453807758,0.0199426562024814,0.0013686020392924,0.0003683008293198,cifar_seeds_1011_1213.json
cifar,sinusoidal,1213,random_06,gaussian random,2.770528796064159,0.0001,0.030122347746182,0.0289492611527195,-0.0101097524166107,-0.3492231585213013,0.0195922613857696,-0.0030166425276547,-0.0001120982894933,cifar_seeds_1011_1213.json
cifar,sinusoidal,1213,random_07,gaussian random,2.79295261286215,0.0001,0.0300864220539173,0.0290645456055709,-0.0010762959718704,-0.0370312333960633,0.0190272126261052,0.0101114260032773,-0.000180888963285,cifar_seeds_1011_1213.json
cifar,sinusoidal,1213,random_08,gaussian random,2.7627915375251635,0.0001,0.030119215354395,0.0290392564233575,-0.0020448863506317,-0.0704179997180272,0.0192926232742512,0.0032629226334393,-0.0001712348147368,cifar_seeds_1011_1213.json
cifar,sinusoidal,1213,random_09,gaussian random,2.728731353778036,0.0001,0.0301158733779003,0.028837207234073,0.0090692937374114,0.3144997247408737,0.0199512421046819,-0.0053179780952632,0.0001042767086274,cifar_seeds_1011_1213.json
cifar,sinusoidal,1213,random_10,gaussian random,2.7020527270832844,0.0001,0.0301533716019021,0.0292984943480509,0.0104824900627136,0.3577825514917959,0.0205274072273324,-0.0027269448619335,7.547403504057258e-05,cifar_seeds_1011_1213.json
cifar,sinusoidal,1213,random_11,gaussian random,2.769791189123232,0.0001,0.0301558251987224,0.0291713332579805,0.0035733133554458,0.1224940020342844,0.0196384225506061,0.0125251030549407,0.0003563620508217,cifar_seeds_1011_1213.json
cifar,sinusoidal,1213,random_12,gaussian random,2.738572656804024,0.0001,0.030128498766629,0.0286251847728639,0.0042982101440429,0.1501548436507414,0.0194495528433477,0.0059110447764396,-0.0002333403023767,cifar_seeds_1011_1213.json
cifar,sinusoidal,1213,random_13,gaussian random,2.7214198568663104,0.0001,0.0301582942470736,0.0290262789998748,0.0032506883144378,0.1119912171467754,0.019660110567568,0.0036161050666123,0.0003414935536445,cifar_seeds_1011_1213.json
cifar,sinusoidal,1213,random_14,gaussian random,2.7377111366308475,0.0001,0.0301736435974672,0.0290169177746564,0.0128178298473358,0.4417364362017455,0.0203408140392215,-0.0003875052207149,1.4211010735517828e-05,cifar_seeds_1011_1213.json
cifar,sinusoidal,1213,random_15,gaussian random,2.717419249295783,0.0001,0.0301235072072743,0.0292016306420019,0.0066436380147933,0.2275091448228091,0.0205079311062907,0.008051267825067,0.0001854156131334,cifar_seeds_1011_1213.json
cifar,sinusoidal,1213,random_16,gaussian random,2.700574127233993,0.0001,0.0302694812349251,0.0291651493970295,0.0096478760242462,0.3308015293495754,0.0206218890859212,-0.0015024573076516,0.0006353332103562,cifar_seeds_1011_1213.json
cifar,sinusoidal,1213,random_17,gaussian random,2.692265782365761,0.0001,0.0301048389989602,0.0291364903081178,0.0041558444499969,0.1426336667885858,0.0201878799962363,0.0046222545206546,0.0003795198113382,cifar_seeds_1011_1213.json
cifar,sinusoidal,1213,random_18,gaussian random,2.7471730078946224,0.0001,0.0300893456262723,0.0290067000318447,0.0069996714591979,0.2413122296405127,0.0196387326415722,0.0067525305785238,-0.0001042371030833,cifar_seeds_1011_1213.json
cifar,sinusoidal,1213,random_19,gaussian random,2.732385311317806,0.0001,0.0301416441999015,0.0291568153054466,0.0055426508188247,0.1900979500250623,0.0196088787200164,-0.0026130510959774,-8.05044175197969e-05,cifar_seeds_1011_1213.json
cifar,sinusoidal,1213,random_20,gaussian random,2.7365451463752044,0.0001,0.0301594522428892,0.0290890767335643,-0.0029069483280181,-0.0999326432613796,0.019329239875339,0.001170098548755,-0.0001129751074776,cifar_seeds_1011_1213.json
cifar,sinusoidal,1213,random_21,gaussian random,2.727908733455412,0.0001,0.0302569286131806,0.0288402450895931,0.0187977254390716,0.6517879921157362,0.0202254642155943,-0.0024070844519883,0.0003736949092993,cifar_seeds_1011_1213.json
cifar,sinusoidal,1213,random_22,gaussian random,2.725590166664009,0.0001,0.0302286243420312,0.0291344828196577,-0.000956654548645,-0.0328358170820022,0.0202206917162209,0.0028771830257028,-0.0001297599019765,cifar_seeds_1011_1213.json
cifar,sinusoidal,1213,random_23,gaussian random,2.743292528245591,0.0001,0.0301660219390648,0.0288367489119596,0.0071252584457397,0.2470895199557198,0.0196481830695376,0.0073864012956619,-0.000362545383763,cifar_seeds_1011_1213.json
cifar,sinusoidal,1213,random_24,gaussian random,2.746504787419954,0.0001,0.0301792428544107,0.0288175008875919,0.0058936476707458,0.2045162657835985,0.019415424675534,-0.0055625895038247,4.079938716987916e-05,cifar_seeds_1011_1213.json
cifar,sinusoidal,1213,random_25,gaussian random,2.768467919256763,0.0001,0.030137610841879,0.0289174858752106,0.0004266500473022,0.0147540505126688,0.0198606325788955,-0.0059219733811914,-0.0002978099418025,cifar_seeds_1011_1213.json
cifar,sinusoidal,1213,random_26,gaussian random,2.7043155981439737,0.0001,0.0302125509308217,0.0288620322999382,-0.0078480392694473,-0.2719156845190041,0.0200733378361939,-0.0014641677262261,0.0001820187944041,cifar_seeds_1011_1213.json
cifar,sinusoidal,1213,random_27,gaussian random,2.708470594071809,0.0001,0.030166771809135,0.0291084381991445,0.0070520639419555,0.2422687158173545,0.0198946935470091,-0.0090020941570401,-0.0001145782096164,cifar_seeds_1011_1213.json
cifar,sinusoidal,1213,random_28,gaussian random,2.7421487509987217,0.0001,0.0301812038887051,0.0289460743012905,-0.003347024321556,-0.1156296458966411,0.0196435343594431,0.0011186287738382,-2.9310373757672465e-05,cifar_seeds_1011_1213.json
cifar,sinusoidal,1213,random_29,gaussian random,2.7358594644283065,0.0001,0.030201404057983,0.0291717602376244,0.000191643834114,0.0065694984653994,0.019791977649763,-0.0071617029607295,0.0001931075107825,cifar_seeds_1011_1213.json
cifar,sinusoidal,1213,random_30,gaussian random,2.7142973304760947,0.0001,0.0301837354447083,0.0291323831346062,0.0039850324392318,0.1367904719919072,0.0200182243453808,-0.0025816413108259,0.0002607126606928,cifar_seeds_1011_1213.json
cifar,sinusoidal,1213,random_31,gaussian random,2.6990386065840632,0.0001,0.0301713591730988,0.0292521314656353,-0.0037713646888732,-0.1289261499902593,0.0198024297025748,-0.0049889683723449,0.0002208479135584,cifar_seeds_1011_1213.json
cifar,sinusoidal,1213,task_gradient,held-out task-gradient ascent,9.30782897484735,0.0001,0.0287969587814695,0.0276245647963005,0.0196976959705352,0.7130500015396877,0.0032230931703912,1.0,0.0004423162341479,cifar_seeds_1011_1213.json
cifar,rope,42,random_00,gaussian random,2.5466814744212734,0.0001,0.029984805543238,0.0301707574731947,-0.0033330768346786,-0.110473753853874,0.030530840294967,0.0148285841569304,-0.0002122727039969,cifar_seeds_42_123.json
cifar,rope,42,random_01,gaussian random,2.5339894529171194,0.0001,0.0299935459345138,0.0301333154094878,-0.0008199959993362,-0.0272122728014872,0.0310399948959699,-0.0235574897378683,-0.0001128392616824,cifar_seeds_42_123.json
cifar,rope,42,random_02,gaussian random,2.5874915287421683,0.0001,0.0299884870095229,0.030184775381713,-0.0068728923797607,-0.2276940044392235,0.0296282344260366,0.0298953503370285,-0.0004664680272041,cifar_seeds_42_123.json
cifar,rope,42,random_03,gaussian random,2.615367727795519,0.0001,0.0299824360303215,0.0301742933378655,-0.0029581040143966,-0.0980339118889838,0.0288341136451876,-0.0176284182816743,-0.0002415611660133,cifar_seeds_42_123.json
cifar,rope,42,random_04,gaussian random,2.6011068506615653,0.0001,0.0299946252913278,0.0301627250153566,0.0057405084371566,0.1903179647805038,0.0284605171574869,-0.0151279484853148,0.0003254318482313,cifar_seeds_42_123.json
cifar,rope,42,random_05,gaussian random,2.5498459107741143,0.0001,0.0299833694432305,0.030143925495815,0.0083153843879699,0.275856055613076,0.0310346946174482,-0.0075424164533615,0.000680627282211,cifar_seeds_42_123.json
cifar,rope,42,random_06,gaussian random,2.579495470502483,0.0001,0.0299818424859801,0.0301252106873872,0.0005978345870971,0.0198449927305394,0.0294672400410351,-0.0001076239786925,-0.0001104076977065,cifar_seeds_42_123.json
cifar,rope,42,random_07,gaussian random,2.5526272698735,0.0001,0.0299835932481367,0.0301264543596211,-0.0002633929252624,-0.0087429115327783,0.0309894444528577,-0.0355473235249519,1.0266642508955526e-05,cifar_seeds_42_123.json
cifar,rope,42,random_08,gaussian random,2.534314403331281,0.0001,0.0299889448487531,0.0301264834204966,0.003049299120903,0.1012165634581969,0.0299509002883959,0.0254832487553358,0.0001229646577848,cifar_seeds_42_123.json
cifar,rope,42,random_09,gaussian random,2.5618404088421527,0.0001,0.0300065437394291,0.0301809524231164,-0.00445157289505,-0.1474961039215073,0.0298889716161213,-0.0081285461783409,-0.0002959675304287,cifar_seeds_42_123.json
cifar,rope,42,random_10,gaussian random,2.589500802701668,0.0001,0.029991981699029,0.0301484966985562,0.0103517770767211,0.3433596434417549,0.029499621884192,0.0349340103566646,0.0005986564667745,cifar_seeds_42_123.json
cifar,rope,42,random_11,gaussian random,2.5439097818164065,0.0001,0.0299820979927364,0.0301045499217885,0.0046826899051666,0.1555475805927087,0.0304278217508138,-0.0003691067977342,0.0002528347252125,cifar_seeds_42_123.json
cifar,rope,42,random_12,gaussian random,2.5659871371386056,0.0001,0.0299940235534528,0.0301044777925949,-0.0010915249586105,-0.0362578937967502,0.0303078690913374,-0.0278394594788551,-7.540069016387369e-05,cifar_seeds_42_123.json
cifar,rope,42,random_13,gaussian random,2.579935116925229,0.0001,0.0299754217427167,0.030166939761161,0.001082956790924,0.0358987951545003,0.0294881516191754,-0.0098879775032401,8.522767035697779e-05,cifar_seeds_42_123.json
cifar,rope,42,random_14,gaussian random,2.5904249474195344,0.0001,0.0299995582966704,0.0301595803414851,0.0004683136940002,0.0155278584349553,0.0289112921394127,0.0182108394801616,-1.2418595023891148e-05,cifar_seeds_42_123.json
cifar,rope,42,random_15,gaussian random,2.54407912201835,0.0001,0.0299775827660349,0.0301669931085003,5.8650970458984375e-05,0.0019442100261049,0.0306042718574878,0.0293488148599863,-2.436263052738351e-05,cifar_seeds_42_123.json
cifar,rope,42,random_16,gaussian random,2.5515349188597582,0.0001,0.0299852347153379,0.030141274918662,-0.0031046718358993,-0.1030039984797419,0.03063485358702,-0.0288132280111312,-0.0002225156348971,cifar_seeds_42_123.json
cifar,rope,42,random_17,gaussian random,2.5913808589971223,0.0001,0.0299879953623391,0.0301791823559895,-0.0045683830976486,-0.1513753104295731,0.0294762930962412,-0.0108787100762128,-0.0002970398305543,cifar_seeds_42_123.json
cifar,rope,42,random_18,gaussian random,2.568851412441241,0.0001,0.0299940043099592,0.0301361699498536,0.0013976991176605,0.0463794543230371,0.0296059070240815,-0.0134261371567845,4.7523481646415546e-05,cifar_seeds_42_123.json
cifar,rope,42,random_19,gaussian random,2.535785787255517,0.0001,0.0299886511948541,0.0301512521704821,0.0031772404909133,0.1053767343707165,0.0309951114662227,0.0165371298789978,0.0003587922164733,cifar_seeds_42_123.json
cifar,rope,42,random_20,gaussian random,2.551144985738664,0.0001,0.0299883937069425,0.0300862688857102,-0.0052834302186965,-0.1756093531825743,0.0306350640120787,0.0002859280793927,-0.000417033076901,cifar_seeds_42_123.json
cifar,rope,42,random_21,gaussian random,2.5096925395193783,0.0001,0.0299836332519141,0.0301081523125771,-0.0017696768045425,-0.0587773300124861,0.0324220869119524,-0.0128373773768544,-8.52628216491323e-05,cifar_seeds_42_123.json
cifar,rope,42,random_22,gaussian random,2.573681455261318,0.0001,0.0299865677721735,0.0301375670061554,0.0019137561321258,0.0635006844359724,0.0304507578959942,-0.0132786463946104,0.0001585576092808,cifar_seeds_42_123.json
cifar,rope,42,random_23,gaussian random,2.52411902892968,0.0001,0.0299765431832286,0.0301569701485398,0.0018142759799957,0.0601610828627481,0.0307385421465596,-0.0264572333544492,-1.6731083195528198e-05,cifar_seeds_42_123.json
cifar,rope,42,random_24,gaussian random,2.539813003020238,0.0001,0.029989121541585,0.0300951528624523,-0.0001096129417419,-0.0036422124932516,0.0308078219603889,0.0240217354148626,-9.862906200589224e-05,cifar_seeds_42_123.json
cifar,rope,42,random_25,gaussian random,2.538700962607072,0.0001,0.0299778285256469,0.0301263328905941,-0.0017898827791213,-0.0594125672587328,0.0307541766377202,-0.0146892126649618,-0.0001516445379265,cifar_seeds_42_123.json
cifar,rope,42,random_26,gaussian random,2.551609036381808,0.0001,0.029984646718366,0.0301371543431954,0.0043488591909408,0.1443022503524051,0.0291922569451138,0.0457602143287658,0.0002660843592189,cifar_seeds_42_123.json
cifar,rope,42,random_27,gaussian random,2.617513905705878,0.0001,0.0299944976989279,0.0301557070661593,0.010313868522644,0.3420204507231813,0.0283266048224112,0.0140974381938576,0.0006534474948969,cifar_seeds_42_123.json
cifar,rope,42,random_28,gaussian random,2.592960234230524,0.0001,0.0299882998825517,0.0301412018406731,0.003612458705902,0.1198511832738991,0.0290478012786439,-0.0468613542616367,0.0001127830363095,cifar_seeds_42_123.json
cifar,rope,42,random_29,gaussian random,2.559104737217476,0.0001,0.0299886994870127,0.0301131272041835,0.0056287497282028,0.1869201325400978,0.0296533068328632,-0.0251730624586343,0.0003575880768641,cifar_seeds_42_123.json
cifar,rope,42,random_30,gaussian random,2.542269060675399,0.0001,0.0299886838416135,0.0300829475081936,-0.0002707093954086,-0.0089987656739718,0.0311306011709031,0.0172159373760223,1.4689832707350708e-05,cifar_seeds_42_123.json
cifar,rope,42,random_31,gaussian random,2.534780095766105,0.0001,0.0300017692807815,0.0301905559195065,0.0011305212974548,0.0374461901420101,0.0313427789814336,0.0003333797794766,4.437436963132247e-05,cifar_seeds_42_123.json
cifar,rope,42,task_gradient,held-out task-gradient ascent,3.559394983093669,0.0001,0.0299949050541675,0.030136169894869,0.0085192322731018,0.2826912743995475,0.0124003490068103,1.0,0.0004746732493538,cifar_seeds_42_123.json
cifar,rope,123,random_00,gaussian random,2.4886640133028424,0.0001,0.0299856180990018,0.030090734400762,-0.0064812898635864,-0.2153915480182595,0.0313430595564308,0.0059405015781521,-0.0003614281909346,cifar_seeds_42_123.json
cifar,rope,123,random_01,gaussian random,2.437090881142113,0.0001,0.0299927741531573,0.0300828753979687,0.0015748441219329,0.0523501859812018,0.0323879021359128,-0.0002637908910401,0.0001090878537898,cifar_seeds_42_123.json
cifar,rope,123,random_02,gaussian random,2.424451316843486,0.0001,0.0299889885069135,0.0300553737226544,-0.0053266435861587,-0.1772276610270115,0.0323388038165693,-0.0166984032839536,-0.0001489738165626,cifar_seeds_42_123.json
cifar,rope,123,random_03,gaussian random,2.481922708370538,0.0001,0.0299833544323246,0.0300355520646325,-0.0084038972854614,-0.2797983292392077,0.0310889938999229,0.0100012337788939,-0.0003568591549994,cifar_seeds_42_123.json
cifar,rope,123,random_04,gaussian random,2.485503383882362,0.0001,0.0299936242343612,0.0301183246305291,0.0021671205759048,0.0719535565968421,0.0316434315182291,0.0075254854746162,4.745438941089425e-06,cifar_seeds_42_123.json
cifar,rope,123,random_05,gaussian random,2.4262980636639147,0.0001,0.0299917135025387,0.0300764123067221,0.0001804232597351,0.0059988291786644,0.0321194394677118,0.0024639496114104,-7.37054813882252e-05,cifar_seeds_42_123.json
cifar,rope,123,random_06,gaussian random,2.500210757109744,0.0001,0.0300256387116658,0.0301656995110784,0.0088995397090911,0.2950218245667666,0.0311399056388395,0.0551597140729427,0.0004100053016514,cifar_seeds_42_123.json
cifar,rope,123,random_07,gaussian random,2.466094130259772,0.0001,0.029995401072262,0.0301271360469007,0.0018413811922073,0.06112035307109,0.030966108493862,-0.0292065627872943,0.0001172414260774,cifar_seeds_42_123.json
cifar,rope,123,random_08,gaussian random,2.4111310471570606,0.0001,0.0300191708798782,0.0301449367016091,-0.0065874755382537,-0.2185267663176795,0.0325383788041459,-0.0252209641039371,-0.0003895456458766,cifar_seeds_42_123.json
cifar,rope,123,random_09,gaussian random,2.419502995275963,0.0001,0.0299831180596252,0.0300767178991201,0.0027516633272171,0.091488151614362,0.0323527451090102,0.0205336436629295,-9.964342736965932e-05,cifar_seeds_42_123.json
cifar,rope,123,random_10,gaussian random,2.4353097706283577,0.0001,0.0299860417119923,0.0301333438574805,-0.0007467865943908,-0.0247827323088632,0.0325140817566253,0.0006360512343235,1.5483931255447055e-05,cifar_seeds_42_123.json
cifar,rope,123,random_11,gaussian random,2.428647411374893,0.0001,0.0299864122936168,0.0300916241428762,-0.001481220126152,-0.0492236683244196,0.0320690689120231,-0.0010978799546137,-0.0001304556334143,cifar_seeds_42_123.json
cifar,rope,123,random_12,gaussian random,2.4114572899987814,0.0001,0.0299859368515443,0.0300935138371255,-0.0052704811096191,-0.1751367799102639,0.0326065292981072,0.0138529743999242,-0.000227828833655,cifar_seeds_42_123.json
cifar,rope,123,random_13,gaussian random,2.455575420024685,0.0001,0.0299867101880479,0.0300427771364124,-0.0014873445034027,-0.049507557062693,0.0315011116159641,-0.0190558396279811,3.119779318217432e-05,cifar_seeds_42_123.json
cifar,rope,123,random_14,gaussian random,2.467349103386302,0.0001,0.0299996562508231,0.0300978262696547,0.0069527029991149,0.2310034929706815,0.031412289009113,0.0267522931098938,0.0002119504385703,cifar_seeds_42_123.json
cifar,rope,123,random_15,gaussian random,2.4036802144660547,0.0001,0.0299900037227257,0.0301001253313693,-0.009446233510971,-0.3138270491228327,0.0326436984254456,-0.0410321168601512,-0.0004775919009018,cifar_seeds_42_123.json
cifar,rope,123,random_16,gaussian random,2.473747766827693,0.0001,0.0300042152476847,0.0300892319150024,0.0025703907012939,0.0854256003793952,0.0306557400890131,-0.0199590474367141,0.0001617384395134,cifar_seeds_42_123.json
cifar,rope,123,random_17,gaussian random,2.4598124951067137,0.0001,0.0299824447516263,0.03008623295854,-0.0016786307096481,-0.0557939809866309,0.0320151981490525,0.03764009475708,-0.0001636083817979,cifar_seeds_42_123.json
cifar,rope,123,random_18,gaussian random,2.503711872451193,0.0001,0.029983238420682,0.030104956988149,-0.0009845346212387,-0.0327034056758916,0.0295521144183181,0.0235814098268747,-0.0001788770928131,cifar_seeds_42_123.json
cifar,rope,123,random_19,gaussian random,2.454971318605538,0.0001,0.0299956226744915,0.0301375560526387,0.0013585537672042,0.0450784318685766,0.0307513975705972,0.0177252255380153,-2.0682472613983488e-05,cifar_seeds_42_123.json
cifar,rope,123,random_20,gaussian random,2.471829474965881,0.0001,0.0299812675965629,0.0300922075270193,-0.0066820681095123,-0.2220531047286112,0.0303825126056776,-0.0196963492780923,-0.0002086074085671,cifar_seeds_42_123.json
cifar,rope,123,random_21,gaussian random,2.4755916528754818,0.0001,0.0299963194295487,0.0300855853424916,0.0063480138778686,0.2109985165853821,0.0305976391355668,-0.0089847818017005,0.0002740253734912,cifar_seeds_42_123.json
cifar,rope,123,random_22,gaussian random,2.4762982406757565,0.0001,0.0299968802810209,0.0301150382697152,0.004645824432373,0.1542692521511771,0.030940393181482,0.0287734325975179,6.010094301589234e-05,cifar_seeds_42_123.json
cifar,rope,123,random_23,gaussian random,2.425422005100944,0.0001,0.0300099191091812,0.0300287444568103,-0.0045523643493652,-0.1516002227769729,0.0321997053764652,-0.0096654491499066,-0.000108007056939,cifar_seeds_42_123.json
cifar,rope,123,random_24,gaussian random,2.493951118887112,0.0001,0.0299905375384151,0.0301041655934959,0.0054696202278137,0.1816898133524567,0.0297709081958993,0.0003430487995501,0.000371107809274,cifar_seeds_42_123.json
cifar,rope,123,random_25,gaussian random,2.418180721317944,0.0001,0.0299809250447937,0.0300733564647108,-0.0055011361837387,-0.1829239177274388,0.0336610688214243,0.0124725401401519,-0.0001937084012133,cifar_seeds_42_123.json
cifar,rope,123,random_26,gaussian random,2.52867484096218,0.0001,0.0299938222028447,0.0300934238973806,0.0013204514980316,0.0438784068750165,0.0290916448160214,0.0128219472244381,-0.000197085968294,cifar_seeds_42_123.json
cifar,rope,123,random_27,gaussian random,2.480409718881162,0.0001,0.0299895834906627,0.0301012329445492,0.0071187019348144,0.2364920383137834,0.0312297259922112,-0.0213245507329702,0.000333182863791,cifar_seeds_42_123.json
cifar,rope,123,random_28,gaussian random,2.474674665236089,0.0001,0.0299874792542353,0.0300390550242805,0.0012828111648559,0.0427047776242982,0.0292414208326231,0.0100128259509801,-4.544289938670774e-05,cifar_seeds_42_123.json
cifar,rope,123,random_29,gaussian random,2.440240883541849,0.0001,0.0299949868463511,0.0301107781794067,0.0085703134536743,0.2846261030721452,0.0315151676890708,0.0026941574178636,0.0002491220393405,cifar_seeds_42_123.json
cifar,rope,123,random_30,gaussian random,2.451501540930852,0.0001,0.029991817804088,0.0301079073864908,0.0063386261463165,0.2105302791372546,0.0316251841768807,-0.0427635349333286,0.0003549938306297,cifar_seeds_42_123.json
cifar,rope,123,random_31,gaussian random,2.479284625857805,0.0001,0.0299856063321912,0.0300845290744347,0.0066648721694946,0.2215381917065907,0.0312652987970636,0.0237124375998973,0.0003401821340776,cifar_seeds_42_123.json
cifar,rope,123,task_gradient,held-out task-gradient ascent,3.521579242270528,0.0001,0.0300166755162342,0.0299830421970264,0.034144252538681,1.1387854612720816,0.0123386403976407,1.0,0.0009019488124491,cifar_seeds_42_123.json
cifar,rope,456,random_00,gaussian random,2.465188031162306,0.0001,0.0300071657707467,0.0301168451893959,0.0037426352500915,0.124270494686785,0.0322189753247824,0.0023900689557194,0.0001869622800605,cifar_seeds_456_789.json
cifar,rope,456,random_01,gaussian random,2.5849182851456294,0.0001,0.0299938540024567,0.0301830431866565,-0.0041683465242385,-0.1381022615400607,0.0287950825509492,-0.0352152176201343,-0.0002876077981289,cifar_seeds_456_789.json
cifar,rope,456,random_02,gaussian random,2.5132113716957454,0.0001,0.0299917204617515,0.0300886343628471,0.0031290650367736,0.1039949171185179,0.0312277576741367,-0.0408687330782413,2.554551512762317e-05,cifar_seeds_456_789.json
cifar,rope,456,random_03,gaussian random,2.571700078931084,0.0001,0.029993217996253,0.030131661909236,0.0064688026905059,0.2146845636988627,0.0294921618465852,0.0051812096498906,0.0003090400807774,cifar_seeds_456_789.json
cifar,rope,456,random_04,gaussian random,2.5519499391596856,0.0001,0.0299940456736612,0.0301054121996508,0.0086053311824798,0.2858400052924594,0.0302016407025553,0.0205720793455839,0.0004482244472733,cifar_seeds_456_789.json
cifar,rope,456,random_05,gaussian random,2.511061937530985,0.0001,0.0300031524591654,0.0301156819817814,0.0032573789358139,0.1081622172057888,0.0306582582508254,0.0159887392073869,0.0002025336537655,cifar_seeds_456_789.json
cifar,rope,456,random_06,gaussian random,2.5463008404364675,0.0001,0.0300033891107331,0.0301148126964421,0.0093865990638732,0.3116937554448831,0.0295682848647226,0.0116310594603419,0.0004272222179629,cifar_seeds_456_789.json
cifar,rope,456,random_07,gaussian random,2.527282429233412,0.0001,0.0299882487102857,0.0301280532590929,-0.0019396990537643,-0.0643818250413813,0.0300526890580608,0.0046125324442982,-0.0001848428504611,cifar_seeds_456_789.json
cifar,rope,456,random_08,gaussian random,2.5268113833381567,0.0001,0.0299823548190071,0.030075081446541,-0.0007588267326354,-0.0252310782261495,0.0300881878588249,-0.0086968895047903,-0.0001527800292848,cifar_seeds_456_789.json
cifar,rope,456,random_09,gaussian random,2.553551993451482,0.0001,0.03000753984475,0.0302001102135851,0.0007500350475311,0.024835506964267,0.0295338359101783,0.0150267696008086,8.265311634070288e-05,cifar_seeds_456_789.json
cifar,rope,456,random_10,gaussian random,2.526709896949153,0.0001,0.0300063542750601,0.0302171114295153,0.0083016753196716,0.2747342458274401,0.0294819476543864,0.0029614246450364,0.000396298616008,cifar_seeds_456_789.json
cifar,rope,456,random_11,gaussian random,2.563763511657657,0.0001,0.0299387848519468,0.0301227236663193,-0.0006964802742004,-0.0231214242747638,0.0282134232383589,-0.0339404121041297,-0.0001626797340403,cifar_seeds_456_789.json
cifar,rope,456,random_12,gaussian random,2.6131773913398813,0.0001,0.0300051431736515,0.030206116867368,0.007011204957962,0.2321120913604193,0.0275639051123638,0.0541761554777622,0.0002802461225904,cifar_seeds_456_789.json
cifar,rope,456,random_13,gaussian random,2.539998829372512,0.0001,0.0299908404616447,0.0301245336917158,0.0075253248214721,0.2498071803694546,0.0301286268170381,-0.041358970105648,0.0003377906662404,cifar_seeds_456_789.json
cifar,rope,456,random_14,gaussian random,2.490467432596918,0.0001,0.0299868584569642,0.0301317758237183,-0.000728964805603,-0.0241925603677569,0.0321589664848442,0.0116908410564064,-8.19069975387134e-05,cifar_seeds_456_789.json
cifar,rope,456,random_15,gaussian random,2.499555942998655,0.0001,0.02998437102668,0.0300749517480427,-0.0027598738670349,-0.0917665268478618,0.0306363834085487,-0.0427829287946224,-0.0002447326451724,cifar_seeds_456_789.json
cifar,rope,456,random_16,gaussian random,2.566505153334794,0.0001,0.0299867979656223,0.0301029312369332,0.0063726902008056,0.2116966667015811,0.0290922934813978,0.0051473225466907,0.0002490261128916,cifar_seeds_456_789.json
cifar,rope,456,random_17,gaussian random,2.540067030828829,0.0001,0.0299881046321337,0.0300904222173283,0.0047632306814193,0.1582972364766734,0.029836441143595,0.0371611379086971,0.0002954209282843,cifar_seeds_456_789.json
cifar,rope,456,random_18,gaussian random,2.5529295187759717,0.0001,0.0300029643983733,0.0301285688610719,0.0047264099121093,0.156874690394478,0.0286440256416702,0.0444615706801414,0.0002942779965972,cifar_seeds_456_789.json
cifar,rope,456,random_19,gaussian random,2.5314658466993127,0.0001,0.0299979469110923,0.0301274185960909,-0.0067203491926193,-0.2230642220867634,0.0306974297445335,-0.0011222518514841,-0.0004787249675851,cifar_seeds_456_789.json
cifar,rope,456,random_20,gaussian random,2.535914576783416,0.0001,0.0299950026597963,0.0301426537090426,0.0080604553222656,0.2674102751559501,0.0296870139667955,-0.0022257089149206,0.0003504512970795,cifar_seeds_456_789.json
cifar,rope,456,random_21,gaussian random,2.533295850244788,0.0001,0.0300263062570948,0.0301543947882654,0.0045124888420104,0.149646141920465,0.029842546857983,0.0151740070432424,0.0002376309203941,cifar_seeds_456_789.json
cifar,rope,456,random_22,gaussian random,2.629355418939684,0.0001,0.0299933518311724,0.0301721765828779,0.010150521993637,0.3364199452351507,0.0269785304002012,0.021204125136137,0.000557800743402,cifar_seeds_456_789.json
cifar,rope,456,random_23,gaussian random,2.480484781160929,0.0001,0.0299978298092048,0.0301496754856969,0.0034300684928894,0.1137680070393006,0.0319796247675566,0.0137599986046552,0.000216314713767,cifar_seeds_456_789.json
cifar,rope,456,random_24,gaussian random,2.56105297849031,0.0001,0.0299935694308597,0.0301115392730406,-0.0013381689786911,-0.0444404042768143,0.0294987503889812,-0.001851599663496,3.0041556548246432e-05,cifar_seeds_456_789.json
cifar,rope,456,random_25,gaussian random,2.563182091779707,0.0001,0.0299929431632809,0.0301194688510069,0.005472332239151,0.1816875412452054,0.0282880494324825,-0.0130968689918518,0.000266897815721,cifar_seeds_456_789.json
cifar,rope,456,random_26,gaussian random,2.529589003163837,0.0001,0.0299771330522947,0.0301622275257552,-0.001626044511795,-0.0539099610732191,0.0307845086216144,-0.0302933491766452,-0.0001383858106711,cifar_seeds_456_789.json
cifar,rope,456,random_27,gaussian random,2.6097694219860634,0.0001,0.0299670388240034,0.0301713038734105,-0.0050471425056457,-0.167282876697076,0.0285760607880509,-0.0106973834335803,-0.000296680994611,cifar_seeds_456_789.json
cifar,rope,456,random_28,gaussian random,2.5358535729108724,0.0001,0.02998729083268,0.0301185399402242,0.005814641714096,0.1930585521621,0.029714589308917,0.0206673592329025,0.0002672797253142,cifar_seeds_456_789.json
cifar,rope,456,random_29,gaussian random,2.515468800743913,0.0001,0.0299793059405154,0.0301046476520954,0.0014885365962982,0.049445408346927,0.0306533550692466,0.0274493545293808,0.0001307929734831,cifar_seeds_456_789.json
cifar,rope,456,random_30,gaussian random,2.5808393959773976,0.0001,0.0300385533873958,0.0303121555042196,-0.0083007514476776,-0.273842335182072,0.028352631923599,-0.0314091630280017,-0.000509703277463,cifar_seeds_456_789.json
cifar,rope,456,random_31,gaussian random,2.5298839433543443,0.0001,0.0299982206846941,0.0301262753953288,0.0055934786796569,0.1856677802435629,0.0304388684715024,0.0247021969407796,0.0003234698146566,cifar_seeds_456_789.json
cifar,rope,456,task_gradient,held-out task-gradient ascent,5.057370389258384,0.0001,0.0299981803819569,0.0305230337171595,0.0239703953266143,0.7853215230417488,0.0070288811902116,1.0,0.0012479892889396,cifar_seeds_456_789.json
cifar,rope,789,random_00,gaussian random,2.484295277041774,0.0001,0.029997785331258,0.0300629893196817,-0.0010455250740051,-0.034777814770424,0.0299014861560256,0.0139333521947264,-8.203311324556029e-05,cifar_seeds_456_789.json
cifar,rope,789,random_01,gaussian random,2.475127353738848,0.0001,0.0299865699198343,0.0300793510489202,-2.771615982055664e-06,-9.214347668432006e-05,0.0299507805321999,0.0203389525413513,-7.484962970311272e-05,cifar_seeds_456_789.json
cifar,rope,789,random_02,gaussian random,2.461325753308058,0.0001,0.0299902447571593,0.030049646655121,-0.0020303875207901,-0.0675677669056412,0.0320039729108334,-0.0068378178402781,-8.157546347686742e-05,cifar_seeds_456_789.json
cifar,rope,789,random_03,gaussian random,2.416280843582118,0.0001,0.029990280567864,0.030036636283793,-0.0035961270332336,-0.1197246921811287,0.0323011154259503,-0.022553788498044,-0.0001399964661301,cifar_seeds_456_789.json
cifar,rope,789,random_04,gaussian random,2.498494558707879,0.0001,0.0299781712546011,0.0300562831984776,0.0086991488933563,0.2894286308094453,0.0305020886385889,-0.0128352576866745,0.0004586305036144,cifar_seeds_456_789.json
cifar,rope,789,random_05,gaussian random,2.490221455929038,0.0001,0.0299882429579042,0.0300894319969059,-0.0068314969539642,-0.2270397445410967,0.0312042830661784,-0.0008881168905645,-0.0003608876259235,cifar_seeds_456_789.json
cifar,rope,789,random_06,gaussian random,2.414473931842151,0.0001,0.0300149819656951,0.0300833175524337,0.0039842426776885,0.1324402692869316,0.0321965008738309,-0.011521597392857,0.000151918906057,cifar_seeds_456_789.json
cifar,rope,789,random_07,gaussian random,2.45795890255996,0.0001,0.0300040083201779,0.0300697420531342,-0.0048884004354476,-0.162568751897164,0.0315820211800247,-0.0117290029302239,-0.0002572789000878,cifar_seeds_456_789.json
cifar,rope,789,random_08,gaussian random,2.4620309516628787,0.0001,0.0299994330365632,0.0301080515788513,0.0013080537319183,0.0434453132409652,0.0318110550268195,-0.0295689068734645,-1.828844369306464e-05,cifar_seeds_456_789.json
cifar,rope,789,random_09,gaussian random,2.48441700256193,0.0001,0.0299773060049639,0.0300999426092346,0.0019848942756652,0.065943457149859,0.031150872273348,0.0262781102210283,7.906657743532305e-05,cifar_seeds_456_789.json
cifar,rope,789,random_10,gaussian random,2.4425754687286783,0.0001,0.0299833919048775,0.0300254861509652,0.0053703337907791,0.1788591786250387,0.0317174862651745,-0.0210013501346111,0.0003297404487759,cifar_seeds_456_789.json
cifar,rope,789,random_11,gaussian random,2.459171016765072,0.0001,0.0299961707759203,0.0300300999520162,0.0085666477680206,0.2852687064548203,0.0311559892472629,-0.0398040674626827,0.0004261128926234,cifar_seeds_456_789.json
cifar,rope,789,random_12,gaussian random,2.472235025469321,0.0001,0.0300008656410021,0.0300425165213803,-0.0026832669973373,-0.089315653548122,0.0311278631818531,0.0122927809134125,-4.215695232213986e-05,cifar_seeds_456_789.json
cifar,rope,789,random_13,gaussian random,2.468282359812376,0.0001,0.0299890096366016,0.0300317656795916,-0.0008668005466461,-0.0288627900168774,0.0317631658804958,-0.023578317835927,-0.0001866242897635,cifar_seeds_456_789.json
cifar,rope,789,random_14,gaussian random,2.491221111061955,0.0001,0.0299945303129165,0.0300752466493059,0.0023244023323059,0.0772862267568318,0.0303013820297981,-0.0036899594124406,0.0001058036193184,cifar_seeds_456_789.json
cifar,rope,789,random_15,gaussian random,2.4901055903635663,0.0001,0.02998899515566,0.0300496347352959,-0.0039085745811462,-0.1300706186806081,0.0309777650528952,-0.0202673282474279,-0.0002386907289013,cifar_seeds_456_789.json
cifar,rope,789,random_16,gaussian random,2.4609242085689624,0.0001,0.0299991733605678,0.0300658338924161,-0.0024430751800537,-0.0812575227015392,0.0318646601860285,-0.0139312064275145,-5.183177690916544e-05,cifar_seeds_456_789.json
cifar,rope,789,random_17,gaussian random,2.4664779739558,0.0001,0.0299897672668761,0.0301011621253963,0.0032192021608352,0.1069461088387423,0.0312425105333458,0.0326524339616298,0.0002001944003843,cifar_seeds_456_789.json
cifar,rope,789,random_18,gaussian random,2.451341342440342,0.0001,0.0299951407295319,0.0300952772275914,0.0102432072162628,0.3403592908880672,0.0314572842454263,-0.0089878803119063,0.0004758267106837,cifar_seeds_456_789.json
cifar,rope,789,random_19,gaussian random,2.416892732568205,0.0001,0.0299972172191723,0.0300480743668247,-0.0008961856365203,-0.0298250605206781,0.0331658809660952,0.0222321767359972,-9.074801307289116e-05,cifar_seeds_456_789.json
cifar,rope,789,random_20,gaussian random,2.445183593084847,0.0001,0.0299891527330601,0.03006000060388,0.0049876719713211,0.1659238812748832,0.0324910602678478,-0.0014484029961749,0.0002387662765183,cifar_seeds_456_789.json
cifar,rope,789,random_21,gaussian random,2.4791248990919064,0.0001,0.0299856072338241,0.0300582401532866,0.000890776515007,0.02963501889879,0.0313407294305616,-0.0059932307340204,-1.571364829279925e-06,cifar_seeds_456_789.json
cifar,rope,789,random_22,gaussian random,2.493011675310456,0.0001,0.0299924841663168,0.0300906539755196,-0.0035356432199478,-0.1174997134600081,0.031296186296948,0.0079332897439599,-0.0001577815494919,cifar_seeds_456_789.json
cifar,rope,789,random_23,gaussian random,2.4549699929859474,0.0001,0.0299800251537899,0.0300388780039958,0.0016267597675323,0.0541551441207608,0.0323545389412658,-0.0047329645603895,-3.370412845103184e-05,cifar_seeds_456_789.json
cifar,rope,789,random_24,gaussian random,2.425486501749698,0.0001,0.0299900528641511,0.030029809720323,0.0011025816202163,0.0367162373150231,0.0326466018106144,-0.0020202384330332,-7.906746682634003e-05,cifar_seeds_456_789.json
cifar,rope,789,random_25,gaussian random,2.484230522768904,0.0001,0.0300049883022457,0.0300542348663537,0.0066974163055419,0.2228443457411014,0.0309221777575891,-0.0215214230120182,0.00023986648398,cifar_seeds_456_789.json
cifar,rope,789,random_26,gaussian random,2.411369067072045,0.0001,0.0299830161485663,0.0300612298942817,-0.0011307299137115,-0.0376142266197377,0.0338788943553226,-0.0280007310211658,1.8024616105613117e-05,cifar_seeds_456_789.json
cifar,rope,789,random_27,gaussian random,2.51943102568732,0.0001,0.0299866098191023,0.0300600880039268,-0.0025110840797424,-0.0835354866364463,0.0283912970425995,-0.0254715885967016,-5.424301984524089e-05,cifar_seeds_456_789.json
cifar,rope,789,random_28,gaussian random,2.4863630693280854,0.0001,0.029996111538751,0.0301149793717171,0.0055286437273025,0.1835845098567407,0.0310168161802592,0.0089643504470586,0.0002005925098712,cifar_seeds_456_789.json
cifar,rope,789,random_29,gaussian random,2.514911130688464,0.0001,0.0299874511370749,0.0300353607280026,0.0050289332866668,0.1674337569043503,0.0298594621078272,-0.012758582830429,0.0002435993946064,cifar_seeds_456_789.json
cifar,rope,789,random_30,gaussian random,2.5131247376457915,0.0001,0.0299950226258764,0.0300443451910397,0.0069852173328399,0.2324969071026115,0.0302764312257112,0.0182386729866266,0.0004324150629811,cifar_seeds_456_789.json
cifar,rope,789,random_31,gaussian random,2.498976607811541,0.0001,0.0300008953713983,0.030077775887873,0.0005745887756347,0.0191034329724636,0.0307686752746199,0.0458530113101005,-1.489513978146784e-05,cifar_seeds_456_789.json
cifar,rope,789,task_gradient,held-out task-gradient ascent,3.5327787737622742,0.0001,0.0300160688484334,0.0301239253990093,0.0256509184837341,0.8515131459121749,0.0124645366820567,1.0,0.0012119233071534,cifar_seeds_456_789.json
cifar,rope,1011,random_00,gaussian random,2.5130560439504546,0.0001,0.0299901984494065,0.0302378982528387,0.0012994408607482,0.0429739147173133,0.0306532184394234,-0.0222418457269668,-3.29488675316224e-05,cifar_seeds_1011_1213.json
cifar,rope,1011,random_01,gaussian random,2.499414025775313,0.0001,0.0299875902678571,0.0301568544868403,-0.0040996074676513,-0.1359428076107977,0.0305482393611145,0.0190631672739982,-0.0001656980430214,cifar_seeds_1011_1213.json
cifar,rope,1011,random_02,gaussian random,2.5146408915306298,0.0001,0.0299907186906388,0.0302071818867935,0.0009694397449493,0.0320930217384222,0.0304981406689078,-0.0133907869458198,6.891426166953096e-05,cifar_seeds_1011_1213.json
cifar,rope,1011,random_03,gaussian random,2.5056740626514737,0.0001,0.0299869219312772,0.0301738419924253,-0.0016306340694427,-0.0540413139915061,0.0301077943718943,-0.0226059183478355,-6.96383908700285e-05,cifar_seeds_1011_1213.json
cifar,rope,1011,random_04,gaussian random,2.5921486418386146,0.0001,0.0299969007984111,0.0302128562373533,-0.0026125609874725,-0.0864718306322367,0.0283684303969084,-0.013246132992208,-0.0002218052980868,cifar_seeds_1011_1213.json
cifar,rope,1011,random_05,gaussian random,2.521508924220566,0.0001,0.0299730824942005,0.0301757847807285,-0.0101237595081329,-0.3354928324713652,0.0309265997412335,-0.0055485167540609,-0.000686036364927,cifar_seeds_1011_1213.json
cifar,rope,1011,random_06,gaussian random,2.487449633141494,0.0001,0.029979781733039,0.03016518060714,-0.0049014091491699,-0.1624856556638605,0.0314002492224119,-0.0169695504009723,-0.000480294312439,cifar_seeds_1011_1213.json
cifar,rope,1011,random_07,gaussian random,2.508984045588783,0.0001,0.0299930134287755,0.0301924066263082,0.0041761994361877,0.1383195280812359,0.0302092692824088,0.0225032735615968,0.000200880413888,cifar_seeds_1011_1213.json
cifar,rope,1011,random_08,gaussian random,2.551100148414778,0.0001,0.0299875052892454,0.0301990187597412,0.0018592774868011,0.061567480108982,0.0286624151997746,-0.0229602679610252,0.0001200491927637,cifar_seeds_1011_1213.json
cifar,rope,1011,random_09,gaussian random,2.5256257600561614,0.0001,0.029984721773174,0.0302354626279553,0.0067286193370819,0.2225406444041211,0.0312573019631635,0.0275702476501464,0.000534837879181,cifar_seeds_1011_1213.json
cifar,rope,1011,random_10,gaussian random,2.535092629020031,0.0001,0.0299878841377711,0.0302400589868308,0.0007315278053283,0.024190687116283,0.0289748321568223,0.0129013778641819,5.923769253074252e-05,cifar_seeds_1011_1213.json
cifar,rope,1011,random_11,gaussian random,2.5593444326414816,0.0001,0.0299861016106864,0.0302048593937315,0.0031875371932983,0.1055306085602852,0.0287615915709092,-0.0049663307145237,0.0001786991861481,cifar_seeds_1011_1213.json
cifar,rope,1011,random_12,gaussian random,2.5974167815283007,0.0001,0.0299785764512937,0.0301877552748436,-0.0017174780368804,-0.0568932012746147,0.0277878157321004,-0.0060325292870402,-4.274168138139848e-05,cifar_seeds_1011_1213.json
cifar,rope,1011,random_13,gaussian random,2.5002313626789,0.0001,0.0299920925866858,0.0303137963117833,-0.0042459368705749,-0.1400661542653601,0.0310186745587784,-0.020420366898179,-0.0003572211058297,cifar_seeds_1011_1213.json
cifar,rope,1011,random_14,gaussian random,2.5370265236797764,0.0001,0.0299936335577738,0.0302296359815751,-0.0022252798080444,-0.07361252412701,0.0294946767748225,0.0082394685596227,-0.0002329660769323,cifar_seeds_1011_1213.json
cifar,rope,1011,random_15,gaussian random,2.5459554281238543,0.0001,0.0299875713481787,0.030234211883521,0.004426747560501,0.1464151795176732,0.0294835588956795,0.0264656394720077,0.0002089452969874,cifar_seeds_1011_1213.json
cifar,rope,1011,random_16,gaussian random,2.49895054144214,0.0001,0.0300022774530492,0.0301853769791868,-0.0011366605758666,-0.0376560006737844,0.0307446565456971,-0.006244353018701,-0.0002091675829364,cifar_seeds_1011_1213.json
cifar,rope,1011,random_17,gaussian random,2.531657788652434,0.0001,0.0299875365316715,0.0301767138863403,0.0004351437091827,0.014419850710773,0.0304986982316827,0.0031174274627119,-2.440599286805454e-06,cifar_seeds_1011_1213.json
cifar,rope,1011,random_18,gaussian random,2.543913828901751,0.0001,0.0299823643554385,0.0302064165787267,0.0016369223594665,0.0541912131550015,0.0295980598080613,-0.0193606447428464,0.0001185314127429,cifar_seeds_1011_1213.json
cifar,rope,1011,random_19,gaussian random,2.5139287901374026,0.0001,0.0299929835135858,0.0302343317365094,0.0007493197917938,0.0247837391718826,0.0306779498721581,-0.0238932091742753,-3.0345976728224665e-05,cifar_seeds_1011_1213.json
cifar,rope,1011,random_20,gaussian random,2.5372525360251346,0.0001,0.0300068491941401,0.0302402368334346,-0.0042953193187713,-0.1420398703366735,0.0292414422084274,-0.0009192916913889,-0.0003609272630477,cifar_seeds_1011_1213.json
cifar,rope,1011,random_21,gaussian random,2.568759295137586,0.0001,0.0299669394237295,0.0302712647538835,-0.0039450824260711,-0.1303243342538254,0.0282528252352062,-0.0536538027226924,-0.0003136968522699,cifar_seeds_1011_1213.json
cifar,rope,1011,random_22,gaussian random,2.5225429738303653,0.0001,0.0299932039833294,0.0301939520865603,0.0063699483871459,0.2109676921021985,0.0293204510182701,-0.0029274399857968,0.0003752982913345,cifar_seeds_1011_1213.json
cifar,rope,1011,random_23,gaussian random,2.547018526630481,0.0001,0.0299897767913556,0.0301974758754216,0.0020090341567993,0.0665298704132589,0.0288076181181258,0.0217240657657384,0.0002068460580257,cifar_seeds_1011_1213.json
cifar,rope,1011,random_24,gaussian random,2.56707473712372,0.0001,0.0299900387718242,0.0302242052506258,-0.005706787109375,-0.1888151255608893,0.0288788818851104,0.0142107363790273,-0.0004126336431474,cifar_seeds_1011_1213.json
cifar,rope,1011,random_25,gaussian random,2.5376349655609416,0.0001,0.0299865132615715,0.0302055364239608,0.0016915202140808,0.0560003368368918,0.0294323797321184,0.0207631047815084,5.94418296748034e-05,cifar_seeds_1011_1213.json
cifar,rope,1011,random_26,gaussian random,2.5471172438259537,0.0001,0.0300002612582729,0.0302638954182547,0.0012020766735076,0.039719826443182,0.0299172147890291,0.016610188409686,0.0001422936981385,cifar_seeds_1011_1213.json
cifar,rope,1011,random_27,gaussian random,2.538510561696169,0.0001,0.0300062787404968,0.0303415599403859,0.0042057931423187,0.1386149278607334,0.0299773291712935,0.0346595160663127,0.0002709219883405,cifar_seeds_1011_1213.json
cifar,rope,1011,random_28,gaussian random,2.5762055440659077,0.0001,0.0300026942730456,0.0302725285522787,-0.002783179283142,-0.0919374567055313,0.0280507485663826,-0.0034304223954677,-0.0003330446222759,cifar_seeds_1011_1213.json
cifar,rope,1011,random_29,gaussian random,2.496583417887443,0.0001,0.0299827463930703,0.0302282901227241,0.0018752515316009,0.0620363085039741,0.0313595797446926,0.0080394009128212,-4.2010775382812056e-06,cifar_seeds_1011_1213.json
cifar,rope,1011,random_30,gaussian random,2.55111100418693,0.0001,0.0299894228002658,0.0301636219237868,0.0001528561115264,0.0050675648936558,0.0290282708051737,-0.0044844183139503,-9.587328891539896e-05,cifar_seeds_1011_1213.json
cifar,rope,1011,random_31,gaussian random,2.553689282953924,0.0001,0.0300015401275527,0.0303022584122149,0.0055950582027435,0.1846416239552673,0.0286191250956752,0.0321231335401535,0.0003072368170902,cifar_seeds_1011_1213.json
cifar,rope,1011,task_gradient,held-out task-gradient ascent,6.090970869469877,0.0001,0.03000526532836,0.0309223234658291,0.0191966593265533,0.6208026168462625,0.0055029189005743,1.0,0.0010089127859789,cifar_seeds_1011_1213.json
cifar,rope,1213,random_00,gaussian random,2.343184417591724,0.0001,0.0299934143410887,0.0301169339975929,-8.159875869750977e-05,-0.0027093979322075,0.0333593200120784,-0.0121388742700219,-5.743963250549175e-05,cifar_seeds_1011_1213.json
cifar,rope,1213,random_01,gaussian random,2.3871000654587298,0.0001,0.0299809753159048,0.0300551145564077,-0.00049689412117,-0.0165327641735474,0.0326168298221104,-0.0178844761103391,-0.0001436950371904,cifar_seeds_1011_1213.json
cifar,rope,1213,random_02,gaussian random,2.370900820096999,0.0001,0.0299910936444381,0.0301170730659676,-0.0053120404481887,-0.1763797045135635,0.0332827629887683,-0.0098823448643088,-0.0003414208228847,cifar_seeds_1011_1213.json
cifar,rope,1213,random_03,gaussian random,2.3674018617474317,0.0001,0.0299907829539106,0.0300886811714979,0.0008208453655242,0.0272808688704459,0.0329704442091193,0.0060596880502998,2.5964714270689816e-05,cifar_seeds_1011_1213.json
cifar,rope,1213,random_04,gaussian random,2.4052970792428336,0.0001,0.0299944920336273,0.0301044288165957,0.0020905137062072,0.069442065117503,0.0311136611055475,-0.0264684949070215,7.044206743049306e-05,cifar_seeds_1011_1213.json
cifar,rope,1213,random_05,gaussian random,2.374165477209341,0.0001,0.0300021335827661,0.030056312525662,-0.0043076574802398,-0.1433195597950347,0.0317471364726402,-0.0356422439217567,-0.0002256845948452,cifar_seeds_1011_1213.json
cifar,rope,1213,random_06,gaussian random,2.347191147388745,0.0001,0.0299879363181221,0.0300833041337401,-0.0054749846458435,-0.1819941260941149,0.033171377378237,-0.0723534002900123,-0.0002337291668213,cifar_seeds_1011_1213.json
cifar,rope,1213,random_07,gaussian random,2.408664858404054,0.0001,0.0299966895211375,0.0300663907475675,-0.0017506778240203,-0.0582270695115615,0.0305210167761406,0.014640768058598,-0.0001821994401077,cifar_seeds_1011_1213.json
cifar,rope,1213,random_08,gaussian random,2.4558329328671284,0.0001,0.0299885599128201,0.0301290151506818,-0.0075041949748992,-0.2490687112528956,0.0291329641430071,0.0553140081465244,-0.0004430559352563,cifar_seeds_1011_1213.json
cifar,rope,1213,random_09,gaussian random,2.3689996899767523,0.0001,0.030002344554848,0.0301272627758978,-0.0009016096591949,-0.0299267034612996,0.0321962840559577,0.0012723074760288,1.4932739188850058e-05,cifar_seeds_1011_1213.json
cifar,rope,1213,random_10,gaussian random,2.3940537835603397,0.0001,0.0299928778036472,0.0300517600860808,-0.0026508420705795,-0.0882092118061105,0.0318458616805666,-0.0114455092698335,-8.399658585339517e-05,cifar_seeds_1011_1213.json
cifar,rope,1213,random_11,gaussian random,2.3684046657784554,0.0001,0.0299926402685079,0.0300732023292026,0.007484808564186,0.2488863168694857,0.0319872880416847,-0.0011575332609936,0.0003859876092611,cifar_seeds_1011_1213.json
cifar,rope,1213,random_12,gaussian random,2.3844927942027523,0.0001,0.0299963173737918,0.0300708549911742,0.0042133331298828,0.1401135129386715,0.0321773683652876,-0.0032033333554863,0.0001990878539808,cifar_seeds_1011_1213.json
cifar,rope,1213,random_13,gaussian random,2.4104575212252413,0.0001,0.0300063262822054,0.0301144739385914,0.0017211139202117,0.0571523820645659,0.0320032945056321,-0.0218988433480262,8.29957861051701e-05,cifar_seeds_1011_1213.json
cifar,rope,1213,random_14,gaussian random,2.3694008423965203,0.0001,0.0299965324611547,0.0300963476629068,0.0019282549619674,0.0640694008311182,0.0326346673107341,0.033544760197401,8.542184904795143e-05,cifar_seeds_1011_1213.json
cifar,rope,1213,random_15,gaussian random,2.3658346744743564,0.0001,0.0299981290495913,0.0300529024217441,-0.0003027617931365,-0.0100742946184638,0.0321861713116943,0.0064617842435836,0.0001128765412077,cifar_seeds_1011_1213.json
cifar,rope,1213,random_16,gaussian random,2.3530139722847965,0.0001,0.0299920803581803,0.0300960948056764,0.0001285076141357,0.0042699099323512,0.0311929926586578,-0.0151086952537298,7.31371350409113e-05,cifar_seeds_1011_1213.json
cifar,rope,1213,random_17,gaussian random,2.338780054469921,0.0001,0.0300106228873581,0.0301113156432375,-0.0032118558883666,-0.1066660761828262,0.0339662003718574,0.0039326762780547,-9.161700319359896e-05,cifar_seeds_1011_1213.json
cifar,rope,1213,random_18,gaussian random,2.3750572518105795,0.0001,0.0299907864908375,0.0300812175156792,0.0083366930484771,0.2771394822743406,0.0325261863124895,-0.015584597364068,0.000393317056236,cifar_seeds_1011_1213.json
cifar,rope,1213,random_19,gaussian random,2.4224345842393897,0.0001,0.0299898366764182,0.0301162623590936,0.0046497583389282,0.1543936058029533,0.0304746620365835,0.0369651280343532,0.0003027195922313,cifar_seeds_1011_1213.json
cifar,rope,1213,random_20,gaussian random,2.4195421450097463,0.0001,0.0299985224818404,0.0300917072101388,0.0072377473115921,0.2405229873150391,0.0307483469920134,-0.0001792761031538,0.0003151367966477,cifar_seeds_1011_1213.json
cifar,rope,1213,random_21,gaussian random,2.363832287720253,0.0001,0.0299981625556722,0.0300528423002182,0.0027914494276046,0.0928847062024614,0.0326805231386352,-0.0261460896581411,8.635013856384612e-05,cifar_seeds_1011_1213.json
cifar,rope,1213,random_22,gaussian random,2.412506350999279,0.0001,0.0299848052060205,0.0300629848370508,0.0052642077207565,0.1751059566869322,0.0312197338964905,-0.0234230980277061,0.0002917572908573,cifar_seeds_1011_1213.json
cifar,rope,1213,random_23,gaussian random,2.384301430447901,0.0001,0.0299942661106632,0.0301011086938079,0.0027361512184143,0.0908986857011401,0.0319909261041248,0.037896990776062,4.4987464770945e-05,cifar_seeds_1011_1213.json
cifar,rope,1213,random_24,gaussian random,2.367771023091428,0.0001,0.0300091230316118,0.0300504943848943,0.0074458867311477,0.247779175802533,0.0343390151392141,-0.0111035676673054,0.0002279689564788,cifar_seeds_1011_1213.json
cifar,rope,1213,random_25,gaussian random,2.33368127469874,0.0001,0.030009941731695,0.0301106071916975,-0.0042104125022888,-0.1398315376200637,0.0327514356643176,0.0026470758020877,-0.0002503878800024,cifar_seeds_1011_1213.json
cifar,rope,1213,random_26,gaussian random,2.3850275316586904,0.0001,0.0299915305817861,0.0300364674885969,-0.0052804797887802,-0.1758022906916369,0.032148149132968,0.0056813550181686,-0.0002329299821995,cifar_seeds_1011_1213.json
cifar,rope,1213,random_27,gaussian random,2.4432451232762347,0.0001,0.0299946906722176,0.0300631272753362,0.0018276423215866,0.060793486480896,0.0320488111461249,-0.0061228368431329,1.1130761331796406e-05,cifar_seeds_1011_1213.json
cifar,rope,1213,random_28,gaussian random,2.374373012931968,0.0001,0.0299896271253644,0.0300833270344672,-9.831786155700684e-05,-0.0032681844479622,0.0329452606824056,0.0205535273998975,-0.0001103249726978,cifar_seeds_1011_1213.json
cifar,rope,1213,random_29,gaussian random,2.346277334888779,0.0001,0.0300007932379331,0.0301580496378597,0.0044925659894943,0.1489673915734411,0.0343511055643037,-0.0090770432725548,0.0001272016135385,cifar_seeds_1011_1213.json
cifar,rope,1213,random_30,gaussian random,2.4314487481319,0.0001,0.0299986591657895,0.0300491915045513,0.0020762979984283,0.0690966343674792,0.0300455251440338,-0.0273241810500621,0.0001066140867646,cifar_seeds_1011_1213.json
cifar,rope,1213,random_31,gaussian random,2.3725261483310023,0.0001,0.0299887621711224,0.0300720473477955,-0.0023984909057617,-0.0797581514162368,0.0312141215087431,-0.0013659899123013,-0.0002234936441862,cifar_seeds_1011_1213.json
cifar,rope,1213,task_gradient,held-out task-gradient ascent,3.4884233703160548,0.0001,0.0299966932183241,0.0300835383951936,-0.0175885558128356,-0.584657149760208,0.0122673314231101,1.0,-0.0009386864210419,cifar_seeds_1011_1213.json
cifar,alibi,42,random_00,gaussian random,4.299882733809746,0.0001,0.029743499412267,0.0297879496361322,-0.0012819170951843,-0.0430347543501074,0.0069769344554705,-0.4288237392902374,-3.0610045069257564e-05,cifar_seeds_42_123.json
cifar,alibi,42,random_01,gaussian random,4.305816973867767,0.0001,0.0297324348490139,0.0297782134834292,0.0054889321327209,0.1843271133701618,0.0069673189041874,-0.0856372267007827,7.457016444568329e-05,cifar_seeds_42_123.json
cifar,alibi,42,random_02,gaussian random,4.440593613705003,0.0001,0.0296258356098127,0.0296313345066779,0.0015830695629119,0.0534255236649977,0.0067558535208921,0.2281749099493026,-0.0002726495755936,cifar_seeds_42_123.json
cifar,alibi,42,random_03,gaussian random,4.32748496312987,0.0001,0.0297467901070979,0.0297913231730377,-0.0082985460758209,-0.2785558072603976,0.0069324331004266,0.5210853219032288,-0.0002686861469524,cifar_seeds_42_123.json
cifar,alibi,42,random_04,gaussian random,4.3156588282232144,0.0001,0.0297910805934658,0.0298255794054903,-0.0065450370311737,-0.2194437513582343,0.0069514299424709,0.2301521897315979,-0.0001951320026524,cifar_seeds_42_123.json
cifar,alibi,42,random_05,gaussian random,4.330715601899109,0.0001,0.0298198253615193,0.0298409134934928,-0.0061977207660675,-0.2076920590054655,0.0069272616255023,0.3091539442539215,-0.0001512571016941,cifar_seeds_42_123.json
cifar,alibi,42,random_06,gaussian random,4.34176978194752,0.0001,0.0298821709469984,0.0299743436671742,0.0102816820144653,0.3430160849768696,0.0069096247628641,0.0097524924203753,5.666279301521825e-05,cifar_seeds_42_123.json
cifar,alibi,42,random_07,gaussian random,4.371055430598322,0.0001,0.0297891022292602,0.029852070526062,0.0288878977298736,0.9677016441674748,0.0068633309451977,-0.2436320632696151,0.0003420169855929,cifar_seeds_42_123.json
cifar,alibi,42,random_08,gaussian random,4.343017467032294,0.0001,0.0297255591680841,0.0297662579158465,-0.0177010148763656,-0.5946671202812581,0.0069076397292272,0.3479562997817993,-0.0003108850202551,cifar_seeds_42_123.json
cifar,alibi,42,random_09,gaussian random,4.306462352684079,0.0001,0.0297850239429744,0.0298341391785338,0.0067242681980133,0.2253883766437455,0.0069662747617663,-0.249459758400917,6.1401723026975e-05,cifar_seeds_42_123.json
cifar,alibi,42,random_10,gaussian random,4.312262555238588,0.0001,0.0298513396433953,0.0299133899224478,0.0082834362983703,0.2769139946975463,0.0069569047839064,0.2598369419574737,1.6707849657082086e-05,cifar_seeds_42_123.json
cifar,alibi,42,random_11,gaussian random,4.389559729809739,0.0001,0.0296075779543267,0.02964779760139,0.0141429305076599,0.4770314037423416,0.0068343984013404,0.2193259000778198,-1.037916387278701e-05,cifar_seeds_42_123.json
cifar,alibi,42,random_12,gaussian random,4.314352814375157,0.0001,0.0297590062668491,0.0298085000821068,0.0082113146781921,0.2754688983200847,0.0069535342357819,-0.5868964195251465,0.0001016837497499,cifar_seeds_42_123.json
cifar,alibi,42,random_13,gaussian random,4.408934319380569,0.0001,0.0297590342930521,0.0297913333337164,-0.0005795955657958,-0.0194551737347028,0.0068043653696829,0.0379423089325428,-3.636319393765867e-05,cifar_seeds_42_123.json
cifar,alibi,42,random_14,gaussian random,4.3444395523222825,0.0001,0.0297709962826517,0.0297733501025936,0.0087219774723052,0.2929457868278479,0.0069053786198875,-0.504238486289978,9.761850442822656e-05,cifar_seeds_42_123.json
cifar,alibi,42,random_15,gaussian random,4.400476257711409,0.0001,0.0296474051488812,0.0296761945474922,0.0195637047290802,0.6592389970274471,0.0068174438954028,-0.1318037658929824,0.0001298882142031,cifar_seeds_42_123.json
cifar,alibi,42,random_16,gaussian random,4.387575496576939,0.0001,0.029865479124981,0.0299479241437861,0.0305045843124389,1.018587604469018,0.0068374891835833,-0.1329645812511444,0.0003767325101976,cifar_seeds_42_123.json
cifar,alibi,42,random_17,gaussian random,4.348719655763816,0.0001,0.0298576255740274,0.0298951905242452,0.0025577247142791,0.0855563945044887,0.0068985821976907,0.1176519989967346,-0.0001016539296848,cifar_seeds_42_123.json
cifar,alibi,42,random_18,gaussian random,4.370615123536077,0.0001,0.029680007612679,0.0296899754980272,0.0027870386838912,0.0938713702905035,0.0068640223748936,0.0447943322360515,-8.819575958773141e-05,cifar_seeds_42_123.json
cifar,alibi,42,random_19,gaussian random,4.338218575055521,0.0001,0.0296806931447389,0.0297141358370958,0.003111258149147,0.1047063312291538,0.0069152808879889,-0.067768707871437,-8.792682988393445e-05,cifar_seeds_42_123.json
cifar,alibi,42,random_20,gaussian random,4.341785862887454,0.0001,0.0297311551654065,0.0297858849297027,0.0149609446525573,0.5022830339896398,0.006909599171261,-0.1036752164363861,0.0002205150961543,cifar_seeds_42_123.json
cifar,alibi,42,random_21,gaussian random,4.365041783237055,0.0001,0.029672238119325,0.0296856794901349,0.0121447145938873,0.4091102107978775,0.0068727864450709,0.3268307447433471,0.0001445524681336,cifar_seeds_42_123.json
cifar,alibi,42,random_22,gaussian random,4.376156910265565,0.0001,0.0296968199889454,0.0297531799848298,0.0177687406539917,0.5972047580477579,0.0068553300567505,-0.3843667805194855,0.0002142211341622,cifar_seeds_42_123.json
cifar,alibi,42,random_23,gaussian random,4.39714479431668,0.0001,0.0297412068865741,0.0297451949629087,0.0070566236972808,0.2372357520628205,0.00682260908005,0.1369236558675766,-8.07879540073071e-06,cifar_seeds_42_123.json
cifar,alibi,42,random_24,gaussian random,4.340537406911103,0.0001,0.0297577662469773,0.0297743055528398,0.0097088813781738,0.3260825466086415,0.0069115865588978,0.0804322734475135,5.278206936701631e-05,cifar_seeds_42_123.json
cifar,alibi,42,random_25,gaussian random,4.326694991467647,0.0001,0.0298180871202301,0.0298545791605397,0.0073826164007186,0.2472858974504206,0.0069336988299754,-0.6236365437507629,-6.661632265570802e-06,cifar_seeds_42_123.json
cifar,alibi,42,random_26,gaussian random,4.397238247965655,0.0001,0.0297248304554703,0.0297042360559823,-0.0003611147403717,-0.0121570115350257,0.0068224640804666,0.3996739387512207,-5.925013721628551e-05,cifar_seeds_42_123.json
cifar,alibi,42,random_27,gaussian random,4.326479478555316,0.0001,0.0297719362948104,0.0298154020953856,0.0017283260822296,0.0579675590723324,0.0069340442150941,-0.2807013988494873,-8.000350668336604e-05,cifar_seeds_42_123.json
cifar,alibi,42,random_28,gaussian random,4.3462944728686335,0.0001,0.029762233822004,0.0298117436531404,0.0213792622089386,0.7171422932414239,0.0069024315281149,-0.3817714750766754,0.0002653956545085,cifar_seeds_42_123.json
cifar,alibi,42,random_29,gaussian random,4.352357681773685,0.0001,0.0297372326237793,0.0297488186081132,0.0027910470962524,0.0938204347883332,0.0068928158468295,0.599422812461853,-2.66026066940738e-05,cifar_seeds_42_123.json
cifar,alibi,42,random_30,gaussian random,4.323970220501644,0.0001,0.0297414730279708,0.0297688932438776,0.0041626691818237,0.1398328499390831,0.0069380681341786,-0.0024627447128295,-1.9740443270302e-05,cifar_seeds_42_123.json
cifar,alibi,42,random_31,gaussian random,4.499871645883857,0.0001,0.0294971848614741,0.0294751722884144,0.0047689229249954,0.1617945733558921,0.0066668568263367,-0.0339235588908195,-0.0001528563218812,cifar_seeds_42_123.json
cifar,alibi,42,task_gradient,held-out task-gradient ascent,4.340090579540012,0.0001,0.0298339624225101,0.0298750037654759,-0.0012426674365997,-0.0415955574886245,0.0069122981306946,1.0,-0.0001437125637748,cifar_seeds_42_123.json
cifar,alibi,123,random_00,gaussian random,4.507896031342219,0.0001,0.029752997514375,0.0297791188950838,0.0321695953607559,1.0802735794196614,0.0066549893323665,0.0664520487189292,0.0003360052987967,cifar_seeds_42_123.json
cifar,alibi,123,random_01,gaussian random,4.300845609177435,0.0001,0.0296698926469715,0.029627171868842,-0.01001438498497,-0.3380135312713361,0.0069753724560546,-0.445088267326355,-0.0001671392884793,cifar_seeds_42_123.json
cifar,alibi,123,random_02,gaussian random,4.309210546365048,0.0001,0.0297224336828464,0.0297545255764377,0.0154896229505538,0.5205804041728685,0.0069618320286777,-0.1485703438520431,0.0001096183070168,cifar_seeds_42_123.json
cifar,alibi,123,random_03,gaussian random,4.256554483241717,0.0001,0.0297872441048902,0.029812342734014,-0.0074393004179,-0.2495375987145187,0.0070479539538637,-0.1175979450345039,-0.0001261236815782,cifar_seeds_42_123.json
cifar,alibi,123,random_04,gaussian random,4.420896655256845,0.0001,0.0296996181007016,0.0296978661885369,0.0108921825885772,0.3667665050218844,0.0067859536965939,-0.0303575415164232,-6.839641253909726e-05,cifar_seeds_42_123.json
cifar,alibi,123,random_05,gaussian random,4.422045182975987,0.0001,0.0297746657215814,0.0297539105424733,-0.0138120651245117,-0.464210077690298,0.006784191196303,-0.3669587075710296,-0.0003447399288224,cifar_seeds_42_123.json
cifar,alibi,123,random_06,gaussian random,4.556154797442668,0.0001,0.0297464197629062,0.029692257646055,0.0060180276632308,0.2026800297561899,0.0065844997226254,0.1751873940229416,1.8676132596254843e-05,cifar_seeds_42_123.json
cifar,alibi,123,random_07,gaussian random,4.442574315237049,0.0001,0.0297374839266976,0.0297202218049846,0.0113409012556076,0.3815887152533134,0.0067528414543582,0.1141421124339103,0.0001016044462858,cifar_seeds_42_123.json
cifar,alibi,123,random_08,gaussian random,4.389954801809544,0.0001,0.0297977147297441,0.0298078287133779,0.0230042189359664,0.7717509100433751,0.0068337833427428,-0.0921900495886802,0.0001360800843957,cifar_seeds_42_123.json
cifar,alibi,123,random_09,gaussian random,4.411974141480679,0.0001,0.0297065771431598,0.0297055793974419,0.0171764492988586,0.5782230021185109,0.0067996772052548,0.1340866833925247,8.518377872792867e-05,cifar_seeds_42_123.json
cifar,alibi,123,random_10,gaussian random,4.8504589032014085,0.0001,0.0296692755592511,0.0293990418299718,0.0259966254234313,0.8842677789902741,0.0061849817921762,0.6116275787353516,0.0003064684799707,cifar_seeds_42_123.json
cifar,alibi,123,random_11,gaussian random,4.361241170702439,0.0001,0.0296390472472576,0.0296292655259719,0.0002269744873046,0.0076604830823676,0.0068787757488696,-0.0052044684998691,-4.61687053770292e-05,cifar_seeds_42_123.json
cifar,alibi,123,random_12,gaussian random,4.541677535848804,0.0001,0.029666770724582,0.0295959250570217,-0.0027315914630889,-0.0922962015151104,0.0066054887788049,-0.1066368818283081,-9.17996019091498e-05,cifar_seeds_42_123.json
cifar,alibi,123,random_13,gaussian random,4.31573719578601,0.0001,0.0297035284145624,0.0297269119101728,-0.0101364105939865,-0.3409843116101719,0.0069513037145294,-0.1721028536558151,-0.0002316196906335,cifar_seeds_42_123.json
cifar,alibi,123,random_14,gaussian random,4.434153628595089,0.0001,0.0297838236518653,0.0297202797582056,-0.0083256810903549,-0.2801346810356398,0.0067656654488773,-0.5172199606895447,-0.0001640806784152,cifar_seeds_42_123.json
cifar,alibi,123,random_15,gaussian random,4.28789642836017,0.0001,0.0297455772053013,0.0297487766081395,0.002503678202629,0.0841607114002819,0.0069964376475093,0.0782772749662399,2.9737544476074764e-05,cifar_seeds_42_123.json
cifar,alibi,123,random_16,gaussian random,4.889577224891809,0.0001,0.0296740305677891,0.0294502536977114,0.0258146226406097,0.8765500937812224,0.0061354997825325,0.2160392105579376,0.0002695800598785,cifar_seeds_42_123.json
cifar,alibi,123,random_17,gaussian random,4.670231997357,0.0001,0.0297593700943723,0.0295965635981174,0.0214103013277053,0.7234049742540795,0.0064236637531021,0.4620433747768402,0.0002272507005306,cifar_seeds_42_123.json
cifar,alibi,123,random_18,gaussian random,4.330507868770112,0.0001,0.0296693586882352,0.02967785796517,-0.0097263157367706,-0.3277297083969281,0.0069275939241094,0.2199441790580749,-0.0002375180386536,cifar_seeds_42_123.json
cifar,alibi,123,random_19,gaussian random,4.576371843818044,0.0001,0.0297746094507244,0.0295774537180355,0.0092309117317199,0.3120928467919879,0.0065554113659984,-0.6098901033401489,-0.0001061889176986,cifar_seeds_42_123.json
cifar,alibi,123,random_20,gaussian random,4.333567246534605,0.0001,0.0297301538364849,0.0297590286183174,-0.0034804046154022,-0.1169528972212467,0.0069227032357672,0.0039601824246346,-0.0001095571077893,cifar_seeds_42_123.json
cifar,alibi,123,random_21,gaussian random,4.690545380971797,0.0001,0.0296627587371273,0.0294915910632893,-0.0202559232711792,-0.6868372488859518,0.0063958447394414,-0.5115882754325867,-0.0003571894615953,cifar_seeds_42_123.json
cifar,alibi,123,random_22,gaussian random,4.317319074012293,0.0001,0.0297172966047675,0.0297563557992911,-0.0145397633314132,-0.4886271500947575,0.0069487567366939,-0.0608307607471942,-0.0003698062930191,cifar_seeds_42_123.json
cifar,alibi,123,random_23,gaussian random,4.969684464656436,0.0001,0.0292520588891968,0.0289562341635724,0.0180787742137908,0.624348253010552,0.006036600555499,0.2749377489089966,0.0001276646908498,cifar_seeds_42_123.json
cifar,alibi,123,random_24,gaussian random,4.5295807124449405,0.0001,0.0294943877295526,0.0294836931892673,0.0028629153966903,0.0971016547456315,0.0066231295796486,0.1345767080783844,-0.0001982893513906,cifar_seeds_42_123.json
cifar,alibi,123,random_25,gaussian random,4.781027762998105,0.0001,0.0294412594015656,0.0292006872902271,0.03534497320652,1.210415797930528,0.0062748014626017,0.6552892923355103,0.0003018161600818,cifar_seeds_42_123.json
cifar,alibi,123,random_26,gaussian random,4.326126241828166,0.0001,0.0297113393431001,0.0297150392105076,0.0022438019514083,0.0755106508698447,0.0069346103934596,-0.3277336657047272,-0.0001175232719738,cifar_seeds_42_123.json
cifar,alibi,123,random_27,gaussian random,4.941587398563,0.0001,0.0291711647457356,0.0288423953322282,0.0132801830768585,0.4604396730537612,0.0060709236891618,0.5386649966239929,6.78721082482306e-05,cifar_seeds_42_123.json
cifar,alibi,123,random_28,gaussian random,4.333019496502636,0.0001,0.0297292647319611,0.0297190472949072,-0.0123069435358047,-0.4141096251734052,0.0069235783555126,-0.1254526674747467,-0.0001838020345333,cifar_seeds_42_123.json
cifar,alibi,123,random_29,gaussian random,4.343601394364386,0.0001,0.0297920426062325,0.0298179379246426,0.0210331678390502,0.7053863983554575,0.0069067111081886,0.2453815937042236,0.0001740682809329,cifar_seeds_42_123.json
cifar,alibi,123,random_30,gaussian random,5.007132996584679,0.0001,0.0299696814180282,0.0296585447652153,-0.0120434761047363,-0.4060710395629848,0.0059914525978165,-0.3641891479492187,-0.0002143431199881,cifar_seeds_42_123.json
cifar,alibi,123,random_31,gaussian random,4.928953695319896,0.0001,0.0298557463533967,0.0295424021919105,-0.0213156938552856,-0.7215287950118833,0.0060864844456715,-0.402555763721466,-0.0003516303846392,cifar_seeds_42_123.json
cifar,alibi,123,task_gradient,held-out task-gradient ascent,5.449362351597897,0.0001,0.0292428849548066,0.0287545839371006,0.0319856405258178,1.112366661113409,0.0055052312664073,1.0,0.0003062284995342,cifar_seeds_42_123.json
cifar,alibi,456,random_00,gaussian random,4.39372677040792,0.0001,0.029694956969162,0.0297348922525361,-0.0124024897813797,-0.4171022271090243,0.006827916611031,0.0429605469107627,-0.0001952946749955,cifar_seeds_456_789.json
cifar,alibi,456,random_01,gaussian random,4.399576980701789,0.0001,0.0297952114158434,0.029799845652411,-0.016039490699768,-0.5382407307358094,0.0068188373863194,0.3541298806667328,-0.0001741262442224,cifar_seeds_456_789.json
cifar,alibi,456,random_02,gaussian random,4.39949175292129,0.0001,0.0297650493994007,0.0298175181918825,-0.0121134966611862,-0.4062543563563239,0.0068189694821179,-0.0340937785804271,-0.0002147988969473,cifar_seeds_456_789.json
cifar,alibi,456,random_03,gaussian random,4.388200471853679,0.0001,0.0297279825224908,0.0297842876622893,-0.0022452622652053,-0.0753841183198136,0.0068365153762738,-0.4997410774230957,-3.4458627233223606e-05,cifar_seeds_456_789.json
cifar,alibi,456,random_04,gaussian random,4.4792742970211,0.0001,0.0297369139906564,0.0297581770834761,-0.0145891904830932,-0.4902582050697661,0.0066975134833674,-0.376772403717041,-0.000237153631446,cifar_seeds_456_789.json
cifar,alibi,456,random_05,gaussian random,4.457856837915688,0.0001,0.0300158289230777,0.0299320827416671,0.0336012989282608,1.122584726838468,0.0067296912150338,0.0368127450346946,0.0003165844124011,cifar_seeds_456_789.json
cifar,alibi,456,random_06,gaussian random,4.33204109536008,0.0001,0.0299463136726512,0.0299178371069031,0.0089576095342636,0.2994069892905717,0.0069251420611249,0.2422360628843307,9.297127871103322e-05,cifar_seeds_456_789.json
cifar,alibi,456,random_07,gaussian random,4.714584218572378,0.0001,0.0303508187561836,0.0301190507139913,0.009599894285202,0.3187316352152672,0.0063632334494778,0.0430901534855365,0.0001140723863243,cifar_seeds_456_789.json
cifar,alibi,456,random_08,gaussian random,4.518314057998673,0.0001,0.0295267785315001,0.0295423680044144,0.0122193396091461,0.4136208582643148,0.0066396447026278,-0.0030359926167875,0.000129805149585,cifar_seeds_456_789.json
cifar,alibi,456,random_09,gaussian random,4.503242926381108,0.0001,0.0296146547225894,0.0295709651148547,0.0289298295974731,0.9783187489859932,0.0066618657910397,0.0400579795241355,0.000319957858739,cifar_seeds_456_789.json
cifar,alibi,456,random_10,gaussian random,4.390285564064858,0.0001,0.0298236462163049,0.0298963518416481,-0.0082436352968215,-0.2757405097613784,0.0068332684883995,-0.2279921919107437,-0.0001802927758632,cifar_seeds_456_789.json
cifar,alibi,456,random_11,gaussian random,4.32314339261665,0.0001,0.0297833950931155,0.0297922343996849,0.0137920230627059,0.4629402037348312,0.0069393950825771,-0.3507893979549408,5.061922742349387e-05,cifar_seeds_456_789.json
cifar,alibi,456,random_12,gaussian random,4.335093852415544,0.0001,0.0297605886840147,0.0297594696581469,0.0209037810564041,0.7024245155081753,0.0069202654017014,-0.3166500031948089,0.0001875116112079,cifar_seeds_456_789.json
cifar,alibi,456,random_13,gaussian random,4.361438200352031,0.0001,0.0298126711172923,0.0298270122548053,0.0289728343486785,0.9713622705878244,0.0068784649975273,0.2454354912042617,0.0002408292913711,cifar_seeds_456_789.json
cifar,alibi,456,random_14,gaussian random,4.450214758215578,0.0001,0.029936112752606,0.0299817218646654,0.0211703777313232,0.7061094698591448,0.0067412476992524,-0.3408330678939819,0.000186808255104,cifar_seeds_456_789.json
cifar,alibi,456,random_15,gaussian random,4.339143263307866,0.0001,0.0297915543563495,0.0298072914573553,0.0418984144926071,1.405643131062421,0.006913807214821,0.5615201592445374,0.0003258812877982,cifar_seeds_456_789.json
cifar,alibi,456,random_16,gaussian random,4.374805562640764,0.0001,0.0295942434909862,0.0295742558249368,0.001962199807167,0.066348239454686,0.0068574476214872,0.1229836642742157,-0.000125789443643,cifar_seeds_456_789.json
cifar,alibi,456,random_17,gaussian random,4.471362247221271,0.0001,0.0295874773593587,0.0296005586860225,0.004350408911705,0.1469705000453011,0.006709364694986,-0.3760828077793121,-2.3970226426880767e-05,cifar_seeds_456_789.json
cifar,alibi,456,random_18,gaussian random,4.527695156877714,0.0001,0.0294909459985412,0.0295294854233382,-0.0003725290298461,-0.0126154934468234,0.0066258877774553,0.0917396023869514,-0.0001236172508985,cifar_seeds_456_789.json
cifar,alibi,456,random_19,gaussian random,4.52351418602389,0.0001,0.0302019956167024,0.0301916326732784,-0.0120739489793777,-0.399910435783222,0.0066320119195579,0.0849875658750534,-0.0001891075421797,cifar_seeds_456_789.json
cifar,alibi,456,random_20,gaussian random,4.437289425953156,0.0001,0.029721210968939,0.0298272303578798,-0.0064259320497512,-0.2154384424115214,0.006760884206591,-0.246630921959877,-0.0001454729981576,cifar_seeds_456_789.json
cifar,alibi,456,random_21,gaussian random,4.394787147069781,0.0001,0.0299843281497551,0.0299079324905031,0.0230250209569931,0.7698633452614738,0.0068262691675528,0.2823307812213897,0.0002537581346244,cifar_seeds_456_789.json
cifar,alibi,456,random_22,gaussian random,4.472900360189056,0.0001,0.0297330094817654,0.0297627942447543,0.0064127296209335,0.2154612758532834,0.0067070575206669,0.17168028652668,8.500133750603532e-06,cifar_seeds_456_789.json
cifar,alibi,456,random_23,gaussian random,4.31762352626764,0.0001,0.0297520833421973,0.0297556328357922,-0.0079357773065567,-0.2666983206289252,0.0069482667531074,-0.2073667496442794,-8.073399859525446e-05,cifar_seeds_456_789.json
cifar,alibi,456,random_24,gaussian random,4.360579888234804,0.0001,0.0296742951171928,0.0297391932727109,0.0222078114748001,0.7467523167542777,0.0068798189160442,0.170886605978012,0.0001317815429856,cifar_seeds_456_789.json
cifar,alibi,456,random_25,gaussian random,4.369639413994575,0.0001,0.029763028936372,0.0298100140568547,0.0333447903394699,1.1185768069707556,0.0068655550624885,0.0126067213714122,0.0001985637619559,cifar_seeds_456_789.json
cifar,alibi,456,random_26,gaussian random,4.270329185558983,0.0001,0.0297957832809002,0.0298557120586909,0.0097102522850036,0.3252393466923537,0.0070252195314242,0.4655477106571197,8.208474416960164e-05,cifar_seeds_456_789.json
cifar,alibi,456,random_27,gaussian random,4.431159659998448,0.0001,0.029815061474671,0.0298080423189299,-0.0188440978527069,-0.6321816659774303,0.0067702367555879,-0.2924327552318573,-0.0002794584846127,cifar_seeds_456_789.json
cifar,alibi,456,random_28,gaussian random,4.297780649464498,0.0001,0.0296605877783886,0.0296537414441127,0.0105499178171157,0.3557702098738134,0.0069803469387712,-0.0928385853767395,1.80673912864578e-05,cifar_seeds_456_789.json
cifar,alibi,456,random_29,gaussian random,4.380377051446168,0.0001,0.0297444263693278,0.0297982412359213,-0.0122099667787551,-0.4097546120955699,0.0068487254972937,-0.3379528224468231,-0.0002368491899514,cifar_seeds_456_789.json
cifar,alibi,456,random_30,gaussian random,4.284795069746668,0.0001,0.0296740372252218,0.0296789769075447,0.0099725276231765,0.3360131871877777,0.0070015017081724,-0.3900227844715118,4.998173203509513e-05,cifar_seeds_456_789.json
cifar,alibi,456,random_31,gaussian random,4.271456866657254,0.0001,0.0297628677234825,0.0298132596250883,0.0082834661006927,0.2778450328766491,0.0070233648463544,-0.4771401882171631,6.772082762211943e-05,cifar_seeds_456_789.json
cifar,alibi,456,task_gradient,held-out task-gradient ascent,4.374619650184782,0.0001,0.0297834958807051,0.0298215767159788,0.0311791747808456,1.0455240203359004,0.0068577390490926,1.0,0.0001930270162939,cifar_seeds_456_789.json
cifar,alibi,789,random_00,gaussian random,4.354496056080983,0.0001,0.0297599603044569,0.0297236238947747,0.00350321829319,0.117859730212972,0.0068894309728689,0.0249750837683677,-2.904039006805535e-05,cifar_seeds_456_789.json
cifar,alibi,789,random_01,gaussian random,4.319862698424414,0.0001,0.0298236084703921,0.0298313641867252,0.0092595815658569,0.3103975234889656,0.0069446651651548,0.2446608543395996,-2.208719259914044e-05,cifar_seeds_456_789.json
cifar,alibi,789,random_02,gaussian random,4.318189693688401,0.0001,0.029751310833417,0.0297916553109803,0.0179689675569534,0.6031543856621683,0.0069473557504546,0.052288144826889,2.2811591584691003e-05,cifar_seeds_456_789.json
cifar,alibi,789,random_03,gaussian random,4.440759723093248,0.0001,0.029607627398094,0.0295429335141613,-0.0121582597494125,-0.4115454460060467,0.0067556008139758,-0.1084164157509803,-0.0001516115553266,cifar_seeds_456_789.json
cifar,alibi,789,random_04,gaussian random,4.3273907585825,0.0001,0.0298274079246875,0.0298182234504844,0.0125716477632522,0.4216095497482772,0.0069325840150906,0.3709384799003601,3.724995698375835e-06,cifar_seeds_456_789.json
cifar,alibi,789,random_05,gaussian random,4.342912942946534,0.0001,0.0298361879689568,0.0298457778910422,0.0209864675998687,0.7031636996188848,0.0069078059804822,-0.0966855958104133,0.0001323676088336,cifar_seeds_456_789.json
cifar,alibi,789,random_06,gaussian random,4.482775520203609,0.0001,0.0294672195179952,0.0294663314866848,0.0071172565221786,0.2415386022991961,0.0066922824631284,0.7094116806983948,-0.0002103812852384,cifar_seeds_456_789.json
cifar,alibi,789,random_07,gaussian random,4.311015074496322,0.0001,0.0298056736119687,0.0298421645352674,-0.0011801123619079,-0.0395451328777878,0.0069589179071717,-0.0029498937074095,-1.1299510389605216e-05,cifar_seeds_456_789.json
cifar,alibi,789,random_08,gaussian random,4.408065453554878,0.0001,0.029674581070509,0.0296619676475875,0.0016623586416244,0.0560434378924168,0.0068057065658602,0.1789233684539795,-9.627053058282964e-05,cifar_seeds_456_789.json
cifar,alibi,789,random_09,gaussian random,4.348581957599612,0.0001,0.0296923512871907,0.0296914457267898,0.0325091779232025,1.094900471413229,0.0068988006417981,0.3221859335899353,0.000166686005988,cifar_seeds_456_789.json
cifar,alibi,789,random_10,gaussian random,4.296716251324466,0.0001,0.0298019358520163,0.0298244436715573,-0.0099211335182189,-0.3326510840395146,0.0069820761356425,-0.0657860711216926,-0.0001194589491411,cifar_seeds_456_789.json
cifar,alibi,789,random_11,gaussian random,4.326845037242231,0.0001,0.0297720283363629,0.0298364102156888,-0.0074953436851501,-0.2512146612466424,0.006933458384061,-0.2494695037603378,-0.0001111887199031,cifar_seeds_456_789.json
cifar,alibi,789,random_12,gaussian random,4.357121418354928,0.0001,0.0297258257189616,0.0297217506869551,-0.0097904801368713,-0.3294045576248091,0.0068852797798154,0.1157655119895935,-0.0001415389645184,cifar_seeds_456_789.json
cifar,alibi,789,random_13,gaussian random,4.4537574685267245,0.0001,0.02971298111151,0.0296769533009308,-0.005028411746025,-0.1694382740383042,0.0067358854207936,-0.1276466697454452,-8.694154543907568e-05,cifar_seeds_456_789.json
cifar,alibi,789,random_14,gaussian random,4.433765598570307,0.0001,0.0296255998321162,0.0296193744443526,-0.0023843944072723,-0.0805011737081757,0.0067662575598659,0.108333796262741,-0.0001121464912953,cifar_seeds_456_789.json
cifar,alibi,789,random_15,gaussian random,4.370710771742486,0.0001,0.0298253429824719,0.0298608369400075,0.0013788938522338,0.0461773343796149,0.0068638721633002,-0.3577215671539306,-8.486820425688353e-05,cifar_seeds_456_789.json
cifar,alibi,789,random_16,gaussian random,4.356045800340075,0.0001,0.0298135597507107,0.0297592603989979,0.020000010728836,0.672060073425396,0.0068869799297468,0.2086429297924041,0.0001606628231406,cifar_seeds_456_789.json
cifar,alibi,789,random_17,gaussian random,4.362630154204139,0.0001,0.029836922150835,0.0298827724011296,0.0061375647783279,0.2053880642646102,0.0068765856695621,-0.2307401448488235,-2.4776923064112825e-07,cifar_seeds_456_789.json
cifar,alibi,789,random_18,gaussian random,4.383421952521799,0.0001,0.0296663772753774,0.0296541576685763,-0.0115200728178024,-0.3884808648606442,0.0068439680972854,0.1042364090681076,-0.0001680181275551,cifar_seeds_456_789.json
cifar,alibi,789,random_19,gaussian random,4.45947719230488,0.0001,0.0299017422652683,0.0298822828285965,0.0217031240463256,0.7262873512982199,0.0067272459766734,0.1578701436519622,9.896660246080256e-05,cifar_seeds_456_789.json
cifar,alibi,789,random_20,gaussian random,4.435065231553963,0.0001,0.029675874558191,0.0296655830948113,-0.0011021643877029,-0.0371529655823861,0.0067642748040232,0.1645967960357666,-0.0002204297153343,cifar_seeds_456_789.json
cifar,alibi,789,random_21,gaussian random,4.330005043437839,0.0001,0.0297264496581,0.0297139233301512,0.010297805070877,0.3465649741522923,0.0069283983965481,0.1955846697092056,-3.196024312596305e-05,cifar_seeds_456_789.json
cifar,alibi,789,random_22,gaussian random,4.329550288800288,0.0001,0.0298296038352326,0.0298309792935513,0.0016307830810546,0.0546674336436289,0.0069291261213905,-0.2306937575340271,5.479238517469509e-05,cifar_seeds_456_789.json
cifar,alibi,789,random_23,gaussian random,4.58629650168525,0.0001,0.0294736565305727,0.0294940317185211,0.0312922894954681,1.060970225912444,0.0065412255812454,0.799441933631897,-9.713355686296583e-05,cifar_seeds_456_789.json
cifar,alibi,789,random_24,gaussian random,4.37609824999396,0.0001,0.0296483936561042,0.0296660704020158,0.0136065632104873,0.458657416573878,0.0068554219503735,0.1053777933120727,2.25255552577188e-06,cifar_seeds_456_789.json
cifar,alibi,789,random_25,gaussian random,4.38059863894383,0.0001,0.0296866476884138,0.0296886032018009,0.0021247416734695,0.0715675863572002,0.0068483790624637,-0.0290381740778684,-2.4889037029703548e-05,cifar_seeds_456_789.json
cifar,alibi,789,random_26,gaussian random,4.340000650229664,0.0001,0.0297539296251059,0.0297692635658383,-0.0047424435615539,-0.1593067141572201,0.006912441360674,0.1477721482515335,-0.0001889392078375,cifar_seeds_456_789.json
cifar,alibi,789,random_27,gaussian random,4.518224447200405,0.0001,0.0298724007848127,0.0297721925650372,0.0266876071691513,0.896393744291837,0.0066397763879544,0.3290101289749145,0.0002055656629707,cifar_seeds_456_789.json
cifar,alibi,789,random_28,gaussian random,4.320753197001951,0.0001,0.0296940198542917,0.0296954970603871,-0.0153418183326721,-0.5166378694208692,0.0069432338835775,0.1053382232785224,-0.0001704351570837,cifar_seeds_456_789.json
cifar,alibi,789,random_29,gaussian random,4.397253499271059,0.0001,0.0297149814233209,0.0296795739980301,-0.0149696916341781,-0.5043769036298071,0.0068224404176318,-0.1573677659034729,-0.0002521237232686,cifar_seeds_456_789.json
cifar,alibi,789,random_30,gaussian random,4.461618348496084,0.0001,0.0299956668743006,0.0298914026810817,0.0231841951608657,0.7756141593027043,0.0067240175328112,-0.2611590325832367,0.0002206026444503,cifar_seeds_456_789.json
cifar,alibi,789,random_31,gaussian random,4.422172099546211,0.0001,0.0296840020256058,0.0296806188928377,0.0128319412469863,0.4323340188193604,0.0067839964896613,0.4936786890029907,-0.0001100576992014,cifar_seeds_456_789.json
cifar,alibi,789,task_gradient,held-out task-gradient ascent,4.5611009400068925,0.0001,0.029539232051093,0.0295709139510678,0.0330265164375305,1.116858156368816,0.0065773593688445,1.0,-6.946280306939922e-05,cifar_seeds_456_789.json
cifar,alibi,1011,random_00,gaussian random,4.342622430632584,0.0001,0.0296867107869442,0.029671203937718,0.0300056934356689,1.011273202754193,0.0069082680981846,0.2697026133537292,0.0002068373618702,cifar_seeds_1011_1213.json
cifar,alibi,1011,random_01,gaussian random,4.333452498571707,0.0001,0.0297303857150145,0.0297210100291112,-0.0180862694978714,-0.6085348203225992,0.0069228865459787,-0.0511522889137268,-0.0001401366850455,cifar_seeds_1011_1213.json
cifar,alibi,1011,random_02,gaussian random,4.438266398155591,0.0001,0.0296651062981861,0.0296204440776892,0.0006950050592422,0.0234636947852426,0.0067593959687654,0.3982593417167663,-7.05200970649895e-06,cifar_seeds_1011_1213.json
cifar,alibi,1011,random_03,gaussian random,4.35029208962993,0.0001,0.0297433172430673,0.0297239920480871,-0.0119264125823974,-0.4012385874381559,0.0068960886721866,-0.2229873538017273,-9.2587157561732e-05,cifar_seeds_1011_1213.json
cifar,alibi,1011,random_04,gaussian random,4.50582159128345,0.0001,0.0299128198606469,0.0298213836489754,-0.0007877647876739,-0.0264161045291074,0.006658053230078,0.0565134473145008,-0.000107385653949,cifar_seeds_1011_1213.json
cifar,alibi,1011,random_05,gaussian random,4.45708584177009,0.0001,0.0298704198943517,0.0297233808923672,0.0058583915233612,0.1970970780401902,0.0067308553312685,0.2425934672355651,-5.117013814988264e-05,cifar_seeds_1011_1213.json
cifar,alibi,1011,random_06,gaussian random,4.31494907712055,0.0001,0.02976328703111,0.0297665978967653,-0.0122922211885452,-0.4129535135717002,0.0069525733592248,-0.1578677147626876,-0.000118567026063,cifar_seeds_1011_1213.json
cifar,alibi,1011,random_07,gaussian random,4.3501365341395,0.0001,0.0297949714673578,0.0298053329852995,0.0085479915142059,0.2867940283848507,0.0068963352677697,0.0182149820029735,1.1215235896791936e-05,cifar_seeds_1011_1213.json
cifar,alibi,1011,random_08,gaussian random,4.338749256080127,0.0001,0.0298109903752034,0.0298101903322748,0.0055820196866989,0.1872520646288993,0.0069144350662715,-0.201626256108284,8.927295178971519e-06,cifar_seeds_1011_1213.json
cifar,alibi,1011,random_09,gaussian random,4.336903631715461,0.0001,0.0297356929694807,0.0297270389337647,-0.013782262802124,-0.4636271655859324,0.0069173775918404,-0.0578018613159656,-0.0001269582746452,cifar_seeds_1011_1213.json
cifar,alibi,1011,random_10,gaussian random,4.482382262133054,0.0001,0.0295908051808368,0.0294733257581693,0.0090425908565521,0.3068059210808853,0.0066928696049505,0.2669122517108917,0.0001016915813401,cifar_seeds_1011_1213.json
cifar,alibi,1011,random_11,gaussian random,4.332227202797814,0.0001,0.0296766805194981,0.0296558418675482,0.0164132416248321,0.5534572816424678,0.0069248445650831,-0.2256875783205032,8.817574533451503e-05,cifar_seeds_1011_1213.json
cifar,alibi,1011,random_12,gaussian random,4.702782855717965,0.0001,0.0299089407744403,0.0297333530121243,0.009411334991455,0.3165245099541055,0.0063792016175112,-0.1410528868436813,-3.769050010910096e-05,cifar_seeds_1011_1213.json
cifar,alibi,1011,random_13,gaussian random,4.461623537046491,0.0001,0.0294973057886225,0.029409649547792,-0.0083350539207458,-0.2834122150011,0.0067240097132577,-0.1961762458086013,-8.533449684057765e-05,cifar_seeds_1011_1213.json
cifar,alibi,1011,random_14,gaussian random,4.39783907772003,0.0001,0.0297196892162465,0.0296851049669528,0.0024616122245788,0.0829241542962123,0.0068215320001096,0.5512357354164124,2.339496897802156e-05,cifar_seeds_1011_1213.json
cifar,alibi,1011,random_15,gaussian random,4.298192336521719,0.0001,0.0297759226008264,0.0297827030785229,0.0121592581272125,0.4082657673870066,0.0069796783510803,0.1283466517925262,8.017073253208694e-05,cifar_seeds_1011_1213.json
cifar,alibi,1011,random_16,gaussian random,4.36422393448104,0.0001,0.0298423867134059,0.0298056966712019,-0.0285750180482864,-0.958709952782127,0.0068740743945274,0.1021471917629242,-0.0003407702377348,cifar_seeds_1011_1213.json
cifar,alibi,1011,random_17,gaussian random,4.379306660666527,0.0001,0.029836799954892,0.0298540360624404,0.0003403574228286,0.0114007172134718,0.0068503994637895,-0.5034095644950867,1.9252984224328283e-05,cifar_seeds_1011_1213.json
cifar,alibi,1011,random_18,gaussian random,4.400173576745081,0.0001,0.0296607201881563,0.0296340110885054,0.0124383270740509,0.4197314712781336,0.0068179128565632,-0.0415521562099456,0.0001167855266107,cifar_seeds_1011_1213.json
cifar,alibi,1011,random_19,gaussian random,4.436701897922598,0.0001,0.0295921096214634,0.0295456034068559,0.0407033860683441,1.3776461258157628,0.0067617795133017,0.2941542863845825,0.0003751438795474,cifar_seeds_1011_1213.json
cifar,alibi,1011,random_20,gaussian random,4.553317797860936,0.0001,0.0299400821278897,0.0297970690588494,-0.0072637796401977,-0.2437749708151404,0.006588602274608,0.2625629007816314,-0.0001418563658303,cifar_seeds_1011_1213.json
cifar,alibi,1011,random_21,gaussian random,4.673697697947564,0.0001,0.0301445195906437,0.0299427923335406,0.0026216208934783,0.0875543223983746,0.0064189003951142,-0.0382006429135799,-0.0001054718710181,cifar_seeds_1011_1213.json
cifar,alibi,1011,random_22,gaussian random,4.356585260950987,0.0001,0.0297703387494832,0.0297976789165735,-0.0051166415214538,-0.1717127543987316,0.0068861271392749,0.5455250144004822,-0.0001238103585853,cifar_seeds_1011_1213.json
cifar,alibi,1011,random_23,gaussian random,4.417738363180284,0.0001,0.0298175745635261,0.0297865044607586,0.0166259109973907,0.5581692547809386,0.0067908050531094,-0.2320361584424972,8.843769025017582e-05,cifar_seeds_1011_1213.json
cifar,alibi,1011,random_24,gaussian random,4.340072309665395,0.0001,0.0298130771458789,0.0298032374068011,-0.0102948546409606,-0.3454273943612377,0.0069123272285555,-0.4235771000385284,-0.0001008549826795,cifar_seeds_1011_1213.json
cifar,alibi,1011,random_25,gaussian random,4.315000811313807,0.0001,0.029712856094595,0.0297581558017934,0.0069535970687866,0.2336702958040009,0.0069524900021665,0.0655351057648658,1.1356127941439907e-05,cifar_seeds_1011_1213.json
cifar,alibi,1011,random_26,gaussian random,4.539488035728801,0.0001,0.0296074895899881,0.0295624393737994,0.0404730141162872,1.3690688242783384,0.0066086747588891,0.5526449084281921,0.0003068189731368,cifar_seeds_1011_1213.json
cifar,alibi,1011,random_27,gaussian random,4.440709483978811,0.0001,0.0297839559364524,0.029778045826428,0.0005937963724136,0.0199407434549194,0.006755677242169,-0.8350760340690613,-7.484059592278395e-06,cifar_seeds_1011_1213.json
cifar,alibi,1011,random_28,gaussian random,4.388692467483903,0.0001,0.0296926189694627,0.0296793548253847,0.0120407938957214,0.4056959447589789,0.006835748966753,0.1482345014810562,0.0001393635650628,cifar_seeds_1011_1213.json
cifar,alibi,1011,random_29,gaussian random,4.43831160366392,0.0001,0.0297384342591495,0.0297030411873906,-0.0308287441730499,-1.0378985767335218,0.0067593271223305,-0.2316454201936721,-0.0002827613243412,cifar_seeds_1011_1213.json
cifar,alibi,1011,random_30,gaussian random,4.620701114537688,0.0001,0.0296473390684676,0.0295422506172205,0.0207565426826477,0.7026053279281457,0.006492521211903,0.22511887550354,0.0001957498652704,cifar_seeds_1011_1213.json
cifar,alibi,1011,random_31,gaussian random,4.562463300282172,0.0001,0.0295271939154506,0.0295398534437493,0.0474231541156768,1.6053957141656567,0.0065753953567461,-0.2874282896518707,0.0001642800880248,cifar_seeds_1011_1213.json
cifar,alibi,1011,task_gradient,held-out task-gradient ascent,4.585370665122798,0.0001,0.0296889013742882,0.0296693875276684,0.014227956533432,0.4795500587992795,0.0065425463263386,1.0,9.537183384562156e-05,cifar_seeds_1011_1213.json
cifar,alibi,1213,random_00,gaussian random,4.373604158717843,0.0001,0.0297384063058831,0.0297980037870237,-0.0078941881656646,-0.2649233895695517,0.0068593313229322,0.0858924314379692,-0.0001403747838036,cifar_seeds_1011_1213.json
cifar,alibi,1213,random_01,gaussian random,4.321877164101183,0.0001,0.0297681898447244,0.0297935103142684,0.0237899124622344,0.7984931017289777,0.0069414281944866,0.5457684397697449,0.0002264063392639,cifar_seeds_1011_1213.json
cifar,alibi,1213,random_02,gaussian random,4.488437307741592,0.0001,0.029792350477416,0.0298462264466941,-0.001888483762741,-0.0632737865912112,0.0066838407096065,0.2515570819377899,-1.6488500798439578e-05,cifar_seeds_1011_1213.json
cifar,alibi,1213,random_03,gaussian random,4.311704477007369,0.0001,0.0297955116022514,0.0298245089651393,0.0022889077663421,0.0767458659258254,0.006957805239199,0.1308406442403793,-6.508781905382453e-05,cifar_seeds_1011_1213.json
cifar,alibi,1213,random_04,gaussian random,4.33551572988357,0.0001,0.0298475014816112,0.0298784672101656,0.003151386976242,0.1054735155613959,0.0069195920091392,0.0232370495796203,-8.213342827323188e-05,cifar_seeds_1011_1213.json
cifar,alibi,1213,random_05,gaussian random,4.371604686672647,0.0001,0.0298140928508323,0.0298640254408556,-0.0108141601085662,-0.3621132767243063,0.0068624686242693,-0.4060205817222595,-0.0001350240612969,cifar_seeds_1011_1213.json
cifar,alibi,1213,random_06,gaussian random,4.290659170712242,0.0001,0.0297880448394422,0.0298249912459744,-0.0156537890434265,-0.5248547741162986,0.0069919326626496,-0.2482586652040481,-0.0002225108111911,cifar_seeds_1011_1213.json
cifar,alibi,1213,random_07,gaussian random,4.315166740821288,0.0001,0.0298232182917869,0.0298547548559285,0.0262370109558105,0.8788218520776246,0.0069522226606451,0.3398884534835815,0.0002712072311001,cifar_seeds_1011_1213.json
cifar,alibi,1213,random_08,gaussian random,4.328963005226979,0.0001,0.0297684993102876,0.0297825505175628,-0.0133839845657348,-0.4493901406409868,0.0069300661529739,0.0622726678848266,-0.000199934079987,cifar_seeds_1011_1213.json
cifar,alibi,1213,random_09,gaussian random,4.358036921624201,0.0001,0.0297052880162417,0.0297300280584071,-0.011875033378601,-0.3994289327703148,0.0068838333725771,0.1245133504271507,-0.000201318998755,cifar_seeds_1011_1213.json
cifar,alibi,1213,random_10,gaussian random,4.433870487670843,0.0001,0.0296971237595787,0.0297439296854417,-0.0115343332290649,-0.3877878058160707,0.0067660974950486,-0.2916443943977356,-0.000186023388362,cifar_seeds_1011_1213.json
cifar,alibi,1213,random_11,gaussian random,4.38585300059704,0.0001,0.0298343126176509,0.0298078179521749,-0.0146228373050689,-0.4905705385255153,0.0068401745329622,-0.1896526664495468,-0.000215816393061,cifar_seeds_1011_1213.json
cifar,alibi,1213,random_12,gaussian random,4.391728982591037,0.0001,0.0298782357277814,0.029871179312396,0.0272307395935058,0.911605775879278,0.0068310226152207,-0.022326149046421,0.0002876848447803,cifar_seeds_1011_1213.json
cifar,alibi,1213,random_13,gaussian random,4.360019895628311,0.0001,0.0297782257305765,0.0297576022380987,-0.0185509324073791,-0.6234014507939196,0.0068807025468118,-0.0363841466605663,-0.0002930443216736,cifar_seeds_1011_1213.json
cifar,alibi,1213,random_14,gaussian random,4.280657222249265,0.0001,0.0297108255237739,0.0297604817517232,0.0033071339130401,0.1111250127141731,0.0070082696283344,0.3417031466960907,-1.4020039948512164e-05,cifar_seeds_1011_1213.json
cifar,alibi,1213,random_15,gaussian random,4.307964107433383,0.0001,0.0297892926252235,0.0298117352305041,0.0087310671806335,0.2928734980746676,0.0069638463208723,-0.1656678766012191,6.945955335436484e-05,cifar_seeds_1011_1213.json
cifar,alibi,1213,random_16,gaussian random,4.353708364766393,0.0001,0.0298973409406448,0.0299060069076084,-0.0209363400936126,-0.7000713989765793,0.0068906774378328,-0.340290904045105,-0.0003285882252304,cifar_seeds_1011_1213.json
cifar,alibi,1213,random_17,gaussian random,4.300945192581601,0.0001,0.0297888586900742,0.0298073807830994,-0.0036510825157165,-0.1224892097123369,0.006975210949385,0.4705299139022827,-5.729018201069631e-05,cifar_seeds_1011_1213.json
cifar,alibi,1213,random_18,gaussian random,4.393598370939548,0.0001,0.0298078081966204,0.0298263972256286,-0.0099316835403442,-0.3329830104928107,0.0068281161515417,-0.0670619681477546,-0.000157636481588,cifar_seeds_1011_1213.json
cifar,alibi,1213,random_19,gaussian random,4.365930230185997,0.0001,0.029717237575033,0.0297188474919573,0.0096123218536376,0.3234419455949296,0.0068713878642815,-0.1251123696565628,0.0001527098340081,cifar_seeds_1011_1213.json
cifar,alibi,1213,random_20,gaussian random,4.274939430703197,0.0001,0.0297773934605621,0.0298029939263563,0.0020185708999633,0.067730473822573,0.0070176432874196,0.1700957268476486,2.0047913085214856e-05,cifar_seeds_1011_1213.json
cifar,alibi,1213,random_21,gaussian random,4.323937980094669,0.0001,0.0297686435293397,0.0297979305157985,0.0050342381000518,0.1689458970106257,0.0069381198662204,-0.5933685898780823,8.58588577224791e-06,cifar_seeds_1011_1213.json
cifar,alibi,1213,random_22,gaussian random,4.3278114531468725,0.0001,0.0297765561094774,0.029807375938143,-0.0060979723930358,-0.204579309687996,0.0069319101178001,0.012855926528573,-0.0001087862702791,cifar_seeds_1011_1213.json
cifar,alibi,1213,random_23,gaussian random,4.35773539397415,0.0001,0.0298751141920775,0.02990424273249,0.0031145513057708,0.1041508167798213,0.0068843096901853,0.093941293656826,-7.142676391580722e-05,cifar_seeds_1011_1213.json
cifar,alibi,1213,random_24,gaussian random,4.310999467511545,0.0001,0.0298244759513844,0.0298513304890961,0.0060938298702239,0.204139305363622,0.0069589431003379,0.3101948499679565,5.17211025023048e-05,cifar_seeds_1011_1213.json
cifar,alibi,1213,random_25,gaussian random,4.414873734491017,0.0001,0.0298103803358368,0.0297843478030068,-0.0207924842834472,-0.6981010435739055,0.0067952113252132,-0.1755320429801941,-0.0003063722676958,cifar_seeds_1011_1213.json
cifar,alibi,1213,random_26,gaussian random,4.30959334626136,0.0001,0.0298563447795397,0.0299041767748534,0.0008560717105865,0.0286271619189471,0.0069612136435159,0.0511134415864944,-7.189056093075545e-05,cifar_seeds_1011_1213.json
cifar,alibi,1213,random_27,gaussian random,4.301573428194059,0.0001,0.02980897720534,0.0298618622690853,-0.0054243505001068,-0.1816480985421462,0.0069741922347225,0.3340198993682861,-0.0001365035060388,cifar_seeds_1011_1213.json
cifar,alibi,1213,random_28,gaussian random,4.479816207733562,0.0001,0.0295503878122146,0.0295984121786508,0.0173012912273406,0.5845344379594807,0.0066967033040798,0.1405214071273803,-3.5475706509157034e-05,cifar_seeds_1011_1213.json
cifar,alibi,1213,random_29,gaussian random,4.277279586073232,0.0001,0.029788939121866,0.0298287283448463,0.0057537853717803,0.1928940887208322,0.0070138038433773,0.072892278432846,-3.063408173745869e-05,cifar_seeds_1011_1213.json
cifar,alibi,1213,random_30,gaussian random,4.340114695438698,0.0001,0.0298382950404616,0.0298472410816564,0.0060398280620574,0.2023580017172662,0.0069122597224282,0.0220912285149097,-1.443679006365636e-05,cifar_seeds_1011_1213.json
cifar,alibi,1213,random_31,gaussian random,4.351601239582747,0.0001,0.0297770231320091,0.0298479655512105,-0.0037872195243835,-0.126883673792968,0.0068940140303104,-0.1116485521197319,-8.048763530508038e-05,cifar_seeds_1011_1213.json
cifar,alibi,1213,task_gradient,held-out task-gradient ascent,4.299195520878027,0.0001,0.0297566714952499,0.0297863259017078,0.0264731049537658,0.888767048380679,0.0069780496965797,1.0,0.000188054846911,cifar_seeds_1011_1213.json
